{
    "name": "\u00c9nora Villard",
    "country": "France",
    "birth_place": "Aix-en-Provence, France",
    "retired": "Active",
    "racquet": "Harrow",
    "event": "Women's singles",
    "highest_ranking": "No. 46",
    "date_of_highest_ranking": "December 2022",
    "current_ranking": "No. 46",
    "date_of_current_ranking": "December 2022",
    "birth_date": "1993-10-27",
    "medaltemplates": [
        "Sport: Women's squash",
        "Country: {{FRA}}",
        "Competition: World Team Championships",
        "Bronze Medal: 2018 Dalian Team"
    ]
}