{
    "name": "Aamir Atlas Khan",
    "birth_place": "Peshawar, Pakistan",
    "based_at": "Pakistan",
    "height": "1.72 m",
    "weight": "71",
    "Spouse": "Amina Aamir",
    "Children": "Salwa Aamir Atlas , Muhammad Rafay Aamir  kgdate=July 2022",
    "event": "Men's singles",
    "country": "PAK",
    "years_active": "1998 \u2013 present",
    "turnedpro": "2002",
    "handedness": "Right",
    "racquet": "Tecnifibre",
    "coach": "Atlas Khan",
    "highest_ranking": "No. 14",
    "date_of_highest_ranking": "September 2009",
    "current_ranking": "No. 65",
    "date_of_current_ranking": "January 2015",
    "titles": "8",
    "finals": "14",
    "birth_date": "1990-7-30",
    "medaltemplates": [
        "Sport: Men's squash",
        "Country: {{PAK}}",
        "Competition: Asian Games",
        "Gold Medal: 2010 Guangzhou Team",
        "Silver Medal: 2010 Guangzhou Singles"
    ]
}