{
    "name": "Aaron Frankcomb",
    "country": "AUS",
    "residence": "Squobart, Australia",
    "birth_place": "Hobart, Tasmania, Australia",
    "height": "m=1.76",
    "weight": "72",
    "turnedpro": "2002",
    "retired": "Active",
    "coach": "David Pearson, Geoff Hunt & Rodney Martin",
    "racquet": "Dunlop",
    "website": "http://www.aaronfrankcomb.com.au",
    "event": "Men's singles",
    "highest_ranking": "No. 38",
    "date_of_highest_ranking": "November 2009",
    "current_ranking": "Retired",
    "date_of_current_ranking": "Retired",
    "titles": "4",
    "finals": "8",
    "birth_date": "1985-4-4",
    "medaltemplates": [
        "Sport: Men's squash",
        "Country: {{AUS}}",
        "Competition: World Team Championships",
        "Bronze Medal: 2009 Odense Team",
        "Bronze Medal: 2011 Paderborn Team"
    ]
}