{
    "name": "Abdullah Al Muzayen",
    "country": "KUW",
    "residence": "Kuwait",
    "birth_place": "Kuwait",
    "height": "m=1.75",
    "weight": "70",
    "retired": "Active",
    "plays": "Left Handed",
    "coach": "Nasser Zahran",
    "racquet": "Prince",
    "event": "Men's singles",
    "highest_ranking": "No. 33",
    "date_of_highest_ranking": "May, 2013",
    "current_ranking": "No. 118",
    "date_of_current_ranking": "June, 2018",
    "titles": "20",
    "finals": "23",
    "birth_date": "1988-2-8",
    "medaltemplates": [
        "Sport: Men's squash",
        "Country: {{KUW}}",
        "Competition: Asian Games",
        "Gold Medal: 2014 Incheon Singles",
        "Bronze Medal: 2014 Incheon Team"
    ]
}