{
    "name": "Abdulla Al-Tamimi",
    "full_name": "Abdulla Mohamed Al-Tamimi",
    "country": "Qatar",
    "residence": "Doha, Qatar",
    "birth_place": "Doha, Qatar",
    "height": "m=1.70",
    "weight": "63",
    "turnedpro": "2011",
    "retired": "Active",
    "coach": "Geoff Hunt, Dan Jenson, Rodney Martin (squash player), Stewart Boswell and Jonathon Kemp",
    "event": "Men's singles",
    "highest_ranking": "No. 18",
    "date_of_highest_ranking": "January 2024",
    "current_ranking": "No. 18",
    "date_of_current_ranking": "January 2024",
    "titles": "4",
    "finals": "8",
    "birth_date": "1994-12-15"
}