{
    "name": "Abhay Singh",
    "country": "IND",
    "residence": "Chennai, India",
    "University": "Guru Nanak College , Chennai",
    "birth_place": "Chennai, India",
    "height": "6ft",
    "weight": "75kg",
    "turnedpro": "2017",
    "retired": "Active",
    "plays": "Right Handed",
    "coach": "Malcolm Willstrop   and Baskar Balamurugan",
    "racquet": "Head",
    "highest_ranking": "No. 103",
    "date_of_highest_ranking": "January 2019",
    "current_ranking": "No. 146",
    "date_of_current_ranking": "March 2022",
    "titles": "0",
    "finals": "4",
    "birth_date": "1998-09-3",
    "medaltemplates": [
        "Sport: Men's squash",
        "Country: {{IND}}",
        "Competition: Asian Games",
        "Gold Medal: 2022 Hangzhou Team",
        "Bronze Medal: 2022 Hangzhou Mixed doubles",
        "Competition: South Asian Games",
        "Silver Medal: 2019 Nepal Team",
        "Bronze Medal: 2019 Nepal Singles"
    ]
}