{
    "name": "Addeen Idrakie",
    "full_name": "Muhammad Addeen Idrakie Bin Bahtiar",
    "country": "MAS",
    "birth_place": "Kuala Lumpur, Malaysia",
    "retired": "Active",
    "highest_ranking": "No. 108",
    "date_of_highest_ranking": "December 2017",
    "current_ranking": "No. 111",
    "date_of_current_ranking": "February, 2018",
    "birth_date": "1994-01-5",
    "medaltemplates": [
        "Sport: Men's squash",
        "Country: {{MAS}}",
        "Competition: Asian Games",
        "Bronze Medal: 2022 Hangzhou Team",
        "Competition: Southeast Asian Games",
        "Gold Medal: 2019 Philippines Singles",
        "Gold Medal: 2019 Philippines Team"
    ]
}