{
    "name": "Adel Sammons",
    "birth_name": "Ade Elizabeth Weir",
    "birth_place": "Evander, South Africa",
    "based_at": "The Heights Casino, Brooklyn, NY",
    "height": "ft=5",
    "event": "Women's singles",
    "country": "RSA",
    "turnedpro": "2005",
    "plays": "Right Handed",
    "racquet": "Harrow",
    "coach": "Dan Jenson",
    "highest_ranking": "53",
    "date_of_highest_ranking": "January 2011",
    "current_ranking": "53",
    "date_of_current_ranking": "January 2011",
    "birth_date": "1983-10-29"
}