{
    "name": "Adrian Grant",
    "country": "ENG",
    "residence": "Leeds, England",
    "birth_place": "London, England",
    "height": "5 ft 11 in",
    "weight": "75 kg",
    "turnedpro": "1999",
    "retired": "Retired(2016)",
    "plays": "Left Handed",
    "coach": "David Campion David Pearson",
    "racquet": "Harrow Spark",
    "event": "Men's singles",
    "highest_ranking": "No. 9",
    "date_of_highest_ranking": "August, 2009",
    "current_ranking": "No. 38",
    "date_of_current_ranking": "July, 2015",
    "titles": "18",
    "finals": "28",
    "birth_date": "1980-10-6",
    "medaltemplates": [
        "Sport: Men's squash",
        "Country: {{ENG}}",
        "Competition: World Team Championships",
        "Gold Medal: 2013 Mulhouse Team",
        "Competition: Commonwealth Games",
        "Gold Medal: 2010 Delhi Men's doubles",
        "Silver Medal: 2014 Glasgow Men's doubles"
    ],
    "WorldOpenresult": {
        "2008": "2008 Men's World Open Squash Championship"
    }
}