{
    "name": "Adrien Grondin",
    "country": "FRA",
    "birth_place": "Saint-Pierre, Reunion Island, France",
    "residence": "Bruxelles, BELGIUM",
    "height": "1.70 m",
    "weight": "66 kg",
    "retired": "Active",
    "turnedpro": "2017",
    "event": "men's singles",
    "highest_ranking": "318",
    "racquet": "Black Knight",
    "date_of_highest_ranking": "February 2016",
    "current_ranking": "433",
    "date_of_current_ranking": "March 2021",
    "birth_date": "1996-10-06"
}