{
    "name": "Adrian Waller",
    "country": "ENG",
    "residence": "Enfield, England",
    "birth_place": "Enfield, England",
    "height": "m=1.90",
    "weight": "80",
    "turnedpro": "2008",
    "retired": "Active",
    "coach": "Paul Carter",
    "racquet": "Prince",
    "event": "Men's singles",
    "highest_ranking": "No. 17",
    "date_of_highest_ranking": "November 2019",
    "current_ranking": "No. 39",
    "date_of_current_ranking": "May 2023",
    "titles": "8",
    "finals": "14",
    "birth_date": "1989-12-26",
    "medaltemplates": [
        "Sport: Men's squash",
        "Country: {{ENG}}",
        "Silver Medal: 2017 Marseille Team",
        "Silver Medal: 2019 Washington D.C. Team",
        "Silver Medal: 2022 Glasgow Mixed doubles",
        "Silver Medal: 2018 Gold Coast Doubles"
    ]
}