{
    "name": "Ahmad Al-Saraj",
    "country": "JOR",
    "residence": "Amman, Jordan",
    "birth_place": "Amman, Jordan",
    "height": "m=1.75",
    "weight": "57",
    "turnedpro": "2010",
    "retired": "Active",
    "coach": "Sa'ad Hijazi",
    "racquet": "Tecnifibre",
    "event": "Men's singles",
    "highest_ranking": "No. 93",
    "date_of_highest_ranking": "February 2014",
    "current_ranking": "No. 345",
    "date_of_current_ranking": "January 2018",
    "birth_date": "1995-3-02"
}