{
    "name": "Ahmed Barada",
    "country": "EGY",
    "residence": "London, United Kingdom",
    "birth_place": "Cairo, Egypt",
    "turnedpro": "1996",
    "retired": "2001",
    "plays": "Right handed",
    "event": "Men's singles",
    "highest_ranking": "No. 2",
    "date_of_highest_ranking": "December, 1998",
    "birth_date": "1977-4-25",
    "medaltemplates": [
        "Sport: Men's squash",
        "Country: {{EGY}}",
        "Competition: World Games",
        "Gold Medal: 1997 Lahti Singles",
        "Competition: World Championships",
        "Silver Medal: 1999 Giza Singles"
    ]
}