{
    "name": "Aifa Azman",
    "country": "Malaysia",
    "residence": "Kedah, Malaysia",
    "birth_place": "Kedah, Malaysia",
    "height": "5 ft 3.8 in",
    "weight": "116 lbs",
    "turnedpro": "2014",
    "retired": "Active",
    "plays": "Right handed",
    "coach": "Andrew Cross url=https://psaworldtour.com/players/view/8352?tab=info",
    "racquet": "Dunlop",
    "highest_ranking": "No. 24",
    "date_of_highest_ranking": "July 2022",
    "current_ranking": "No. 30",
    "date_of_current_ranking": "December 2022",
    "birth_date": "2001-12-18",
    "medaltemplates": [
        "Sport: Women's squash",
        "Country: {{MAS}}",
        "Competition: World Team Championships",
        "Bronze Medal: 2022 Cairo Team",
        "Competition: Commonwealth Games",
        "Bronze Medal: 2022 Birmingham Women's doubles",
        "Competition: Asian Games",
        "Gold Medal: 2022 Hangzhou Team",
        "Silver Medal: 2022 Hangzhou Mixed doubles",
        "Bronze Medal: 2018 Jakarta-Palembang Team"
    ]
}