{
    "name": "Aira Azman",
    "country": "MAS",
    "birth_place": "Kedah, Malaysia",
    "turnedpro": "2020",
    "retired": "Active",
    "racquet": "Dunlop",
    "event": "Women's singles",
    "highest_ranking": "No. 50",
    "date_of_highest_ranking": "April 2023",
    "current_ranking": "No. 52",
    "date_of_current_ranking": "17 November 2023",
    "birth_date": "2004-09-29",
    "medaltemplates": [
        "Sport: Women's squash",
        "Country: {{MAS}}",
        "Competition: Asian Games",
        "Gold Medal: 2022 Hangzhou Team",
        "Competition: World Junior Championships",
        "Silver Medal: 2023 Melbourne Singles",
        "Silver Medal: 2023 Melbourne Team"
    ]
}