{
    "name": "Aisling Blake",
    "country": "IRL",
    "residence": "Amsterdam, Netherlands",
    "birth_place": "Dublin, Ireland",
    "turnedpro": "2001",
    "retired": "Active",
    "plays": "Right Handed",
    "coach": "Liz Irving",
    "racquet": "Tecnifibre",
    "event": "Women's singles",
    "highest_ranking": "No. 22",
    "date_of_highest_ranking": "November, 2010",
    "current_ranking": "No. 23",
    "date_of_current_ranking": "January, 2013",
    "titles": "4",
    "finals": "10",
    "birth_date": "1981-7-23",
    "WorldOpenresult": {
        "2009": "2009 Women's World Open Squash Championship",
        "2010": "2010 Women's World Open Squash Championship"
    }
}