{
    "name": "Alan Clyne",
    "country": "SCO",
    "residence": "Edinburgh, Scotland",
    "birth_place": "Inverness, Scotland",
    "height": "1.73 m",
    "turnedpro": "2007",
    "retired": "2022",
    "coach": "Paul Bell, Martin Heath",
    "racquet": "Harrow Vapor",
    "event": "Men's singles",
    "highest_ranking": "No. 24",
    "date_of_highest_ranking": "November 2017",
    "current_ranking": "No. 38",
    "date_of_current_ranking": "April 2021",
    "titles": "4",
    "finals": "10",
    "birth_date": "1986-7-25",
    "medaltemplates": [
        "Sport: Men's squash",
        "Country: {{SCO}}",
        "Gold Medal: 2016 Darwin Doubles",
        "Silver Medal: 2017 Manchester Doubles",
        "Bronze Medal: 2022 Glasgow Doubles"
    ]
}