{
    "name": "Alana Miller",
    "fullname": "Alana Martha Miller",
    "nickname": "Layni",
    "country": "CAN",
    "residence": "Winnipeg, Manitoba",
    "birth_place": "Winnipeg, Manitoba",
    "height": "ft=5",
    "turnedpro": "2001",
    "retired": "Retired",
    "plays": "Right Handed",
    "coach": "Trevor Borland",
    "racquet": "Dunlop",
    "event": "Women's singles",
    "highest_ranking": "No. 30",
    "date_of_highest_ranking": "May, 2009",
    "current_ranking": "No. 35",
    "date_of_current_ranking": "August, 2010",
    "titles": "1",
    "birth_date": "1980-7-22",
    "medaltemplates": [
        "Sport: Women's Squash",
        "Country: {{CAN}}",
        "Competition: Pan American Games",
        "Gold Medal: 2007 Rio de Janeiro Team",
        "Silver Medal: 2007 Rio de Janeiro Singles"
    ]
}