{
    "name": "Alex Gough",
    "country": "WAL",
    "residence": "Fleet, Hampshire",
    "birth_place": "Newport, Wales",
    "height": "1.70 m",
    "turnedpro": "1993",
    "retired": "2008",
    "coach": "Chris Robertson",
    "racquet": "Dunlop Hot Melt Pro",
    "highest_ranking": "5",
    "date_of_highest_ranking": "July 1998",
    "birth_date": "1970-12-8",
    "medaltemplates": [
        "Sport: Men's squash",
        "Country: {{WAL}}",
        "Competition: World Championships",
        "Bronze Medal: 1997 Petaling Jaya Singles",
        "Competition: World Team Championships",
        "Silver Medal: 1999 Cairo Team",
        "Competition: Commonwealth Games",
        "Bronze Medal: 1998 Kuala Lumpur Doubles"
    ],
    "WorldOpenresult": {
        "2007": "2007 Men's World Open Squash Championship"
    }
}