{
    "name": "Alfredo \u00c1vila",
    "full_name": "Alfredo Manuel \u00c1vila Vergara",
    "country": "MEX",
    "residence": "Mexico City, Mexico",
    "birth_place": "Mexico City, Mexico",
    "height": "m=1.69",
    "weight": "64",
    "turnedpro": "2008",
    "retired": "Active",
    "coach": "R\u00faben Alfredo \u00c1vila Miyazawa y Ulises M\u00e1rquez",
    "racquet": "Head",
    "event": "Men's singles",
    "highest_ranking": "No. 35",
    "date_of_highest_ranking": "January, 2016",
    "current_ranking": "No. 70",
    "date_of_current_ranking": "October,2019",
    "titles": "4",
    "finals": "6",
    "birth_date": "1991-6-17",
    "medaltemplates": [
        "Sport: Men's squash",
        "Country: {{MEX}}",
        "Competition: Pan American Games",
        "Bronze Medal: 2019 Lima Team"
    ]
}