{
    "name": "Ali Farag",
    "full_name": "Ali Amr Farag",
    "nickname": "Mr. Fantastic, Rubber-band Man, The Raptor",
    "country": "EGY",
    "residence": "Cairo, Egypt",
    "birth_place": "Cairo, Egypt",
    "height": "1.83 m",
    "turnedpro": "2009",
    "retired": "Active",
    "plays": "Right handed",
    "coach": "Wael Farag, Mike Way, Basem Makram, Karim Darwish",
    "racquet": "Dunlop HyperfibreXT Revelation Pro",
    "website": "alifarag, https://dunlopsports.com/team/squash/pros/ali-farag/",
    "event": "Men's singles",
    "highest_ranking": "No. 1",
    "date_of_highest_ranking": "June 2022",
    "current_ranking": "No. 1",
    "date_of_current_ranking": "May 2023",
    "titles": "22",
    "finals": "41",
    "birth_date": "1992-04-22",
    "medaltemplates": [
        "Sport: Men's squash",
        "Country: {{EGY}}",
        "Competition: World Championships",
        "Gold Medal: 2019 Chicago Singles",
        "Gold Medal: 2021 Chicago Singles",
        "Gold Medal: 2022 Cairo Singles",
        "Gold Medal: 2023 Chicago Singles",
        "Bronze Medal: 2017 Manchester Singles",
        "Competition: World Team Championships",
        "Gold Medal: 2017 Marseille Team",
        "Gold Medal: 2019 Washington D.C. Team",
        "Gold Medal: 2023 Tauranga Team",
        "Competition: British Open",
        "Gold Medal: 2023 Birmingham Singles"
    ]
}