{
    "name": "Alister Walker",
    "country": "BOT, ENG",
    "residence": "New York City",
    "birth_place": "Gaborone, Botswana",
    "height": "m=1.75",
    "weight": "75",
    "turnedpro": "2002",
    "retired": "Active",
    "plays": "Right Handed",
    "coach": "David Pearson",
    "racquet": "Tecnifibre",
    "event": "Men's singles",
    "highest_ranking": "No. 12",
    "date_of_highest_ranking": "September 2009",
    "current_ranking": "No. 263",
    "date_of_current_ranking": "March 2019",
    "titles": "10",
    "finals": "16",
    "birth_date": "1982-9-19"
}