{
    "name": "Alison Thomson",
    "country": "SCO",
    "residence": "Thames Ditton, Surrey",
    "birth_place": "Twickenham, England",
    "height": "168cm",
    "weight": "60kg",
    "turnedpro": "2013",
    "retired": "Active",
    "plays": "Right Handed",
    "coach": "Kylie Lindsay, Paul Bell",
    "racquet": "Tecnifibre",
    "event": "Women's singles",
    "highest_ranking": "No. 65",
    "date_of_highest_ranking": "September 2017",
    "current_ranking": "No. 73",
    "date_of_current_ranking": "January 2020",
    "finals": "1",
    "birth_date": "1996-05-3"
}