{
    "name": "Alison Waters",
    "country": "England",
    "birth_place": "London, England",
    "height": "1.70",
    "turnedpro": "1999",
    "retired": "2021",
    "plays": "Right Handed",
    "coach": "Paul Carter",
    "racquet": "Salming",
    "website": "http://www.alisonwaters.co.uk www.alisonwaters.co.uk",
    "event": "Women's singles",
    "highest_ranking": "No. 3",
    "date_of_highest_ranking": "October, 2010",
    "titles": "9",
    "finals": "19",
    "birth_date": "1984-3-19",
    "medaltemplates": [
        "Sport: Women's squash",
        "Country: {{ENG}}",
        "Bronze Medal: 2009 Amsterdam Singles",
        "Bronze Medal: 2010 Sharm El Sheikh Singles",
        "Bronze Medal: 2014 Cairo Singles",
        "Gold Medal: 2006 Edmonton Team",
        "Gold Medal: 2014 Niagara-on-the-Lake Team",
        "Silver Medal: 2008 Cairo Team",
        "Silver Medal: 2012 N\u00eemes Team",
        "Silver Medal: 2016 Issy-les-Moulineaux Team",
        "Silver Medal: 2018 Dalian Team",
        "Silver Medal: 2017 Manchester Doubles",
        "Silver Medal: 2017 Manchester Mixed doubles",
        "Silver Medal: 2022 Glasgow Doubles",
        "Silver Medal: 2022 Glasgow Mixed doubles",
        "Silver Medal: 2014 Glasgow Mixed doubles",
        "Bronze Medal: 2014 Glasgow {{Doubles}}",
        "Silver Medal: 2022 Birmingham Mixed doubles",
        "Silver Medal: 2022 Birmingham Women's doubles"
    ]
}