{
    "name": "Amaad Fareed",
    "country": "PAK",
    "birth_place": "Lahore, Pakistan",
    "retired": "Active",
    "event": "Men's singles",
    "highest_ranking": "No. 112",
    "date_of_highest_ranking": "November 2014",
    "current_ranking": "No. 175",
    "date_of_current_ranking": "February 2018",
    "birth_date": "1996-03-5",
    "medaltemplates": [
        "Sport: Men's squash",
        "Country: {{PAK}}",
        "Competition: Asian Games",
        "Bronze Medal: 2018 Jakarta Team",
        "Competition: South Asian Games",
        "Gold Medal: 2019 Nepal Team"
    ]
}