{
    "name": "Amanda Landers-Murphy",
    "country": "NZL",
    "residence": "Rotorua, New Zealand",
    "birth_place": "Rotorua, New Zealand",
    "height": "1.69 m",
    "turnedpro": "2008",
    "retired": "Active",
    "plays": "Left-handed",
    "coach": "Danny McQueen",
    "racquet": "Harrow",
    "event": "Women's singles",
    "highest_ranking": "No. 35",
    "date_of_highest_ranking": "February 2013",
    "current_ranking": "No. 39",
    "date_of_current_ranking": "January 2016",
    "titles": "3",
    "finals": "8",
    "birth_date": "1991-06-7",
    "medaltemplates": [
        "Sport: Women's squash",
        "Country: {{NZL}}",
        "Gold Medal: 2016 Darwin Doubles",
        "Gold Medal: 2017 Manchester Doubles",
        "Gold Medal: 2018 Gold Coast Doubles",
        "Gold Medal: 2022 Birmingham Doubles"
    ]
}