{
    "name": "Amanda Sobhy",
    "country": "United States",
    "residence": "Philadelphia, United States",
    "birth_place": "Sea Cliff, New York, United States",
    "height": "5 ft 8 in",
    "weight": "150 lbs",
    "turnedpro": "2015",
    "plays": "Left handed",
    "coach": "Wael El Hindi",
    "racquet": "Head",
    "website": "http://www.amandasobhy.com",
    "event": "Women's singles",
    "highest_ranking": "No. 3",
    "date_of_highest_ranking": "October, 2021",
    "current_ranking": "No. 5",
    "date_of_current_ranking": "December 2022",
    "titles": "18",
    "birth_date": "1993-6-29",
    "medaltemplates": [
        "Sport: Women's squash",
        "Country: {{USA}}",
        "Competition: World Team Championships",
        "Silver Medal: 2022 Cairo Team",
        "Competition: Pan American Games",
        "Gold Medal: 2015 Toronto Singles",
        "Gold Medal: 2015 Toronto Doubles",
        "Gold Medal: 2015 Toronto Team",
        "Gold Medal: 2019 Lima Singles",
        "Gold Medal: 2019 Lima Doubles",
        "Gold Medal: 2019 Lima Team",
        "Gold Medal: 2023 Santiago Team",
        "Silver Medal: 2023 Santiago Singles",
        "Silver Medal: 2023 Santiago Doubles"
    ]
}