{
    "name": "Ameeshenraj Chandaran",
    "fullname": "Ameeshenraj Chandaran",
    "country": "MAS",
    "residence": "United Kingdom/Malaysia",
    "University": "UWE Bristol",
    "birth_place": "Seremban, Malaysia",
    "weight": "65kg",
    "turnedpro": "2019",
    "retired": "Active",
    "plays": "Right-handed",
    "event": "Men's singles",
    "highest_ranking": "No. 106",
    "date_of_highest_ranking": "April 2024",
    "current_ranking": "No. 106",
    "date_of_current_ranking": "April 2024",
    "titles": "Liverpool Cricket Club Open (2024)",
    "birth_date": "2004-01-31"
}