{
    "name": "Amina Orfi",
    "country": "EGY",
    "birth_place": "Cairo, Egypt",
    "height": "167",
    "weight": "55",
    "turnedpro": "2022",
    "retired": "Active",
    "racquet": "Dunlop",
    "event": "Women's singles",
    "years_active": "present",
    "highest_ranking": "No. 16",
    "date_of_highest_ranking": "January 2024",
    "current_ranking": "No. 16",
    "date_of_current_ranking": "January 2024",
    "birth_date": "2007-06-29",
    "medaltemplates": [
        "Sport: Women's squash",
        "Country: {{EGY}}",
        "Competition: Junior World Championships",
        "Gold Medal: 2022 Maxeville Singles",
        "Gold Medal: 2023 Melbourne Singles"
    ]
}