{
    "name": "Ammar Al-Tamimi",
    "country": "KUW",
    "residence": "Kuwait City",
    "birth_place": "Kuwait City",
    "height": "m=1.73",
    "weight": "75",
    "retired": "Active",
    "coach": "Imran Khan",
    "racquet": "Dunlop",
    "event": "Men's singles",
    "highest_ranking": "No. 100",
    "date_of_highest_ranking": "February, 2012",
    "current_ranking": "No. 103",
    "date_of_current_ranking": "June, 2013",
    "birth_date": "1988-9-12",
    "medaltemplates": [
        "Sport: Men's squash",
        "Country: {{KUW}}",
        "Competition: Asian Games",
        "Bronze Medal: 2014 Incheon Team"
    ]
}