{
    "name": "Amr Shabana",
    "nickname": "The Maestro",
    "country": "Egypt",
    "residence": "Cairo, Egypt",
    "birth_place": "Cairo, Egypt",
    "height": "1.73",
    "weight": "73",
    "turnedpro": "1995",
    "retired": "August 2015",
    "plays": "Left Handed",
    "racquet": "Eye Rackets",
    "event": "Men's singles",
    "highest_ranking": "No. 1",
    "date_of_highest_ranking": "April, 2006",
    "current_ranking": "Retired (Ended 10)",
    "titles": "33",
    "finals": "45",
    "birth_date": "1979-7-20",
    "medaltemplates": [
        "Sport: Men's squash",
        "Country: {{EGY}}",
        "Competition: World Championships",
        "Gold Medal: 2003 Lahore Singles",
        "Gold Medal: 2005 Hong Kong Singles",
        "Gold Medal: 2007 Bermuda Singles",
        "Gold Medal: 2009 Kuwait Singles",
        "Bronze Medal: 2006 Doha Singles",
        "Bronze Medal: 2008 Manchester Singles",
        "Bronze Medal: 2010 Khobar Singles",
        "Competition: World Team Championships",
        "Gold Medal: 2009 Odense Team",
        "Silver Medal: 2001 Melbourne Team",
        "Silver Medal: 2005 Islamabad Team"
    ],
    "WorldOpenresult": {
        "2003": "2003 Men's World Open Squash Championship",
        "2005": "2005 Men's World Open Squash Championship",
        "2007": "2007 Men's World Open Squash Championship",
        "2009": "2009 Men's World Open Squash Championship"
    }
}