{
    "name": "Amr Khaled Khalifa",
    "nickname": "Baby legend",
    "country": "EGY",
    "residence": "Cairo, Egypt",
    "birth_place": "Cairo, Egypt",
    "height": "m=1.93",
    "weight": "85",
    "turnedpro": "2008",
    "retired": "2012",
    "coach": "Hisham El Attar",
    "racquet": "Tecnifibre",
    "event": "Men's singles",
    "highest_ranking": "No. 50",
    "current_ranking": "No. 53",
    "date_of_current_ranking": "January 2012",
    "birth_date": "1992-11-27"
}