{
    "name": "Anaka Alankamony",
    "fullname": "Anaka Alankamony",
    "country": "IND India",
    "residence": "Seattle, USA",
    "birth_place": "Chennai, India",
    "turnedpro": "2009",
    "plays": "Squash",
    "highest_ranking": "59",
    "date_of_highest_ranking": "June 2010",
    "current_ranking": "241",
    "date_of_current_ranking": "December 2015",
    "birth_date": "1994-07-10",
    "medaltemplates": [
        "Sport: Women's squash",
        "Country: {{IND}}",
        "Competition: Asian Games",
        "Silver Medal: 2014 Incheon Team",
        "Bronze Medal: 2010 Guangzhou Team"
    ]
}