{
    "name": "Andrew Schnell",
    "country": "CAN",
    "residence": "Calgary, Alberta, Canada",
    "birth_place": "Calgary, Alberta, Canada",
    "height": "m=1.80",
    "weight": "64",
    "turnedpro": "2007",
    "retired": "Active",
    "coach": "Graeme Schnell",
    "racquet": "Dunlop",
    "event": "Men's singles, Men's Doubles",
    "highest_ranking": "No. 60",
    "date_of_highest_ranking": "October, 2016",
    "current_ranking": "No. 70",
    "date_of_current_ranking": "January, 2017",
    "titles": "CVSL Sacramento Open, Samson Seattle Open, Lew-Lapointe Mount Royal Open",
    "birth_date": "1991-11-01",
    "medaltemplates": [
        "Sport: Men's squash",
        "Country: {{CAN}}",
        "Competition: Pan American Games",
        "Silver Medal: 2011 Guadalajara Team",
        "Bronze Medal: 2019 Lima Team"
    ]
}