{
    "name": "Andrew Douglas",
    "country": "USA",
    "University": "University of Pennsylvania",
    "birth_place": "New York, USA",
    "retired": "Active",
    "plays": "Right Handed",
    "racquet": "Tecnifibre",
    "event": "Men's singles",
    "highest_ranking": "No. 52",
    "date_of_highest_ranking": "November 2022",
    "current_ranking": "No. 53",
    "date_of_current_ranking": "January 2024",
    "birth_date": "1998-08-12",
    "medaltemplates": [
        "Sport: Men's squash",
        "Country: {{USA}}",
        "Competition: Pan American Games",
        "Gold Medal: 2019 Lima Team",
        "Bronze Medal: 2019 Lima Mixed doubles"
    ]
}