{
    "name": "Andr\u00e9 Haschker",
    "country": "GER",
    "residence": "Marburg, Germany",
    "birth_place": "Dresden, Germany",
    "height": "m=1.870",
    "weight": "70",
    "turnedpro": "2005",
    "retired": "Active",
    "coach": "Ralf Brandt",
    "racquet": "Tecnifibre",
    "event": "Men's singles",
    "highest_ranking": "No. 135",
    "date_of_highest_ranking": "May 2009",
    "current_ranking": "No. 139",
    "date_of_current_ranking": "June 2013",
    "finals": "2",
    "birth_date": "1983-2-16"
}