{
    "name": "Andrew Shoukry",
    "full_name": "Andrew Wagih Shoukry",
    "country": "EGY",
    "residence": "Cairo, Egypt",
    "birth_place": "Cairo, Egypt",
    "height": "m=1.83",
    "weight": "65",
    "turnedpro": "2007",
    "retired": "Active",
    "plays": "Right handed",
    "coach": "Ahmed Matany, Anthony Hill, Omar El-Borolossi, Emad Koratum, Karim Darwish",
    "racquet": "Tecnifibre/Harrow",
    "website": "https://www.instagram.com/andrewagih/",
    "event": "Men's singles",
    "highest_ranking": "No.48",
    "date_of_highest_ranking": "May, 2013",
    "Highest_junior_ranking": "No. 3",
    "current_ranking": "No. 379",
    "date_of_current_ranking": "April, 2020",
    "titles": "23",
    "finals": "34",
    "birth_date": "1990-9-25"
}