{
    "name": "Andr\u00e9s Herrera",
    "fullname": "Andr\u00e9s Felipe Herrera Gonzalez",
    "country": "COL",
    "residence": "Bogot\u00e1, Colombia",
    "birth_place": "Bogot\u00e1, Colombia",
    "height": "m=1.76",
    "weight": "68",
    "turnedpro": "2015",
    "coach": "Julio Herrera   Mohamed Elkey",
    "racquet": "Tecnifibre",
    "event": "Men's singles",
    "highest_ranking": "No. 115",
    "date_of_highest_ranking": "January, 2017",
    "current_ranking": "No. 156",
    "date_of_current_ranking": "October, 2022",
    "finals": "|medaltemplates= updated            = 15 October 2022",
    "birth_date": "1996-5-6"
}