{
    "name": "Annelize Naud\u00e9",
    "nickname": "Nudie",
    "country": "NED",
    "residence": "Amsterdam, The Netherlands",
    "birth_place": "Kempton Park, South Africa",
    "turnedpro": "1996",
    "retired": "2010",
    "plays": "Right Handed",
    "coach": "Liz Irving",
    "racquet": "Harrow",
    "website": "http://www.annelizenaude.com",
    "event": "Women's singles",
    "highest_ranking": "No. 13",
    "date_of_highest_ranking": "January 2006",
    "birth_date": "1977-1-1"
}