{
    "name": "Annie Au  Post-nominals",
    "country": "China (Hong Kong)",
    "residence": "Hong Kong",
    "birth_name": "Au Wing Chi",
    "birth_place": "Hong Kong",
    "turnedpro": "2004",
    "retired": "2020",
    "plays": "Left Handed",
    "coach": "Faheem Khan",
    "racquet": "harrow",
    "event": "Women's singles",
    "highest_ranking": "No. 6",
    "date_of_highest_ranking": "May, 2012",
    "titles": "17",
    "finals": "27",
    "birth_date": "1989-2-9",
    "medaltemplates": [
        "Sport: Women's squash",
        "Country: {{HKG}}",
        "Competition: World Team Championships",
        "Bronze Medal: 2016 Issy-les-Moulineaux Team",
        "Bronze Medal: 2018 Dalian Team",
        "Competition: Asian Games",
        "Gold Medal: 2018 Jakarta Team",
        "Silver Medal: 2010 Guangzhou Singles",
        "Silver Medal: 2010 Guangzhou Team",
        "Bronze Medal: 2014 Incheon Singles",
        "Bronze Medal: 2014 Incheon Team"
    ]
}