{
    "name": "Anthony Ricketts",
    "nickname": "The Machine",
    "birth_place": "Sydney, Australia",
    "height": "1.85 m",
    "event": "Men's singles",
    "country": "AUS",
    "turnedpro": "1996",
    "racquet": "Wilson",
    "coach": "Rodney Martin, Malcolm Willstrop",
    "highest_ranking": "3",
    "date_of_highest_ranking": "November 2005",
    "retired": "2008",
    "birth_date": "1979-3-12",
    "medaltemplates": [
        "Sport: Men's squash",
        "Country: {{AUS}}",
        "Gold Medal: 2003 Vienna Team",
        "Gold Medal: 2006 Melbourne Doubles",
        "Silver Medal: 2002 Manchester Doubles",
        "Silver Medal: 2006 Melbourne Doubles"
    ],
    "WorldOpenresult": {
        "2003": "2003 Men's World Open Squash Championship",
        "2004": "2004 Men's World Open Squash Championship",
        "2005": "2005 Men's World Open Squash Championship",
        "2006": "2006 Men's World Open Squash Championship"
    }
}