{
    "name": "Antonella Falcione",
    "country": "ARG",
    "residence": "Mar del Plata, Argentina",
    "birth_place": "Carlos Paz, Argentina",
    "turnedpro": "2007",
    "retired": "Active",
    "plays": "Right Handed",
    "coach": "Diego De Bella",
    "racquet": "Harrow",
    "event": "Women's singles",
    "highest_ranking": "No. 65",
    "date_of_highest_ranking": "July, 2014",
    "current_ranking": "No. 66",
    "date_of_current_ranking": "November, 2014",
    "titles": "1",
    "finals": "3",
    "birth_date": "1991-01-28",
    "medaltemplates": [
        "Sport: Women's squash",
        "Country: {{ARG}}",
        "Competition: South American Games",
        "Silver Medal: 2010 Medell\u00edn Doubles",
        "Silver Medal: 2010 Medell\u00edn Mixed doubles",
        "Silver Medal: 2018 Cochabamba Team",
        "Silver Medal: 2018 Cochabamba Mixed doubles",
        "Bronze Medal: 2010 Medell\u00edn Singles",
        "Bronze Medal: 2010 Medell\u00edn Team"
    ]
}