{
    "name": "Aparajitha Balamurukan",
    "country": "IND",
    "birth_place": "Erode, Tamil Nadu, India",
    "residence": "Chennai",
    "height": "1.69 m",
    "weight": "57 kg",
    "retired": "Active",
    "turnedpro": "2009",
    "event": "women's singles",
    "highest_ranking": "77",
    "racquet": "Head",
    "plays": "right-handed",
    "date_of_highest_ranking": "August 2010",
    "coach": "Cyrus Poncha",
    "current_ranking": "150",
    "date_of_current_ranking": "October 2019",
    "birth_date": "1994-03-17",
    "medaltemplates": [
        "Sport: Women's squash",
        "Country: {{IND}}",
        "Competition: Asian Games",
        "Silver Medal: 2014 Incheon Team",
        "Competition: Asian Beach Games",
        "Bronze Medal: 2014 Phuket Singles"
    ]
}