{
    "name": "Aqeel Rehman",
    "country": "AUT",
    "residence": "Salzburg, Austria",
    "birth_place": "Salzburg, Austria",
    "height": "m=1.72",
    "weight": "68",
    "turnedpro": "2006",
    "retired": "Active",
    "coach": "David Pearson",
    "racquet": "Wilson",
    "event": "Men's singles",
    "highest_ranking": "No. 81",
    "date_of_highest_ranking": "May, 2013",
    "current_ranking": "No. 81",
    "date_of_current_ranking": "June, 2013",
    "birth_date": "1985-9-12"
}