{
    "name": "Arthur Gaskin",
    "country": "IRL",
    "residence": "Providence, Rhode Island",
    "birth_place": "Dublin, Ireland",
    "height": "m=1.85",
    "weight": "75",
    "turnedpro": "2004",
    "retired": "Retired",
    "racquet": "Tecnifibre",
    "event": "Men's singles",
    "highest_ranking": "No. 60",
    "date_of_highest_ranking": "June 2009",
    "titles": "4",
    "finals": "13 National Champion         = 8 National Finals           = 11 Irish ranking             = 1 , 2009 - 2021",
    "birth_date": "1985-1-16"
}