{
    "name": "Arturo Salazar",
    "fullname": "Arturo Israel Salazar Mart\u00ednez",
    "residence": "San Luis Potos\u00ed, Mexico",
    "birth_place": "San Luis Potos\u00ed, Mexico",
    "height": "m=1.75",
    "weight": "70",
    "turnedpro": "2006",
    "retired": "Active",
    "coach": "Arturo Salazar Rodriguez",
    "racquet": "Black Knight",
    "event": "Men's singles",
    "highest_ranking": "No. 36",
    "date_of_highest_ranking": "January, 2011",
    "current_ranking": "No. 50",
    "date_of_current_ranking": "July, 2016",
    "titles": "6",
    "finals": "8",
    "birth_date": "1988-1-3",
    "medaltemplates": [
        "Sport: Men's squash",
        "Country: {{MEX}}",
        "Competition: Pan American Games",
        "Gold Medal: 2011 Guadalajara Doubles",
        "Gold Medal: 2011 Guadalajara Team",
        "Bronze Medal: 2011 Guadalajara Singles",
        "Bronze Medal: 2019 Lima Doubles",
        "Bronze Medal: 2019 Lima Team"
    ]
}