{
    "name": "Muhammad Asim Khan",
    "fullname": "Muhammad Asim khan",
    "country": "PAK",
    "birth_place": "Lahore, Pakistan",
    "weight": "76 kg",
    "retired": "Active",
    "plays": "Right Handed",
    "racquet": "HEAD",
    "highest_ranking": "No. 53",
    "date_of_highest_ranking": "October 2022",
    "current_ranking": "No. 66",
    "date_of_current_ranking": "February 2023",
    "titles": "7",
    "finals": "13",
    "birth_date": "1996-10-29",
    "medaltemplates": [
        "Sport: Men's squash",
        "Country: {{PAK}}",
        "Competition: Asian Games",
        "Silver Medal: 2022 Hangzhou Team",
        "Bronze Medal: 2018 Jakarta Team",
        "Competition: South Asian Games",
        "Gold Medal: 2019 Nepal Team"
    ]
}