{
    "name": "Baptiste Masotti",
    "country": "FRA",
    "birth_place": "Niort, France",
    "retired": "Active",
    "highest_ranking": "No. 37",
    "date_of_highest_ranking": "April 2020",
    "current_ranking": "No. 37",
    "date_of_current_ranking": "July 2020",
    "titles": "5",
    "finals": "14",
    "birth_date": "1995-06-05",
    "medaltemplates": [
        "Sport: Men's squash",
        "Country: {{FRA}}",
        "Competition: World Team Championships",
        "Bronze Medal: 2019 Washington D.C. Team"
    ]
}