{
    "fullname": "Benjamin Aubert",
    "country": "FRA",
    "residence": "La Ciotat, France",
    "birth_place": "Amiens, France",
    "height": "1.76m",
    "weight": "60kg",
    "turnedpro": "2016",
    "retired": "Active",
    "plays": "Right-handed",
    "coach": "Renan LAVIGNE",
    "racquet": "Tecnifibre",
    "website": "https://benjamin-aubert-squash.com",
    "event": "Men's singles",
    "highest_ranking": "No. 55",
    "date_of_highest_ranking": "April 2020",
    "current_ranking": "No. 55",
    "date_of_current_ranking": "April 2020",
    "titles": "4",
    "finals": "8",
    "birth_date": "1997-11-13"
}