{
    "name": "Bernardo Samper",
    "full_name": "Bernardo Samper Garc\u00eda del Diestro",
    "country": "COL",
    "residence": "New York City, United States",
    "birth_place": "Bogot\u00e1, Colombia",
    "height": "m=1.70",
    "weight": "65",
    "turnedpro": "2000",
    "retired": "2010",
    "coach": "Lee Witham",
    "racquet": "Wilson K Factor",
    "event": "Men's singles",
    "highest_ranking": "No. 57",
    "date_of_highest_ranking": "November 2007",
    "titles": "3",
    "finals": "6",
    "birth_date": "1982-4-8",
    "medaltemplates": [
        "Sport: Men's squash",
        "Country: {{COL}}",
        "Competition: Pan American Games",
        "Gold Medal: 2007 Rio de Janeiro Team",
        "Competition: South American Games",
        "Gold Medal: 2010 Medell\u00edn Team",
        "Gold Medal: 2010 Medell\u00edn Doubles",
        "Bronze Medal: 2010 Medell\u00edn Singles"
    ]
}