{
    "name": "Birgit Coufal",
    "country": "AUT",
    "residence": "Vienna, Austria",
    "birth_place": "Vienna, Austria",
    "turnedpro": "2007",
    "retired": "Active",
    "plays": "Right Handed",
    "coach": "Clemens Wallishauser Eva Bieler",
    "racquet": "Karakal",
    "event": "Women's singles",
    "highest_ranking": "No. 56",
    "date_of_highest_ranking": "May, 2012",
    "current_ranking": "No. 65",
    "date_of_current_ranking": "November, 2012",
    "titles": "2",
    "finals": "2",
    "birth_date": "1985-06-21"
}