{
    "name": "Borja Gol\u00e1n",
    "country": "ESP",
    "residence": "Santiago de Compostela",
    "birth_place": "Santiago de Compostela",
    "height": "m=1.83",
    "weight": "77",
    "turnedpro": "2002",
    "retired": "2023",
    "plays": "Right Handed",
    "coach": "Jesus Souto",
    "racquet": "Eye Rackets",
    "website": "http://www.borjagolan.com www.borjagolan.com",
    "event": "Men's singles",
    "highest_ranking": "No. 5",
    "date_of_highest_ranking": "April, 2014",
    "titles": "33",
    "finals": "44",
    "birth_date": "1983-1-6",
    "WorldOpenresult": {
        "2012": "2012 Men's World Open Squash Championship",
        "2014": "2014 Men's World Open Squash Championship"
    }
}