{
    "name": "C\u00e9sar Salazar",
    "fullname": "C\u00e9sar Orlando Salazar Mart\u00ednez",
    "country": "MEX",
    "residence": "San Luis Potos\u00ed, Mexico",
    "birth_place": "San Luis Potos\u00ed, Mexico",
    "height": "m=1.78",
    "weight": "66",
    "turnedpro": "2007",
    "retired": "Active",
    "coach": "Arturo Salazar Rodriguez",
    "racquet": "Head",
    "event": "Men's singles",
    "highest_ranking": "No. 25",
    "date_of_highest_ranking": "September, 2015",
    "current_ranking": "No. 27",
    "date_of_current_ranking": "July, 2016",
    "titles": "2",
    "finals": "6",
    "birth_date": "1988-1-3",
    "medaltemplates": [
        "Sport: Men's squash",
        "Country: {{MEX}}",
        "Competition: Pan American Games",
        "Gold Medal: 2011 Guadalajara Team",
        "Silver Medal: 2011 Guadalajara Singles",
        "Bronze Medal: 2019 Lima Singles",
        "Bronze Medal: 2019 Lima Doubles",
        "Bronze Medal: 2019 Lima Team"
    ]
}