{
    "name": "Cameron Pilley",
    "country": "AUS",
    "residence": "Greenwich, Connecticut",
    "birth_place": "Yamba, New South Wales",
    "height": "1.91",
    "weight": "84",
    "turnedpro": "2001",
    "retired": "December 2019",
    "plays": "Right Handed",
    "coach": "Dan Frogan",
    "racquet": "Karakal T-120FF",
    "event": "Men's singles",
    "highest_ranking": "No. 11",
    "date_of_highest_ranking": "January 2011",
    "titles": "13",
    "finals": "27",
    "birth_date": "1982-10-27",
    "medaltemplates": [
        "Sport: Men's squash",
        "Country: {{AUS}}",
        "Silver Medal: 2007 Chennai Team",
        "Bronze Medal: 2009 Odense Team",
        "Bronze Medal: 2011 Paderborn Team",
        "Bronze Medal: 2017 Marseille Team",
        "Gold Medal: 2017 Manchester Doubles",
        "Gold Medal: 2019 Carrara Doubles",
        "Gold Medal: 2019 Carrara Mixed doubles",
        "Silver Medal: 2006 Melbourne Mixed doubles",
        "Bronze Medal: 2016 Darwin Doubles",
        "Gold Medal: 2010 Delhi Mixed doubles",
        "Gold Medal: 2014 Glasgow Doubles",
        "Gold Medal: 2018 Gold Coast Mixed doubles",
        "Bronze Medal: 2010 New Delhi Doubles",
        "Bronze Medal: 2014 Glasgow Mixed doubles",
        "Silver Medal: 2000 Edinburgh Team"
    ]
}