{
    "name": "Cameron Seth",
    "country": "CAN",
    "residence": "Fergus, Ontario",
    "University": "University of Waterloo",
    "birth_place": "Ontario, Canada",
    "height": "183cm",
    "weight": "79kg",
    "retired": "Active",
    "plays": "Right Handed",
    "coach": "Ravi Seth",
    "racquet": "Black Knight",
    "event": "Men's singles",
    "highest_ranking": "No. 125",
    "date_of_highest_ranking": "April 2019",
    "current_ranking": "No. 140",
    "date_of_current_ranking": "May 2019",
    "titles": "1",
    "birth_date": "1994-04-21"
}