{
    "name": "Camille Serme",
    "country": "France",
    "residence": "Cr\u00e9teil, France",
    "birth_place": "Cr\u00e9teil, France",
    "turnedpro": "2005",
    "retired": "2022",
    "plays": "Right Handed",
    "coach": "Philippe Signoret",
    "racquet": "OPFEEL",
    "website": "www.camilleserme.fr",
    "event": "Women's singles",
    "highest_ranking": "No. 2",
    "date_of_highest_ranking": "February 2017",
    "titles": "15",
    "finals": "26",
    "birth_date": "1989-4-4",
    "medaltemplates": [
        "Sport: Women's squash",
        "Country: {{FRA}}",
        "Competition: World Championships",
        "Bronze Medal: 2010 Sharm El Sheikh Singles",
        "Bronze Medal: 2016 El Gouna Singles",
        "Bronze Medal: 2017 Manchester Singles",
        "Bronze Medal: 2018\u201319 Chicago Singles",
        "Bronze Medal: 2020\u201321 Chicago Singles",
        "Competition: World Team Championships",
        "Bronze Medal: 2016 Issy-les-Moulineaux Team",
        "Bronze Medal: 2018 Dalian Team",
        "Competition: World Games",
        "Gold Medal: 2017 Wroclaw Singles",
        "Bronze Medal: 2013 Cali Singles"
    ],
    "WorldOpenresult": {
        "2010": "2010 Women's World Open Squash Championship"
    }
}