{
    "name": "Campbell Grayson",
    "country": "NZL",
    "residence": "New York City, U.S.",
    "birth_place": "Auckland, New Zealand",
    "height": "m=1.80",
    "weight": "77",
    "turnedpro": "2007",
    "retired": "2020",
    "plays": "Right-Handed",
    "coach": "Paul Hornsby",
    "racquet": "Dunlop Rackets",
    "event": "Men's Singles, Team Doubles",
    "highest_ranking": "No. 24",
    "date_of_highest_ranking": "February 2020",
    "titles": "14",
    "finals": "24",
    "birth_date": "1986-3-04",
    "medaltemplates": [
        "Sport: Men's squash",
        "Country: {{NZL}}",
        "Bronze Medal: 2016 Darwin Doubles",
        "Bronze Medal: 2017 Manchester Doubles"
    ]
}