{
    "name": "Carla Khan",
    "fullname": "Carla Khan",
    "country": "PAK",
    "residence": "Karachi, Pakistan",
    "birth_place": "London, England",
    "turnedpro": "1999",
    "retired": "2009",
    "plays": "Right handed",
    "coach": "Mohammad Khalid",
    "racquet": "Head",
    "website": "https://web.archive.org/web/20070828104046/http://www.carlakhan.co.uk/ Carla Khan",
    "event": "Women's singles",
    "highest_ranking": "No. 21",
    "date_of_highest_ranking": "May 2004",
    "titles": "El Salvador Open 2002, Ottawa Open 2003, Pakistan Open 2005, Iranian Open 2007 and Austrian Open 2008",
    "finals": "Islamic Games 2005, Swedish Open 2005",
    "birth_date": "1981-8-18"
}