{
    "name": "Carol Owens",
    "country": "AUS, NZL",
    "residence": "Auckland, New Zealand",
    "birth_place": "Melbourne, Australia",
    "retired": "2004",
    "event": "Women's singles",
    "highest_ranking": "No. 1",
    "date_of_highest_ranking": "November 2002",
    "birth_date": "1971-6-4",
    "medaltemplates": [
        "Sport: Women's squash",
        "Country: {{AUS}}",
        "Competition: World Championships",
        "Gold Medal: 2000 Edinburgh Singles",
        "Bronze Medal: 1997 Sydney Singles",
        "Competition: World Team Championships",
        "Gold Medal: 1994 Saint Peter Port Team",
        "Gold Medal: 1996 Petaling Jaya Team",
        "Gold Medal: 1998 Stuttgart Team",
        "Competition: Commonwealth Games",
        "Bronze Medal: 1998 Kuala Lumpur Doubles",
        "Country: {{NZL}}",
        "Competition: World Championships",
        "Gold Medal: 2003 Hong Kong Singles",
        "Bronze Medal: 2001 Melbourne Singles",
        "Bronze Medal: 2002 Doha Singles",
        "Competition: Commonwealth Games",
        "Gold Medal: 2002 Manchester Doubles",
        "Silver Medal: 2002 Manchester Singles"
    ]
}