{
    "name": "Cassie Jackman  ",
    "country": "ENG",
    "residence": "Norwich,  England",
    "birth_place": "North Walsham,  England",
    "turnedpro": "1990",
    "retired": "2004",
    "plays": "Right Handed",
    "racquet": "Prince",
    "event": "Women's singles",
    "highest_ranking": "No. 1",
    "date_of_highest_ranking": "January 2000",
    "birth_date": "1972-12-22",
    "medaltemplates": [
        "Sport: Women's squash",
        "Country: {{ENG}}",
        "Gold Medal: 1999 Seattle Singles",
        "Silver Medal: 1994 Saint Peter Port Singles",
        "Silver Medal: 1996 Petaling Jaya Singles",
        "Silver Medal: 2003 Hong Kong Singles",
        "Bronze Medal: 1992 Vancouver Singles",
        "Bronze Medal: 1995 Hong Kong Singles",
        "Silver Medal: 1994 Saint Peter Port Team",
        "Silver Medal: 1996 Petaling Jaya Team",
        "Silver Medal: 2004 Amsterdam Team",
        "Bronze Medal: 1992 Vancouver Team",
        "Silver Medal: 1997 Hong Kong Doubles",
        "Silver Medal: 1997 Hong Kong Mixed doubles",
        "Gold Medal: 1998 Kuala Lumpur Doubles",
        "Silver Medal: 2002 Manchester Doubles",
        "Bronze Medal: 1998 Kuala Lumpur Singles",
        "Bronze Medal: 2002 Manchester Singles"
    ]
}