{
    "name": "Catalina Pel\u00e1ez",
    "country": "COL",
    "residence": "Bogot\u00e1, Colombia",
    "birth_place": "Bogot\u00e1, Colombia",
    "turnedpro": "2005",
    "retired": "Active",
    "plays": "Right Handed",
    "coach": "Miguel \u00c1ngel Rodr\u00edguez",
    "racquet": "Black Knight",
    "event": "Women's singles",
    "highest_ranking": "No. 56",
    "date_of_highest_ranking": "October 2015",
    "current_ranking": "No. 104",
    "date_of_current_ranking": "October 2023",
    "birth_date": "1991-9-04",
    "medaltemplates": [
        "Sport: Women's squash",
        "Country: {{COL}}",
        "Bronze Medal: 2019 Carrara Mixed doubles",
        "Competition: Pan American Games",
        "Gold Medal: 2019 Lima Mixed doubles",
        "Silver Medal: 2011 Guadalajara Doubles",
        "Silver Medal: 2011 Guadalajara Team",
        "Bronze Medal: 2007 Rio de Janeiro Team",
        "Bronze Medal: 2015 Toronto Doubles",
        "Bronze Medal: 2015 Toronto Team",
        "Bronze Medal: 2019 Lima Team",
        "Bronze Medal: 2023 Santiago Mixed doubles",
        "Bronze Medal: 2023 Santiago Team",
        "Gold Medal: 2010 Medell\u00edn Doubles",
        "Gold Medal: 2010 Medell\u00edn Team",
        "Gold Medal: 2018 Cochabamba Singles",
        "Gold Medal: 2018 Cochabamba Team",
        "Gold Medal: 2018 Cochabamba Mixed doubles"
    ]
}