{
    "name": "Chan Yiwen",
    "birth_place": "Jitra, Alor Setar, Kedah, Malaysia",
    "residence": "Kedah, Malaysia",
    "country": "Malaysian",
    "plays": "right-handed",
    "racquet": "Prince",
    "coach": "Ken Flynn",
    "highest_ranking": "87",
    "date_of_highest_ranking": "October 2020",
    "current_ranking": "130",
    "birth_date": "2000-09-25",
    "medaltemplates": [
        "Country: {{MAS}}",
        "Competition: World Team Championships",
        "Bronze Medal: 2022 Cairo Team",
        "Competition: Southeast Asian Games",
        "Silver Medal: 2019 Philippines Singles"
    ]
}