{
    "name": "Chan Sin Yuk",
    "nickname": "Simmi",
    "country": "HKG",
    "birth_place": "Kowloon, Hong Kong",
    "turnedpro": "2018",
    "retired": "Active",
    "plays": "Right Handed",
    "racquet": "Tecnifibre",
    "event": "Women's singles",
    "highest_ranking": "No. 33",
    "date_of_highest_ranking": "December 2022",
    "current_ranking": "No. 40",
    "date_of_current_ranking": "December 2022",
    "titles": "7",
    "finals": "9",
    "birth_date": "2002-07-4",
    "medaltemplates": [
        "Sport: Women's squash",
        "Country: {{HKG}}",
        "Silver Medal: 2022 Hangzhou Singles",
        "Silver Medal: 2022 Hangzhou Team"
    ]
}