{
    "name": "Charles Sharpes",
    "country": "ENG",
    "residence": "London, England",
    "birth_place": "Bermondsey, London, England",
    "height": "m=1.78",
    "weight": "70",
    "turnedpro": "2009",
    "retired": "Active",
    "plays": "Right-Handed",
    "coach": "Paul Carter",
    "racquet": "Prince",
    "event": "Men's singles",
    "highest_ranking": "No. 48",
    "date_of_highest_ranking": "February 2017",
    "current_ranking": "No. 48",
    "date_of_current_ranking": "March 2017",
    "titles": "4",
    "finals": "7",
    "birth_date": "1992-2-06"
}