{
    "name": "Cheyna Wood",
    "country": "RSA",
    "residence": "Johannesburg, South Africa",
    "birth_place": "Johannesburg, South Africa",
    "height": "168cm",
    "weight": "62kg",
    "turnedpro": "2009",
    "retired": "Active",
    "plays": "Right handed",
    "coach": "Michael Wood",
    "racquet": "Prince",
    "event": "Women's singles",
    "highest_ranking": "No. 60",
    "date_of_highest_ranking": "December 2014",
    "current_ranking": "No. 449",
    "date_of_current_ranking": "June 2022",
    "titles": "1",
    "finals": "1",
    "birth_date": "1990-10-2"
}