{
    "name": "Chlo\u00e9 Mesic",
    "country": "France",
    "residence": "Bourges, France",
    "birth_place": "Boulogne Billancourt, France",
    "turnedpro": "2009",
    "retired": "Active",
    "plays": "Left Handed",
    "coach": "St\u00e9phane Ducos",
    "racquet": "Harrow",
    "event": "Women's singles",
    "highest_ranking": "No. 56",
    "date_of_highest_ranking": "March 2017",
    "current_ranking": "No. 56",
    "date_of_current_ranking": "March 2017",
    "birth_date": "1991-6-14",
    "medaltemplates": [
        "Sport: Women's squash",
        "Country: {{FRA}}",
        "Competition: World Team Championships",
        "Bronze Medal: 2016 Issy-les-Moulineaux Team"
    ]
}