{
    "name": "Christopher Gordon",
    "country": "USA",
    "residence": "New York City, New York, U.S.",
    "birth_place": "New York City, New York, U.S.",
    "height": "m=1.90",
    "weight": "81",
    "retired": "Active",
    "coach": "Andre Delhoste, David Pearson",
    "racquet": "Tecnifibre",
    "event": "Men's singles",
    "highest_ranking": "No. 44",
    "date_of_highest_ranking": "May, 2013",
    "current_ranking": "No. 112",
    "date_of_current_ranking": "January, 2024",
    "titles": "5",
    "finals": "10",
    "birth_date": "1986-7-17",
    "medaltemplates": [
        "Sport: Men's squash",
        "Country: the {{USA}}",
        "Competition: Pan American Games",
        "Silver Medal: 2011 Guadalajara Doubles",
        "Bronze Medal: 2011 Guadalajara Team",
        "Bronze Medal: 2015 Toronto Doubles",
        "Bronze Medal: 2011 Toronto Team",
        "Competition: Pan American Championship",
        "Gold Medal: 2008 Cuenca Team",
        "Gold Medal: 2014 Toluca Team",
        "Silver Medal: 2008 Cuenca Individual",
        "Bronze Medal: 2014 Toluca Team"
    ]
}