{
    "name": "Christina Mak",
    "birth_name": "Mak Pui Hin",
    "birth_place": "Guangdong, People's Republic of China",
    "based_at": "Hong Kong Squash",
    "event": "Women's singles",
    "country": "HKG",
    "turnedpro": "1996",
    "plays": "Right Handed",
    "coach": "Tony Choi",
    "highest_ranking": "31",
    "date_of_highest_ranking": "July, 2007",
    "current_ranking": "39",
    "date_of_current_ranking": "May, 2009",
    "birth_date": "1978-3-6",
    "medaltemplates": [
        "Sport: Women's Squash",
        "Competition: Asian Games",
        "Bronze Medal: 2006 Doha Individual"
    ]
}