{
    "name": "Chris Simpson",
    "country": "ENG GGY",
    "residence": "Guernsey Guernsey",
    "birth_place": "Guernsey Guernsey",
    "height": "ft=5",
    "weight": "72",
    "turnedpro": "2005",
    "retired": "Active",
    "coach": "David Pearson David Campion",
    "racquet": "Karakal",
    "event": "Men's singles",
    "highest_ranking": "No. 20",
    "date_of_highest_ranking": "April 2014",
    "current_ranking": "No. 38",
    "date_of_current_ranking": "February 2019",
    "titles": "8",
    "finals": "11",
    "birth_date": "1987-3-30"
}