{
    "name": "Chris Dittmar",
    "country": "AUS",
    "residence": "Adelaide, South Australia",
    "birth_place": "Adelaide",
    "retired": "1993",
    "plays": "Left-handed",
    "event": "Men's Singles",
    "highest_ranking": "1",
    "date_of_highest_ranking": "July 1993",
    "birth_date": "1964-1-16",
    "medaltemplates": [
        "Sport: Men's squash",
        "Country: {{AUS}}",
        "Competition: World Championships",
        "Silver Medal: 1983 Munich Singles",
        "Silver Medal: 1987 Birmingham Singles",
        "Silver Medal: 1989 Kuala Lumpur Singles",
        "Silver Medal: 1990 Toulouse Singles",
        "Silver Medal: 1992 Johannesburg Singles",
        "Bronze Medal: 1986 Toulouse Singles",
        "Bronze Medal: 1988 Amsterdam Singles",
        "Bronze Medal: 1991 Adelaide Singles"
    ]
}