{
    "country": "England",
    "birth_place": "Chelmsford, Essex, England",
    "highest_ranking": "4",
    "date_of_highest_ranking": "November 1996",
    "birth_date": "1967-6-11",
    "medaltemplates": [
        "Sport: Men's squash",
        "Country: {{ENG}}",
        "Bronze Medal: 1993 Karachi Singles",
        "Bronze Medal: 1996 Lahore Singles",
        "Gold Medal: 1995 Cairo Team",
        "Gold Medal: 1997 Petaling Jaya Team",
        "Silver Medal: 1991 Helsinki Team",
        "Bronze Medal: 1993 Karachi Team",
        "Bronze Medal: 1999 Cairo Team",
        "Bronze Medal: 2001 Melbourne Team",
        "Gold Medal: 1997 Hong Kong Doubles",
        "Silver Medal: 1997 Hong Kong Mixed doubles",
        "Bronze Medal: 1998 Kuala Lumpur Doubles",
        "Bronze Medal: 2002 Manchester Mixed doubles"
    ]
}