{
    "name": "Christopher Binnie",
    "full_name": "Christopher James Binnie",
    "country": "JAM",
    "residence": "Hartford, Connecticut, United States",
    "birth_place": "Kingston, Jamaica",
    "height": "m=1.90",
    "weight": "91",
    "event": "Men's singles",
    "highest_ranking": "No. 65",
    "date_of_highest_ranking": "January, 2018",
    "current_ranking": "No. 76",
    "accessdate": "27 April 2018 ",
    "date_of_current_ranking": "13 June 2020",
    "titles": "1",
    "birth_date": "1989-1-26"
}