{
    "name": "Chris Robertson",
    "country": "AUS",
    "retired": "1992",
    "plays": "Right-Handed",
    "highest_ranking": "2",
    "date_of_highest_ranking": "March 1991",
    "medaltemplates": [
        "Sport: Men's squash",
        "Country: {{AUS}}",
        "Competition: World Championships",
        "Bronze Medal: 1986 Toulouse Singles",
        "Bronze Medal: 1989 Kuala Lumpur Singles",
        "Bronze Medal: 1990 Toulouse Singles",
        "Bronze Medal: 1991 Adelaide Singles"
    ]
}