{
    "name": "Chris Hanson",
    "country": "USA",
    "residence": "Westchester, NY",
    "University": "Dartmouth College",
    "birth_place": "New York, United States",
    "height": "5'10\"",
    "weight": "165 lbs",
    "turnedpro": "2010",
    "retired": "2022",
    "plays": "Left Handed",
    "coach": "Rodney Martin",
    "racquet": "Harrow",
    "event": "Men's singles",
    "highest_ranking": "No. 60",
    "date_of_highest_ranking": "July 2018",
    "current_ranking": "No. 73",
    "date_of_current_ranking": "Marich 2020",
    "titles": "5",
    "finals": "7",
    "birth_date": "1990-12-12",
    "medaltemplates": [
        "Sport: Men's squash",
        "Country: the {{USA}}",
        "Competition: Pan American Games",
        "Gold Medal: 2019 Lima Team",
        "Gold Medal: 2019 Lima Doubles"
    ]
}