{
    "name": "Christophe Andr\u00e9",
    "country": "FRA",
    "residence": "Aix-en-Provence, France",
    "birth_place": "Saint-Pierre, La R\u00e9union, France",
    "height": "m=1.90",
    "weight": "88",
    "turnedpro": "2013",
    "retired": "Active",
    "coach": "Thomas Adriaens Renan Lavigne",
    "racquet": "Oliver",
    "highest_ranking": "No. 106",
    "date_of_highest_ranking": "July 2016",
    "current_ranking": "No. 106",
    "date_of_current_ranking": "July 2016",
    "birth_date": "1987-05-29"
}