{
    "name": "Christine Nunn",
    "country": "AUS",
    "residence": "Melbourne, Australia",
    "birth_place": "Canberra, Australia",
    "turnedpro": "2008",
    "retired": "Active",
    "plays": "Right Handed",
    "coach": "Sarah Fitz-Gerald",
    "racquet": "Dunlop",
    "event": "Women's singles",
    "highest_ranking": "No. 36",
    "date_of_highest_ranking": "July 2016",
    "current_ranking": "No. 46",
    "date_of_current_ranking": "January 2018",
    "birth_date": "1991-4-4",
    "medaltemplates": [
        "Sport: Women's squash",
        "Country: {{AUS}}",
        "Gold Medal: 2019 Carrara Doubles",
        "Silver Medal: 2019 Carrara Mixed doubles"
    ]
}