{
    "name": "Cindy Merlo",
    "country": "SUI",
    "residence": "Pf\u00e4ffikon",
    "birth_place": "Wald, Z\u00fcrich, Switzerland",
    "height": "166cm",
    "weight": "57kg",
    "retired": "Active",
    "plays": "Right Handed",
    "coach": "Daniela Merlo",
    "racquet": "Black Knight",
    "event": "Women's singles",
    "highest_ranking": "No. 48",
    "date_of_highest_ranking": "December 2022",
    "current_ranking": "No. 48",
    "date_of_current_ranking": "December 2022",
    "birth_date": "1998-03-13"
}