{
    "name": "Clinton Leeuw",
    "country": "RSA",
    "residence": "New York City, U.S.",
    "birth_place": "Cape Town, South Africa",
    "height": "m=1.72",
    "weight": "81",
    "turnedpro": "2006",
    "retired": "Active",
    "racquet": "Grays",
    "event": "Men's singles",
    "highest_ranking": "No. 79",
    "date_of_highest_ranking": "May 2013",
    "current_ranking": "No. 86",
    "date_of_current_ranking": "June 2013",
    "titles": "2",
    "finals": "6",
    "birth_date": "1982-4-15"
}