{
    "name": "Colette Sultana",
    "country": "MLT",
    "residence": "Zabbar, Malta",
    "University": "Columbia University",
    "birth_place": "Cambridge, England",
    "height": "1.68m",
    "weight": "60kg",
    "turnedpro": "2017",
    "retired": "Active",
    "plays": "Left-handed",
    "event": "Women's singles",
    "highest_ranking": "No. 91",
    "date_of_highest_ranking": "January 2017",
    "current_ranking": "No. 103",
    "date_of_current_ranking": "August 2018",
    "birth_date": "1995-06-25"
}