{
    "name": "Coline Aumard",
    "country": "France",
    "residence": "Cr\u00e9teil, France",
    "birth_place": "Villeneuve-Saint-Georges, Paris, France",
    "turnedpro": "2007",
    "retired": "Active",
    "plays": "Right Handed",
    "coach": "Philippe Signoret",
    "racquet": "Harrow",
    "event": "Women's singles",
    "years_active": "13",
    "highest_ranking": "No. 20",
    "date_of_highest_ranking": "July 2020",
    "current_ranking": "No. 23",
    "date_of_current_ranking": "November 2020",
    "titles": "6",
    "finals": "10",
    "birth_date": "1989-06-13",
    "medaltemplates": [
        "Sport: Women's squash",
        "Country: {{FRA}}",
        "Competition: World Games",
        "Bronze Medal: 2022 Birmingham Individual",
        "Competition: World Team Championships",
        "Bronze Medal: 2016 Issy-les-Moulineaux Team",
        "Bronze Medal: 2018 Dalian Team"
    ]
}