{
    "name": "Craig Rowland",
    "country": "AUS",
    "residence": "Rockhampton, Queensland",
    "plays": "Right-Handed",
    "highest_ranking": "7",
    "date_of_highest_ranking": "November 1996",
    "titles": "6",
    "finals": "10",
    "birth_date": "1971-6-30",
    "medaltemplates": [
        "Sport: Men's squash",
        "Country: {{AUS}}",
        "Bronze Medal: 1995 Nicosia Singles",
        "Bronze Medal: 1997 Petaling Jaya Team",
        "Silver Medal: 1997 Hong Kong Doubles",
        "Gold Medal: 1998 Kuala Lumpur Mixed doubles"
    ]
}