{
    "name": "Cyrielle Peltier",
    "country": "FRA",
    "residence": "Yvr\u00e9-l'\u00c9v\u00eaque, France",
    "birth_place": "Le Mans, France",
    "turnedpro": "2010",
    "retired": "Active",
    "plays": "Right Handed",
    "coach": "Beno\u00eet Letourneau",
    "racquet": "Prince",
    "event": "Women's singles",
    "highest_ranking": "No. 51",
    "date_of_highest_ranking": "November 2015",
    "current_ranking": "No. 55",
    "date_of_current_ranking": "January 2016",
    "birth_date": "1992-3-30"
}