{
    "name": "Dan Jenson",
    "country": "AUS",
    "residence": "Adelaide",
    "birth_place": "Brisbane",
    "turnedpro": "1993",
    "retired": "2008",
    "event": "Men's Singles",
    "highest_ranking": "5",
    "date_of_highest_ranking": "January 1999",
    "birth_date": "1975-6-20",
    "medaltemplates": [
        "Sport: Men's squash",
        "Country: {{AUS}}",
        "Bronze Medal: 1997 Petaling Jaya Team",
        "Gold Medal: 1997 Hong Kong Mixed doubles",
        "Silver Medal: 1997 Hong Kong Doubles",
        "Silver Medal: 2006 Melbourne Doubles",
        "Bronze Medal: 2006 Melbourne Men's doubles"
    ]
}