{
    "name": "Dane Sharp",
    "country": "CAN",
    "residence": "Toronto, Ontario, Canada",
    "birth_place": "Toronto, Ontario, Canada",
    "height": "m=1.82",
    "turnedpro": "2008",
    "retired": "Active",
    "coach": "Mike Way",
    "racquet": "Dunlop",
    "event": "Men's singles",
    "highest_ranking": "No. 79",
    "date_of_highest_ranking": "April 2014",
    "current_ranking": "No. 92",
    "date_of_current_ranking": "January 2015",
    "titles": "2",
    "finals": "2",
    "birth_date": "1985-1-01"
}