{
    "name": "Danish Atlas Khan",
    "birth_place": "Peshawar, Pakistan",
    "height": "m=1.72",
    "weight": "72",
    "event": "Men's singles",
    "country": "PAK",
    "turnedpro": "2008",
    "racquet": "Tecnifibre",
    "coach": "Atlas Khan",
    "highest_ranking": "Pakistan # 1",
    "titles": "34 Gold Medals",
    "birth_date": "1994-1-2",
    "medaltemplates": [
        "Sport: Men's squash",
        "Country: {{PAK}}",
        "Competition: Asian Games",
        "Gold Medal: 2010 Guangzhou China Team",
        "Competition: South Asian Games",
        "Silver Medal: 2016 Guwahati,India Team"
    ]
}