{
    "name": "Daniel Poleshchuk",
    "country": "ISR",
    "residence": "Ramat-Gan, Israel",
    "birth_place": "Ramat-Gan, Israel",
    "height": "m=1.69",
    "weight": "65",
    "turnedpro": "2013",
    "coach": "Jonah Barrington /Alex Poleshchuk",
    "racquet": "Tecnifibre",
    "event": "Men's singles",
    "highest_ranking": "No. 66",
    "date_of_highest_ranking": "December 2023",
    "current_ranking": "No. 66",
    "date_of_current_ranking": "December 2023",
    "titles": "7",
    "finals": "9",
    "birth_date": "1996-2-11"
}