{
    "name": "Danielle Letourneau",
    "country": "Canada",
    "residence": "Calgary, Alberta, Canada",
    "birth_place": "Calgary, Alberta, Canada",
    "turnedpro": "2015",
    "retired": "Active",
    "coach": "Omar Azabawy David Letourneau Julee Devoy",
    "racquet": "Gearbox 135",
    "event": "Women's singles",
    "highest_ranking": "No. 18",
    "date_of_highest_ranking": "December 2021",
    "current_ranking": "No. 37",
    "date_of_current_ranking": "December 2022",
    "birth_date": "1993-5-3",
    "medaltemplates": [
        "Sport: Women's Squash",
        "Country: {{CAN}}",
        "Competition: Pan American Games",
        "Silver Medal: 2019 Lima Doubles",
        "Silver Medal: 2019 Lima Team"
    ]
}