{
    "name": "Darren Rahul Pragasam",
    "country": "MAS",
    "birth_place": "Seremban, Malaysia",
    "retired": "Active",
    "highest_ranking": "No. 133",
    "date_of_highest_ranking": "August 2018",
    "current_ranking": "No. 133",
    "date_of_current_ranking": "August 2018",
    "birth_date": "1999-08-27",
    "medaltemplates": [
        "Sport: Men's squash",
        "Country: {{MAS}}",
        "Competition: Southeast Asian Games",
        "Gold Medal: 2019 Philippines Team",
        "Bronze Medal: 2019 Philippines Singles"
    ]
}