{
    "name": "Daryl Selby",
    "country": "ENG",
    "residence": "Colchester, Essex",
    "birth_place": "Harlow, Essex",
    "height": "m=1.83",
    "weight": "72",
    "turnedpro": "2004",
    "retired": "2022",
    "plays": "Right Handed",
    "coach": "Paul Selby",
    "clothing": "305SQUASH",
    "event": "Men's singles",
    "highest_ranking": "No. 9",
    "date_of_highest_ranking": "April, 2010",
    "current_ranking": "No. 22",
    "date_of_current_ranking": "March, 2021",
    "titles": "13",
    "finals": "23",
    "birth_date": "1982-11-3",
    "medaltemplates": [
        "Sport: Men's squash",
        "Country: {{ENG}}",
        "Gold Medal: 2013 Mulhouse Team",
        "Silver Medal: 2011 Paderborn Team",
        "Silver Medal: 2017 Marseille Team",
        "Silver Medal: 2019 Washington D.C. Team",
        "Silver Medal: 2017 Manchester Mixed doubles",
        "Silver Medal: 2018 Gold Coast Doubles",
        "Silver Medal: 2022 Birmingham Doubles",
        "Bronze Medal: 2014 Glasgow Doubles"
    ],
    "WorldOpenresult": {
        "2013": "2013 Men's World Open Squash Championship"
    }
}