{
    "name": "David Letourneau",
    "country": "CAN",
    "residence": "Princeton, New Jersey, United States",
    "birth_place": "Calgary, Alberta, Canada",
    "height": "m=1.90",
    "weight": "81",
    "turnedpro": "2011",
    "retired": "Active",
    "coach": "Arthur Hough",
    "racquet": "Dunlop",
    "event": "Men's singles",
    "highest_ranking": "No. 103",
    "date_of_highest_ranking": "May 2013",
    "current_ranking": "No. 240",
    "date_of_current_ranking": "April 30, 2015",
    "birth_date": "1989-4-18"
}