{
    "name": "David Palmer",
    "fullname": "David Troy Palmer",
    "nickname": "The Marine",
    "country": "AUS",
    "residence": "Ithaca, New York, United States",
    "birth_place": "Lithgow, New South Wales",
    "height": "1.88 m",
    "weight": "82 kg",
    "turnedpro": "1994",
    "retired": "2011",
    "plays": "Right handed",
    "coach": "Shaun Moxham",
    "racquet": "Black Knight Ion X-Force Yellow",
    "website": "http://www.davidpalmer.com/",
    "event": "Men's singles",
    "highest_ranking": "No. 1",
    "date_of_highest_ranking": "September 2001, February 2006",
    "titles": "27",
    "finals": "53",
    "birth_date": "1976-6-28",
    "medaltemplates": [
        "Sport: Men's squash",
        "Country: {{AUS}}",
        "Gold Medal: 2002 Antwerp Singles",
        "Gold Medal: 2006 Doha Singles",
        "Silver Medal: 2005 Hong Kong Singles",
        "Bronze Medal: 2004 Doha Singles",
        "Bronze Medal: 2007 Bermuda Singles",
        "Bronze Medal: 2008 Manchester Singles",
        "Gold Medal: 2001 Melbourne Team",
        "Gold Medal: 2003 Vienna Team",
        "Silver Medal: 2007 Chennai Team",
        "Bronze Medal: 2009 Odense Team",
        "Bronze Medal: 2011 Paderborn Team",
        "Gold Medal: 2004 Chennai Mixed doubles",
        "Silver Medal: 2016 Darwin Doubles",
        "Bronze Medal: 2016 Darwin Mixed doubles",
        "Bronze Medal: 2017 Manchester Mixed doubles",
        "Gold Medal: 2014 Glasgow Doubles",
        "Gold Medal: 2014 Glasgow Mixed doubles",
        "Gold Medal: 2018 Gold Coast Doubles",
        "Silver Medal: 2006 Melbourne Singles",
        "Silver Medal: 2010 New Delhi Doubles",
        "Bronze Medal: 2002 Manchester Singles",
        "Bronze Medal: 2002 Manchester Doubles",
        "Bronze Medal: 2006 Melbourne Doubles",
        "Bronze Medal: 2006 Melbourne Mixed doubles"
    ],
    "WorldOpenresult": {
        "2002": "2002 Men's World Open Squash Championship",
        "2006": "2006 Men's World Open Squash Championship"
    }
}