{
    "name": "David Evans",
    "country": "WAL",
    "residence": "Pontypool",
    "birth_place": "Pontypool",
    "height": "6",
    "racquet": "Prince O3 Ozone Tour",
    "event": "Men's Singles",
    "highest_ranking": "3",
    "date_of_highest_ranking": "February 2001",
    "birth_date": "1974-10-24",
    "medaltemplates": [
        "Sport: Men's squash",
        "Country: {{WAL}}",
        "Competition: World Team Championships",
        "Silver Medal: 1999 Cairo Team"
    ]
}