{
    "name": "Davide Bianchetti",
    "country": "ITA",
    "residence": "Brescia, Italy",
    "birth_place": "Brescia, Italy",
    "height": "ft=6",
    "weight": "74",
    "turnedpro": "1996",
    "retired": "2012",
    "plays": "Right Handed",
    "coach": "Hesham El Attar",
    "racquet": "Dunlop",
    "event": "Men's singles",
    "highest_ranking": "No. 24",
    "date_of_highest_ranking": "October, 2004",
    "birth_date": "1977-3-8",
    "WorldOpenresult": {
        "2003": "2003 Men's World Open Squash Championship"
    }
}