{
    "name": "Declan James",
    "country": "ENG",
    "residence": "Nottingham, England",
    "birth_place": "Nottingham, England",
    "height": "ft=6",
    "weight": "83",
    "turnedpro": "2011",
    "retired": "Active",
    "coach": "Nick Matthew",
    "racquet": "Dunlop Hyperfibre+ Evolution 130",
    "event": "Men's singles",
    "highest_ranking": "No. 15",
    "date_of_highest_ranking": "May 2019",
    "current_ranking": "No. 69",
    "date_of_current_ranking": "May 2023",
    "titles": "13",
    "finals": "21",
    "birth_date": "1993-4-19",
    "medaltemplates": [
        "Sport: Men's squash",
        "Country: {{ENG}}",
        "Silver Medal: 2019 Washington D.C. Team",
        "Gold Medal: 2022 Glasgow Doubles",
        "Bronze Medal: 2017 Manchester Doubles",
        "Gold Medal: 2022 Birmingham Doubles",
        "Bronze Medal: 2018 Gold Coast Doubles"
    ]
}