{
    "name": "Delia Arnold",
    "country": "Malaysia",
    "residence": "Selangor, Malaysia",
    "birth_place": "Kuala Lumpur, Malaysia",
    "turnedpro": "2003",
    "retired": "2017",
    "plays": "Right Handed",
    "coach": "Peter Genever",
    "racquet": "Prince",
    "event": "Women's singles",
    "highest_ranking": "No. 12",
    "date_of_highest_ranking": "September, 2015",
    "titles": "7",
    "finals": "6",
    "birth_date": "1986-1-26",
    "medaltemplates": [
        "Sport: Women's squash",
        "Country: {{MAS}}",
        "Silver Medal: 2014 Niagara-on-the Lake Team",
        "Bronze Medal: 2008 Cairo Team",
        "Bronze Medal: 2010 Palmerston Team",
        "Bronze Medal: 2012 N\u00eemes Team",
        "Bronze Medal: 2016 Darwin Doubles",
        "Gold Medal: 2010 Guangzhou Team",
        "Gold Medal: 2014 Incheon Team"
    ]
}