{
    "name": "Derek Ryan",
    "country": "IRL",
    "residence": "Dublin, Ireland",
    "birth_place": "Dublin, Ireland",
    "turnedpro": "1993",
    "retired": "Yes",
    "racquet": "Dunlop",
    "event": "Men's singles",
    "highest_ranking": "No. 7",
    "date_of_highest_ranking": "July 1999",
    "birth_date": "1969-12-10",
    "medaltemplates": [
        "Sport: Men's squash",
        "Country: {{IRL}}",
        "Competition: World Games",
        "Silver Medal: 1997 Lahti Individual"
    ]
}