{
    "name": "Diana Garc\u00eda",
    "country": "MEX",
    "birth_place": "Mexico City, Mexico",
    "turnedpro": "2011",
    "retired": "Active",
    "plays": "Right Handed",
    "racquet": "Black Knight",
    "event": "Women's singles",
    "highest_ranking": "No. 72",
    "date_of_highest_ranking": "December 2017",
    "current_ranking": "No. 79",
    "date_of_current_ranking": "February 2018",
    "birth_date": "1992-12-21",
    "medaltemplates": [
        "Sport: Women's squash",
        "Country: {{MEX}}",
        "Competition: Pan American Games",
        "Silver Medal: 2019 Lima Mixed doubles",
        "Bronze Medal: 2015 Toronto Team",
        "Bronze Medal: 2019 Lima Team"
    ]
}