{
    "name": "Dick Lau",
    "full_name": "Dick Lau Siu-wai",
    "country": "HKG",
    "residence": "Hong Kong",
    "birth_name": "Lau Siu-wai",
    "birth_place": "Hong Kong",
    "height": "m=1.78",
    "weight": "75",
    "turnedpro": "2004",
    "coach": "Tony Choi",
    "event": "Men's singles",
    "highest_ranking": "No. 74",
    "date_of_highest_ranking": "May 2012",
    "birth_date": "1985-12-20",
    "medaltemplates": [
        "Sport: Men's squash",
        "Country: {{HKG}}",
        "Competition: Asian Games",
        "Bronze Medal: 2010 Guangzhou Team"
    ]
}