{
    "name": "Diego El\u00edas",
    "country": "PER",
    "residence": "Boca Raton, Florida, United States",
    "birth_place": "Lima, Peru",
    "height": "m=1.88",
    "weight": "78",
    "plays": "Right Handed",
    "coach": "Jonathon Power, Wael El Hindi, Jos\u00ed Manuel El\u00edas, Santiago Parra",
    "racquet": "Dunlop Precision Elite",
    "event": "Men's singles",
    "highest_ranking": "No. 1",
    "date_of_highest_ranking": "April 2023",
    "current_ranking": "No. 1",
    "date_of_current_ranking": "May 2023",
    "titles": "15",
    "finals": "27",
    "birth_date": "1996-11-19",
    "medaltemplates": [
        "Sport: Men's squash",
        "Country: {{PER}}",
        "Competition: British Open",
        "Silver Medal: 2023 Birmingham Singles",
        "Competition: Pan American Games",
        "Gold Medal: 2019 Lima Singles",
        "Bronze Medal: 2019 Lima Doubles",
        "Competition: South American Games",
        "Gold Medal: 2018 Cochabamba Singles",
        "Gold Medal: 2018 Cochabamba Doubles",
        "Gold Medal: 2018 Cochabamba Team",
        "Competition: World Junior Championships",
        "Gold Medal: 2015 Eindhoven Singles",
        "Gold Medal: 2014 Windhoek Singles"
    ]
}