{
    "fullname": "Dipika Rebecca Pallikal   Karthik",
    "birth_place": "Kottayam, Kerala, India",
    "height": "171",
    "weight": "69",
    "event": "Women's singles",
    "country": "IND",
    "turnedpro": "2006",
    "retired": "active",
    "plays": "Right handed",
    "racquet": "Technifibre",
    "coach": "Sarah Fitz-Gerald",
    "highest_ranking": "No. 10",
    "date_of_highest_ranking": "December 2012",
    "current_ranking": "No. 19",
    "date_of_current_ranking": "August 2016",
    "titles": "11( 18 finals)",
    "birth_date": "1991-09-21",
    "medaltemplates": [
        "Sport: Women's squash",
        "Country: {{IND}}",
        "Gold Medal: 2022 Glasgow Doubles",
        "Gold Medal: 2022 Glasgow Mixed doubles",
        "Silver Medal: 2016 Darwin Mixed doubles",
        "Bronze Medal: 2016 Darwin Doubles",
        "Bronze Medal: 2017 Manchester Doubles",
        "Gold Medal: 2014 Glasgow Doubles",
        "Silver Medal: 2018 Gold Coast Doubles",
        "Silver Medal: 2018 Gold Coast Mixed doubles",
        "Bronze Medal: 2022 Birmingham Mixed doubles",
        "Gold Medal: 2022 Hangzhou Mixed doubles",
        "Silver Medal: 2014 Incheon Team",
        "Bronze Medal: 2010 Guangzhou Team",
        "Bronze Medal: 2014 Incheon Singles",
        "Bronze Medal: 2018 Jakarta Singles",
        "Bronze Medal: 2022 Hangzhou Team",
        "Silver Medal: 2017 Chennai Singles"
    ],
    "WorldOpenresult": {
        "2011": "2011 Women's World Open Squash Championship"
    }
}