{
    "name": "Donna Lobban",
    "fullname": "Donna Lobban",
    "country": "AUS",
    "residence": "Edinburgh, Scotland",
    "birth_place": "Yamba, New South Wales",
    "height": "1.78m",
    "weight": "65 kg",
    "turnedpro": "2005",
    "retired": "2023",
    "plays": "Left Handed",
    "coach": "Byron Davis Rodney Martin",
    "racquet": "Head",
    "event": "Women's singles",
    "highest_ranking": "No. 13",
    "date_of_highest_ranking": "May 2011",
    "titles": "12",
    "finals": "20",
    "birth_date": "1986-12-19",
    "medaltemplates": [
        "Sport: Women's squash",
        "Country: {{AUS}}",
        "Gold Medal: 2010 Palmerston North Team",
        "Gold Medal: 2019 Carrara Doubles",
        "Gold Medal: 2019 Carrara Mixed doubles",
        "Silver Medal: 2016 Darwin Doubles",
        "Bronze Medal: 2016 Darwin Mixed doubles",
        "Bronze Medal: 2017 Manchester Doubles",
        "Gold Medal: 2018 Gold Coast Mixed doubles",
        "Bronze Medal: 2018 Gold Coast Doubles",
        "Bronze Medal: 2010 Delhi Doubles"
    ]
}