{
    "name": "Douglas Kempsell",
    "country": "SCO",
    "residence": "Edinburgh, Scotland",
    "birth_place": "Edinburgh, Scotland",
    "turnedpro": "2013",
    "retired": "Active",
    "coach": "Roger Flynn",
    "racquet": "Salming",
    "event": "Men's singles",
    "highest_ranking": "No. 92",
    "date_of_highest_ranking": "May 2017",
    "current_ranking": "No. 92",
    "date_of_current_ranking": "May 2017",
    "titles": "5",
    "finals": "10",
    "birth_date": "1993-4-13",
    "medaltemplates": [
        "Sport: Men's squash",
        "Country: {{SCO}}",
        "Bronze Medal: 2022 Glasgow Doubles"
    ]
}