{
    "name": "Dylan Bennett",
    "country": "NED",
    "residence": "Eindhoven, Netherlands",
    "birth_place": "Eindhoven, Netherlands",
    "height": "m=1.90",
    "weight": "82",
    "turnedpro": "1999",
    "retired": "Active",
    "coach": "Sjef Van Heyden",
    "racquet": "Dunlop",
    "event": "Men's singles",
    "highest_ranking": "No. 43",
    "date_of_highest_ranking": "June 2007",
    "current_ranking": "No. 71",
    "date_of_current_ranking": "December 2009",
    "birth_date": "1984-9-17"
}