{
    "name": "Eddie Charlton",
    "country": "ENG",
    "residence": "Leeds, England",
    "birth_place": "Nottingham, England",
    "height": "m=1.87",
    "weight": "78",
    "turnedpro": "2007",
    "retired": "Active",
    "coach": "David Campion, Fiona Geaves",
    "racquet": "Mantis",
    "event": "Men's singles",
    "highest_ranking": "No. 50",
    "date_of_highest_ranking": "April 2015",
    "current_ranking": "No. 53",
    "date_of_current_ranking": "August 2015",
    "titles": "5",
    "finals": "14",
    "birth_date": "1988-7-11"
}