{
    "name": "Edmon L\u00f3pez M\u00f6ller",
    "country": "ESP",
    "residence": "Barcelona, Spain",
    "birth_place": "Barcelona, Spain",
    "height": "m=1.77",
    "weight": "73",
    "turnedpro": "2012",
    "retired": "Active",
    "coach": "Iv\u00e1n Flores",
    "racquet": "Hit Rackets",
    "event": "Men's singles",
    "highest_ranking": "No. 54",
    "date_of_highest_ranking": "May 2019",
    "current_ranking": "No. 54",
    "date_of_current_ranking": "May 2019",
    "birth_date": "1996-7-16"
}