{
    "name": "Elise Ng (\u5433\u5609\u97fb)",
    "country": "HKG",
    "residence": "Hong Kong",
    "birth_place": "Kowloon, Hong Kong",
    "turnedpro": "2000",
    "retired": "Active",
    "plays": "Right Handed",
    "coach": "Tony Choi",
    "racquet": "Prince",
    "event": "Women's singles",
    "highest_ranking": "No. 35",
    "date_of_highest_ranking": "January, 2008",
    "current_ranking": "No. 51",
    "date_of_current_ranking": "December, 2009",
    "birth_date": "1981-2-4"
}