{
    "name": "Ella G\u00e1lov\u00e1",
    "country": "SVK/FRA",
    "birth_place": "Bratislava, Slovakia",
    "residence": "Aix en Provence, France",
    "height": "1.60 m",
    "weight": "50 kg",
    "retired": "Active",
    "college": "Harvard",
    "team": "Harvard Women's Squash",
    "turnedpro": "2021",
    "league": "Ivy League",
    "event": "women's singles",
    "highest_ranking": "135",
    "racquet": "Technifibre",
    "plays": "right-handed",
    "date_of_highest_ranking": "February 2022",
    "current_ranking": "135",
    "date_of_current_ranking": "February 2022",
    "birth_date": "2004-02-25"
}