{
    "name": "Emma Beddoes",
    "country": "England",
    "residence": "Nottingham, England",
    "birth_place": "Leamington Spa, England",
    "turnedpro": "2003",
    "retired": "2016",
    "plays": "Right Handed",
    "coach": "Richard O'Connor",
    "racquet": "Prince",
    "event": "Women's singles",
    "highest_ranking": "No.11",
    "date_of_highest_ranking": "September, 2015",
    "titles": "7",
    "finals": "12",
    "birth_date": "1985-8-29",
    "medaltemplates": [
        "Sport: Women's squash",
        "Country: {{ENG}}",
        "Competition: World Team Championships",
        "Gold Medal: 2014 Niagara-on-the-Lake Team",
        "Competition: Commonwealth Games",
        "Bronze Medal: 2014 Glasgow {{Women's doubles}}"
    ]
}