{
    "name": "Engy Kheirallah",
    "birth_place": "Alexandria, Egypt",
    "based_at": "Alexandria Sporting Club",
    "event": "Women's singles",
    "country": "EGY",
    "turnedpro": "1999",
    "handedness": "Right",
    "racquet": "Head",
    "coach": "Ahmed Taher",
    "highest_ranking": "11",
    "date_of_highest_ranking": "July 2010",
    "birth_date": "1981-12-5",
    "medaltemplates": [
        "Sport: Women's squash",
        "Country: {{EGY}}",
        "Competition: World Team Championships",
        "Gold Medal: 2008 Cairo Team",
        "Silver Medal: 2006 Edmonton Team"
    ]
}