{
    "name": "Enzo Corigliano",
    "nickname": "Zozo",
    "country": "FRA",
    "residence": "La Fl\u00e8che, France",
    "birth_place": "Noum\u00e9a, New Caledonia",
    "death_date": "2020",
    "death_place": "Canton, New York",
    "height": "1.67 m",
    "weight": "67 kg",
    "turnedpro": "2016",
    "plays": "Right Handed",
    "coach": "Benoit Letourneau",
    "racquet": "Tecnifibre",
    "event": "Men's singles",
    "highest_ranking": "No. 136",
    "date_of_highest_ranking": "August 2018",
    "titles": "0",
    "finals": "1",
    "birth_date": "1997-07-30"
}