{
    "name": "Eric G\u00e1lvez",
    "fullname": "Eric Mois\u00e9s G\u00e1lvez S\u00e1nchez",
    "country": "MEX",
    "residence": "Puebla, Mexico",
    "birth_place": "Puebla, Mexico",
    "height": "m=1.68",
    "weight": "68",
    "turnedpro": "2000",
    "retired": "Active",
    "coach": "Reman Gul",
    "racquet": "Dunlop",
    "event": "Men's singles",
    "highest_ranking": "No. 33",
    "date_of_highest_ranking": "February, 2007",
    "current_ranking": "No. 79",
    "date_of_current_ranking": "July, 2014",
    "birth_date": "1983-10-4",
    "medaltemplates": [
        "Sport: Men's squash",
        "Country: {{MEX}}",
        "Competition: Pan American Games",
        "Gold Medal: 2011 Guadalajara Doubles",
        "Gold Medal: 2011 Guadalajara Team",
        "Gold Medal: 2007 Rio de Janeiro Singles",
        "Bronze Medal: 2007 Rio de Janeiro Team"
    ]
}