{
    "name": "Erick Herrera",
    "full_name": "Erick Daniel Herrera Pelaez",
    "country": "COL",
    "birth_place": "Bogota, Colombia",
    "height": "180 cm",
    "weight": "80 kg",
    "turnedpro": "2006",
    "racquet": "Karakal raw 120",
    "highest_ranking": "285",
    "date_of_highest_ranking": "August 2016",
    "birth_date": "1989-3-23",
    "medaltemplates": [
        "Sport: Men's squash",
        "Country: {{COL}}",
        "Competition: South American Games",
        "Gold Medal: 2010 Medell\u00edn Team"
    ]
}