{
    "name": "Erik Tepos Valtierra",
    "country": "MEX",
    "residence": "Mexico City, Mexico",
    "birth_place": "Mexico City, Mexico",
    "height": "m=1.66",
    "weight": "62",
    "turnedpro": "2008",
    "retired": "Active",
    "coach": "Luis Tepos Valtierra",
    "racquet": "Head",
    "event": "Men's singles",
    "highest_ranking": "No. 89",
    "date_of_highest_ranking": "July, 2011",
    "current_ranking": "No. 168",
    "date_of_current_ranking": "May, 2014",
    "birth_date": "1986-11-28"
}