{
    "name": "Faiza Zafar",
    "country": "PAK",
    "residence": "Lahore, Pakistan",
    "birth_place": "Sialkot, Pakistan",
    "height": "158cm",
    "weight": "65kg",
    "turnedpro": "2017",
    "retired": "Active",
    "plays": "Right Handed",
    "event": "Women's singles",
    "highest_ranking": "No. 78",
    "date_of_highest_ranking": "November 2018",
    "current_ranking": "No. 102",
    "date_of_current_ranking": "December 2020",
    "birth_date": "1996-03-4",
    "medaltemplates": [
        "Sport: Women's squash",
        "Country: {{PAK}}",
        "Competition: South Asian Games",
        "Silver Medal: 2019 Nepal Team",
        "Bronze Medal: 2019 Nepal Singles"
    ]
}