{
    "name": "Fares Dessouky",
    "full_name": "Fares Mohamed Dessouky",
    "nickname": "Fearless Fares",
    "country": "EGY",
    "birth_place": "Alexandria, Egypt",
    "height": "5 ft 10 in",
    "weight": "convert",
    "turnedpro": "2011",
    "retired": "Active",
    "coach": "Ahmed Effat",
    "racquet": "tecnifibre carboflex 125",
    "event": "Men's singles",
    "highest_ranking": "No. 8",
    "date_of_highest_ranking": "November 2017",
    "current_ranking": "No. 9",
    "date_of_current_ranking": "December 2021",
    "titles": "3",
    "finals": "9",
    "birth_date": "1994-9-29"
}