{
    "name": "Farhan Mehboob",
    "country": "PAK",
    "residence": "Peshawar, Pakistan",
    "birth_place": "Peshawar, Pakistan",
    "height": "m=1.64",
    "weight": "60",
    "turnedpro": "2003",
    "retired": "Active",
    "plays": "Left Handed",
    "racquet": "Tecnifibre",
    "event": "Men's singles",
    "highest_ranking": "No. 16",
    "date_of_highest_ranking": "May, 2009",
    "current_ranking": "No. 66",
    "date_of_current_ranking": "January 2017",
    "titles": "8",
    "finals": "13",
    "birth_date": "1988-10-23",
    "medaltemplates": [
        "Sport: Men's squash",
        "Country: {{PAK}}",
        "Competition: Asian Games",
        "Gold Medal: 2010 Guangzhou Team",
        "Competition: South Asian Games",
        "Gold Medal: 2019 Nepal Team",
        "Bronze Medal: 2019 Nepal Singles"
    ]
}