{
    "name": "Farhan Zaman",
    "fullname": "Farhan Zaman",
    "country": "PAK",
    "residence": "Peshawar, Pakistan",
    "birth_place": "Peshawar, Pakistan",
    "height": "m=1.74",
    "weight": "59",
    "turnedpro": "2010",
    "retired": "Active",
    "coach": "Fakhar Zaman, Faheem Zaman",
    "racquet": "Prince",
    "event": "Men's singles",
    "highest_ranking": "No. 47",
    "date_of_highest_ranking": "January 2017",
    "current_ranking": "No. 76",
    "date_of_current_ranking": "December 2017",
    "birth_date": "1992-3-9",
    "medaltemplates": [
        "Sport: Men's squash",
        "Country: {{PAK}}",
        "Competition: Asian Games",
        "Silver Medal: 2022 Hangzhou Team",
        "Competition: South Asian Games",
        "Silver Medal: 2016 India Singles"
    ]
}