{
    "name": "Farida Mohamed",
    "country": "Egypt",
    "birth_place": "Alexandria, Egypt",
    "height": "177cm",
    "weight": "67kg",
    "turnedpro": "2018",
    "retired": "Active",
    "plays": "Right Handed",
    "coach": "Tameem El Welily & Ahmed Shohayeb",
    "racquet": "Tecnifibre",
    "event": "Women's singles",
    "highest_ranking": "No. 15",
    "date_of_highest_ranking": "July 2022",
    "current_ranking": "No. 16",
    "date_of_current_ranking": "December 2022",
    "titles": "5",
    "finals": "7",
    "birth_date": "2002-01-15"
}