{
    "name": "Fiona Moverley",
    "country": "ENG",
    "residence": "Hessle, Hull",
    "birth_place": "Hull, England",
    "turnedpro": "2005",
    "retired": "Active",
    "plays": "Right Handed",
    "coach": "Andy Cockerill",
    "racquet": "Tecnifibre",
    "website": "www.fionamoverley.co.uk",
    "event": "Women's singles",
    "highest_ranking": "No. 21",
    "date_of_highest_ranking": "January, 2018",
    "current_ranking": "No. 21",
    "date_of_current_ranking": "January, 2018",
    "birth_date": "1987-1-25"
}