{
    "country": "England",
    "birth_place": "Gloucester, England",
    "highest_ranking": "5",
    "date_of_highest_ranking": "September 2001",
    "birth_date": "6 December 1967",
    "medaltemplates": [
        "Sport: Women's squash",
        "Country: {{ENG}}",
        "Competition: World Championships",
        "Bronze Medal: 1994 Saint Peter Port Singles",
        "Bronze Medal: 1995 Hong Kong Singles",
        "Competition: World Team Championships",
        "Silver Medal: 1996 Petaling Jaya Team",
        "Silver Medal: 2002 Odense Team",
        "Silver Medal: 2004 Amsterdam Team",
        "Competition: Commonwealth Games",
        "Bronze Medal: 2002 Manchester Doubles",
        "Bronze Medal: 2002 Manchester Mixed doubles"
    ]
}