{
    "name": "Geoffrey Demont",
    "nickname": "Geoff",
    "country": "FRA",
    "residence": "Aix-en-Provence, France",
    "birth_place": "Saint-Germain-en-Laye, France",
    "height": "m=1.85",
    "weight": "76",
    "turnedpro": "2010",
    "retired": "2018",
    "coach": "Renan Lavigne Thomas Adriaens",
    "racquet": "Tecnifibre Carboflex 130",
    "sponsors": "Tecnifibre, AFC Consultants, Beauty Success",
    "highest_ranking": "No. 82",
    "date_of_highest_ranking": "November, 2016",
    "titles": "1",
    "finals": "4",
    "birth_date": "1991-03-19"
}