{
    "name": "Geoff Hunt  ",
    "fullname": "Geoffrey Brian Hunt",
    "country": "AUS",
    "residence": "Canberra",
    "birth_place": "Melbourne",
    "plays": "Right Handed",
    "event": "Men's Singles",
    "highest_ranking": "1",
    "date_of_highest_ranking": "February 1976",
    "birth_date": "1947-3-11",
    "medaltemplates": [
        "Sport: Men's squash",
        "Country: {{AUS}}",
        "Competition: World Championships",
        "Gold Medal: 1976 London Singles",
        "Gold Medal: 1977 Adelaide Singles",
        "Gold Medal: 1979 Toronto Singles",
        "Gold Medal: 1980 Adelaide Singles",
        "Silver Medal: 1981 Toronto Singles"
    ]
}