{
    "name": "Georgina Kennedy",
    "University": "Harvard",
    "birth_place": "London, England",
    "retired": "Active",
    "plays": "Right Handed",
    "coach": "Ben Ford",
    "racquet": "Head",
    "event": "Women's singles",
    "highest_ranking": "No. 6",
    "date_of_highest_ranking": "September 2023",
    "current_ranking": "No. 6",
    "date_of_current_ranking": "April 2024",
    "birth_date": "1997-04-03",
    "medaltemplates": [
        "Sport: Women's squash",
        "Country: {{ENG}}",
        "Gold Medal: 2022 Birmingham Singles"
    ]
}