{
    "name": "George Parker",
    "country": "ENG",
    "residence": "Leicester, England",
    "birth_place": "Leicester, England",
    "height": "ft=6",
    "weight": "83",
    "turnedpro": "2013",
    "retired": "Active",
    "plays": "Right Handed",
    "coach": "Robert Owen / Matt Williams",
    "racquet": "Unsquashable",
    "event": "Men's singles",
    "highest_ranking": "No. 25",
    "date_of_highest_ranking": "October 2022",
    "current_ranking": "No. 42",
    "date_of_current_ranking": "May 2023",
    "titles": "7",
    "birth_date": "1996-4-25",
    "WorldOpenresult": {
        "2017": "2017 Men's World Open Squash Championship"
    }
}