{
    "name": "Giselle Delgado",
    "full_name": "Giselle Paulina Delgado Castillo",
    "country": "CHI",
    "residence": "Victoria, Canada",
    "birth_place": "Antofagasta, Chile",
    "years_active": "2013-2018",
    "event": "women's singles",
    "highest_ranking": "117",
    "racquet": "Salming",
    "plays": "right-handed",
    "date_of_highest_ranking": "March 2017",
    "current_ranking": "218",
    "date_of_current_ranking": "December 2018",
    "birth_date": "1988-03-17",
    "medaltemplates": [
        "Sport: Women's squash",
        "Country: {{CHI}}",
        "Competition: South American Games",
        "Bronze Medal: 2018 Cochabamba Doubles",
        "Bronze Medal: 2018 Cochabamba Team",
        "Competition: Pan American Games",
        "Bronze Medal: 2019 Lima Doubles"
    ]
}