{
    "name": "Gogi Alauddin",
    "country": "PAK",
    "residence": "Lahore, Pakistan",
    "birth_place": "Lahore, Pakistan",
    "turnedpro": "1973",
    "retired": "1986",
    "event": "Men's singles",
    "highest_ranking": "No. 3 (January 1975)",
    "titles": "3",
    "finals": "2 (British Open: 1973, 1975)",
    "birth_date": "1950-09-09",
    "medaltemplates": [
        "Sport: Men's squash",
        "Country: {{PAK}}",
        "Competition: World Championships",
        "Bronze Medal: 1976 London Singles",
        "Bronze Medal: 1977 Adelaide Singles"
    ]
}