{
    "name": "Gonzalo Miranda",
    "country": "ARG",
    "residence": "La Plata, Argentina",
    "birth_place": "La Plata, Argentina",
    "height": "m=1.68",
    "turnedpro": "2008",
    "retired": "Active",
    "coach": "Juan Martin Hargouas",
    "racquet": "Head",
    "event": "Men's singles",
    "highest_ranking": "No. 80",
    "date_of_highest_ranking": "July, 2013",
    "current_ranking": "No. 88",
    "date_of_current_ranking": "June, 2014",
    "birth_date": "1989-11-28",
    "medaltemplates": [
        "Sport: Men's squash",
        "Country: {{ARG}}",
        "Competition: South American Games",
        "Bronze Medal: 2010 Medell\u00edn Team"
    ]
}