{
    "name": "Gr\u00e9goire Marche",
    "nickname": "The Acrobat",
    "country": "FRA",
    "residence": "Aix-en-Provence, France",
    "birth_place": "Valence, France",
    "height": "m=1.70",
    "weight": "67",
    "turnedpro": "2009",
    "retired": "Active",
    "racquet": "Tecnifibre Carboflex X-Speed 130",
    "website": "www.squashclubvalence.free.fr",
    "event": "Men's singles",
    "highest_ranking": "No. 11",
    "date_of_highest_ranking": "March 2022",
    "current_ranking": "No. 28",
    "date_of_current_ranking": "January 2024",
    "titles": "9",
    "finals": "11",
    "birth_date": "1990-3-3",
    "medaltemplates": [
        "Sport: Men's squash",
        "Country: {{FRA}}",
        "Competition: World Team Championships",
        "Bronze Medal: 2013 Mulhouse Team",
        "Bronze Medal: 2019 Washington D.C. Team"
    ]
}