{
    "name": "Gr\u00e9gory Gaultier",
    "nickname": "French General",
    "country": "FRA",
    "residence": "Prague, Czech Republic",
    "birth_place": "\u00c9pinal, France",
    "height": "m=1.76",
    "weight": "75",
    "turnedpro": "1999",
    "retired": "2021",
    "plays": "Right handed",
    "coach": "Renan Lavigne Mathieu Beno\u00eet",
    "racquet": "Dunlop Biomimetic Gr\u00e9gory Gaultier Elite GTS Limited Edition",
    "event": "Men's singles",
    "years_active": "22",
    "highest_ranking": "No. 1",
    "date_of_highest_ranking": "November, 2009",
    "titles": "44",
    "finals": "83",
    "birth_date": "1982-12-23",
    "medaltemplates": [
        "Sport: Men's squash",
        "Country: {{FRA}}",
        "Competition: World Games",
        "Gold Medal: 2013 Cali Singles",
        "Competition: World Championships",
        "Silver Medal: 2006 Cairo Singles",
        "Silver Medal: 2007 Hamilton Singles",
        "Bronze Medal: 2009 Kuwait Singles",
        "Silver Medal: 2011 Rotterdam Singles",
        "Silver Medal: 2013 Manchester Singles",
        "Bronze Medal: 2014 Doha Singles",
        "Gold Medal: 2015 Bellevue Singles",
        "Bronze Medal: 2016 Cairo Singles",
        "Bronze Medal: 2017 Manchester Singles",
        "Competition: World Team Championships",
        "Silver Medal: 2003 Vienna Team",
        "Bronze Medal: 2005 Islamabad Team",
        "Silver Medal: 2009 Odense Team",
        "Bronze Medal: 2007 Chennai Team",
        "Bronze Medal: 2013 Mulhouse Team",
        "Bronze Medal: 2019 Washington D.C. Team"
    ],
    "WorldOpenresult": {
        "2015": "2015 Men's World Open Squash Championship"
    }
}