{
    "name": "Grace Gear",
    "country": "ENG",
    "birth_place": "Welwyn Garden City, England",
    "height": "169cm",
    "weight": "60kg",
    "retired": "Active",
    "plays": "Right Handed",
    "coach": "Adam Fuller,  Greg Dainty",
    "racquet": "Harrow  / Eye url=https://psaworldtour.com/players/view/10415/grace-gear",
    "event": "Women's singles",
    "highest_ranking": "No. 51",
    "date_of_highest_ranking": "October 2022",
    "current_ranking": "No. 51",
    "date_of_current_ranking": "October 2023",
    "birth_date": "1998-07-2"
}