{
    "event": "Men's singles",
    "country": "CAN",
    "birth_place": "Winnipeg, Manitoba, Canada",
    "birth_date": "June 16, 1975",
    "medaltemplates": [
        "Sport: Men's squash",
        "Country: {{CAN}}",
        "Competition: World Games",
        "Bronze Medal: 1997 Lahti Singles",
        "Competition: World Championships",
        "Bronze Medal: 2004 Doha Singles",
        "Competition: Pan American Games",
        "Gold Medal: 1999 Winnipeg Singles",
        "Gold Medal: 1999 Winnipeg Team",
        "Gold Medal: 2003 Santo Domingo Team",
        "Silver Medal: 2003 Santo Domingo Singles"
    ],
    "WorldOpenresult": {
        "2004": "2004 Men's World Open Squash Championship"
    }
}