{
    "name": "Greg Lobban",
    "country": "SCO",
    "residence": "Edinburgh, Scotland",
    "birth_place": "Inverness, Scotland",
    "height": "1.84 m",
    "weight": "89 kg",
    "turnedpro": "2012",
    "retired": "Active",
    "coach": "Roger Flynn",
    "racquet": "Karakal",
    "event": "Men's singles",
    "highest_ranking": "No. 19",
    "date_of_highest_ranking": "October 2023",
    "current_ranking": "No. 19",
    "date_of_current_ranking": "October 2023",
    "titles": "9",
    "finals": "20",
    "birth_date": "1992-8-12",
    "medaltemplates": [
        "Sport: Men's squash",
        "Country: {{SCO}}",
        "Gold Medal: 2016 Darwin Doubles",
        "Silver Medal: 2017 Manchester Doubles",
        "Silver Medal: 2022 Glasgow Doubles",
        "Bronze Medal: 2022 Glasgow Mixed doubles"
    ]
}