{
    "name": "Hania El Hammamy",
    "country": "Egyptian",
    "birth_place": "Cairo, Egypt",
    "height": "5 ft 6 in",
    "turnedpro": "2014",
    "retired": "Active",
    "plays": "Right Handed",
    "coach": "Omar Abdel Aziz",
    "racquet": "Tecnifibre",
    "event": "Women's singles",
    "highest_ranking": "No. 2",
    "date_of_highest_ranking": "January 2022",
    "current_ranking": "No. 2",
    "date_of_current_ranking": "January 2024",
    "birth_date": "2000-09-1",
    "medaltemplates": [
        "Sport: Women's squash",
        "Country: {{EGY}}",
        "Competition: World Championships",
        "Bronze Medal: 2019\u201320 Cairo Singles",
        "Bronze Medal: 2023 Chicago Singles",
        "Competition: World Team Championships",
        "Gold Medal: 2022 Cairo Team"
    ]
}