{
    "name": "Harinder Pal Sandhu",
    "full_name": "Harinder Pal Singh Sandhu",
    "country": "IND",
    "residence": "Chennai, India",
    "birth_place": "Chandigarh, India",
    "height": "m=1.74",
    "weight": "64",
    "retired": "Active",
    "plays": "Right Handed",
    "coach": "Major Maniam & Cyrus Poncha",
    "racquet": "Wilson",
    "event": "Men's singles",
    "highest_ranking": "No. 47",
    "date_of_highest_ranking": "April, 2018",
    "current_ranking": "No. 115",
    "date_of_current_ranking": "March, 2020",
    "titles": "8",
    "finals": "14",
    "birth_date": "1989-3-31",
    "medaltemplates": [
        "Sport: Men's squash",
        "Country: {{IND}}",
        "Bronze Medal: 2016 Darwin Mixed doubles",
        "Gold Medal: 2014 Incheon Team",
        "Gold Medal: 2023 Hangzhou Team",
        "Gold Medal: 2023 Hangzhou Mixed doubles",
        "Bronze Medal: 2018 Jakarta Team",
        "Bronze Medal: 2010 Guangzhou Team",
        "Silver Medal: 2019 Nepal Singles",
        "Silver Medal: 2019 Nepal Team",
        "Bronze Medal: 2016 India Singles"
    ]
}