{
    "name": "Hashim Khan",
    "country": "PAK",
    "residence": "Aurora, Colorado, U.S.",
    "birth_place": "Peshawar, British India, (now Pakistan)",
    "death_date": "df=yes",
    "death_place": "Aurora, Colorado, U.S.",
    "height": "5 ft 4 in",
    "medaltemplates": [
        "Sport: Men's squash",
        "Country: {{PAK}}",
        "Competition: British Open Squash Championships",
        "Gold Medal: 1951 ",
        "Gold Medal: 1952 ",
        "Gold Medal: 1953 ",
        "Gold Medal: 1954 ",
        "Gold Medal: 1955 ",
        "Gold Medal: 1956 ",
        "Silver Medal: 1957 ",
        "Gold Medal: 1958 "
    ]
}