{
    "name": "Heather McKay  AO MBE",
    "full_name": "Heather Pamela McKay",
    "country": "AUS",
    "birth_place": "Queanbeyan, New South Wales",
    "retired": "1979",
    "event": "Women's Singles",
    "highest_ranking": "1",
    "birth_date": "1941-7-31",
    "medaltemplates": [
        "Sport: Women's squash",
        "Country: {{AUS}}",
        "Competition: World Championships",
        "Gold Medal: 1976 Brisbane Singles",
        "Gold Medal: 1979 Sheffield Singles"
    ]
}