{
    "name": "Heba El Torky",
    "country": "EGY",
    "residence": "Alexandria, Egypt",
    "birth_place": "Alexandria, Egypt",
    "turnedpro": "2005",
    "retired": "Active",
    "plays": "Right Handed",
    "coach": "Emad Kourit Nasser Abdel Monium",
    "racquet": "Tecnifibre",
    "event": "Women's singles",
    "highest_ranking": "No. 19",
    "date_of_highest_ranking": "December, 2016",
    "current_ranking": "No. 19",
    "date_of_current_ranking": "December, 2016",
    "titles": "5",
    "finals": "5",
    "birth_date": "1991-1-15"
}