{
    "name": "Henrik Mustonen",
    "motto": "'Nooo Mischstake'",
    "nickname": "Heke",
    "country": "FIN",
    "residence": "Hollola, Finland",
    "birth_place": "Hollola, Finland",
    "height": "m=1.84",
    "weight": "77",
    "turnedpro": "February 2008",
    "retired": "Active",
    "plays": "Right Handed",
    "coach": "Ville Sistonen (former Wr 55.) and Pekka Kainulainen",
    "event": "Men's singles",
    "highest_ranking": "No. 35",
    "date_of_highest_ranking": "February 2014",
    "titles": "4",
    "finals": "10 ",
    "birth_date": "1990-11-06",
    "WorldOpenresult": {
        "2014": "2014 Men's World Open Squash Championship"
    }
}