{
    "name": "Henry Leung",
    "country": "HKG",
    "birth_place": "Hong Kong",
    "retired": "Active",
    "plays": "Right Handed",
    "coach": "Abdul Faheem Khan",
    "racquet": "Tecnifibre",
    "highest_ranking": "No. 46",
    "date_of_highest_ranking": "December 2022",
    "current_ranking": "No. 49",
    "date_of_current_ranking": "March 2024",
    "birth_date": "1995-03-10",
    "medaltemplates": [
        "Sport: Men's squash",
        "Country: {{HKG}}",
        "Competition: Asian Games",
        "Silver Medal: 2018 Jakarta Men's team"
    ]
}