{
    "name": "Hern\u00e1n D'Arcangelo",
    "country": "ARG",
    "residence": "C\u00f3rdoba, Argentina",
    "birth_place": "C\u00f3rdoba, Argentina",
    "height": "m=1.88",
    "weight": "87",
    "turnedpro": "2001",
    "retired": "Active",
    "racquet": "Head",
    "event": "Men's singles",
    "highest_ranking": "No. 98",
    "date_of_highest_ranking": "May, 2013",
    "current_ranking": "No. 102",
    "date_of_current_ranking": "June, 2013",
    "birth_date": "1980-11-17",
    "medaltemplates": [
        "Sport: Men's squash",
        "Country: {{ARG}}",
        "Competition: South American Games",
        "Silver Medal: 2010 Medell\u00edn Doubles",
        "Bronze Medal: 2010 Medell\u00edn Team"
    ]
}