{
    "full_name": "Hidayet Jahan",
    "country": "Pakistan",
    "birth_place": "Quetta, Pakistan",
    "highest_ranking": "4",
    "date_of_highest_ranking": "January 1979",
    "birth_date": "15 March 1950",
    "medaltemplates": [
        "Sport: Men's squash",
        "Country: {{PAK}}",
        "Competition: World Championships",
        "Bronze Medal: 1980 Adelaide Singles",
        "Bronze Medal: 1981 Toronto Singles",
        "Bronze Medal: 1982 Birmingham Singles"
    ]
}