{
    "name": "Hisham Ashour",
    "full_name": "Hisham Mohamed Ashour",
    "country": "EGY",
    "residence": "Cairo, Egypt",
    "birth_place": "Cairo, Egypt",
    "height": "m=1.79",
    "weight": "82",
    "turnedpro": "2000",
    "retired": "2014",
    "plays": "Right Handed",
    "coach": "Ahmed Matany",
    "racquet": "Dunlop",
    "event": "Men's singles",
    "highest_ranking": "No. 11",
    "date_of_highest_ranking": "February, 2012",
    "titles": "2",
    "finals": "11",
    "birth_date": "1982-5-29",
    "medaltemplates": [
        "Sport: Men's squash",
        "Country: {{EGY}}",
        "Competition: World Team Championships",
        "Gold Medal: 2011 Paderborn Team"
    ]
}