{
    "name": "Ho Tze-Lok  Post-nominals",
    "country": "HKG",
    "residence": "Hong Kong",
    "birth_place": "Hong Kong",
    "height": "164 cm",
    "weight": "47 kg",
    "turnedpro": "2016",
    "retired": "Active",
    "plays": "Right Handed",
    "coach": "Chiu and Wong Hong Fung",
    "racquet": "Prince",
    "event": "Women's singles",
    "highest_ranking": "No. 36",
    "date_of_highest_ranking": "February 2022",
    "current_ranking": "No. 38",
    "date_of_current_ranking": "December 2022",
    "titles": "3",
    "finals": "5",
    "birth_date": "1995-10-26",
    "medaltemplates": [
        "Sport: Women's squash",
        "Country: {{HKG}}",
        "Competition: World Team Championships",
        "Bronze Medal: 2018 Dalian Team",
        "Competition: Asian Games",
        "Gold Medal: 2018 Jakarta Team",
        "Silver Medal: 2022 Hangzhou Team"
    ]
}