{
    "name": "Ibrahim Elkabbani",
    "country": "EGY",
    "birth_place": "Giza, Egypt",
    "height": "185cm",
    "weight": "79kg",
    "turnedpro": "2019",
    "retired": "Active",
    "coach": "Ahmed Abdelkhalek",
    "racquet": "Head",
    "event": "Men's singles",
    "highest_ranking": "No. 417",
    "date_of_highest_ranking": "February 2020",
    "current_ranking": "No. 417",
    "date_of_current_ranking": "February 2020",
    "titles": "1",
    "birth_date": "2002-08-26"
}