{
    "name": "Iker Pajares Bernabeu",
    "country": "ESP",
    "residence": "Barcelona, Spain",
    "birth_place": "Barcelona, Spain",
    "height": "m=1.82",
    "weight": "73",
    "turnedpro": "2012",
    "retired": "Active",
    "coach": "Victor Montserrat",
    "racquet": "Unsquashable",
    "event": "Men's singles",
    "highest_ranking": "No. 33",
    "date_of_highest_ranking": "February 2020",
    "current_ranking": "No. 33",
    "date_of_current_ranking": "March 2019",
    "titles": "8 titles",
    "finals": "11 finals",
    "birth_date": "1996-3-22"
}