{
    "name": "Ivan Yuen",
    "full_name": "Ivan Yuen Chee Wern",
    "country": "MAS",
    "residence": "Kuala Lumpur",
    "birth_name": "Yuen Chee Wern",
    "birth_place": "Penang, Malaysia",
    "height": "m=1.79",
    "weight": "66",
    "turnedpro": "2007",
    "retired": "Active",
    "plays": "Left Handed",
    "coach": "Ajaz Azmat",
    "racquet": "Prince",
    "event": "Men's singles",
    "highest_ranking": "No. 40",
    "date_of_highest_ranking": "March 2017",
    "current_ranking": "No. 40",
    "date_of_current_ranking": "March 2017",
    "titles": "1",
    "finals": "4",
    "birth_date": "1990-9-15",
    "medaltemplates": [
        "Sport: Men's squash",
        "Country: {{MAS}}",
        "Competition: Asian Games",
        "Gold Medal: 2018 Jakarta-Palembang Team",
        "Silver Medal: 2010 Guangzhou Team",
        "Silver Medal: 2014 Incheon Team",
        "Bronze Medal: 2022 Hangzhou Team"
    ]
}