{
    "name": "Jaclyn Hawkes",
    "country": "NZL",
    "residence": "Halifax, England",
    "birth_place": "Hong Kong",
    "turnedpro": "2003",
    "retired": "2013",
    "plays": "Right Handed",
    "coach": "Paul Hornsby",
    "racquet": "Wilson",
    "event": "Women's singles",
    "highest_ranking": "No. 12",
    "date_of_highest_ranking": "December 2010",
    "current_ranking": "No. 19",
    "date_of_current_ranking": "November 2012",
    "titles": "3",
    "finals": "11",
    "birth_date": "1982-12-3",
    "medaltemplates": [
        "Sport: Women's squash",
        "Country: {{NZL}}",
        "Competition: Commonwealth Games",
        "Gold Medal: 2010 Delhi Doubles"
    ]
}