{
    "name": "Jahangir Khan",
    "nickname": "JK",
    "country": "Pakistan",
    "birth_place": "Karachi, Pakistan",
    "retired": "1993",
    "racquet": "Unsquashable",
    "event": "Men's singles",
    "highest_ranking": "No. 1",
    "birth_date": "1963-12-10",
    "medaltemplates": [
        "Sport: Men's squash",
        "Country: {{PAK}}",
        "Competition: World Championships",
        "Gold Medal: 1981 Toronto Singles",
        "Gold Medal: 1982 Birmingham Singles",
        "Gold Medal: 1983 Munich Singles",
        "Gold Medal: 1984 Karachi Singles",
        "Gold Medal: 1985 Cairo Singles",
        "Gold Medal: 1988 Amsterdam Singles",
        "Silver Medal: 1986 Toulouse Singles",
        "Silver Medal: 1991 Adelaide Singles",
        "Silver Medal: 1993 Karachi Singles",
        "Bronze Medal: 1987 Birmingham Singles",
        "Bronze Medal: 1989 Kuala Lumpur Singles"
    ]
}