{
    "name": "James Willstrop",
    "country": "England",
    "residence": "Harrogate, North Yorkshire, England",
    "birth_place": "North Walsham, Norfolk",
    "height": "m=1.95",
    "weight": "88",
    "turnedpro": "2002",
    "retired": "Active",
    "plays": "Right Handed",
    "coach": "David Campion",
    "racquet": "Unsquashable",
    "event": "Men's singles",
    "highest_ranking": "No. 1",
    "date_of_highest_ranking": "January 2012",
    "current_ranking": "No. 60",
    "date_of_current_ranking": "August 2023",
    "titles": "21",
    "finals": "46",
    "birth_date": "1983-8-15",
    "medaltemplates": [
        "Sport: Men's squash",
        "Country: {{ENG}}",
        "Silver Medal: 2010 Khobar Singles",
        "Bronze Medal: 2005 Hong Kong Singles",
        "Bronze Medal: 2009 Kuwait Singles",
        "Bronze Medal: 2011 Rotterdam Singles",
        "Bronze Medal: 2012 Doha Singles",
        "Bronze Medal: 2015 Bellevue Singles",
        "Gold Medal: 2005 Islamabad Team",
        "Gold Medal: 2007 Chennai Team",
        "Gold Medal: 2013 Mulhouse Team",
        "Silver Medal: 2011 Paderborn Team",
        "Silver Medal: 2017 Marseille Team",
        "Silver Medal: 2019 Washington D.C. Team",
        "Bronze Medal: 2003 Vienna Team",
        "Gold Medal: 2022 Glasgow Doubles",
        "Bronze Medal: 2017 Manchester Doubles",
        "Gold Medal: 2018 Gold Coast Singles",
        "Gold Medal: 2022 Birmingham Doubles",
        "Silver Medal: 2006 Melbourne Mixed doubles",
        "Silver Medal: 2010 Delhi Singles",
        "Silver Medal: 2014 Glasgow Singles",
        "Bronze Medal: 2014 Glasgow Doubles",
        "Bronze Medal: 2018 Gold Coast Doubles"
    ]
}