{
    "name": "Jan Van Den Herrewegen",
    "nickname": "JeanJean",
    "country": "BEL",
    "residence": "Oudenaarde, Belgium",
    "birth_place": "Oudenaarde, Belgium",
    "height": "m=1.87",
    "weight": "76",
    "turnedpro": "2013",
    "retired": "Active",
    "coach": "Rob Owen, Mark Burke",
    "racquet": "Mantis",
    "event": "Men's singles",
    "highest_ranking": "No. 89",
    "date_of_highest_ranking": "1 February 2017",
    "current_ranking": "No. 89",
    "date_of_current_ranking": "1 February 2017",
    "titles": "2016 Belgium Championship, Sutton Coldfield Open 2015,2016",
    "birth_date": "1993-9-9"
}