{
    "name": "Jan Koukal",
    "country": "CZE",
    "residence": "Prague, Czech Republic",
    "birth_place": "Prague, Czech Republic",
    "height": "m=1.80",
    "weight": "72",
    "turnedpro": "2004",
    "retired": "Active",
    "coach": "Michael Fitteni Antonin Felfel",
    "racquet": "Tecnifibre, Supreme 130",
    "event": "Men's singles",
    "highest_ranking": "No. 39",
    "date_of_highest_ranking": "January 2005",
    "current_ranking": "No. 71",
    "date_of_current_ranking": "February 2014",
    "titles": "21",
    "finals": "37",
    "birth_date": "1983-6-20"
}