{
    "name": "Janet Vidhi",
    "country": "IND",
    "birth_place": "New Delhi, India",
    "residence": "New Delhi",
    "height": "1.56 m",
    "weight": "55 kg",
    "website": "@janetvidhi",
    "retired": "Active",
    "event": "women's singles",
    "highest_ranking": "88",
    "racquet": "Technifiber carboflex",
    "plays": "Left-handed",
    "date_of_highest_ranking": "April 2017",
    "coach": "Kamekish",
    "current_ranking": "195",
    "date_of_current_ranking": "March 2020",
    "titles": [
        "9th Indian Woman in History to Enter World Top 100 Rankings, April 2017",
        "India No. 3, November 2017",
        "Played Semifinal in a PSA 5k tournament in Sarnia, Canada in November 2016",
        "full_name=Janet Vidhi"
    ],
    "birth_date": "1995-01-18"
}