{
    "name": "Jasmine Hutton",
    "country": "England",
    "birth_place": "Brighton, England",
    "turnedpro": "2017",
    "plays": "Left Handed",
    "racquet": "Tecnifibre",
    "event": "Women's singles",
    "highest_ranking": "No. 20",
    "date_of_highest_ranking": "February 2023",
    "current_ranking": "No. 26",
    "date_of_current_ranking": "December 2023",
    "birth_date": "1999-04-5",
    "medaltemplates": [
        "Country: {{ENG}}",
        "Competition: World Team Championships",
        "Bronze Medal: 2022 Cairo Team"
    ]
}