{
    "name": "Jaymie Haycocks",
    "country": "ENG",
    "residence": "Birmingham, England",
    "birth_place": "Shrewsbury, England",
    "height": "m=1.80",
    "weight": "78",
    "turnedpro": "2007",
    "retired": "Active",
    "coach": "Keir Worth, Jason Morris, Robert Owen",
    "racquet": "Head",
    "website": "www.squashtourist.com",
    "event": "Men's singles",
    "highest_ranking": "No. 50",
    "date_of_highest_ranking": "May 2014",
    "current_ranking": "No. 100",
    "date_of_current_ranking": "July 2019",
    "titles": "5",
    "finals": "14",
    "birth_date": "1983-11-12"
}