{
    "name": "Jean-Pierre Brits",
    "country": "RSA",
    "birth_place": "Gauteng, South Africa",
    "height": "176cm",
    "weight": "63kg",
    "retired": "Active",
    "plays": "Right Handed",
    "coach": "Craig van der Wath",
    "racquet": "Prince",
    "event": "Men's singles",
    "highest_ranking": "No. 151",
    "date_of_highest_ranking": "December 2014",
    "current_ranking": "No. 208",
    "date_of_current_ranking": "April 2018",
    "birth_date": "1991-04-2",
    "medaltemplates": [
        "Sport: Men's squash",
        "Country: {{RSA}}",
        "Bronze Medal: 2019 Carrara Doubles"
    ]
}