{
    "name": "Jemyca Aribado",
    "country": "PHI",
    "birth_place": "Taguig, Philippines",
    "height": "159 cm",
    "weight": "50 kg",
    "coach": "Jaime Ortua",
    "event": "Women's singles",
    "highest_ranking": "No. 77",
    "date_of_highest_ranking": "January 2019",
    "current_ranking": "No. 91",
    "date_of_current_ranking": "October 2019",
    "birth_date": "1993-09-21",
    "medaltemplates": [
        "Sport: Women's squash",
        "Country: {{PHI}}",
        "Competition: Southeast Asian Games",
        "Gold Medal: 2019 Philippines Mixed team",
        "Silver Medal: 2017 Kuala Lumpur Jumbo doubles",
        "Bronze Medal: 2019 Philippines Singles",
        "Bronze Medal: 2019 Philippines Team",
        "Bronze Medal: 2017 Kuala Lumpur Singles",
        "Bronze Medal: 2017 Kuala Lumpur Doubles",
        "Bronze Medal: 2017 Kuala Lumpur Doubles",
        "Bronze Medal: 2017 Kuala Lumpur Team",
        "Bronze Medal: 2015 Singapore Singles"
    ]
}