{
    "name": "Jenny Duncalf",
    "fullname": "Jennifer Duncalf",
    "country": "England",
    "residence": "Harrogate, England",
    "birth_place": "Haarlem, Netherlands",
    "height": "1.63 m",
    "turnedpro": "1999",
    "retired": "2019",
    "plays": "Right Handed",
    "coach": "David Pearson",
    "racquet": "Head",
    "event": "Women's singles",
    "highest_ranking": "No. 2",
    "date_of_highest_ranking": "December 2009",
    "titles": "9",
    "finals": "23",
    "birth_date": "1982-11-10",
    "medaltemplates": [
        "Sport: Women's squash",
        "Country: {{ENG}}",
        "Silver Medal: 2011 Rotterdam Singles",
        "Bronze Medal: 2008 Manchester Singles",
        "Bronze Medal: 2012 Grand Cayman Singles",
        "Gold Medal: 2006 Edmonton Team",
        "Silver Medal: 2004 Amsterdam Team",
        "Silver Medal: 2008 Cairo Team",
        "Silver Medal: 2010 Palmerston North Team",
        "Silver Medal: 2012 N\u00eemes Team",
        "Silver Medal: 2017 Manchester Doubles",
        "Silver Medal: 2010 Delhi Singles",
        "Silver Medal: 2010 Delhi Doubles",
        "Silver Medal: 2014 Glasgow Doubles"
    ],
    "WorldOpenresult": {
        "2011": "2011 Women's World Open Squash Championship"
    }
}