{
    "name": "Jens Schoor",
    "country": "GER",
    "residence": "Koblenz, Germany",
    "birth_place": "Koblenz, West Germany",
    "height": "m=1.82",
    "weight": "74",
    "turnedpro": "2006",
    "retired": "Active",
    "plays": "Right Handed",
    "racquet": "Dunlop",
    "event": "Men's singles",
    "highest_ranking": "No. 60",
    "date_of_highest_ranking": "March 2015",
    "current_ranking": "No. 85",
    "date_of_current_ranking": "January 2017",
    "titles": "11",
    "finals": "15",
    "birth_date": "1987-4-27"
}