{
    "name": "Joe Lee",
    "country": "ENG",
    "residence": "Walton-on-Thames, England",
    "birth_place": "London, England",
    "height": "m=1.85",
    "weight": "85",
    "turnedpro": "2006",
    "retired": "Active",
    "plays": "St.Georges Hill LTC",
    "coach": "Danny Massaro",
    "racquet": "Stellar",
    "event": "Men's singles",
    "years_active": "2006-present",
    "highest_ranking": "No. 29",
    "date_of_highest_ranking": "May, 2014",
    "current_ranking": "No. 196",
    "date_of_current_ranking": "April, 2021",
    "titles": "4",
    "birth_date": "1989-10-6"
}