{
    "name": "Joel Makin",
    "country": "WAL",
    "residence": "Birmingham, England",
    "birth_place": "Pembrokeshire, Wales",
    "height": "1.80m",
    "weight": "78kg",
    "turnedpro": "2013",
    "retired": "Active",
    "plays": "Right Handed",
    "coach": "Independent",
    "racquet": "Karakal Raw Pro 2.0 (Joel Makin Signature Racquet)",
    "event": "Men's singles",
    "highest_ranking": "No. 8",
    "date_of_highest_ranking": "September 2023",
    "current_ranking": "No. 8",
    "date_of_current_ranking": "September 2023",
    "titles": "5",
    "finals": "16",
    "birth_date": "1994-10-27",
    "medaltemplates": [
        "Sport: Men's squash",
        "Country: {{WAL}}",
        "Competition: World Team Championships",
        "Bronze Medal: 2019 Washington D.C. Team",
        "Competition: Commonwealth Games",
        "Silver Medal: 2022 Birmingham Singles"
    ]
}