{
    "name": "Joel Hinds",
    "country": "ENG",
    "residence": "Birmingham",
    "birth_place": "Derby, England",
    "height": "m=1.87",
    "weight": "76",
    "turnedpro": "2007",
    "coach": "David Campion",
    "racquet": "Black Knight",
    "event": "Men's singles",
    "highest_ranking": "No. 69",
    "date_of_highest_ranking": "April 2011",
    "current_ranking": "No.2 (In Manchester)",
    "date_of_current_ranking": "October 25",
    "titles": "6",
    "birth_date": "1987-6-18"
}