{
    "name": "Joelle King",
    "country": "New Zealand",
    "residence": "Cambridge, New Zealand",
    "birth_place": "Cambridge, New Zealand",
    "height": "1.76m",
    "weight": "71kg",
    "turnedpro": "2004",
    "retired": "Active",
    "plays": "Right-handed",
    "coach": "Glen Wilson, Hadrian Stiff",
    "racquet": "Head",
    "website": "http://www.joelleking.com/ www.joelleking.com",
    "event": "Women's singles",
    "highest_ranking": "No. 4",
    "date_of_highest_ranking": "November 2022",
    "current_ranking": "No. 4",
    "date_of_current_ranking": "December 2022",
    "titles": "11",
    "finals": "20",
    "birth_date": "1988-9-30",
    "medaltemplates": [
        "Sport: Women's squash",
        "Country: {{NZL}}",
        "Bronze Medal: 2023 Chicago Singles",
        "Gold Medal: 2016 Darwin Doubles",
        "Gold Medal: 2016 Darwin Mixed doubles",
        "Gold Medal: 2017 Manchester Doubles",
        "Gold Medal: 2017 Manchester Mixed doubles",
        "Gold Medal: 2010 Delhi Doubles",
        "Gold Medal: 2018 Gold Coast Singles",
        "Gold Medal: 2018 Gold Coast Doubles",
        "Gold Medal: 2022 Birmingham Mixed doubles",
        "Gold Medal: 2022 Birmingham Doubles",
        "Silver Medal: 2010 Delhi Mixed doubles",
        "Bronze Medal: 2014 Glasgow Singles",
        "Bronze Medal: 2018 Gold Coast Mixed doubles"
    ]
}