{
    "name": "Joeri Hapers",
    "fullname": "|sports_nickname =",
    "country": "Belgium",
    "residence": "Rotterdam, the Netherlands",
    "birth_place": "Geel, Belgium",
    "height": "183cm",
    "retired": "Active",
    "coach": "Willem van Kleeff",
    "racquet": "Dunlop",
    "website": "www.joerihapers.com",
    "event": "Men's singles",
    "highest_ranking": "No. 130",
    "date_of_highest_ranking": "May 2021",
    "current_ranking": "No. 136",
    "date_of_current_ranking": "June 2021",
    "titles": "Belgian Champion 2017 and 2022, 1 PSA Challenger Title",
    "finals": "1 PSA Challenger final",
    "birth_date": "1990-10-23"
}