{
    "name": "Joey Chan  Post-nominals",
    "full_name": "Joey Chan Ho-ling",
    "country": "HKG",
    "residence": "Hong Kong",
    "birth_name": "Chan Ho Ling",
    "birth_place": "Hong Kong",
    "turnedpro": "2005",
    "retired": "2020",
    "plays": "Left Handed",
    "coach": "Rebecca Chiu, Chris Robertson",
    "racquet": "Salming",
    "event": "Women's singles",
    "highest_ranking": "No. 16",
    "date_of_highest_ranking": "May, 2012",
    "titles": "6",
    "finals": "12",
    "birth_date": "1988-5-20",
    "medaltemplates": [
        "Sport: Women's squash",
        "Country: {{HKG}}",
        "Competition: World Team Championships",
        "Bronze Medal: 2016 Issy-les-Moulineaux Team",
        "Bronze Medal: 2018 Dalian Team",
        "Competition: Asian Games",
        "Gold Medal: 2018 Jakarta Team",
        "Silver Medal: 2010 Guangzhou Team",
        "Bronze Medal: 2010 Guangzhou Singles",
        "Bronze Medal: 2014 Incheon Team"
    ]
}