{
    "name": "John White",
    "nickname": "Great White, The Rocket, and The Legend",
    "country": "SCO",
    "residence": "Philadelphia, USA",
    "birth_place": "Mount Isa, Queensland, Australia",
    "height": "1.86 m",
    "plays": "Right-Handed",
    "racquet": "Prince O3 Black",
    "event": "Men's Singles",
    "highest_ranking": "1",
    "date_of_highest_ranking": "March 2004",
    "titles": "13",
    "finals": "32",
    "birth_date": "1973-6-15",
    "medaltemplates": [
        "Sport: Men's squash",
        "Country: {{SCO}}",
        "Competition: World Championships",
        "Silver Medal: 2002 Antwerp Singles"
    ],
    "WorldOpenresult": {
        "2002": "2002 Men's World Open Squash Championship"
    }
}