{
    "name": "Jonathan Kemp",
    "country": "ENG",
    "residence": "Ipswich, England",
    "birth_place": "Wolverhampton, England",
    "height": "m=1.83",
    "weight": "77",
    "turnedpro": "1999",
    "retired": "Active",
    "plays": "Left Handed",
    "racquet": "Harrow",
    "event": "Men's singles",
    "highest_ranking": "No. 20",
    "date_of_highest_ranking": "July, 2010",
    "current_ranking": "No. 51",
    "date_of_current_ranking": "April, 2014",
    "titles": "12",
    "finals": "15",
    "birth_date": "1981-3-18"
}