{
    "name": "Jonathon Power",
    "fullname": "Jonathon Tyler Power",
    "nickname": "The Magician",
    "country": "CAN",
    "residence": "Toronto, Ontario",
    "birth_place": "Comox, British Columbia",
    "height": "1.83",
    "weight": "82",
    "turnedpro": "1991",
    "retired": "2006",
    "plays": "Right handed",
    "coach": "Mike Way",
    "racquet": "Harrow, Dunlop",
    "event": "Men's singles",
    "highest_ranking": "No. 1",
    "date_of_highest_ranking": "May, 1999",
    "titles": "36",
    "finals": "58",
    "birth_date": "1974-8-9",
    "medaltemplates": [
        "Sport: Men's squash",
        "Country: {{CAN}}",
        "Competition: World Championships",
        "Gold Medal: 1998 Doha Singles",
        "Bronze Medal: 2002 Antwerp Singles",
        "Competition: World Team Championships",
        "Silver Medal: 1997 Petaling Jaya Team",
        "Competition: Commonwealth Games",
        "Gold Medal: 2002 Manchester Singles",
        "Silver Medal: 1998 Kuala Lumpur Singles",
        "Competition: Pan American Games",
        "Silver Medal: 1995 Mar del Plata Singles"
    ],
    "WorldOpenresult": {
        "1998": "1998 Men's World Open Squash Championship"
    }
}