{
    "full_name": "Jorge Isaac Baltazar Ferreira",
    "country": "MEX",
    "residence": "Mexico City, Mexico",
    "birth_place": "Mexico City, Mexico",
    "height": "m=1.68",
    "weight": "64",
    "turnedpro": "2003",
    "retired": "Active",
    "coach": "Marcos Mendez Guzman",
    "racquet": "Prince",
    "event": "Men's singles",
    "highest_ranking": "No. 46",
    "date_of_highest_ranking": "December 2008",
    "current_ranking": "No. 64",
    "date_of_current_ranking": "December 2009",
    "birth_date": "1982-11-3",
    "medaltemplates": [
        "Sport: Men's squash",
        "Country: {{MEX}}",
        "Competition: Pan American Games",
        "Bronze Medal: 2003 Santo Domingo Team",
        "Bronze Medal: 2007 Rio de Janeiro Team"
    ]
}