{
    "name": "Joseph Kneipp",
    "country": "AUS",
    "residence": "Amsterdam",
    "birth_place": "Brisbane, Australia",
    "height": "1.82 m",
    "turnedpro": "1994",
    "retired": "2007",
    "plays": "Right-Handed",
    "coach": "Daniel Kneipp",
    "event": "Men's Singles",
    "highest_ranking": "10",
    "date_of_highest_ranking": "January 2004",
    "birth_date": "1973-9-27",
    "medaltemplates": [
        "Sport: Men's squash",
        "Country: {{AUS}}",
        "Bronze Medal: 2003 Lahore Singles",
        "Gold Medal: 2006 Melbourne Mixed doubles",
        "Silver Medal: 2006 Melbourne Doubles",
        "Gold Medal: 2006 Melbourne Mixed doubles",
        "Bronze Medal: 2002 Manchester Mixed doubles"
    ],
    "WorldOpenresult": {
        "2003": "2003 Men's World Open Squash Championship"
    }
}