{
    "name": "Joshua Larkin",
    "country": "AUS",
    "residence": "Brisbane, Australia",
    "birth_place": "Melbourne, Australia",
    "height": "m=1.83",
    "weight": "76",
    "turnedpro": "2007",
    "retired": "Active",
    "racquet": "Stellar",
    "event": "Men's singles",
    "highest_ranking": "No. 84",
    "date_of_highest_ranking": "January, 2017",
    "current_ranking": "No. 87",
    "date_of_current_ranking": "May, 2017",
    "titles": "3",
    "finals": "9",
    "birth_date": "1989-12-5"
}