{
    "name": "Joshua Masters",
    "country": "ENG",
    "residence": "Bristol, United Kingdom",
    "birth_place": "Maidstone, England",
    "turnedpro": "2013",
    "coach": "Hadrian Stiff",
    "racquet": "Unsquashable",
    "highest_ranking": "No. 50",
    "date_of_highest_ranking": "May, 2018",
    "current_ranking": "No. 53",
    "date_of_current_ranking": "November, 2018",
    "birth_date": "1995-04-06",
    "WorldOpenresult": {
        "2016": "2016 Men's World Open Squash Championship",
        "2017": "2017 Men's World Open Squash Championship"
    }
}