{
    "name": "Joshna Chinappa",
    "birth_place": "Chennai, Tamil Nadu, India",
    "event": "Women's singles",
    "turnedpro": "2003",
    "racquet": "Harrow",
    "coach": "Hadrian Stiff",
    "highest_ranking": "No. 10",
    "date_of_highest_ranking": "July 2016",
    "current_ranking": "No. 33",
    "date_of_current_ranking": "December 2022",
    "titles": "7",
    "finals": "14",
    "birth_date": "1986-9-15",
    "medaltemplates": [
        "Sport: Women's squash",
        "Country: {{IND}}",
        "Gold Medal: 2022 Glasgow Doubles",
        "Bronze Medal: 2016 Darwin Doubles",
        "Bronze Medal: 2016 Darwin Mixed doubles",
        "Bronze Medal: 2017 Manchester Doubles",
        "Gold Medal: 2014 Glasgow Doubles",
        "Silver Medal: 2018 Gold Coast Doubles",
        "Silver Medal: 2014 Incheon Team",
        "Silver Medal: 2018 Jakarta Team",
        "Bronze Medal: 2010 Guangzhou Team",
        "Bronze Medal: 2018 Jakarta Singles",
        "Bronze Medal: 2022 Hangzhou Team",
        "Gold Medal: 2016 India Singles",
        "Gold Medal: 2017 Chennai Singles",
        "Gold Medal: 2019 Kuala Lumpur Singles"
    ]
}