{
    "name": "Josu\u00e9 Enr\u00edquez",
    "country": "GUA",
    "residence": "Guatemala City",
    "birth_place": "Guatemala City, Guatemala",
    "height": "166cm",
    "weight": "50kg",
    "retired": "Active",
    "coach": "Sergio Lopez",
    "racquet": "Dunlop",
    "event": "Men's singles",
    "highest_ranking": "No. 129",
    "date_of_highest_ranking": "June 2015",
    "current_ranking": "No. 185",
    "date_of_current_ranking": "April 2018",
    "titles": "1",
    "finals": "2",
    "birth_date": "1994-11-9"
}