{
    "name": "Juan Camilo Vargas",
    "fullname": "Juan Camilo Vargas Heredia",
    "country": "COL",
    "birth_place": "Bogota, Colombia",
    "height": "1.74",
    "weight": "65",
    "retired": "Active",
    "plays": "Right Handed",
    "racquet": "Head",
    "event": "Men's singles",
    "highest_ranking": "No. 60",
    "date_of_highest_ranking": "October 2022",
    "current_ranking": "No. 60",
    "date_of_current_ranking": "October 2022",
    "titles": "7",
    "finals": "14",
    "birth_date": "1994-04-18",
    "medaltemplates": [
        "Country: {{COL}}",
        "Sport: Men's squash",
        "Competition: World Doubles Championships",
        "Gold Medal: 0",
        "Silver Medal: 0",
        "Bronze Medal: 1",
        "Competition: Pan American Games",
        "Gold Medal: 3",
        "Silver Medal: 1",
        "Bronze Medal: 0",
        "Competition: Pan American Championships",
        "Gold Medal: 0",
        "Silver Medal: 1",
        "Bronze Medal: 0",
        "Competition: World Doubles Championships",
        "Bronze Medal: 2019 Carrara Doubles",
        "Competition: Pan American Games",
        "Gold Medal: 2015 Toronto Doubles",
        "Gold Medal: 2023 Santiago Doubles",
        "Gold Medal: 2023 Santiago Team",
        "Silver Medal: 2019 Lima Team",
        "Competition: Pan American Championships",
        "Silver Medal: 2022 Guatemala City Singles",
        "Competition: Central American and Caribbean Games",
        "Silver Medal: 2014 Veracruz Doubles",
        "Silver Medal: 2014 Veracruz Team",
        "Silver Medal: 2018 Barranquilla Doubles",
        "Silver Medal: 2018 Barranquilla Team",
        "Competition: South American Games",
        "Gold Medal: 2022 Asunci\u00f3n Doubles",
        "Silver Medal: 2018 Cochabamba Singles",
        "Bronze Medal: 2018 Cochabamba Doubles",
        "Bronze Medal: 2018 Cochabamba Team",
        "Bronze Medal: 2022 Asunci\u00f3n Singles",
        "Bronze Medal: 2022 Asunci\u00f3n Team",
        "Competition: Bolivarian Games",
        "Gold Medal: 2017 Santa Marta Team",
        "Gold Medal: 2022 Valledupar Doubles",
        "Gold Medal: 2022 Valledupar Team",
        "Silver Medal: 2017 Santa Marta Doubles",
        "Silver Medal: 2022 Valledupar Singles",
        "Bronze Medal: 2017 Santa Marta Singles"
    ]
}