{
    "name": "Julianne Courtice",
    "country": "England",
    "birth_place": "Gloucester, England",
    "retired": "Active",
    "plays": "Right Handed",
    "racquet": "Black Knight",
    "event": "Women's singles",
    "highest_ranking": "No. 31",
    "date_of_highest_ranking": "August 2019",
    "current_ranking": "No. 49",
    "date_of_current_ranking": "December 2022",
    "birth_date": "1991-11-3",
    "medaltemplates": [
        "Country: {{ENG}}",
        "Competition: World Team Championships",
        "Bronze Medal: 2022 Cairo Team"
    ]
}