{
    "name": "Julien Balbo",
    "country": "France",
    "residence": "Chamb\u00e9ry, France",
    "birth_place": "Grenoble, France",
    "height": "m=1.77",
    "weight": "76",
    "turnedpro": "2002",
    "retired": "2013",
    "coach": "Paul Sciberras",
    "racquet": "Karakal",
    "event": "Men's singles",
    "highest_ranking": "No. 42",
    "date_of_highest_ranking": "August 2008",
    "titles": "3",
    "finals": "15",
    "birth_date": "1979-5-23",
    "medaltemplates": [
        "Sport: Men's squash",
        "Country: {{FRA}}",
        "Competition: World Team Championships",
        "Silver Medal: 2003 Vienna Team",
        "Bronze Medal: 2005 Islamabad Team",
        "Bronze Medal: 2007 Chennai Team"
    ]
}