{
    "name": "Julian Illingworth",
    "birth_place": "Portland, Oregon,   U.S.",
    "height": "6 ft, 1 in",
    "weight": "175 lb",
    "event": "Men's singles",
    "country": "USA",
    "turnedpro": "2003",
    "handedness": "Right",
    "racquet": "Dunlop",
    "coach": "Gareth Webber",
    "highest_ranking": "No. 24",
    "date_of_highest_ranking": "January 2012",
    "titles": "12",
    "finals": "23",
    "birth_date": "January 30, 1984",
    "medaltemplates": [
        "Sport: Men's squash",
        "Country: the {{USA}}",
        "Competition: Pan American Games",
        "Silver Medal: 2011 Guadalajara Doubles",
        "Silver Medal: 2007 Rio de Janeiro Singles",
        "Bronze Medal: 2011 Guadalajara Team"
    ]
}