{
    "name": "Kamran Khan",
    "country": "MAS",
    "residence": "Kuala Lumpur, Malaysia",
    "birth_place": "England",
    "height": "m=1.81",
    "weight": "72",
    "turnedpro": "2007",
    "retired": "2013",
    "plays": "Left Handed",
    "coach": "Ajaz Azmat Kenneth Low",
    "racquet": "Dunlop",
    "event": "Men's singles",
    "highest_ranking": "No. 58",
    "date_of_highest_ranking": "June 2012",
    "titles": "2",
    "finals": "6",
    "birth_date": "1990-02-22"
}