{
    "name": "Kanzy Emad El Defrawy",
    "fullname": "Kanzy Emad Farid El Defrawy",
    "country": "EGY",
    "residence": "Dubai, United Arab Emirates",
    "birth_place": "Cairo, Egypt",
    "height": "155",
    "weight": "64",
    "plays": "Right handed",
    "coach": "Chris Walker",
    "racquet": "Salming",
    "event": "Women's singles",
    "highest_ranking": "29",
    "date_of_highest_ranking": "December 2011",
    "current_ranking": "37",
    "date_of_current_ranking": "May 2017",
    "birth_date": "1994-5-5"
}