{
    "name": "Karina Tyma",
    "country": "POL",
    "residence": "Philadelphia, United States",
    "University": "Drexel University",
    "birth_place": "Gorz\u00f3w Wielkopolski, Poland",
    "turnedpro": "2017",
    "retired": "Active",
    "plays": "Right handed",
    "coach": "John White, Dylan Cunnighan, Ahmed Effat",
    "event": "Women's singles",
    "highest_ranking": "No. 61",
    "date_of_highest_ranking": "May 2022",
    "current_ranking": "No. 106",
    "date_of_current_ranking": "June 2023",
    "titles": "2",
    "finals": "4",
    "birth_date": "2000-05-5"
}