{
    "name": "Karim El Hammamy",
    "full_name": "Karim Ayman El Hammamy",
    "country": "EGY",
    "residence": "Cairo, Egypt",
    "birth_place": "Cairo, Egypt",
    "height": "m=1.71",
    "weight": "66",
    "turnedpro": "2011",
    "retired": "Active",
    "racquet": "Prince",
    "event": "Men's singles",
    "highest_ranking": "No. 55",
    "date_of_highest_ranking": "March, 2017",
    "current_ranking": "No. 61",
    "date_of_current_ranking": "May 2017",
    "birth_date": "1995-9-04"
}