{
    "name": "Karim Ali Fathy",
    "country": "EGY",
    "residence": "Maadi, Cairo",
    "birth_place": "Egypt",
    "height": "180 cm",
    "weight": "70 kg",
    "turnedpro": "2009",
    "retired": "Active",
    "plays": "Right Handed",
    "coach": "Wael El Batran",
    "racquet": "Harrow",
    "event": "Men's singles",
    "highest_ranking": "No. 35",
    "date_of_highest_ranking": "June, 2017",
    "current_ranking": "No. 35",
    "date_of_current_ranking": "June, 2017",
    "titles": "9",
    "birth_date": "1993-5-30"
}