{
    "name": "Karim Darwish",
    "nickname": "The Dark Prince",
    "country": "EGY",
    "residence": "Cairo, Egypt",
    "birth_place": "Cairo, Egypt",
    "height": "m=1.79",
    "weight": "76",
    "turnedpro": "1999",
    "retired": "2014",
    "plays": "Right Handed",
    "coach": "Hesham El Attar Amir Wagih",
    "racquet": "Head",
    "event": "Men's singles",
    "highest_ranking": "No. 1",
    "date_of_highest_ranking": "January, 2009",
    "titles": "23",
    "finals": "41",
    "birth_date": "1981-8-29",
    "medaltemplates": [
        "Sport: Men's squash",
        "Country: {{EGY}}",
        "Competition: World Championships",
        "Silver Medal: 2008 Manchester Singles",
        "Bronze Medal: 2003 Lahore Singles",
        "Bronze Medal: 2011 Rotterdam Singles",
        "Competition: World Team Championships",
        "Gold Medal: 2009 Odense Team",
        "Gold Medal: 2011 Paderborn Team",
        "Silver Medal: 2001 Melbourne Team",
        "Silver Medal: 2005 Islamabad Team",
        "Silver Medal: 2013 Mulhouse Team"
    ],
    "WorldOpenresult": {
        "2008": "2008 Men's World Open Squash Championship"
    }
}