{
    "name": "Karim Abdel Gawad",
    "nickname": "The Baby Faced Assassin",
    "country": "EGY",
    "residence": "Cairo, Egypt",
    "birth_place": "Alexandria, Egypt",
    "height": "m=1.77",
    "weight": "72",
    "turnedpro": "2008",
    "retired": "Active",
    "plays": "Right Handed",
    "coach": "Hisham El Attar",
    "racquet": "Harrow",
    "event": "Men's singles",
    "highest_ranking": "No. 1",
    "date_of_highest_ranking": "May, 2017",
    "current_ranking": "No. 10",
    "date_of_current_ranking": "December 2021",
    "titles": "13",
    "finals": "18",
    "birth_date": "1991-7-30",
    "medaltemplates": [
        "Sport: Men's squash",
        "Country: {{EGY}}",
        "Competition: World Championships",
        "Gold Medal: 2016 Cairo Singles",
        "Silver Medal: 2023 Chicago Singles",
        "Competition: World Team Championships",
        "Gold Medal: 2017 Marseille Team",
        "Gold Medal: 2019 Washington D.C. Team"
    ],
    "WorldOpenresult": {
        "2016": "2016 Men's World Open Squash Championship"
    }
}