{
    "name": "Kasey Brown",
    "country": "Australia",
    "residence": "New York City, United States",
    "birth_place": "Taree, Australia",
    "turnedpro": "2002",
    "retired": "2014",
    "plays": "Right Handed",
    "racquet": "Harrow",
    "event": "Women's singles",
    "highest_ranking": "No. 5",
    "date_of_highest_ranking": "December 2011",
    "titles": "11",
    "finals": "23",
    "birth_date": "1985-8-1",
    "medaltemplates": [
        "Sport: Women's squash",
        "Country: {{AUS}}",
        "Competition: World Team Championships",
        "Gold Medal: 2010 Palmerston North Team",
        "Competition: Commonwealth Games",
        "Gold Medal: 2010 Delhi Mixed doubles",
        "Bronze Medal: 2010 Delhi Singles",
        "Bronze Medal: 2010 Delhi Doubles",
        "Bronze Medal: 2014 Glasgow Mixed doubles"
    ]
}