{
    "name": "Kashif Shuja",
    "country": "NZL PAK",
    "residence": "Taup\u014d, New Zealand",
    "birth_place": "Abbottabad, Pakistan",
    "height": "m=1.77",
    "weight": "77",
    "turnedpro": "2005",
    "retired": "Active",
    "plays": "Right Handed",
    "racquet": "Salming Forza",
    "website": "www.kashifshuja.blogspot.com",
    "event": "Men's singles",
    "highest_ranking": "No. 36",
    "date_of_highest_ranking": "April 2009",
    "highest_world_series": "Last 16 British Open '09",
    "titles": "5 National & 11 International",
    "birth_date": "1979-7-20"
}