{
    "name": "Katerina T\u00fdcov\u00e1",
    "country": "GER",
    "residence": "Deisenhofen, Germany",
    "birth_place": "Harlaching, Germany",
    "height": "169 cm",
    "retired": "Active",
    "plays": "Tecnifibre",
    "coach": "Patrick Bezdek, Christian Radeke",
    "racquet": "2020",
    "event": "Women's singles",
    "highest_ranking": "No. 98",
    "date_of_highest_ranking": "April 2022",
    "current_ranking": "No. 105",
    "date_of_current_ranking": "September 2022",
    "birth_date": "1999-05-16"
}