{
    "name": "Katie Malliff",
    "nickname": "The Flame",
    "country": "England",
    "birth_place": "Wendover, England",
    "height": "5\u2019 8\u201d",
    "turnedpro": "2018",
    "retired": "Active",
    "coach": "Rob Owen",
    "racquet": "Dunlop",
    "website": "https://www.instagram.com/katiemalliff",
    "event": "Women's singles",
    "highest_ranking": "No. 34",
    "date_of_highest_ranking": "October 2023",
    "current_ranking": "No. 34",
    "date_of_current_ranking": "October 2023",
    "titles": "3",
    "finals": "6",
    "birth_date": "2003-04-19"
}