{
    "name": "Khawaja Adil Maqbool",
    "fullname": "Khawaja Adil Maqbool",
    "country": "PAK",
    "residence": "Dubai, UAE",
    "birth_place": "Abu Dhabi, UAE",
    "height": "m=1.73",
    "weight": "81",
    "turnedpro": "2003",
    "retired": "Active",
    "plays": "Right Handed",
    "coach": "Maqbool Khawaja",
    "racquet": "Harrow",
    "website": "adil-maqbool.com",
    "event": "Men's singles",
    "highest_ranking": "No. 66",
    "date_of_highest_ranking": "November 2008",
    "current_ranking": "No. 106",
    "date_of_current_ranking": "August 2015",
    "finals": "1",
    "birth_date": "1988-04-05"
}