{
    "name": "Kristian Frost",
    "full_name": "Kristian Frost Olesen",
    "country": "DEN",
    "residence": "Odense, Denmark",
    "birth_place": "London, England",
    "height": "m=1.83",
    "weight": "74",
    "turnedpro": "2007",
    "retired": "Active",
    "coach": "Francesco Busi",
    "racquet": "Harrow",
    "event": "Men's singles",
    "highest_ranking": "No. 52",
    "date_of_highest_ranking": "April 2013",
    "current_ranking": "No. 116",
    "date_of_current_ranking": "July 2017",
    "birth_date": "1989-02-9"
}