{
    "name": "Kush Kumar",
    "country": "IND",
    "residence": "Chennai, India",
    "birth_place": "Dhampur, India",
    "height": "5'11",
    "university": "Trinity",
    "turnedpro": "2013",
    "retired": "Active",
    "coach": "Major S Maniam Cyrus Poncha",
    "racquet": "Tecnifibre",
    "event": "Men's singles",
    "highest_ranking": "No. 89",
    "date_of_highest_ranking": "August, 2014",
    "current_ranking": "No. 89",
    "date_of_current_ranking": "August, 2014",
    "titles": "9 times junior national champion",
    "birth_date": "1996-5-29"
}