{
    "name": "L\u00e9a Barbeau",
    "country": "FRA",
    "birth_place": "La Roche-sur-Yon, France",
    "residence": "Mulhouse",
    "height": "1.72 m",
    "weight": "64 kg",
    "retired": "Active",
    "turnedpro": "2019",
    "event": "women's singles",
    "highest_ranking": "115",
    "racquet": "Technifibre",
    "date_of_highest_ranking": "May 2021",
    "coach": "Nicholas Barbeau",
    "current_ranking": "115",
    "date_of_current_ranking": "May 2021",
    "birth_date": "2000-10-20"
}