{
    "name": "Lance Beddoes",
    "country": "NZL",
    "residence": "Auckland, New Zealand",
    "birth_place": "Auckland, New Zealand",
    "height": "m=1.80",
    "weight": "74",
    "turnedpro": "2009",
    "retired": "Active",
    "racquet": "Tecnifibre",
    "event": "Men's singles",
    "highest_ranking": "No. 87",
    "date_of_highest_ranking": "November 2015",
    "current_ranking": "No. 132",
    "date_of_current_ranking": "April 2018",
    "birth_date": "1992-11-03"
}