{
    "name": "Lara Petera",
    "fullname": "Lara Heta",
    "country": "NZL",
    "residence": "Auckland",
    "retired": "2003",
    "event": "Women's Singles",
    "highest_ranking": "25",
    "date_of_highest_ranking": "May 2003",
    "birth_date": "1978-12-21",
    "medaltemplates": [
        "Sport: Women's squash",
        "Country: {{NZL}}",
        "Bronze Medal: 2000 Sheffield Team",
        "Bronze Medal: 2002 Odense Team",
        "Silver Medal: 2004 Chennai Doubles"
    ]
}