{
    "name": "Latasha Khan",
    "country": "USA",
    "residence": "Seattle, Washington, U.S.",
    "birth_place": "Seattle, Washington, U.S.",
    "turnedpro": "1992",
    "retired": "2015",
    "plays": "Right Handed",
    "coach": "Yusuf Khan",
    "racquet": "Prince",
    "event": "Women's singles",
    "highest_ranking": "No. 18",
    "date_of_highest_ranking": "January 2000",
    "titles": "9",
    "finals": "22",
    "birth_date": "1973-1-20",
    "medaltemplates": [
        "Sport: Women's squash",
        "Country: the {{USA}}",
        "Competition: Pan American Games",
        "Gold Medal: 2003 Santo Domingo Singles",
        "Gold Medal: 2003 Santo Domingo Team",
        "Silver Medal: 1999 Winnipeg Team",
        "Silver Medal: 2007 Rio de Janeiro Team",
        "Bronze Medal: 1999 Winnipeg Singles"
    ]
}