{
    "name": "Laura Massaro  MBE",
    "full_name": "Laura Jane Massaro",
    "birth_name": "Laura Jane Lengthorn",
    "country": "England",
    "residence": "Preston, England",
    "birth_place": "Great Yarmouth, England",
    "height": "ft=5",
    "weight": "66",
    "turnedpro": "2000",
    "retired": "2019",
    "plays": "Right Handed",
    "coach": "David Pearson, Daniel Massaro",
    "clothing": "305SQUASH http://www.305squash.com/ www.305squash.com",
    "racquet": "Head",
    "event": "Women's singles and doubles",
    "highest_ranking": "No. 1",
    "date_of_highest_ranking": "January, 2016",
    "titles": "21 url=http://www.lauramassaro.co.uk/biography ",
    "finals": "41",
    "birth_date": "1983-11-2",
    "medaltemplates": [
        "Sport: Women's squash",
        "Country: {{ENG}}",
        "Competition: World Championships",
        "Gold Medal: 2013 Penang Singles",
        "Silver Medal: 2012 Grand Cayman Singles",
        "Silver Medal: 2015 Kuala Lumpur Singles",
        "Competition: World Team Championships",
        "Gold Medal: 2014 Niagara-on-the-Lake Team",
        "Silver Medal: 2008 Cairo Team",
        "Silver Medal: 2010 Palmerston North Team",
        "Silver Medal: 2012 N\u00eemes Team",
        "Silver Medal: 2016 Issy-les-Moulineaux Team",
        "Silver Medal: 2018 Dalian Team",
        "Competition: Commonwealth Games",
        "Silver Medal: 2010 Delhi Doubles",
        "Silver Medal: 2014 Glasgow Singles",
        "Silver Medal: 2014 Glasgow Doubles"
    ],
    "WorldOpenresult": {
        "2013": "2013 Women's World Open Squash Championship"
    }
}