{
    "name": "Laurens Jan Anjema",
    "fullname": "Laurens Jan Anjema",
    "nickname": "L.J.",
    "country": "NED",
    "residence": "The Hague, Netherlands",
    "birth_place": "The Hague, Netherlands",
    "height": "m=1.89",
    "weight": "86.6",
    "turnedpro": "1999",
    "retired": "2016",
    "plays": "Left Handed",
    "racquet": "Harrow",
    "website": "www.laurensanjema.com",
    "event": "Men's singles",
    "years_active": "17",
    "highest_ranking": "No. 9",
    "date_of_highest_ranking": "December, 2010",
    "titles": "12",
    "finals": "32",
    "birth_date": "1982-12-1"
}