{
    "name": "Laura Pomportes",
    "country": "France",
    "residence": "Toulouse, France",
    "birth_place": "Toulouse, France",
    "turnedpro": "2008",
    "retired": "Active",
    "plays": "Right Handed",
    "racquet": "Prince",
    "event": "Women's singles",
    "highest_ranking": "No. 51",
    "date_of_highest_ranking": "July 2015",
    "current_ranking": "No. 51",
    "date_of_current_ranking": "July 2015",
    "finals": "2",
    "birth_date": "1986-04-16",
    "medaltemplates": [
        "Sport: Women's squash",
        "Country: {{FRA}}",
        "Competition: World Team Championships",
        "Bronze Medal: 2016 Issy-les-Moulineaux Team"
    ]
}