{
    "name": "Lauren Selby",
    "country": "ENG",
    "residence": "Colchester, England",
    "birth_place": "Sawbridgeworth, England",
    "turnedpro": "2006",
    "retired": "2013",
    "plays": "Right Handed",
    "coach": "Paul Selby & Lee Drew",
    "racquet": "Head",
    "website": "http://www.laurenselby.com/ www.laurenselby.com",
    "event": "Women's singles",
    "highest_ranking": "No. 34",
    "date_of_highest_ranking": "October 2012",
    "titles": "1",
    "finals": "7",
    "birth_date": "1984-7-18"
}