{
    "name": "Lauren Baltayan",
    "country": "FRA",
    "residence": "Cairo",
    "birth_place": "Cairo, Egypt",
    "height": "152cm",
    "weight": "44kg",
    "turnedpro": "2023",
    "retired": "Active",
    "plays": "Right handed",
    "coach": "Ahmed Effat, Philippe Signoret",
    "event": "Women's singles",
    "highest_ranking": "No. 87",
    "date_of_highest_ranking": "December 2023",
    "current_ranking": "No. 87",
    "date_of_current_ranking": "December 2023",
    "titles": "1 PSA World Tour",
    "finals": "2",
    "birth_date": "2007-05-5"
}