{
    "name": "Laura Gamblin",
    "country": "FRA",
    "residence": "Oise, France",
    "birth_place": "Senlis, France",
    "height": "155cm",
    "weight": "56kg",
    "retired": "Active",
    "coach": "Philippe Signoret and St\u00e9phane Fungere",
    "racquet": "Tecnifibre",
    "event": "Women's singles",
    "highest_ranking": "No. 168",
    "date_of_highest_ranking": "November 2017",
    "current_ranking": "No. 168",
    "date_of_current_ranking": "November 2017",
    "birth_date": "1998-03-26"
}