{
    "name": "Laura Tovar P\u00e9rez",
    "fullname": "Laura Viviana Tovar P\u00e9rez",
    "country": "COL",
    "birth_place": "Bogot\u00e1, Colombia",
    "height": "1.70",
    "weight": "65",
    "retired": "Active",
    "racquet": "Black Knight",
    "event": "Women's singles",
    "highest_ranking": "81",
    "date_of_highest_ranking": "October 2023",
    "current_ranking": "81",
    "date_of_current_ranking": "October  2023",
    "titles": "4",
    "finals": "7",
    "birth_date": "1996-11-10",
    "medaltemplates": [
        "Country: {{COL}}",
        "Sport: Women's squash",
        "Competition: Pan American Games",
        "Gold Medal: 1",
        "Silver Medal: 0",
        "Bronze Medal: 5",
        "Competition: Pan American Championships",
        "Gold Medal: 0",
        "Silver Medal: 1",
        "Bronze Medal: 0",
        "Competition: CAC Games",
        "Gold Medal: 1",
        "Silver Medal: 4",
        "Bronze Medal: 1",
        "Competition: Pan American Games",
        "Gold Medal: 2023 Santiago Doubles",
        "Bronze Medal: 2015 Toronto Doubles",
        "Bronze Medal: 2015 Toronto Team",
        "Bronze Medal: 2019 Lima Doubles",
        "Bronze Medal: 2019 Lima Team",
        "Bronze Medal: 2023 Santiago Team",
        "Competition: Pan American Championships",
        "Silver Medal: 2022 Guatemala City Singles",
        "Competition: Central American and Caribbean Games",
        "Gold Medal: 2018 Barranquilla Doubles",
        "Silver Medal: 2014 Veracruz Singles",
        "Silver Medal: 2014 Veracruz Doubles",
        "Silver Medal: 2014 Veracruz Team",
        "Silver Medal: 2014 Barranquilla Team",
        "Bronze Medal: 2018 Barranquilla Singles",
        "Competition: South American Games",
        "Gold Medal: 2018 Cochabamba Doubles",
        "Gold Medal: 2018 Cochabamba Team",
        "Gold Medal: 2022 Asunci\u00f3n Singles",
        "Gold Medal: 2022 Asunci\u00f3n Doubles",
        "Gold Medal: 2022 Asunci\u00f3n Team",
        "Silver Medal: 2018 Cochabamba Singles",
        "Competition: Bolivarian Games",
        "Gold Medal: 2013 Trujillo Singles",
        "Gold Medal: 2013 Trujillo Doubles",
        "Gold Medal: 2013 Trujillo Team",
        "Gold Medal: 2017 Santa Marta Doubles",
        "Gold Medal: 2017 Santa Marta Team",
        "Gold Medal: 2022 Valledupar Mixed doubles",
        "Gold Medal: 2022 Valledupar Team",
        "Silver Medal: 2017 Santa Marta Singles",
        "Bronze Medal: 2022 Valledupar Singles"
    ]
}