{
    "name": "Leandro Romiglio",
    "country": "ARG",
    "residence": "Mar Del Plata, Argentina",
    "birth_place": "Mar Del Plata, Argentina",
    "height": "m=1.74",
    "weight": "68",
    "turnedpro": "2009",
    "retired": "Active",
    "racquet": "Tecnifibre",
    "event": "Men's singles",
    "highest_ranking": "No. 103",
    "date_of_highest_ranking": "April 2010",
    "current_ranking": "No. 112",
    "date_of_current_ranking": "November 24, 2015",
    "birth_date": "1991-02-11",
    "medaltemplates": [
        "Sport: Men's squash",
        "Country: {{ARG}}",
        "Competition: South American Games",
        "Silver Medal: 2018 Cochabamba Team"
    ]
}