{
    "name": "Lee Beachill",
    "fullname": "Lee Beachill",
    "country": "ENG",
    "residence": "Pontefract, England",
    "birth_place": "Huddersfield, England",
    "height": "1.82 m",
    "weight": "76 kg",
    "turnedpro": "1998",
    "retired": "2009",
    "plays": "Right Handed",
    "coach": "Malcolm Willstrop",
    "racquet": "Dunlop",
    "event": "Men's singles",
    "highest_ranking": "No. 1",
    "date_of_highest_ranking": "October 2004",
    "titles": "8",
    "finals": "13",
    "birth_date": "1977-11-28",
    "medaltemplates": [
        "Sport: Men's squash",
        "Country: {{ENG}}",
        "Competition: World Championships",
        "Silver Medal: 2004 Doha Singles",
        "Competition: World Team Championships",
        "Gold Medal: 2005 Islamabad Team",
        "Gold Medal: 2007 Chennai Team",
        "Bronze Medal: 2001 Melbourne Team",
        "Bronze Medal: 2003 Vienna Team",
        "Competition: Commonwealth Games",
        "Gold Medal: 2002 Manchester Doubles",
        "Gold Medal: 2006 Melbourne Doubles",
        "Bronze Medal: 2006 Melbourne Singles"
    ],
    "WorldOpenresult": {
        "2004": "2004 Men's World Open Squash Championship"
    }
}