{
    "name": "Lee Ka Yi  Post-nominals",
    "country": "HKG",
    "birth_place": "Hong Kong",
    "retired": "Active",
    "plays": "Right Handed",
    "coach": "Rebecca Chiu Wing Yin",
    "racquet": "Prince",
    "event": "Women's singles",
    "highest_ranking": "No. 43",
    "date_of_highest_ranking": "December 2022",
    "current_ranking": "No. 43",
    "date_of_current_ranking": "December 2022",
    "titles": "1",
    "finals": "2",
    "birth_date": "1993-11-25",
    "medaltemplates": [
        "Sport: Women's squash",
        "Country: {{HKG}}",
        "Competition: World Team Championships",
        "Bronze Medal: 2018 Dalian Team",
        "Competition: Asian Games",
        "Gold Medal: 2018 Jakarta Team",
        "Silver Medal: 2022 Hangzhou Team"
    ]
}