{
    "name": "Leilani Rorani, ",
    "birth_place": "Hamilton, New Zealand",
    "retired": "September 2002",
    "plays": "Right-Handed",
    "coach": "Rob Wyatt",
    "racquet": "Unsquashable",
    "event": "Women's Singles",
    "highest_ranking": "1",
    "date_of_highest_ranking": "November 2000",
    "titles": "13",
    "finals": "25",
    "birth_date": "1974-4-15",
    "medaltemplates": [
        "Sport: Women's squash",
        "Country: {{NZL}}",
        "Silver Medal: 2000 Edinburgh Singles",
        "Silver Medal: 2001 Melbourne Singles",
        "Bronze Medal: 1999 Seattle Singles",
        "Bronze Medal: 1997 Lahti Singles",
        "Bronze Medal: 1998 Stuttgart Team",
        "Bronze Medal: 2000 Sheffield Team",
        "Gold Medal: 1997 Hong Kong Doubles",
        "Gold Medal: 2002 Manchester Doubles",
        "Gold Medal: 2002 Manchester Mixed doubles"
    ]
}