{
    "name": "Lekgotla Mosope",
    "country": "BOT",
    "residence": "Gaborone, Botswana",
    "birth_place": "Botswana",
    "height": "m=1.83",
    "weight": "75",
    "turnedpro": "2008",
    "retired": "Active",
    "coach": "Lefika Ragontse",
    "racquet": "Harrow",
    "event": "Men's singles",
    "highest_ranking": "No. 132",
    "date_of_highest_ranking": "March, 2010",
    "current_ranking": "No. 283",
    "date_of_current_ranking": "June, 2013",
    "birth_date": "1983-7-25"
}