{
    "name": "Leo Au  Post-nominals",
    "full_name": "Au Chun Ming",
    "country": "HKG",
    "residence": "Hong Kong",
    "birth_place": "Hong Kong",
    "height": "1.65 m",
    "weight": "65 kg",
    "turnedpro": "2010",
    "retired": "2020",
    "coach": "Abdul Faheem Khan",
    "racquet": "Prince",
    "event": "Men's singles",
    "highest_ranking": "No. 20",
    "date_of_highest_ranking": "July 2018",
    "titles": "11",
    "finals": "20",
    "birth_date": "1990-02-1",
    "medaltemplates": [
        "Sport: Men's squash",
        "Country: {{HKG}}",
        "Competition: World Team Championships",
        "Bronze Medal: 2017 Marseille Team",
        "Competition: Asian Games",
        "Silver Medal: 2018 Jakarta Team",
        "Bronze Medal: 2010 Guangzhou Team",
        "Bronze Medal: 2014 Incheon Team",
        "Gold Medal: 2018 Jakarta Singles",
        "Competition: East Asian Games",
        "Gold Medal: 2009 Hong Kong Mixed doubles",
        "Gold Medal: 2009 Hong Kong Team",
        "Bronze Medal: 2013 Tianjin Singles",
        "Competition: Asian Individual Championships",
        "Gold Medal: 2015 Kuwait City Singles"
    ]
}