{
    "name": "Linda Elriani",
    "country": "ENG",
    "residence": "Eastbourne, England",
    "birth_place": "Eastbourne, England",
    "turnedpro": "1990",
    "racquet": "Karakal",
    "event": "Women's singles",
    "highest_ranking": "No. 3",
    "date_of_highest_ranking": "January 2000",
    "birth_date": "1971-11-21",
    "medaltemplates": [
        "Sport: Women's squash",
        "Country: {{GBR2}}",
        "Competition: World Games",
        "Bronze Medal: 2005 Duisburg Singles",
        "Country: {{ENG}}",
        "Competition: World Championships",
        "Bronze Medal: 2001 Melbourne Singles",
        "Bronze Medal: 2002 Doha Singles",
        "Competition: World Team Championships",
        "Gold Medal: 2000 Sheffield Team",
        "Silver Medal: 1996 Petaling Jaya Team",
        "Silver Medal: 1998 Stuttgart Team",
        "Silver Medal: 2002 Odense Team",
        "Silver Medal: 2004 Amsterdam Team",
        "Competition: Commonwealth Games",
        "Bronze Medal: 2002 Manchester Doubles"
    ]
}