{
    "name": "Line Hansen",
    "country": "DEN",
    "residence": "Odense, Denmark",
    "birth_place": "Odense, Denmark",
    "turnedpro": "2001",
    "retired": "Active",
    "plays": "Right Handed",
    "coach": "Francesco Busi",
    "racquet": "Wilson",
    "event": "Women's singles",
    "highest_ranking": "No. 18",
    "date_of_highest_ranking": "October 2013",
    "current_ranking": "No. 23",
    "date_of_current_ranking": "November, 2016",
    "titles": "11",
    "finals": "18",
    "birth_date": "1983-5-7",
    "WorldOpenresult": {
        "2008": "2008 Women's World Open Squash Championship"
    }
}