{
    "name": "Lisa Opie, MBE",
    "country": "ENG",
    "residence": "England",
    "birth_place": "Guernsey Guernsey",
    "turnedpro": "1984",
    "retired": "1995",
    "plays": "Right Handed",
    "event": "Women's singles",
    "highest_ranking": "No. 1",
    "date_of_highest_ranking": "March 1988",
    "birth_date": "1963-8-15",
    "medaltemplates": [
        "Sport: Women's squash",
        "Country: {{ENG}}",
        "Competition: World Championships",
        "Silver Medal: 1985 Dublin Singles",
        "Silver Medal: 1987 Auckland Singles",
        "Bronze Medal: 1981 Toronto Singles"
    ]
}