{
    "name": "Lisa Aitken",
    "country": "Scotland",
    "residence": "Montrose, Scotland",
    "birth_place": "Dundee, Scotland",
    "height": "165 cm",
    "weight": "59 kg",
    "turnedpro": "2010",
    "retired": "Active",
    "plays": "Left Handed",
    "racquet": "Dunlop",
    "event": "Women's singles",
    "highest_ranking": "No. 21",
    "date_of_highest_ranking": "December 2022",
    "current_ranking": "No. 21",
    "date_of_current_ranking": "December 2022",
    "titles": "6",
    "finals": "8",
    "birth_date": "1990-02-16",
    "medaltemplates": [
        "Sport: Women's squash",
        "Country: {{SCO}}",
        "Bronze Medal: 2022 Glasgow Mixed doubles"
    ]
}