{
    "name": "Liu Tsz Ling",
    "country": "HKG",
    "residence": "Hong Kong",
    "birth_place": "Hong Kong",
    "turnedpro": "2009",
    "retired": "2022",
    "plays": "Right Handed",
    "coach": "Tony Choi",
    "racquet": "Dunlop",
    "event": "Women's singles",
    "highest_ranking": "No. 23",
    "date_of_highest_ranking": "January, 2017",
    "titles": "12",
    "finals": "18",
    "birth_date": "1991-09-10",
    "medaltemplates": [
        "Sport: Women's squash",
        "Country: {{HKG}}",
        "Competition: World Team Championships",
        "Bronze Medal: 2016 Issy-les-Moulineaux Team",
        "Competition: Asian Games",
        "Silver Medal: 2010 Guangzhou Team",
        "Bronze Medal: 2014 Incheon Team"
    ]
}