{
    "name": "Liz Irving",
    "country": "AUS",
    "residence": "Amsterdam",
    "birth_place": "Brisbane",
    "event": "Women's Singles",
    "highest_ranking": "2",
    "date_of_highest_ranking": "1998",
    "birth_date": "1965-2-7",
    "medaltemplates": [
        "Sport: Women's squash",
        "Country: {{AUS}}",
        "Silver Medal: 1993 Johannesburg Singles",
        "Bronze Medal: 1987 Auckland Singles",
        "Bronze Medal: 1989 Warmond Singles",
        "Bronze Medal: 1996 Petaling Jaya Singles",
        "Gold Medal: 1992 Vancouver Team",
        "Gold Medal: 1994 Saint Peter Port Team",
        "Gold Medal: 1996 Petaling Jaya Team",
        "Gold Medal: 1998 Stuttgart Team",
        "Silver Medal: 1989 Warmond Team",
        "Silver Medal: 1990 Sydney Team",
        "Gold Medal: 1997 Hong Kong Mixed doubles"
    ]
}