{
    "name": "Louise Crome",
    "birth_place": "Waihi, New Zealand",
    "event": "Women's singles",
    "country": "NZL",
    "turnedpro": "2006",
    "racquet": "Prince O3 Speedport Black",
    "highest_ranking": "22",
    "date_of_highest_ranking": "August 2008",
    "titles": "Finland Open, Vietnam Open, Welsh Open",
    "finals": "Los Angeles Open, New Zealand Championships, Toronto Open",
    "birth_date": "1978-4-6",
    "medaltemplates": [
        "Sport: Women's squash",
        "Country: {{NZL}}",
        "Bronze Medal: 2004 Amsterdam Team",
        "Silver Medal: 2004 Chennai Doubles"
    ]
}