{
    "name": "Weenee Low",
    "fullname": "Low Wee Nee",
    "country": "MAS",
    "residence": "Cincinnati, Ohio",
    "University": "Trinity College",
    "birth_place": "Penang, Malaysia",
    "turnedpro": "2007",
    "retired": "Active",
    "coach": "Aaron Soyza, Wendy Bartlett, Dr. Randolph Lee, Nathan Dugan",
    "racquet": "Wilson",
    "event": "Women's singles",
    "highest_ranking": "No. 74",
    "date_of_highest_ranking": "May 2008",
    "current_ranking": "No. 97",
    "date_of_current_ranking": "November 2018",
    "birth_date": "1992-01-9"
}