{
    "name": "Low Wee Wern",
    "fullname": "Low Wee Wern",
    "nickname": "Werny",
    "country": "Malaysia",
    "residence": "Penang, Malaysia",
    "birth_place": "Penang, Malaysia",
    "turnedpro": "2006",
    "retired": "2024",
    "plays": "Right Handed",
    "coach": "Aaron Soyza",
    "racquet": "Custom Harrow Silk",
    "event": "Women's singles",
    "highest_ranking": "No. 5",
    "date_of_highest_ranking": "October 2014",
    "titles": "12",
    "finals": "25",
    "birth_date": "1990-7-25",
    "medaltemplates": [
        "Sport: Women's squash",
        "Country: {{MAS}}",
        "Competition: World Team Championships",
        "Silver Medal: 2014 Niagara-on-the Lake Team",
        "Bronze Medal: 2010 Palmerston North Team",
        "Bronze Medal: 2012 N\u00eemes Team",
        "Competition: Asian Games",
        "Gold Medal: 2010 Guangzhou Team",
        "Gold Medal: 2014 Incheon Team",
        "Silver Medal: 2014 Incheon {{Singles}}",
        "Bronze Medal: 2010 Guangzhou Singles",
        "Bronze Medal: 2018 Jakarta-Palembang Team"
    ],
    "WorldOpenresult": {
        "2010": "2010 Women's World Open Squash Championship"
    }
}