{
    "name": "Luc\u00eda Bautista",
    "country": "COL",
    "birth_place": "Bucaramanga, Colombia",
    "turnedpro": "2019",
    "retired": "Active",
    "racquet": "Eye",
    "event": "Women's singles",
    "highest_ranking": "No. 82",
    "date_of_highest_ranking": "March 2024",
    "current_ranking": "No. 84",
    "date_of_current_ranking": "April 2024",
    "titles": "1",
    "finals": "4",
    "birth_date": "2002-12-6",
    "medaltemplates": [
        "Country: {{COL}}",
        "Sport: Women's squash",
        "Competition: Pan American Games",
        "Gold Medal: 1",
        "Silver Medal: 0",
        "Bronze Medal: 1",
        "Competition: South American Games",
        "Gold Medal: 3",
        "Silver Medal: 0",
        "Bronze Medal: 0",
        "Competition: Bolivarian Games",
        "Gold Medal: 2",
        "Silver Medal: 1",
        "Bronze Medal: 0",
        "Competition: Pan American Games",
        "Gold Medal: 2023 Santiago Doubles",
        "Bronze Medal: 2023 Santiago Team",
        "Competition: South American Games",
        "Gold Medal: 2018 Cochabamba Team",
        "Gold Medal: 2022 Asunci\u00f3n Mixed doubles",
        "Gold Medal: 2022 Asunci\u00f3n Team",
        "Competition: Bolivarian Games",
        "Gold Medal: 2022 Valledupar Doubles",
        "Gold Medal: 2022 Valledupar Team",
        "Silver Medal: 2022 Valledupar Singles",
        "Competition: Junior Pan American Games",
        "Silver Medal: 2021 Cali-Valle Mixed doubles",
        "Bronze Medal: 2021 Cali-Valle Singles"
    ]
}