{
    "name": "Lucas Serme",
    "country": "FRA",
    "residence": "Bristol, England",
    "birth_place": "Creteil, France",
    "height": "m=1.79",
    "weight": "70",
    "turnedpro": "2009",
    "retired": "Active",
    "coach": "Hadrian Stiff, Harry Londy",
    "racquet": "Black Knight",
    "highest_ranking": "No. 32",
    "date_of_highest_ranking": "October, 2018",
    "current_ranking": "No. 36",
    "date_of_current_ranking": "March, 2021",
    "titles": "7",
    "finals": "15",
    "birth_date": "1992-2-25"
}