{
    "name": "Lucie Fialov\u00e1",
    "country": "CZE",
    "residence": "Prague, Czech Republic",
    "birth_place": "Prague, Czechoslovakia",
    "retired": "Active",
    "plays": "Left Handed",
    "racquet": "Tecnifibre",
    "event": "Women's singles",
    "highest_ranking": "No. 35",
    "date_of_highest_ranking": "February, 2012",
    "current_ranking": "No. 41",
    "date_of_current_ranking": "June, 2013",
    "titles": "2",
    "finals": "4",
    "birth_date": "1988-7-22"
}