{
    "name": "Lucy Turmel",
    "country": "England",
    "residence": "Ipswich",
    "birth_place": "Ipswich, England",
    "retired": "Active",
    "plays": "Right Handed",
    "coach": "Arthur Gaskin",
    "racquet": "305SQUASH ProCell XE110",
    "website": "https://lucyturmelofficial.co.uk/",
    "event": "Women's singles",
    "highest_ranking": "No. 20",
    "date_of_highest_ranking": "... 2022",
    "current_ranking": "No. 29",
    "date_of_current_ranking": "December 2022",
    "birth_date": "1999-09-24",
    "medaltemplates": [
        "Country: {{ENG}}",
        "Competition: World Team Championships",
        "Bronze Medal: 2022 Cairo Team"
    ]
}