{
    "name": "Lucy Beecroft",
    "nickname": "Beeza",
    "country": "ENG",
    "residence": "Manhattan, NYC, USA",
    "birth_place": "Northumbria, England",
    "turnedpro": "2013",
    "retired": "Active",
    "coach": "Alex Stait",
    "racquet": "305SQUASH ProCell XE110",
    "clothing": "305SQUASH",
    "socks": "305SQUASH",
    "event": "Women's singles",
    "highest_ranking": "No. 22",
    "current_ranking": "No. 22",
    "birth_date": "1996-10-7",
    "medaltemplates": [
        "Sport: Women's squash",
        "Country: {{GBR}}",
        "Competition: World Games",
        "Silver Medal: 2022 Birmingham Individual"
    ]
}