{
    "name": "M\u00e9lissa Alves",
    "country": "France",
    "University": "University of Pennsylvania",
    "birth_place": "French Guiana",
    "turnedpro": "2018",
    "retired": "Active",
    "plays": "Right Handed",
    "racquet": "Tecnifibre",
    "event": "Women's singles",
    "highest_ranking": "No. 19",
    "date_of_highest_ranking": "February 2022",
    "current_ranking": "No. 28",
    "date_of_current_ranking": "December 2022",
    "birth_date": "1993-12-29",
    "medaltemplates": [
        "Sport: Women's squash",
        "Country: {{FRA}}",
        "Competition: World Team Championships",
        "Bronze Medal: 2018 Dalian Team"
    ]
}