{
    "name": "M\u00e1rk Krajcs\u00e1k",
    "full_name": "Krajcs\u00e1k M\u00e1rk",
    "country": "HUN",
    "residence": "Budapest, Hungary",
    "birth_place": "Budapest, Hungary",
    "height": "m=1.78",
    "weight": "74",
    "turnedpro": "2003",
    "retired": "2013",
    "plays": "Right Handed",
    "coach": "Colin White Sjef Van Der Heiden",
    "racquet": "Karakal",
    "website": "http://krajcsakmark.hu",
    "event": "Men's singles",
    "years_active": "10",
    "highest_ranking": "No. 37",
    "date_of_highest_ranking": "November 2009",
    "titles": "10",
    "finals": "15",
    "birth_date": "1983-12-28"
}