{
    "name": "Madeline Perry",
    "country": "IRL Ireland",
    "residence": "Halifax, England",
    "birth_place": "Banbridge, Northern Ireland",
    "turnedpro": "1998",
    "retired": "2015",
    "plays": "Right Handed",
    "coach": "Marcus Berrett",
    "racquet": "Dunlop",
    "event": "Women's singles",
    "years_active": "1998-2015",
    "highest_ranking": "No. 3",
    "date_of_highest_ranking": "April 2011",
    "titles": "9",
    "finals": "23",
    "birth_date": "1977-2-11",
    "medaltemplates": [
        "Sport: Women's squash",
        "Country: {{IRL}}",
        "Competition: World Championships",
        "Bronze Medal: 2008 Manchester Singles"
    ]
}