{
    "name": "Madina Zafar",
    "country": "PAK",
    "birth_place": "Gujranwala, Pakistan",
    "residence": "Karachi",
    "event": "women's singles",
    "highest_ranking": "75",
    "date_of_highest_ranking": "February 2019",
    "current_ranking": "155",
    "date_of_current_ranking": "June 2018",
    "height": "158 cm",
    "weight": "56 kg",
    "retired": "active",
    "birth_date": "1998-08-10",
    "medaltemplates": [
        "Sport: Women's squash",
        "Country: {{PAK}}",
        "Competition: South Asian Games",
        "Silver Medal: 2019 Nepal Team",
        "Bronze Medal: 2019 Nepal Singles"
    ]
}