{
    "name": "Mah Li Lian",
    "residence": "|birth_date               = df=y",
    "birth_place": "Singapore",
    "highest_ranking": "52",
    "date_of_highest_ranking": "16 November 1991",
    "medaltemplates": [
        "Country: {{SGP}}",
        "Sport: Women's squash",
        "Competition: Asian Squash Championships",
        "Gold Medal: 1988 Kuwait City individual",
        "Gold Medal: 1990 Kolkata individual",
        "Gold Medal: 1992 Peshawar individual",
        "Gold Medal: 1994 Kuala Lampur individual",
        "Competition: Asian Games",
        "Bronze Medal: 1998 Pattaya singles",
        "Competition: Southeast Asian Games",
        "Gold Medal: 1991 Manila singles",
        "Gold Medal: 1995 Chiang Mai singles",
        "Silver Medal: 1995 Chiang Mai women's team"
    ]
}