{
    "name": "Mahesh Mangaonkar",
    "country": "IND",
    "residence": "Mumbai, Maharashtra",
    "birth_place": "Mumbai, Maharashtra",
    "height": "180",
    "weight": "78",
    "turnedpro": "2009",
    "retired": "Active",
    "coach": "Gopichand mohite",
    "racquet": "Prince Sports",
    "event": "Men's singles",
    "highest_ranking": "No. 44",
    "date_of_highest_ranking": "January, 2015",
    "current_ranking": "No. 61",
    "date_of_current_ranking": "July, 2016",
    "clubs": "Cricket Club of India, Otters Club and Castelyn Squash Club",
    "birth_date": "1994-3-23",
    "medaltemplates": [
        "Sport: Men's squash",
        "Country: {{IND}}",
        "Competition: Asian Games",
        "Gold Medal: 2014 Incheon Team",
        "Gold Medal: 2022 Hangzhou Team",
        "Bronze Medal: 2018 Jakarta Team"
    ]
}