{
    "name": "Mansoor Zaman",
    "birth_place": "Peshawar, Pakistan",
    "based_at": "Pakistan",
    "height": "1.62",
    "weight": "60",
    "event": "Men's singles",
    "country": "PAK",
    "turnedpro": "1998",
    "handedness": "Left",
    "racquet": "E-squash",
    "coach": "Qamar Zaman",
    "highest_ranking": "11",
    "date_of_highest_ranking": "May, 2003",
    "current_ranking": "266",
    "date_of_current_ranking": "June, 2013",
    "titles": "5",
    "finals": "17",
    "birth_date": "1980-4-14"
}