{
    "name": "Manuela Manetta",
    "country": "ITA",
    "residence": "Parma, Italy",
    "birth_place": "Parma, Italy",
    "height": "1.74",
    "weight": "62",
    "turnedpro": "2002",
    "retired": "2014",
    "plays": "Right Handed",
    "coach": "Marcus Berrett",
    "racquet": "Head",
    "event": "Women's singles",
    "highest_ranking": "No. 25",
    "date_of_highest_ranking": "December 2007",
    "current_ranking": "No. 32",
    "date_of_current_ranking": "July 2011",
    "birth_date": "1983-6-6"
}