{
    "full_name": "Maqsood Ahmed",
    "nickname": "Max",
    "country": "Pakistan",
    "residence": "Karachi, Pakistan",
    "birth_place": "Karachi, Pakistan",
    "turnedpro": "1978",
    "retired": "yes",
    "highest_ranking": "4",
    "date_of_highest_ranking": "April 1980",
    "birth_date": "30 August 1957",
    "medaltemplates": [
        "Sport: Men's squash",
        "Country: {{PAK}}",
        "Competition: World Championships",
        "Bronze Medal: 1979 Toronto Singles",
        "Bronze Medal: 1984 Karachi Singles"
    ]
}