{
    "name": "Maria Toorpakai Wazir",
    "birth_place": "Bannu, Khyber Pakhtunkhwa",
    "based_at": "Peshawar, Pakistan",
    "height": "167 cm",
    "weight": "71 kg",
    "event": "Women's singles",
    "country": "PAK",
    "turnedpro": "2006",
    "handedness": "Left",
    "racquet": "Harrow",
    "coach": "Jonathon Power",
    "highest_ranking": "No. 41",
    "date_of_highest_ranking": "December 2012",
    "current_ranking": "No. 83",
    "date_of_current_ranking": "August 2017",
    "titles": "3",
    "finals": "4",
    "birth_date": "1990-11-22",
    "medaltemplates": [
        "Sport: Women's squash",
        "Country: {{PAK}}",
        "Competition: South Asian Games",
        "Silver Medal: 2016 India Singles"
    ]
}