{
    "name": "Marie Stephan",
    "country": "FRA",
    "residence": "Saint-Maur des Foss\u00e9s",
    "birth_place": "Cayenne, French Guiana",
    "turnedpro": "2015",
    "retired": "Active",
    "plays": "Right Handed",
    "coach": "Philippe Signoret",
    "racquet": "Tecnifibre",
    "event": "Women's singles",
    "highest_ranking": "No. 53",
    "date_of_highest_ranking": "February 2022",
    "current_ranking": "No. 53",
    "date_of_current_ranking": "February 2022",
    "titles": "1",
    "finals": "1",
    "birth_date": "1996-3-14"
}