{
    "name": "Mario Y\u00e1\u00f1ez",
    "fullname": "Mario Y\u00e1\u00f1ez Tapia",
    "country": "MEX",
    "birth_place": "Mexico City, Mexico",
    "height": "170cm",
    "weight": "72kg",
    "retired": "Active",
    "coach": "Mario Yanez, Martin Heath",
    "racquet": "Black Knight",
    "event": "Men's singles",
    "highest_ranking": "No. 82",
    "date_of_highest_ranking": "November 2019",
    "current_ranking": "No. 82",
    "date_of_current_ranking": "November 2019",
    "titles": "1",
    "finals": "2",
    "birth_date": "1993-07-29"
}