{
    "name": "Marina Stefanoni",
    "country": "USA",
    "residence": "Darien",
    "birth_place": "Stamford, United States",
    "height": "5 ft 5 in (165 cm)",
    "weight": "135 lbs",
    "turnedpro": "2018",
    "retired": "Active",
    "plays": "Right-handed",
    "racquet": "Tecnifibre",
    "event": "Women's singles",
    "years_active": "3",
    "highest_ranking": "No. 56",
    "date_of_highest_ranking": "July 2020",
    "current_ranking": "No. 63",
    "date_of_current_ranking": "December 2022",
    "birth_date": "2002-11-30",
    "medaltemplates": [
        "Sport: Women's squash",
        "Country: {{USA}}",
        "Competition: Pan American Games",
        "Bronze Medal: 2023 Santiago Singles"
    ]
}