{
    "name": "Martin Knight",
    "country": "NZL",
    "residence": "North Shore, New Zealand",
    "birth_place": "Wellington, New Zealand",
    "height": "m=1.76",
    "weight": "75",
    "turnedpro": "2003",
    "retired": "Active",
    "plays": "Right Handed",
    "coach": "Paul Hornsby",
    "racquet": "Black Knight",
    "website": "martin-knight.com",
    "event": "Men's singles",
    "highest_ranking": "No. 38",
    "date_of_highest_ranking": "March 2010",
    "current_ranking": "No. 75",
    "date_of_current_ranking": "July 2016",
    "titles": "4",
    "finals": "11",
    "birth_date": "1983-12-28",
    "medaltemplates": [
        "Sport: Men's squash",
        "Country: {{NZL}}",
        "Competition: Commonwealth Games",
        "Silver Medal: 2010 Delhi Mixed doubles"
    ]
}