{
    "name": "Martine Le Moignan  ",
    "country": "ENG",
    "residence": "West Sussex, England",
    "birth_place": "Guernsey Guernsey, Channel Islands",
    "turnedpro": "1984",
    "retired": "Yes",
    "plays": "Left Handed",
    "event": "Women's singles",
    "highest_ranking": "No. 3",
    "date_of_highest_ranking": "November, 1987",
    "birth_date": "1962-10-28",
    "medaltemplates": [
        "Sport: Women's squash",
        "Country: {{ENG}}",
        "Competition: World Championships",
        "Gold Medal: 1989 Warmond Singles",
        "Silver Medal: 1990 Sydney Singles",
        "Bronze Medal: 1985 Dublin Singles",
        "Bronze Medal: 1992 Vancouver Singles",
        "Bronze Medal: 1993 Johannesburg Singles"
    ],
    "WorldOpenresult": {
        "1989": "1989 Women's World Open Squash Championship"
    }
}