{
    "name": "Marwan El Shorbagy",
    "fullname": "Marwan Hossam Elshorbagy",
    "nickname": "The Jackal",
    "country": "ENG   EGY",
    "residence": "Bristol, England",
    "birth_place": "Alexandria, Egypt",
    "height": "1.83 m",
    "weight": "73 kg",
    "turnedpro": "2010",
    "retired": "Active",
    "plays": "Right Handed",
    "coach": "Hadrian Stiff, Haitham Effat, Ian Thomas",
    "racquet": "Tecnifibre Carboflex X-Speed 130",
    "event": "Men's singles",
    "highest_ranking": "No. 3",
    "date_of_highest_ranking": "May, 2018",
    "current_ranking": "No. 7",
    "date_of_current_ranking": "July, 2020",
    "titles": "10",
    "finals": "20",
    "birth_date": "1993-7-30",
    "medaltemplates": [
        "Sport: Men's squash",
        "Country: {{EGY}}",
        "Competition: World Championships",
        "Silver Medal: 2017 Manchester Singles",
        "Competition: World Team Championships",
        "Gold Medal: 2017 Marseille Team"
    ]
}