{
    "name": "Mat\u00edas Knudsen",
    "country": "COL",
    "birth_place": "Bogot\u00e1, Colombia",
    "turnedpro": "2022",
    "retired": "Active",
    "plays": "Right handed",
    "coach": "Martin Knight",
    "racquet": "Dunlop",
    "event": "Men's singles",
    "highest_ranking": "No. 104",
    "date_of_highest_ranking": "April 2024",
    "current_ranking": "No. 104",
    "date_of_current_ranking": "April 2024",
    "titles": "3",
    "finals": "3",
    "birth_date": "1999-10-5",
    "medaltemplates": [
        "Country: {{COL}}",
        "Sport: Men's squash",
        "Competition: Junior Pan American Games",
        "Gold Medal: 2021 Cali-Valle Doubles",
        "Silver Medal: 2021 Cali-Valle Singles",
        "Silver Medal: 2021 Cali-Valle Team"
    ]
}