{
    "name": "Mathieu Castagnet",
    "nickname": "The French Warrior, The Musketeer",
    "country": "FRA",
    "residence": "Aix-en-Provence, France",
    "birth_place": "Saintes, France",
    "height": "m=1.79",
    "weight": "79",
    "turnedpro": "2005",
    "retired": "2022",
    "racquet": "Black Knight",
    "website": "http://www.mathieucastagnet.com www.mathieucastagnet.com",
    "event": "Men's singles",
    "highest_ranking": "No. 6",
    "date_of_highest_ranking": "May 2016",
    "titles": "4",
    "finals": "10",
    "birth_date": "1986-11-14",
    "medaltemplates": [
        "Sport: Men's squash",
        "Country: {{FRA}}",
        "Competition: World Team Championships",
        "Bronze Medal: 2013 Mulhouse Team",
        "Bronze Medal: 2019 Washington D.C. Team"
    ]
}