{
    "name": "Matias Tuomi",
    "country": "FIN",
    "residence": "Espoo, Finland",
    "birth_place": "Espoo, Finland",
    "height": "m=1.78",
    "weight": "63",
    "turnedpro": "2006",
    "retired": "Active",
    "coach": "Ari Pelkonen & Mika Monto",
    "racquet": "Dunlop",
    "event": "Men's singles",
    "highest_ranking": "No. 117",
    "date_of_highest_ranking": "July 2014",
    "current_ranking": "No. 127",
    "date_of_current_ranking": "August 2015",
    "birth_date": "1985-09-30"
}