{
    "name": "Matthew Karwalski",
    "nickname": "Killer",
    "country": "AUS",
    "residence": "Medowie",
    "birth_place": "Wagga Wagga, Australia",
    "height": "1.83",
    "weight": "70",
    "turnedpro": "2007",
    "retired": "Active",
    "plays": "Right Handed",
    "coach": "David Palmer",
    "racquet": "Grays",
    "website": "https://www.facebook.com/killer.karwalski",
    "event": "Men's singles",
    "highest_ranking": "No. 49",
    "date_of_highest_ranking": "December, 2013",
    "current_ranking": "No. 61",
    "date_of_current_ranking": "November, 2014",
    "titles": "3",
    "finals": "7",
    "birth_date": "1985-12-3"
}