{
    "name": "Matthew Hopkin",
    "country": "AUS",
    "residence": "Gold Coast, Australia",
    "birth_place": "Brisbane, Australia",
    "height": "m=1.80",
    "weight": "74",
    "turnedpro": "2012",
    "retired": "Active",
    "racquet": "Oliver",
    "event": "Men's singles",
    "highest_ranking": "No. 89",
    "date_of_highest_ranking": "July, 2014",
    "current_ranking": "No. 109",
    "date_of_current_ranking": "July, 2016",
    "titles": "2",
    "finals": "3",
    "birth_date": "1991-4-14"
}