{
    "name": "Maud Duplomb",
    "country": "FRA",
    "residence": "Lyon, France",
    "birth_place": "Annonay, France",
    "turnedpro": "2004",
    "retired": "2014",
    "plays": "Right Handed",
    "coach": "Yann Menegaux",
    "racquet": "Dunlop",
    "event": "Women's singles",
    "highest_ranking": "No. 62",
    "date_of_highest_ranking": "July 2012",
    "current_ranking": "No. 90",
    "date_of_current_ranking": "January, 2015",
    "finals": "1",
    "birth_date": "1985-10-31"
}