{
    "name": "Max Lee",
    "country": "HKG",
    "residence": "Hong Kong",
    "birth_place": "Hong Kong",
    "height": "m=1.76",
    "weight": "73",
    "turnedpro": "2007",
    "retired": "Active",
    "coach": "Faheem Khan",
    "racquet": "Tecnifibre",
    "event": "Men's singles",
    "highest_ranking": "No. 12",
    "date_of_highest_ranking": "December, 2015",
    "current_ranking": "No. 48",
    "date_of_current_ranking": "July, 2020",
    "titles": "14",
    "finals": "19",
    "birth_date": "1988-1-9",
    "medaltemplates": [
        "Sport: Men's squash",
        "Country: {{HKG}}",
        "Competition: World Team Championships",
        "Bronze Medal: 2017 Marseille Team",
        "Competition: Asian Games",
        "Bronze Medal: 2010 Guangzhou Team",
        "Bronze Medal: 2014 Incheon Singles",
        "Bronze Medal: 2014 Incheon Team",
        "Silver Medal: 2018 Jakarta Singles",
        "Silver Medal: 2018 Jakarta Team"
    ]
}