{
    "name": "Mazen Gamal",
    "country": "EGY",
    "residence": "LTU",
    "University": "Mechanical Engineering Cairo University",
    "birth_place": "Riyadh, KSA",
    "height": "190 cm",
    "weight": "86 kg",
    "turnedpro": "2008",
    "retired": "Active",
    "racquet": "Head Speed 120",
    "website": "https://www.psaworldtour.com/view-player/player/mazen-gamal/",
    "years_active": "14",
    "highest_ranking": "No. 49",
    "date_of_highest_ranking": "September  2022",
    "current_ranking": "No. 49",
    "date_of_current_ranking": "October , 2022",
    "titles": "10",
    "finals": "18",
    "birth_date": "1986-01-30"
}