{
    "name": "Mazen Hesham",
    "full_name": "Mazen Hesham Al Sabry",
    "nickname": "Black Falcon",
    "country": "Egyptian",
    "residence": "Cairo, Egypt",
    "birth_place": "Cairo, Egypt",
    "height": "m=1.75",
    "weight": "65",
    "turnedpro": "2011",
    "retired": "Active",
    "plays": "Right Handed",
    "coach": "Omar Abdel Aziz",
    "racquet": "Eye V Lite 124| website                 =",
    "event": "Men's singles",
    "years_active": "6",
    "highest_ranking": "No. 7",
    "date_of_highest_ranking": "June 2023",
    "current_ranking": "No. 7",
    "date_of_current_ranking": "February 2024",
    "titles": "7",
    "finals": "9",
    "birth_date": "1994-3-29",
    "medaltemplates": [
        "Sport: Men's squash",
        "Country: {{EGY}}",
        "Competition: British Open",
        "Bronze Medal: 2022 Hull Singles",
        "Bronze Medal: 2023 Birmingham Singles"
    ],
    "WorldOpenresult": {
        "2015": "2015 Men's World Open Squash Championship"
    }
}