{
    "name": "Megan Craig",
    "fullname": "Megan Amanda Craig",
    "siblings": "Carly Craig {Sister} > Chas Craig {Brother}",
    "country": "NZL",
    "residence": "Blenheim, New Zealand",
    "birth_place": "Blenheim, New Zealand",
    "turnedpro": "2009",
    "retired": "Active",
    "plays": "Right Handed",
    "coach": "Grant Craig",
    "racquet": "Harrow",
    "event": "Women's singles",
    "highest_ranking": "No. 39",
    "date_of_highest_ranking": "July 2015",
    "current_ranking": "No. 61",
    "date_of_current_ranking": "November 2016",
    "titles": "4",
    "finals": "3",
    "birth_date": "1992-12-11"
}