{
    "name": "Michelle Quibell",
    "country": "alma_mater=University of Michig",
    "residence": "Seattle, Washington",
    "birth_place": "Atlanta, Georgia",
    "turnedpro": "2004",
    "plays": "Right Handed",
    "racquet": "Dunlop",
    "event": "Women's singles",
    "highest_ranking": "No. 103",
    "date_of_highest_ranking": "March, 2005",
    "birth_date": "1984-4-23",
    "medaltemplates": [
        "Sport: Women's Squash",
        "Country: the {{USA}}",
        "Competition: Pan American Games",
        "Silver Medal: 2007 Rio de Janeiro Team"
    ]
}