{
    "name": "Michelle Martin",
    "fullname": "Michelle Susan Martin",
    "country": "Australia",
    "residence": "Sydney",
    "birth_place": "Sydney",
    "height": "m=1.75",
    "retired": "1999",
    "plays": "Right-handed",
    "event": "Women's singles",
    "highest_ranking": "No. 1",
    "date_of_highest_ranking": "March 1993",
    "birth_date": "1967-4-29",
    "medaltemplates": [
        "Sport: Women's squash",
        "Country: {{AUS}}",
        "Competition: World Championships",
        "Gold Medal: 1993 Johannesburg Singles",
        "Gold Medal: 1994 Saint Peter Port Singles",
        "Gold Medal: 1995 Hong Kong Singles",
        "Silver Medal: 1992 Vancouver Singles",
        "Silver Medal: 1997 Sydney Singles",
        "Silver Medal: 1998 Stuttgart Singles",
        "Silver Medal: 1999 Seattle Singles",
        "Competition: World Team Championships",
        "Gold Medal: 1994 Saint Peter Port Team",
        "Gold Medal: 1998 Stuttgart Team",
        "Competition: Commonwealth Games",
        "Gold Medal: 1998 Kuala Lumpur Singles",
        "Gold Medal: 1998 Kuala Lumpur Mixed doubles"
    ]
}