{
    "name": "Miguel Rodr\u00edguez",
    "fullname": "Miguel \u00c1ngel Rodr\u00edguez Forero",
    "nickname": "The Cannonball",
    "country": "COL",
    "residence": "Bogot\u00e1, Colombia",
    "birth_place": "Bogot\u00e1, Colombia",
    "height": "m=1.70",
    "weight": "69",
    "turnedpro": "2005",
    "retired": "Active",
    "plays": "Right Handed",
    "coach": "\u00c1ngel Rodr\u00edguez, Sardar Ali Khan, David Palmer",
    "racquet": "Tecnifibre Carboflex Cannonball",
    "event": "Men's singles",
    "highest_ranking": "No. 4",
    "date_of_highest_ranking": "June, 2015",
    "current_ranking": "No. 13",
    "date_of_current_ranking": "October, 2023",
    "titles": "30",
    "finals": "41",
    "birth_date": "1985-12-20",
    "medaltemplates": [
        "Sport: Men's squash",
        "Country: {{COL}}",
        "Competition: World Games",
        "Bronze Medal: 2013 Cali Individual",
        "Bronze Medal: 2022 Birmingham Individual",
        "Competition: British Open",
        "Gold Medal: 2018 Hull Singles",
        "Competition: Pan American Games",
        "Gold Medal: 2007 Rio de Janeiro Team",
        "Gold Medal: 2011 Guadalajara Singles",
        "Gold Medal: 2015 Toronto Singles",
        "Gold Medal: 2019 Lima Mixed doubles",
        "Gold Medal: 2023 Santiago Team",
        "Silver Medal: 2019 Lima Singles",
        "Silver Medal: 2019 Lima Team",
        "Silver Medal: 2023 Santiago Singles",
        "Bronze Medal: 2007 Rio de Janeiro Singles",
        "Bronze Medal: 2023 Santiago Mixed doubles",
        "Competition: South American Games",
        "Gold Medal: 2010 Medell\u00edn Singles",
        "Gold Medal: 2010 Medell\u00edn Team",
        "Gold Medal: 2010 Medell\u00edn Mixed doubles"
    ],
    "WorldOpenresult": {
        "2015": "2015 Men's World Open Squash Championship",
        "2017": "2017 Men's World Open Squash Championship",
        "2019": "2018\u201319 PSA Men's World Squash Championship"
    }
}