{
    "name": "Mihiliya Methsarani",
    "nickname": "Squash Queen of Sri Lanka",
    "country": "SRI",
    "residence": "Panadura",
    "height": "1.60 m",
    "weight": "47 kg",
    "highest_ranking": "208",
    "date_of_highest_ranking": "April 2016",
    "birth_date": "1998-01-15",
    "medaltemplates": [
        "Sport: Women's squash",
        "Country: {{SRI}}",
        "Competition: South Asian Games",
        "Bronze Medal: 2016 India Singles",
        "Competition: Asian Youth Games",
        "Bronze Medal: 2013 Nanjing Singles"
    ]
}