{
    "name": "Mike Corren",
    "country": "AUS",
    "residence": "Adelaide, Australia",
    "birth_place": "Millicent, Australia",
    "height": "1.86",
    "turnedpro": "1994",
    "retired": "Active",
    "plays": "Right-handed",
    "racquet": "Stellar",
    "event": "Men's singles",
    "highest_ranking": "No. 38",
    "date_of_highest_ranking": "February 2004",
    "current world ranking": "No.165 Australian ranking     = No.4       WorldOpenresult        =",
    "titles": "52",
    "finals": "73",
    "birth_date": "1974-02-28"
}