{
    "name": "Miko \u00c4ij\u00e4nen",
    "country": "FIN",
    "birth_place": "J\u00e4rvenp\u00e4\u00e4, Finland",
    "height": "188cm",
    "weight": "75kg",
    "retired": "Active",
    "plays": "Right Handed",
    "coach": "Sami Elopuro",
    "racquet": "Tecnifibre",
    "event": "Men's singles",
    "highest_ranking": "No. 107",
    "date_of_highest_ranking": "April 2019",
    "current_ranking": "No. 108",
    "date_of_current_ranking": "June 2019",
    "birth_date": "1997-07-18"
}