{
    "name": "Miranda Ranieri",
    "country": "CAN",
    "birth_place": "Toronto, Ontario",
    "turnedpro": "2008",
    "retired": "2013",
    "plays": "Right Handed",
    "coach": "Jonathon Power",
    "racquet": "Prince",
    "event": "Women's singles",
    "highest_ranking": "No. 43",
    "date_of_highest_ranking": "May, 2012",
    "birth_date": "1986-4-20",
    "medaltemplates": [
        "Sport: Women's Squash",
        "Country: {{CAN}}",
        "Competition: Pan American Games",
        "Gold Medal: 2011 Guadalajara Team",
        "Bronze Medal: 2011 Guadalajara Singles",
        "Bronze Medal: 2011 Guadalajara Doubles"
    ]
}