{
    "name": "Miroslav Celler",
    "country": "SVK",
    "residence": "Bratislava, Slovakia",
    "birth_place": "Bratislava, Czech and Slovak Federative Republic",
    "death_date": "2023",
    "death_place": "Bratislava, Slovakia",
    "height": "1.86 m",
    "weight": "74",
    "turnedpro": "2010",
    "retired": "Retired",
    "racquet": "Dunlop",
    "event": "Men's singles",
    "highest_ranking": "No. 178",
    "date_of_highest_ranking": "April 2015",
    "birth_date": "1991-5-7"
}