{
    "name": "Misaki Kobayashi",
    "country": "JPN",
    "residence": "Kanagawa, Japan",
    "birth_place": "Tokyo, Japan",
    "turnedpro": "2005",
    "retired": "Active",
    "plays": "Right Handed",
    "coach": "Khoo Teng Hin & Yoshihiro Watanabe",
    "racquet": "Head",
    "event": "Women's singles",
    "highest_ranking": "No. 29",
    "date_of_highest_ranking": "January, 2014",
    "current_ranking": "No. 38",
    "date_of_current_ranking": "November, 2016",
    "titles": "4",
    "finals": "5",
    "birth_date": "1990-1-16",
    "medaltemplates": [
        "Sport: Women's squash",
        "Country: {{JPN}}",
        "Competition: Asian Games",
        "Bronze Medal: 2018 Jakarta Team"
    ]
}