{
    "name": "Mohamed El Shorbagy",
    "nickname": "The Beast of Alexandria",
    "country": "ENG   EGY",
    "residence": "Bristol, England",
    "University": "University of the West Englnad, Bristol",
    "birth_place": "Alexandria, Egypt",
    "height": "cm=185",
    "weight": "82",
    "turnedpro": "2006",
    "retired": "Active",
    "plays": "Right-handed",
    "coach": "Jonah Barrington, David Palmer, Hadrian Stiff, Graeme Williams, Rodney Martin",
    "racquet": "Tecnifibre Carboflex 125 X-top",
    "website": "shorbagysquash",
    "event": "Men's singles",
    "highest_ranking": "World No. 1",
    "date_of_highest_ranking": "November 2014",
    "current_ranking": "World No. 2",
    "date_of_current_ranking": "May 2023",
    "titles": "49",
    "finals": "76",
    "birth_date": "1991-1-12",
    "medaltemplates": [
        "Sport: Men's squash",
        "Country: {{EGY}}",
        "Competition: World Championships",
        "Gold Medal: 2017 Manchester Singles",
        "Silver Medal: 2012 Doha Singles",
        "Silver Medal: 2014 Doha Singles",
        "Silver Medal: 2020\u201321 Chicago Singles",
        "Silver Medal: 2022 Cairo Singles",
        "Bronze Medal: 2013 Manchester Singles",
        "Bronze Medal: 2016 Cairo Singles",
        "Bronze Medal: 2018\u201319 Chicago Singles",
        "Bronze Medal: 2019\u201320 Doha Singles",
        "Bronze Medal: 2023 Chicago Singles",
        "Competition: World Team Championships",
        "Gold Medal: 2011 Paderborn Team",
        "Competition: British Open",
        "Gold Medal: 2015 Hull Singles",
        "Gold Medal: 2016 Hull Singles",
        "Gold Medal: 2019 Hull Singles"
    ],
    "WorldOpenresult": {
        "2012": "2012 Men's World Open Squash Championship",
        "2014": "2014 Men's World Open Squash Championship",
        "2017": "2017 Men's World Open Squash Championship"
    }
}