{
    "name": "Mohamed Abouelghar",
    "country": "EGY",
    "residence": "Giza, Egypt",
    "birth_place": "Cairo, Egypt",
    "height": "m=1.78",
    "weight": "70",
    "turnedpro": "2009",
    "retired": "Active",
    "plays": "Right Handed",
    "coach": "Akram Yousef Mohamed Farid Samy Farag",
    "racquet": "Prince",
    "event": "Men's singles",
    "highest_ranking": "No. 7",
    "date_of_highest_ranking": "June 2019",
    "current_ranking": "No. 11",
    "date_of_current_ranking": "July 2020",
    "titles": "10",
    "finals": "16",
    "birth_date": "1993-10-1",
    "medaltemplates": [
        "Sport: Men's squash",
        "Country: {{EGY}}",
        "Competition: World Team Championships",
        "Gold Medal: 2019 Washington D.C. Team"
    ]
}