{
    "name": "Mohammad Al Sarraj",
    "country": "JOR",
    "residence": "Amman jordan",
    "birth_place": "Amman, Jordan",
    "height": "182",
    "weight": "76",
    "turnedpro": "2016",
    "retired": "Retired",
    "plays": "RightHanded",
    "coach": "Abdel raoof hijazi",
    "racquet": "Tecnifibre",
    "event": "Men's singles",
    "highest_ranking": "No. 82",
    "date_of_highest_ranking": "November 2017",
    "current_ranking": "No. 92",
    "date_of_current_ranking": "February 2018",
    "birth_date": "1998-11-6"
}