{
    "name": "Mohamed El-Gawarhy",
    "nickname": "Momo",
    "country": "Egypt",
    "residence": "Cairo, Egypt",
    "birth_place": "Cairo, Egypt",
    "height": "m=1.73",
    "weight": "73",
    "turnedpro": "2014",
    "retired": "Active",
    "coach": "Omar Abdelaziz",
    "racquet": "Tecnifibre",
    "event": "Men's singles",
    "highest_ranking": "No. 108",
    "date_of_highest_ranking": "July, 2015",
    "current_ranking": "No. 205",
    "date_of_current_ranking": "August, 2014",
    "birth_date": "1996-1-26"
}