{
    "name": "Mohamed Reda",
    "full_name": "Mohamed Ali Anwar Reda",
    "country": "EGY",
    "residence": "Cairo, Egypt",
    "birth_place": "Cairo, Egypt",
    "height": "m=1.77",
    "weight": "70",
    "turnedpro": "2005",
    "retired": "Active",
    "plays": "Right Handed",
    "coach": "Ahmed El Matany",
    "racquet": "Head",
    "event": "Men's singles",
    "highest_ranking": "No. 23",
    "date_of_highest_ranking": "October, 2011",
    "current_ranking": "No. 40",
    "date_of_current_ranking": "September, 2013",
    "titles": "11",
    "finals": "14",
    "birth_date": "1989-4-16"
}