{
    "name": "Nafiizwan Adnan",
    "fullname": "Mohamad Nafiizwan bin Mohamad Adnan",
    "nickname": "Wan a.k.a The Komodo (Biawak Nakal)",
    "country": "MAS",
    "residence": "Kuala Lumpur, Malaysia",
    "birth_place": "Kuala Terengganu, Terengganu, Malaysia",
    "height": "m=1.79",
    "turnedpro": "2004",
    "retired": "2019",
    "coach": "Peter Genever",
    "racquet": "Head",
    "event": "Men's Singles",
    "years_active": "1998-2019",
    "highest_ranking": "No. 26",
    "date_of_highest_ranking": "May 2017",
    "current_ranking": "No. 35",
    "date_of_current_ranking": "April 2018",
    "titles": "6",
    "finals": "16",
    "birth_date": "1986-4-24",
    "medaltemplates": [
        "Sport: Men's squash",
        "Country: {{MAS}}",
        "Competition: Commonwealth Games",
        "Bronze Medal: 2018 Gold Coast Singles",
        "Competition: Asian Games",
        "Gold Medal: 2018 Jakarta-Palembang Team",
        "Silver Medal: 2010 Guangzhou Team",
        "Silver Medal: 2014 Incheon Team",
        "Bronze Medal: 2018 Jakarta-Palembang Singles"
    ]
}