{
    "name": "Mohd Azlan Iskandar",
    "fullname": "Mohamad Azlan bin Iskandar",
    "country": "MAS",
    "birth_place": "Sarawak, Malaysia",
    "height": "ft=5",
    "weight": "76",
    "turnedpro": "2000",
    "retired": "2012",
    "plays": "Right Handed",
    "coach": "Peter Genever",
    "racquet": "Head",
    "event": "Men's singles",
    "highest_ranking": "No. 10",
    "date_of_highest_ranking": "March 2011",
    "titles": "13",
    "finals": "24",
    "birth_date": "1982-6-1",
    "medaltemplates": [
        "Sport: Men's squash",
        "Country: {{MAS}}",
        "Competition: Asian Games",
        "Gold Medal: 2010 Guangzhou Singles",
        "Silver Medal: 2010 Guangzhou Team",
        "Silver Medal: 2014 Incheon Team",
        "Bronze Medal: 2006 Doha Singles",
        "Competition: World Games",
        "Bronze Medal: 2009 Kaohsiung Singles"
    ]
}