{
    "name": "Mohd Shoaib Hassan",
    "full_name": "Muhammad Shoaib Hassan",
    "country": "PAK",
    "residence": "Lahore, Pakistan",
    "birth_place": "Lahore, Pakistan",
    "height": "m=1.2",
    "weight": "43",
    "turnedpro": "2007",
    "retired": "Active",
    "coach": "Fahim Gul",
    "racquet": "Dunlop",
    "event": "Men's singles",
    "highest_ranking": "No. 168",
    "date_of_highest_ranking": "July, 2008",
    "current_ranking": "No. 360",
    "date_of_current_ranking": "December, 2009",
    "birth_date": "1990-5-27"
}