{
    "name": "Mohammad Syafiq Kamal",
    "full_name": "Mohammad Syafiq Bin Mohd Kamal",
    "country": "MAS",
    "birth_place": "Kota Bahru, Malaysia",
    "retired": "Active",
    "plays": "Left Handed",
    "racquet": "Tecnifibre",
    "highest_ranking": "No. 84",
    "date_of_highest_ranking": "February 2018",
    "current_ranking": "No. 84",
    "date_of_current_ranking": "February, 2018",
    "birth_date": "1996-08-01",
    "medaltemplates": [
        "Sport: Men's squash",
        "Country: {{MAS}}",
        "Competition: Asian Games",
        "Gold Medal: 2018 Jakarta-Palembang Team",
        "Silver Medal: 2022 Hangzhou Mixed doubles",
        "Bronze Medal: 2022 Hangzhou Team"
    ]
}