{
    "name": "\u00d6zg\u00fcr Can \u00d6zcan",
    "birth_place": "Manavgat, Antalya, Turkey",
    "height": "1.89 m",
    "position": "Forward",
    "currentclub": "K\u0131rklarelispor",
    "clubnumber": "19",
    "years18": "2021\u20132022",
    "caps18": "11",
    "goals18": "3",
    "clubs18": "\u015eanl\u0131urfaspor",
    "years19": "2022",
    "caps19": "13",
    "goals19": "0",
    "clubs19": "Tarsus \u0130dman Yurdu",
    "years20": "2022\u20132023",
    "caps20": "24",
    "goals20": "8",
    "clubs20": "Nev\u015fehir Belediyespor",
    "years21": "2023\u2013",
    "caps21": "3",
    "goals21": "0",
    "clubs21": "K\u0131rklarelispor",
    "club-update": "23 September 2023",
    "senior": {
        "Galatasaray": {
            "years": "2004\u20132010",
            "goals": "0",
            "caps": "3"
        },
        "\u2192 Kayserispor (loan)": {
            "years": "2007",
            "goals": "3",
            "caps": "8"
        },
        "\u2192 Gaziantepspor (loan)": {
            "years": "2008",
            "goals": "0",
            "caps": "9"
        },
        "\u2192 Sakaryaspor (loan)": {
            "years": "2008\u20132009",
            "goals": "17",
            "caps": "31"
        },
        "\u2192 \u00c7aykur Rizespor (loan)": {
            "years": "2009\u20132010",
            "goals": "1",
            "caps": "24"
        },
        "Adanaspor": {
            "years": "2010\u20132011",
            "goals": "1",
            "caps": "12"
        },
        "Kar\u015f\u0131yaka": {
            "years": "2011\u20132012",
            "goals": "4",
            "caps": "28"
        },
        "Denizlispor": {
            "years": "2012\u20132013",
            "goals": "0",
            "caps": "3"
        },
        "Akhisar Belediyespor": {
            "years": "2013\u20132014",
            "goals": "0",
            "caps": "1"
        },
        "\u2192 Tav\u015fanl\u0131 Linyitspor (loan)": {
            "years": "2014",
            "goals": "6",
            "caps": "16"
        },
        "Adana Demirspor": {
            "years": "2014\u20132016",
            "goals": "11",
            "caps": "36"
        },
        "Boluspor": {
            "years": "2018\u20132019",
            "goals": "7",
            "caps": "27"
        },
        "Giresunspor": {
            "years": "2019\u20132020",
            "goals": "5",
            "caps": "30"
        },
        "Gazi\u015fehir Gaziantep": {
            "years": "2017\u20132018",
            "goals": "12",
            "caps": "33"
        },
        "Tuzlaspor": {
            "years": "2020\u20132021",
            "goals": "2",
            "caps": "19"
        }
    },
    "national": {
        "Turkey U15": {
            "years": "2002",
            "goals": "1",
            "caps": "2"
        },
        "Turkey U16": {
            "years": "2003\u20132004",
            "goals": "15",
            "caps": "23"
        },
        "Turkey U17": {
            "years": "2004\u20132005",
            "goals": "12",
            "caps": "26"
        },
        "Turkey U18": {
            "years": "2005\u20132006",
            "goals": "2",
            "caps": "5"
        },
        "Turkey U19": {
            "years": "2006\u20132007",
            "goals": "2",
            "caps": "10"
        },
        "Turkey U21": {
            "years": "2006\u20132008",
            "goals": "1",
            "caps": "8"
        }
    },
    "youth_career": {
        "Manavgat Belediyespor": "1999\u20132002",
        "Galatasaray": "2002\u20132006"
    },
    "birth_date": "1988-4-10"
}