{
    "name": "\u00c5ge Hareide",
    "full_name": "\u00c5ge Fridtjof Hareide",
    "birth_place": "Hareid, Norway",
    "position": "Defender",
    "currentclub": "Iceland (head coach)",
    "totalcaps": "266",
    "totalgoals": "35",
    "senior": {
        "H\u00f8dd": {
            "years": "1970\u20131975",
            "goals": "2",
            "caps": "37"
        },
        "Molde": {
            "years": "1984\u20131987",
            "goals": "10",
            "caps": "72"
        },
        "Manchester City": {
            "years": "1981\u20131982",
            "goals": "0",
            "caps": "24"
        },
        "Norwich City": {
            "years": "1982\u20131984",
            "goals": "2",
            "caps": "40"
        }
    },
    "national": {
        "Norway": {
            "years": "1976\u20131986",
            "goals": "5",
            "caps": "50"
        }
    },
    "manager_career": {
        "Molde": "1993\u20131997",
        "Helsingborg": "1998\u20131999",
        "Br\u00f8ndby": "2000\u20132002",
        "Rosenborg": "2020\u20132021",
        "Norway": "2003\u20132008",
        "\u00d6rgryte": "2009",
        "Viking": "2009\u20132012",
        "Helsingborg (caretaker)": "2012",
        "Malm\u00f6 FF": "2014\u20132015",
        "Denmark": "2016\u20132020",
        "Malm\u00f6 FF (caretaker)": "2022",
        "Iceland ": "2023\u2013"
    },
    "birth_date": "1953-9-23"
}