{
    "name": "\u00d3scar Ram\u00edrez",
    "full_name": "\u00d3scar Antonio Ram\u00edrez Hern\u00e1ndez",
    "birth_place": "San Antonio de Bel\u00e9n, Costa Rica",
    "height": "1.68 m",
    "position": "Midfielder",
    "years1": "1983\u20131993",
    "clubs1": "Alajuelense",
    "goals1": "31",
    "years2": "1993\u20131995",
    "clubs2": "Saprissa",
    "years5": "1999\u20132000",
    "clubs5": "Guanacasteca",
    "totalcaps": "557",
    "totalgoals": "43",
    "senior": {
        "Bel\u00e9n": {
            "years": "1995\u20131997",
            "goals": "6",
            "caps": "74"
        },
        "Saprissa": {
            "years": "1997\u20131999",
            "goals": "6",
            "caps": "167"
        }
    },
    "national": {
        "Costa Rica": {
            "years": "1985\u20131997",
            "goals": "6",
            "caps": "75"
        }
    },
    "manager_career": {
        "Bel\u00e9n": "2002",
        "Costa Rica (assistant)": "2006\u20132008",
        "Santos de Gu\u00e1piles": "2008\u20132010",
        "Alajuelense": "2013\u20132015",
        "Costa Rica ": "2015\u20132018"
    },
    "birth_date": "1964-12-8"
}