{
    "name": "\u00dcmit \u00d6zat",
    "upright": "0.9",
    "birth_place": "Ankara, Turkey",
    "height": "1.86 m",
    "position": "Defender, midfielder",
    "totalcaps": "416",
    "totalgoals": "24",
    "senior": {
        "Ke\u00e7i\u00f6reng\u00fcc\u00fc": {
            "years": "1994\u20131995",
            "goals": "0",
            "caps": "25"
        },
        "Gen\u00e7lerbirli\u011fi": {
            "years": "1995\u20132001",
            "goals": "11",
            "caps": "150"
        },
        "\u2192 Bursaspor (loan)": {
            "years": "2000\u20132001",
            "goals": "1",
            "caps": "24"
        },
        "Fenerbah\u00e7e": {
            "years": "2001\u20132007",
            "goals": "12",
            "caps": "182"
        },
        "1. FC K\u00f6ln": {
            "years": "2007\u20132009",
            "goals": "0",
            "caps": "35"
        }
    },
    "national": {
        "Turkey U21": {
            "years": "1996\u20131997",
            "goals": "0",
            "caps": "7"
        },
        "Turkey Olympic": {
            "years": "1997",
            "goals": "1",
            "caps": "5"
        },
        "Turkey": {
            "years": "2000\u20132005",
            "goals": "1",
            "caps": "41"
        }
    },
    "manager_career": {
        "Ankarag\u00fcc\u00fc": "2010\u20132011",
        "Manisaspor": "2012",
        "Elaz\u0131\u011fspor": "2021",
        "Boluspor": "2015",
        "Samsunspor": "2015\u20132016",
        "Mersin \u0130dman Yurdu": "2016",
        "Gen\u00e7lerbirli\u011fi": "2017\u20132018",
        "Giresunspor": "2019",
        "Adana Demirspor": "2020",
        "\u010celik Zenica": "2019\u20132020"
    },
    "youth_career": {
        "Ke\u00e7i\u00f6reng\u00fcc\u00fc": "0000\u20131995"
    },
    "birth_date": "1976-10-30",
    "medaltemplates": [
        "Country: {{TUR}}",
        "Competition: Mediterranean Games",
        "Sport: Men's Football",
        "Silver Medal: 1997 Bari Team Competition",
        "Competition: FIFA World Cup"
    ]
}