{
    "name": "\u00c9lie Baup",
    "fullname": "\u00c9lie Baup",
    "birth_place": "Saint-Gaudens, France",
    "height": "1.84m",
    "position": "Goalkeeper Baup played for the Toulouse youth team  in 1970\u20131974. He also played for US Larroque (1966\u20131970), SO Mazamet (1974\u20131978) and AS Muret (1978\u20131981),  but there is no information about appearances and goals.",
    "manager_career": {
        "Saint-\u00c9tienne": "2004\u20132006",
        "Bordeaux": "1998\u20132003",
        "Toulouse": "2006\u20132008",
        "Nantes": "2008\u20132009",
        "Marseille ": "2012\u20132013"
    },
    "birth_date": "1955-3-17"
}