{
    "name": "\u00c1lvaro Sabor\u00edo",
    "fullname": "\u00c1lvaro Alberto Sabor\u00edo Chac\u00f3n",
    "birth_place": "Ciudad Quesada, Costa Rica",
    "height": "1.83 m",
    "position": "Forward",
    "currentclub": "San Carlos",
    "clubnumber": "9",
    "youthclubs1": "Monterrey B",
    "youthclubs2": "Coyotes de Saltillo",
    "pcupdate": "09:37, 21 March 2022 (UTC)",
    "ntupdate": "13 October 2021 ",
    "senior": {
        "Saprissa": {
            "years": "2017",
            "goals": "1",
            "caps": "4"
        },
        "Sion": {
            "years": "2006\u20132010",
            "goals": "36",
            "caps": "87"
        },
        "\u2192 Bristol City (loan)": {
            "years": "2009\u20132010",
            "goals": "2",
            "caps": "19"
        },
        "\u2192 Real Salt Lake (loan)": {
            "years": "2010",
            "goals": "12",
            "caps": "27"
        },
        "Real Salt Lake": {
            "years": "2011\u20132015",
            "goals": "51",
            "caps": "100"
        },
        "D.C. United": {
            "years": "2015\u20132016",
            "goals": "10",
            "caps": "31"
        },
        "San Carlos": {
            "years": "2023-",
            "goals": "2",
            "caps": "8"
        },
        "\u2192 Alajuelense (loan)": {
            "years": "2020",
            "goals": "6",
            "caps": "18"
        }
    },
    "national": {
        "Costa Rica U23": {
            "years": "2004",
            "goals": "13",
            "caps": "15"
        },
        "Costa Rica": {
            "years": "2002\u20132021",
            "goals": "36",
            "caps": "112"
        }
    },
    "birth_date": "1982-3-25"
}