{
    "name": "\u00d3lafur \u00d6rn Bjarnason",
    "birth_place": "Grindav\u00edk, Iceland",
    "height": "1.88",
    "currentclub": "Fram",
    "position": "centre back",
    "pcupdate": "28 September 2013",
    "senior": {
        "Grindav\u00edk": {
            "years": "2010\u20132012",
            "goals": "1",
            "caps": "51"
        },
        "Malm\u00f6 FF": {
            "years": "1998\u20132000",
            "goals": "2",
            "caps": "23"
        },
        "Brann": {
            "years": "2004\u20132010",
            "goals": "11",
            "caps": "151"
        },
        "Fram": {
            "years": "2013",
            "goals": "0",
            "caps": "13"
        }
    },
    "national": {
        "Iceland U-21": {
            "years": "1996\u20131997",
            "goals": "1",
            "caps": "4"
        },
        "Iceland": {
            "years": "1998\u20132007",
            "goals": "0",
            "caps": "27"
        }
    },
    "manager_career": {
        "Grindav\u00edk": "2010\u20132011",
        "FK Fyllingsdalen": "2014\u20132016",
        "Egersunds IK ": "2017\u2013"
    },
    "youth_career": {
        "Grindav\u00edk": "1994"
    },
    "birth_date": "1975-5-15"
}