{
    "name": "\u00c1lvaro Pe\u00f1a",
    "full_name": "Guillermo \u00c1lvaro Pe\u00f1a Pe\u00f1a",
    "height": "1.78 m",
    "birth_place": "Santa Cruz de la Sierra, Bolivia",
    "position": "Striker",
    "youthclubs1": "Academ\u00eda Tahuichi",
    "years1": "1987\u20131989",
    "years2": "1990\u20131992",
    "years5": "1995",
    "years6": "1996",
    "years7": "1997",
    "years8": "1998",
    "years9": "1999",
    "years10": "2000",
    "years11": "2001\u20132002",
    "years12": "2002\u20132003",
    "clubs1": "Blooming",
    "clubs2": "San Jos\u00e9",
    "clubs5": "Bol\u00edvar",
    "clubs6": "Real Santa Cruz",
    "clubs7": "Destroyers",
    "clubs8": "Oriente Petrolero",
    "clubs9": "The Strongest",
    "clubs10": "Bol\u00edvar",
    "clubs11": "Mariscal Braun",
    "clubs12": "Club Iberoamericana",
    "senior": {
        "Temuco": {
            "years": "1993\u20131994",
            "goals": "7",
            "caps": "29"
        },
        "Cortulu\u00e1": {
            "years": "1995",
            "goals": "6",
            "caps": "18"
        }
    },
    "national": {
        "Bolivia": {
            "years": "1987\u20131996",
            "goals": "4",
            "caps": "43"
        }
    },
    "manager_career": {
        "Oriente Petrolero": "2004\u20132005",
        "Destroyers": "2006",
        "Blooming": "2006\u20132007",
        "Dynamo Kyiv (youth)": "2007\u20132013",
        "Guabir\u00e1": "2014",
        "San Jos\u00e9": "2014",
        "Jorge Wilstermann": "2022",
        "Real Santa Cruz (assistant)": "2019\u20132021",
        "Nacional Potos\u00ed": "2021",
        "Real Tomayapo": "2021",
        "Independiente Petrolero ": "2023"
    },
    "birth_date": "1965-2-11"
}