{
    "name": "\u00dcmit Davala",
    "full_name": "\u00dcmit Ayd\u0131n Davala",
    "birth_place": "Mannheim, West Germany",
    "height": "1.86 m",
    "position": "Defend",
    "totalcaps": "223",
    "totalgoals": "25",
    "senior": {
        "T\u00fcrkspor Mannheim": {
            "years": "1992\u20131994",
            "goals": "0",
            "caps": "0"
        },
        "Afyonkarahisarspor": {
            "years": "1994",
            "goals": "3",
            "caps": "11"
        },
        "\u0130stanbulspor": {
            "years": "1995\u20131996",
            "goals": "6",
            "caps": "21"
        },
        "\u2192 Diyarbak\u0131rspor (loan)": {
            "years": "1996",
            "goals": "2",
            "caps": "15"
        },
        "Galatasaray": {
            "years": "1996\u20132001",
            "goals": "15",
            "caps": "125"
        },
        "AC Milan": {
            "years": "2001\u20132002",
            "goals": "0",
            "caps": "10"
        },
        "Inter Milan": {
            "years": "2002\u20132004",
            "goals": "0",
            "caps": "0"
        },
        "\u2192 Galatasaray (loan)": {
            "years": "2002\u20132003",
            "goals": "1",
            "caps": "23"
        },
        "\u2192 Werder Bremen (loan)": {
            "years": "2003\u20132004",
            "goals": "0",
            "caps": "22"
        },
        "Werder Bremen": {
            "years": "2004\u20132005",
            "goals": "0",
            "caps": "11"
        }
    },
    "national": {
        "Turkey": {
            "years": "1996\u20132004",
            "goals": "4",
            "caps": "41"
        }
    },
    "youth_career": {
        "VfR Mannheim": "1981\u20131990",
        "ASV Feudenheim": "1990\u20131992"
    },
    "birth_date": "1973-7-30",
    "medaltemplates": [
        "Country: Turkey",
        "Bronze Medal: FIFA World Cup 2002"
    ]
}