{
    "name": "\u00dcmit Karan",
    "height": "meters=1.81",
    "birth_place": "West Berlin, West Germany",
    "currentclub": "Menemenspor (manager)",
    "position": "Striker",
    "youthclubs1": "SC Minerva 93",
    "youthclubs2": "Hertha Zehlendorf",
    "years1": "1995\u20131996",
    "clubs1": "T\u00fcrkiyemspor Berlin",
    "senior": {
        "Gen\u00e7lerbirli\u011fi": {
            "years": "1996\u20132001",
            "goals": "50",
            "caps": "136"
        },
        "Galatasaray": {
            "years": "2001\u20132009",
            "goals": "72",
            "caps": "170"
        },
        "\u2192 Ankaraspor (loan)": {
            "years": "2005",
            "goals": "5",
            "caps": "12"
        },
        "Eski\u015fehirspor": {
            "years": "2009\u20132011",
            "goals": "11",
            "caps": "41"
        }
    },
    "national": {
        "Turkey": {
            "years": "1999\u20132007",
            "goals": "3",
            "caps": "10"
        }
    },
    "manager_career": {
        "Shkupi": "2020",
        "Menemenspor ": "2021"
    },
    "birth_date": "1976-10-1"
}