{
    "name": "\u00d8rjan Berg",
    "birth_place": "Bod\u00f8, Norway",
    "height": "1.72 m",
    "position": "Midfielder",
    "totalcaps": "397",
    "totalgoals": "56",
    "senior": {
        "Bod\u00f8/Glimt": {
            "years": "1994\u20131999",
            "goals": "10",
            "caps": "97"
        },
        "Rosenborg": {
            "years": "1999\u20132006",
            "goals": "10",
            "caps": "123"
        },
        "FC Wettingen": {
            "years": "1990\u20131992",
            "goals": "5",
            "caps": "23"
        },
        "1860 Munich": {
            "years": "1992",
            "goals": "0",
            "caps": "8"
        },
        "FC Basel": {
            "years": "1992\u20131994",
            "goals": "18",
            "caps": "65"
        }
    },
    "national": {
        "Norway": {
            "years": "1988\u20132000",
            "goals": "1 ",
            "caps": "19"
        }
    },
    "birth_date": "1968-8-20"
}