{
    "name": "\u00d3scar Mi\u00f1ambres",
    "fullname": "\u00d3scar Mi\u00f1ambres Pascual",
    "birth_place": "Fuenlabrada, Spain",
    "height": "m=1.75",
    "position": "Right-back, midfielder",
    "years1": "1999\u20132000",
    "clubs1": "Real Madrid C",
    "totalcaps": "85",
    "totalgoals": "5",
    "senior": {
        "Real Madrid B": {
            "years": "2000\u20132002",
            "goals": "5",
            "caps": "62"
        },
        "Real Madrid": {
            "years": "2002\u20132007",
            "goals": "0",
            "caps": "18"
        },
        "\u2192 Espanyol (loan)": {
            "years": "2004\u20132005",
            "goals": "0",
            "caps": "5"
        },
        "H\u00e9rcules": {
            "years": "2007",
            "goals": "0",
            "caps": "0"
        }
    },
    "national": {
        "Spain U21": {
            "years": "2002\u20132003",
            "goals": "0  ",
            "caps": "11"
        }
    },
    "youth_career": {
        "Real Madrid": "1994\u20131999"
    },
    "birth_date": "1981-1-1"
}