{
    "name": "\u00d3lafur Ingi Sk\u00falason",
    "fullname": "\u00d3lafur Ingi Sk\u00falason url=https://tournament.fifadata.com/documents/FWC/2018/pdf/FWC_2018_SQUADLISTS.PDF ",
    "birth_place": "Reykjav\u00edk, Iceland",
    "height": "1.84 m",
    "currentclub": "Iceland U-19 (head coach)",
    "position": "Midfielder",
    "youthclubs1": "Fylkir",
    "totalcaps": "332",
    "totalgoals": "16",
    "senior": {
        "Fylkir": {
            "years": "2018\u20132020",
            "goals": "2",
            "caps": "39"
        },
        "Arsenal": {
            "years": "2001\u20132005",
            "goals": "0",
            "caps": "0"
        },
        "\u2192 Fylkir (loan)": {
            "years": "2003",
            "goals": "1",
            "caps": "14"
        },
        "Brentford": {
            "years": "2005\u20132007",
            "goals": "1",
            "caps": "16"
        },
        "Helsingborgs IF": {
            "years": "2007\u20132009",
            "goals": "0",
            "caps": "37"
        },
        "S\u00f8nderjyskE": {
            "years": "2010\u20132011",
            "goals": "3",
            "caps": "41"
        },
        "Zulte Waregem": {
            "years": "2011\u20132015",
            "goals": "6",
            "caps": "99"
        },
        "Gen\u00e7lerbirli\u011fi": {
            "years": "2015\u20132016",
            "goals": "0",
            "caps": "25"
        },
        "Karab\u00fckspor": {
            "years": "2016\u20132018",
            "goals": "3",
            "caps": "41"
        }
    },
    "national": {
        "Iceland U-17": {
            "years": "1999",
            "goals": "1",
            "caps": "9"
        },
        "Iceland U-19": {
            "years": "2000\u20132001",
            "goals": "0",
            "caps": "9"
        },
        "Iceland U-21": {
            "years": "2002\u20132005",
            "goals": "0",
            "caps": "12"
        },
        "Iceland": {
            "years": "2003\u20132018",
            "goals": "1",
            "caps": "36"
        }
    },
    "manager_career": {
        "Iceland women's U-15": "2021\u2013",
        "Iceland U-19 ": "2021\u2013"
    },
    "birth_date": "1983-4-1"
}