{
    "name": "Oscar Rojas",
    "fullname": "Oscar Emilio Rojas Ruiz",
    "birth_place": "San Jos\u00e9, Costa Rica",
    "height": "1.73 m",
    "position": "Midfielder",
    "years1": "1999\u20132000",
    "clubs1": "Carmelita",
    "years18": "2017",
    "clubs18": "Municipal Grecia",
    "caps18": "8",
    "goals18": "1",
    "pcupdate": "9 January 2018",
    "senior": {
        "La Piedad": {
            "years": "2000\u20132002",
            "goals": "8",
            "caps": "27"
        },
        "Tigrillos Saltillo": {
            "years": "2002",
            "goals": "2",
            "caps": "15"
        },
        "Irapuato": {
            "years": "2003",
            "goals": "2",
            "caps": "7"
        },
        "Dorados": {
            "years": "2003\u20132005",
            "goals": "10",
            "caps": "57"
        },
        "Veracruz": {
            "years": "2005\u20132006",
            "goals": "2",
            "caps": "33"
        },
        "Jaguares": {
            "years": "2006\u20132008",
            "goals": "13",
            "caps": "74"
        },
        "Morelia": {
            "years": "2009\u2013",
            "goals": "0",
            "caps": "13"
        },
        "\u2192 M\u00e9rida (loan)": {
            "years": "2009\u20132010",
            "goals": "7",
            "caps": "31"
        },
        "\u2192 Indios (loan)": {
            "years": "2010\u20132011",
            "goals": "3",
            "caps": "27"
        },
        "\u2192 Neza (loan)": {
            "years": "2011",
            "goals": "0",
            "caps": "14"
        },
        "\u2192 Herediano (loan)": {
            "years": "2012",
            "goals": "2",
            "caps": "17"
        },
        "\u2192 La Piedad (loan)": {
            "years": "2012\u20132013",
            "goals": "7",
            "caps": "25"
        },
        "Estudiantes Altamira": {
            "years": "2014\u20132015",
            "goals": "2",
            "caps": "24"
        },
        "\u2192 Zacatepec XII (loan)": {
            "years": "2015",
            "goals": "1",
            "caps": "12"
        },
        "Venados": {
            "years": "2015\u20132016",
            "goals": "2",
            "caps": "15"
        },
        "SC Corinthians USA": {
            "years": "2016\u20132017",
            "goals": "?",
            "caps": "?"
        }
    },
    "national": {
        "Costa Rica": {
            "years": "2001\u20132012",
            "goals": "1",
            "caps": "28"
        }
    },
    "birth_date": "1979-04-27"
}