{
    "name": "\u00d8yvind Leonhardsen",
    "fullname": "\u00d8yvind Leonhardsen",
    "birth_place": "Kristiansund, Norway",
    "height": "1.77 m",
    "position": "Midfielder",
    "totalcaps": "402",
    "totalgoals": "68",
    "senior": {
        "Molde": {
            "years": "1989\u20131991",
            "goals": "9",
            "caps": "64"
        },
        "Rosenborg": {
            "years": "1992\u20131994",
            "goals": "20",
            "caps": "63"
        },
        "Wimbledon": {
            "years": "1994\u20131997",
            "goals": "13",
            "caps": "78"
        },
        "Liverpool": {
            "years": "1997\u20131999",
            "goals": "7",
            "caps": "37"
        },
        "Tottenham Hotspur": {
            "years": "1999\u20132002",
            "goals": "7",
            "caps": "54"
        },
        "Aston Villa": {
            "years": "2002\u20132003",
            "goals": "3",
            "caps": "19"
        },
        "Lyn": {
            "years": "2004\u20132005",
            "goals": "2",
            "caps": "46"
        },
        "Str\u00f8msgodset": {
            "years": "2006\u20132007",
            "goals": "7",
            "caps": "41"
        }
    },
    "national": {
        "Norway": {
            "years": "1990\u20132003",
            "goals": "19",
            "caps": "86"
        }
    },
    "manager_career": {
        "Lyn (youth)": "2009\u20132011",
        "Stab\u00e6k (youth)": "2012\u20132017",
        "Mj\u00f8ndalen (assistant) ": "2018\u2013"
    },
    "youth_career": {
        "Clausenengen FK": "1987\u20131989"
    },
    "birth_date": "1970-8-17"
}