{
    "name": "\u00d3scar Pareja",
    "fullname": "\u00d3scar Alexander Pareja G\u00f3mez",
    "birth_place": "Medellin, Colombia",
    "height": "m=1.73",
    "position": "Midfielder",
    "currentclub": "Orlando City SC (head coach)",
    "totalcaps": "568",
    "totalgoals": "42",
    "senior": {
        "Independiente Medell\u00edn": {
            "years": "1987\u20131995",
            "goals": "18",
            "caps": "263"
        },
        "Deportivo Cali": {
            "years": "1995\u20131998",
            "goals": "11",
            "caps": "122"
        },
        "New England Revolution": {
            "years": "1998",
            "goals": "0",
            "caps": "13"
        },
        "FC Dallas": {
            "years": "1998\u20132005",
            "goals": "13",
            "caps": "170"
        }
    },
    "national": {
        "Colombia": {
            "years": "1991\u20131996",
            "goals": "3",
            "caps": "11"
        }
    },
    "manager_career": {
        "FC Dallas (assistant)": "2008\u20132011",
        "United States U-17 (assistant)": "2007\u20132008",
        "Colorado Rapids": "2012\u20132014",
        "FC Dallas": "2014\u20132018",
        "Tijuana": "2018\u20132019",
        "Orlando City SC ": "2019\u2013"
    },
    "birth_date": "1968-8-10"
}