{
    "name": "\u00c1lvaro Mej\u00eda",
    "fullname": "\u00c1lvaro Mej\u00eda P\u00e9rez url=https://www.elmundo.es/elmundodeporte/envivos/fichas/1/136/3976.html",
    "birth_place": "Madrid, Spain",
    "height": "1.81",
    "position": "Defender",
    "totalcaps": "440",
    "totalgoals": "9",
    "senior": {
        "Real Madrid C": {
            "years": "2001\u20132002",
            "goals": "1",
            "caps": "10"
        },
        "Real Madrid B": {
            "years": "2002\u20132004",
            "goals": "0",
            "caps": "49"
        },
        "Real Madrid": {
            "years": "2004\u20132007",
            "goals": "1",
            "caps": "40"
        },
        "Murcia": {
            "years": "2007\u20132010",
            "goals": "4",
            "caps": "100"
        },
        "Arles-Avignon": {
            "years": "2010\u20132011",
            "goals": "0",
            "caps": "12"
        },
        "Konyaspor": {
            "years": "2011\u20132012",
            "goals": "2",
            "caps": "40"
        },
        "Almer\u00eda": {
            "years": "2012\u20132013",
            "goals": "1",
            "caps": "26"
        },
        "Ergotelis": {
            "years": "2013\u20132014",
            "goals": "0",
            "caps": "26"
        },
        "Al Shahaniya": {
            "years": "2014\u20132020",
            "goals": "0",
            "caps": "137"
        }
    },
    "youth_career": {
        "Las Rozas": "1993\u20131998",
        "Real Madrid": "1998\u20132001"
    },
    "birth_date": "1982-1-18"
}