{
    "name": "\u00c1lvaro Recoba",
    "fullname": "\u00c1lvaro Alex\u00e1nder Recoba Rivero",
    "birth_place": "Montevideo, Uruguay",
    "height": "1.77 m",
    "currentclub": "Nacional (manager)",
    "position": "Attacking midfielder, forward",
    "youthclubs1": "Danubio",
    "totalcaps": "417",
    "totalgoals": "126",
    "ntupdate": "21 October 2023 ",
    "senior": {
        "Danubio": {
            "years": "2010\u20132011",
            "goals": "11",
            "caps": "31"
        },
        "Nacional": {
            "years": "2011\u20132015",
            "goals": "17",
            "caps": "82"
        },
        "Inter Milan": {
            "years": "1997\u20132008",
            "goals": "53",
            "caps": "175"
        },
        "\u2192 Venezia (loan)": {
            "years": "1999",
            "goals": "11",
            "caps": "19"
        },
        "\u2192 Torino (loan)": {
            "years": "2007\u20132008",
            "goals": "1",
            "caps": "22"
        },
        "Panionios": {
            "years": "2008\u20132010",
            "goals": "5",
            "caps": "21"
        }
    },
    "national": {
        "Uruguay": {
            "years": "1995\u20132007",
            "goals": "11",
            "caps": "69"
        }
    },
    "manager_career": {
        "Nacional (assistant)": "2020\u20132022",
        "Nacional B": "2022\u20132023",
        "Nacional": "2023\u2013"
    },
    "birth_date": "1976-3-17"
}