{
    "name": "\u00c1lvaro Ortiz",
    "fullname": "\u00c1lvaro Ortiz Arellano",
    "birth_place": "Mexico City, Mexico",
    "height": "1.78 m.",
    "position": "Defender",
    "totalcaps": "348",
    "totalgoals": "18",
    "senior": {
        "Le\u00f3n": {
            "years": "1998\u20131999",
            "goals": "1",
            "caps": "17"
        },
        "Guadalajara": {
            "years": "1999\u20132000",
            "goals": "1",
            "caps": "7"
        },
        "Necaxa": {
            "years": "2003",
            "goals": "0",
            "caps": "14"
        },
        "Am\u00e9rica": {
            "years": "2003\u20132005",
            "goals": "3",
            "caps": "67"
        },
        "San Luis F.C.": {
            "years": "2005\u20132007",
            "goals": "0",
            "caps": "60"
        },
        "Toluca": {
            "years": "2007\u20132008",
            "goals": "0",
            "caps": "6"
        },
        "Puebla": {
            "years": "2008\u20132012",
            "goals": "2 |years10 = 2012 |clubs10 = Lobos BUAP |caps10 = 2 |goals10 = 0 |years11 = 2013 |clubs11 = San Luis F.C. |caps11 = 8 |goals11 = 1 |years12 = 2013\u20132014 |clubs12 = Chiapas F.C. |caps12 = 6 |goals12 = 0",
            "caps": "79"
        }
    },
    "national": {
        "Mexico": {
            "years": "2000",
            "goals": "0",
            "caps": "3"
        }
    },
    "birth_date": "1978-02-19"
}