{
    "name": "\u00d3scar Rojas",
    "fullname": "\u00d3scar Adri\u00e1n Rojas Castell\u00f3n",
    "birth_place": "Mexico City, Mexico",
    "height": "meter=1.72",
    "position": "Right-back",
    "totalcaps": "486",
    "totalgoals": "11",
    "senior": {
        "Am\u00e9rica": {
            "years": "2001\u20132012",
            "goals": "9",
            "caps": "259"
        },
        "\u2192 San Luis (loan)": {
            "years": "2002\u20132004",
            "goals": "2",
            "caps": "68"
        },
        "\u2192 Pachuca (loan)": {
            "years": "2012\u20132013",
            "goals": "0",
            "caps": "30"
        },
        "Puebla": {
            "years": "2013\u20132018",
            "goals": "0",
            "caps": "129"
        },
        "BUAP": {
            "years": "2018\u20132019",
            "goals": "0",
            "caps": "0"
        }
    },
    "national": {
        "Mexico": {
            "years": "2005\u20132010",
            "goals": "1",
            "caps": "18"
        }
    },
    "manager_career": {
        "Atl\u00e9tico Angel\u00f3polis": "2022",
        "Tlaxcala (assistant)": "2023"
    },
    "birth_date": "1981-8-2",
    "medaltemplates": [
        "Country: {{MEX}}",
        "Sport: Men's Football",
        "Competition: Central American and Caribbean Games",
        "Silver Medal: 2002 San Salvador Team Competition"
    ]
}