{
    "name": "\u00c9mile Mpenza",
    "fullname": "Eka Basunga Lokonda Mpenza",
    "birth_place": "Zellik, Belgium",
    "height": "1.77 m",
    "position": "Striker",
    "totalcaps": "367",
    "totalgoals": "134",
    "senior": {
        "Kortrijk": {
            "years": "1995\u20131996",
            "goals": "5",
            "caps": "32"
        },
        "Mouscron": {
            "years": "1996\u20131997",
            "goals": "12",
            "caps": "31"
        },
        "Standard Li\u00e8ge": {
            "years": "2003\u20132004",
            "goals": "21",
            "caps": "28"
        },
        "Schalke 04": {
            "years": "2000\u20132003",
            "goals": "28",
            "caps": "79"
        },
        "Hamburger SV": {
            "years": "2004\u20132006",
            "goals": "5",
            "caps": "36"
        },
        "Al-Rayyan": {
            "years": "2006\u20132007",
            "goals": "9",
            "caps": "19"
        },
        "Manchester City": {
            "years": "2007\u20132008",
            "goals": "5",
            "caps": "25"
        },
        "Plymouth Argyle": {
            "years": "2008\u20132009",
            "goals": "2",
            "caps": "9"
        },
        "Sion": {
            "years": "2009\u20132010",
            "goals": "21",
            "caps": "31"
        },
        "Neftchi Baku": {
            "years": "2010\u20132012",
            "goals": "6",
            "caps": "31"
        },
        "Eendracht Aalst": {
            "years": "2013\u20132014",
            "goals": "0",
            "caps": "0"
        }
    },
    "national": {
        "Belgium U18": {
            "years": "1995\u20131996",
            "goals": "6",
            "caps": "7"
        },
        "Belgium U19": {
            "years": "1995",
            "goals": "0",
            "caps": "7"
        },
        "Belgium U21": {
            "years": "1996",
            "goals": "0",
            "caps": "3"
        },
        "Belgium": {
            "years": "1997\u20132009",
            "goals": "19 ",
            "caps": "57"
        }
    },
    "youth_career": {
        "LC Mesvins": "1986\u20131989",
        "Kortrijk": "1989\u20131995"
    },
    "birth_date": "1978-07-04"
}