{
    "name": "\u00c1lvaro Santos",
    "fullname": "\u00c1lvaro M\u00e1rcio Santos",
    "birth_place": "S\u00e3o Paulo, Brazil",
    "height": "1.81 m",
    "position": "Forward",
    "currentclub": "FC Helsing\u00f8r (Manager)",
    "youthyears1": "|youthclubs1 = Am\u00e9rica-MG",
    "years1": "1999\u20132000 |clubs1 = Am\u00e9rica-MG    |caps1 = 0   |goals1 = 0",
    "years2": "2000\u20132003 |clubs2 = Helsingborgs IF                          |caps2 = 64  |goals2 = 35",
    "years3": "2003\u20132006 |clubs3 = Copenhagen               |caps3 = 120 |goals3 = 50",
    "years4": "2006\u20132009 |clubs4 = Sochaux           |caps4 = 35  |goals4 = 8",
    "years5": "2007\u20132008 |clubs5 = \u2192 Strasbourg (loan)        |caps5 = 28  |goals5 = 5",
    "years6": "2009\u20132011 |clubs6 = \u00d6rgryte IS                               |caps6 = 41  |goals6 = 17",
    "years7": "2011      |clubs7 = \u2192 GAIS (loan)                            |caps7 = 16  |goals7 = 6",
    "years8": "2011\u20132014 |clubs8 = Helsingborgs IF                          |caps8 = 67  |goals8 = 10",
    "years9": "2018      |clubs9 = H\u00f6gan\u00e4s BK                               |caps9 = 11  |goals9 = 2",
    "nationalyears1": "|nationalteam1 = |nationalcaps1 = |nationalgoals1 =",
    "manager_career": {
        "Helsingborgs IF (U17 assistant)": "2017",
        "Helsingborgs IF (U17 manager)": "2018",
        "Helsingborgs IF (U19 manager)": "2019\u20132022",
        "Helsingborgs IF (assistant)": "2022",
        "Helsingborgs IF": "2022\u20132023",
        "Helsing\u00f8r (assistant)": "2023",
        "Helsing\u00f8r ": "2023\u2013"
    },
    "birth_date": "1980-1-30"
}