{
    "name": "\u00c1rni Gautur Arason",
    "height": "m=1.87",
    "birth_place": "Reykjav\u00edk, Iceland",
    "position": "Goalkeeper",
    "years4": "2003\u20132004",
    "caps4": "1| goals4   = 0",
    "clubs4": "Manchester City",
    "senior": {
        "\u00cdA": {
            "years": "1994\u20131996",
            "goals": "0",
            "caps": "5"
        },
        "Stjarnan": {
            "years": "1997",
            "goals": "0",
            "caps": "18"
        },
        "Rosenborg": {
            "years": "1998\u20132003",
            "goals": "0",
            "caps": "81"
        },
        "V\u00e5lerenga": {
            "years": "2004\u20132007",
            "goals": "0",
            "caps": "90"
        },
        "Thanda Royal Zulu": {
            "years": "2008",
            "goals": "0",
            "caps": "6"
        },
        "Odd Grenland": {
            "years": "2008\u20132010",
            "goals": "0",
            "caps": "62"
        },
        "Lierse SK": {
            "years": "2011",
            "goals": "0",
            "caps": "2"
        }
    },
    "national": {
        "Iceland U-17": {
            "years": "1990\u20131991",
            "goals": "0",
            "caps": "10"
        },
        "Iceland U-19": {
            "years": "1992",
            "goals": "0",
            "caps": "3"
        },
        "Iceland U-21": {
            "years": "1995\u20131997",
            "goals": "0",
            "caps": "11"
        },
        "Iceland ": {
            "years": "1998\u20132010",
            "goals": "0",
            "caps": "71"
        }
    },
    "birth_date": "1975-5-7"
}