{
    "name": "\u00c1lvaro Arbeloa",
    "fullname": "\u00c1lvaro Arbeloa Coca",
    "birth_place": "Salamanca, Spain",
    "height": "1.84 m",
    "position": "Full-back",
    "currentclub": "Real Madrid (youth)",
    "totalcaps": "344",
    "totalgoals": "5",
    "senior": {
        "Real Madrid C": {
            "years": "2002\u20132003",
            "goals": "0",
            "caps": "16"
        },
        "Real Madrid B": {
            "years": "2003\u20132006",
            "goals": "0",
            "caps": "84"
        },
        "Real Madrid": {
            "years": "2009\u20132016",
            "goals": "3",
            "caps": "153"
        },
        "Deportivo La Coru\u00f1a": {
            "years": "2006\u20132007",
            "goals": "0",
            "caps": "20"
        },
        "Liverpool": {
            "years": "2007\u20132009",
            "goals": "2",
            "caps": "66"
        },
        "West Ham United": {
            "years": "2016\u20132017",
            "goals": "0",
            "caps": "3"
        }
    },
    "national": {
        "Spain U17": {
            "years": "2001",
            "goals": "0",
            "caps": "1"
        },
        "Spain U19": {
            "years": "2001",
            "goals": "0",
            "caps": "4"
        },
        "Spain U21": {
            "years": "2005",
            "goals": "0",
            "caps": "1"
        },
        "Spain": {
            "years": "2008\u20132013",
            "goals": "0",
            "caps": "56"
        }
    },
    "manager_career": {
        "Real Madrid (youth)": "2020\u2013"
    },
    "youth_career": {
        "Zaragoza": "1995\u20132001",
        "Real Madrid": "2001\u20132002"
    },
    "birth_date": "1983-1-17",
    "medaltemplates": [
        "Country: {{ESP}}",
        "Competition: FIFA World Cup",
        "Competition: UEFA European Championship"
    ]
}