{
    "name": "\u00c9ric Mouloungui",
    "fullname": "\u00c9ric Mouloungui",
    "birth_place": "Port-Gentil, Gabon",
    "height": "1.86 m",
    "position": "Winger",
    "years9": "2015\u20132017",
    "clubs9": "CF Mounana",
    "senior": {
        "AS Mangasport": {
            "years": "2000\u20132002",
            "goals": "35",
            "caps": "37"
        },
        "Vauban Strasbourg": {
            "years": "2002\u20132003",
            "goals": "2",
            "caps": "2"
        },
        "Strasbourg": {
            "years": "2003\u20132007",
            "goals": "17",
            "caps": "101"
        },
        "\u2192 Gueugnon (loan)": {
            "years": "2006",
            "goals": "0",
            "caps": "8"
        },
        "Nice": {
            "years": "2008\u20132012",
            "goals": "18",
            "caps": "106"
        },
        "Al-Wahda": {
            "years": "2012\u20132013",
            "goals": "0",
            "caps": "1"
        },
        "\u2192 \u015al\u0105sk Wroc\u0142aw (loan)": {
            "years": "2013",
            "goals": "1",
            "caps": "10"
        },
        "Shenyang Zhongze": {
            "years": "2014\u20132015",
            "goals": "2",
            "caps": "15"
        },
        "AS B\u00e9ziers": {
            "years": "2017",
            "goals": "0",
            "caps": "8"
        },
        "JS Saint-Jean Beaulieu": {
            "years": "2017\u20132019",
            "goals": "4",
            "caps": "22"
        }
    },
    "national": {
        "Gabon": {
            "years": "2005\u20132013",
            "goals": "6 ",
            "caps": "36"
        }
    },
    "birth_date": "1984-4-1"
}