{
    "name": "\u00c9dgar Barreto",
    "fullname": "\u00c9dgar Osvaldo Barreto C\u00e1ceres",
    "height": "1.80 m",
    "birth_place": "Asunci\u00f3n, Paraguay",
    "position": "Central midfielder",
    "youthclubs1": "Cerro Porte\u00f1o",
    "totalcaps": "495",
    "totalgoals": "34",
    "senior": {
        "Cerro Porte\u00f1o": {
            "years": "2002\u20132003",
            "goals": "4",
            "caps": "26"
        },
        "NEC": {
            "years": "2020\u20132022",
            "goals": "4",
            "caps": "47"
        },
        "Reggina": {
            "years": "2007\u20132009",
            "goals": "5",
            "caps": "68"
        },
        "Atalanta": {
            "years": "2009\u20132011",
            "goals": "1",
            "caps": "33"
        },
        "Palermo": {
            "years": "2011\u20132015",
            "goals": "7",
            "caps": "122"
        },
        "Sampdoria": {
            "years": "2015\u20132020",
            "goals": "3",
            "caps": "104"
        }
    },
    "national": {
        "Paraguay U17": {
            "years": "2001",
            "goals": "0",
            "caps": "3"
        },
        "Paraguay U20": {
            "years": "2003",
            "goals": "0",
            "caps": "4"
        },
        "Paraguay U23": {
            "years": "2004",
            "goals": "0",
            "caps": "7"
        },
        "Paraguay": {
            "years": "2004\u20132011",
            "goals": "3",
            "caps": "60"
        }
    },
    "birth_date": "1984-7-15",
    "medaltemplates": [
        "Country: {{PAR}}",
        "Sport: Men's Football",
        "Silver Medal: 2004 Athens Team Competition",
        "Competition: Copa Am\u00e9rica",
        "Silver Medal: 2011 Argentina Team"
    ]
}