{
    "name": "Edgar Gonz\u00e1lez",
    "fullname": "Edgar Gonz\u00e1lez Franco",
    "birth_place": "Otzolotepec, Edo. de Mexico",
    "height": "m=1.74",
    "currentclub": "Toluca U-14 (Manager)",
    "position": "Forward",
    "years7": "2011\u20132016",
    "clubs7": "UdeG",
    "caps7": "100| goals7 = 20",
    "pcupdate": "17 May 2018",
    "senior": {
        "Toluca": {
            "years": "2002\u20132004",
            "goals": "3",
            "caps": "63"
        },
        "\u2192 Am\u00e9rica (loan)": {
            "years": "2004\u20132006",
            "goals": "0",
            "caps": "2"
        },
        "\u2192      Toluca (loan)": {
            "years": "2006\u20132008",
            "goals": "0",
            "caps": "36"
        },
        "\u2192 Tijuana (loan)": {
            "years": "2008\u20132009",
            "goals": "3",
            "caps": "15"
        },
        "\u2192 La Piedad (loan)": {
            "years": "2009\u20132010",
            "goals": "2",
            "caps": "32"
        },
        "\u2192 Altamira (loan)": {
            "years": "2010\u20132011",
            "goals": "8",
            "caps": "28"
        },
        "\u2192 Atl. San Luis (loan)": {
            "years": "2015",
            "goals": "1",
            "caps": "7"
        },
        "\u2192 Alebrijes (loan)": {
            "years": "2015\u20132016",
            "goals": "0",
            "caps": "9"
        },
        "Potros UAEM": {
            "years": "2016\u20132017",
            "goals": "1",
            "caps": "29"
        }
    },
    "manager_career": {
        "Toluca Reserves and Academy": "2020\u2013"
    },
    "birth_date": "1980-7-3"
}