{
    "name": "Giovanni Rosso",
    "full_name": "\u0110ovani Roso https://hns-cff.hr/players/163806/djovani-roso/ Croatian Football Federation - official statistic",
    "birth_place": "Split, SR Croatia, Yugoslavia",
    "height": "1.87 m",
    "position": "Attacking midfielder",
    "totalcaps": "435",
    "totalgoals": "89",
    "senior": {
        "Zadar": {
            "years": "1992\u20131993",
            "goals": "9",
            "caps": "30"
        },
        "NK Zagreb": {
            "years": "1993\u20131996",
            "goals": "11",
            "caps": "64"
        },
        "Hapoel Be'er Sheva": {
            "years": "1996\u20131997",
            "goals": "6",
            "caps": "34"
        },
        "Hapoel Haifa": {
            "years": "1997\u20132000",
            "goals": "26",
            "caps": "89"
        },
        "Beitar Jerusalem": {
            "years": "2000\u20132001",
            "goals": "6",
            "caps": "33"
        },
        "Maccabi Haifa": {
            "years": "2007\u20132008",
            "goals": "3",
            "caps": "28"
        },
        "Maccabi Tel Aviv": {
            "years": "2005\u20132007",
            "goals": "5",
            "caps": "52"
        },
        "Hajduk Split": {
            "years": "2008\u20132009",
            "goals": "0",
            "caps": "4"
        }
    },
    "national": {
        "Croatia": {
            "years": "2002\u20132004",
            "goals": "1 ",
            "caps": "19"
        }
    },
    "birth_date": "1972-11-17"
}