{
    "name": "\u0110or\u0111e Joki\u0107",
    "fullname": "\u0110or\u0111e Joki\u0107",
    "birth_place": "Ra\u0161ka, SFR Yugoslavia",
    "height": "1.81 m",
    "position": "Defender",
    "totalcaps": "349",
    "totalgoals": "18",
    "senior": {
        "Bane": {
            "years": "1998\u20132000",
            "goals": "2",
            "caps": "38"
        },
        "OFK Beograd": {
            "years": "2000\u20132004",
            "goals": "4",
            "caps": "111"
        },
        "Torpedo Moscow": {
            "years": "2005\u20132007",
            "goals": "3",
            "caps": "72"
        },
        "Tom Tomsk": {
            "years": "2008\u20132011",
            "goals": "9",
            "caps": "102"
        },
        "Dynamo Bryansk": {
            "years": "2012",
            "goals": "0",
            "caps": "6"
        },
        "Vojvodina": {
            "years": "2012\u20132013",
            "goals": "0",
            "caps": "20"
        }
    },
    "national": {
        "Serbia and Montenegro U21": {
            "years": "2002\u20132004",
            "goals": "0",
            "caps": "14"
        },
        "Serbia and Montenegro U23": {
            "years": "2004",
            "goals": "0",
            "caps": "3"
        },
        "Serbia and Montenegro": {
            "years": "2004\u20132005",
            "goals": "0",
            "caps": "4"
        }
    },
    "birth_date": "1981-01-20"
}