{
    "name": "\u013dubom\u00edr Reiter",
    "fullname": "\u013dubom\u00edr Reiter",
    "birth_place": "Stropkov, Czechoslovakia",
    "height": "m=1.81",
    "position": "Striker",
    "currentclub": "FK Humenn\u00e9 (manager)",
    "pcupdate": "11 June 2023",
    "senior": {
        "M\u0160K Tesla Stropkov": {
            "years": "1995\u20131996",
            "goals": "21",
            "caps": "38"
        },
        "FC Tatran Pre\u0161ov": {
            "years": "1996\u20131998",
            "goals": "6",
            "caps": "33"
        },
        "M\u0160K \u017dilina": {
            "years": "1998\u20132001",
            "goals": "29",
            "caps": "87"
        },
        "Sigma Olomouc": {
            "years": "2001\u20132005",
            "goals": "31",
            "caps": "88"
        },
        "Chicago Fire": {
            "years": "2005",
            "goals": "3",
            "caps": "14"
        },
        "Artmedia Petr\u017ealka": {
            "years": "2006\u20132008",
            "goals": "13",
            "caps": "34"
        },
        "\u2192 Slavia Prague (loan)": {
            "years": "2007",
            "goals": "0",
            "caps": "2"
        }
    },
    "national": {
        "Slovakia": {
            "years": "2001\u20132005",
            "goals": "9",
            "caps": "28"
        }
    },
    "manager_career": {
        "M\u0160K Tesla Stropkov": "2019\u20132022",
        "Tatran Pre\u0161ov U-16 http://www.profutbal.sk/clanok202312-Reiter_chytil_novy_futbalovy_dych_tesi_sa_na_sviatky_a_odpalovanie_petard.htm Reiter chytil nov\u00fd futbalov\u00fd dych, te\u0161\u00ed sa na sviatky a odpa\u013eovanie pet\u00e1rd, Profutbal.sk, Retrieved 25. 12. 2015 sk": "2015\u20132016",
        "AS Tren\u010d\u00edn (Assistant)": "2017\u20132018",
        "M\u0160K \u017dilina (Youth)": "2018",
        "FK Humenn\u00e9": "2023\u2013"
    },
    "birth_date": "1974-12-3"
}