{
    "name": "\u0130lhan Mans\u0131z",
    "birth_place": "Kempten, West Germany",
    "height": "1.84 m",
    "position": "Forward",
    "totalcaps": "198",
    "totalgoals": "78",
    "senior": {
        "1. FC K\u00f6ln II": {
            "years": "1994\u20131995",
            "goals": "0",
            "caps": "1"
        },
        "Gen\u00e7lerbirli\u011fi": {
            "years": "1995\u20131996",
            "goals": "0",
            "caps": "2"
        },
        "SV T\u00fcrk G\u00fcc\u00fc M\u00fcnchen": {
            "years": "1996\u20131997",
            "goals": "11",
            "caps": "24"
        },
        "Ku\u015fadas\u0131spor": {
            "years": "1997\u20131998",
            "goals": "19",
            "caps": "37"
        },
        "Samsunspor": {
            "years": "1998\u20132001",
            "goals": "26",
            "caps": "89"
        },
        "Be\u015fikta\u015f": {
            "years": "2001\u20132004",
            "goals": "36",
            "caps": "66"
        },
        "Vissel Kobe": {
            "years": "2004",
            "goals": "0",
            "caps": "3"
        },
        "Hertha BSC": {
            "years": "2005",
            "goals": "0",
            "caps": "1"
        },
        "MKE Ankarag\u00fcc\u00fc": {
            "years": "2005\u20132007",
            "goals": "4",
            "caps": "9"
        }
    },
    "national": {
        "Turkey": {
            "years": "2001\u20132003",
            "goals": "7",
            "caps": "21"
        }
    },
    "manager_career": {
        "Be\u015fikta\u015f (assistant)": "2018\u20132019"
    },
    "youth_career": {
        "SV Lenzfried": "0000\u20131989",
        "FC Kempten": "1989\u20131992",
        "FC Augsburg": "1992\u20131994"
    },
    "birth_date": "1975-8-10",
    "medaltemplates": [
        "Country: {{TUR}}",
        "Sport: Men's football",
        "Competition: FIFA World Cup"
    ]
}