{
    "name": "\u015eenol G\u00fcne\u015f",
    "birth_place": "Trabzon, Turkey",
    "height": "1.81 m",
    "position": "Goalkeeper",
    "totalcaps": "481",
    "totalgoals": "0",
    "senior": {
        "Sebat Gen\u00e7lik": {
            "years": "1970\u20131972",
            "goals": "0",
            "caps": "57"
        },
        "Trabzonspor": {
            "years": "1972\u20131987",
            "goals": "0",
            "caps": "424"
        }
    },
    "national": {
        "Turkey": {
            "years": "1975\u20131987",
            "goals": "0",
            "caps": "31"
        }
    },
    "manager_career": {
        "Trabzonspor (assistant)": "1988\u20131989",
        "Boluspor": "1989\u20131992",
        "\u0130stanbulspor": "1992\u20131993",
        "Trabzonspor": "2009\u20132013",
        "Antalyaspor": "1997\u20131998",
        "Sakaryaspor": "1998\u20131999",
        "Turkey": "2019\u20132021",
        "FC Seoul": "2007\u20132009",
        "Bursaspor": "2014\u20132015",
        "Be\u015fikta\u015f": "2022\u20132023"
    },
    "youth_career": {
        "Erdo\u011fdu Gen\u00e7lik": "1967\u20131968",
        "Sebat Gen\u00e7lik": "1968\u20131969",
        "Trabzonspor": "1969\u20131970"
    },
    "birth_date": "1952-6-1",
    "medaltemplates": [
        "Sport: Men's football",
        "Competition: FIFA World Cup",
        "Bronze Medal: 2002 Korea & Japan ",
        "Competition: FIFA Confederations Cup",
        "Bronze Medal: 2003 France "
    ]
}