{
    "name": "\u017deljko Petrovi\u0107",
    "birth_place": "Nik\u0161i\u0107, SFR Yugoslavia",
    "height": "1.75 m",
    "position": "Right-back",
    "currentclub": "Zrinjski Mostar (manager)",
    "totalcaps": "413",
    "totalgoals": "44",
    "manageryears18": "2024\u2013",
    "managerclubs18": "Zrinjski Mostar ",
    "senior": {
        "Budu\u0107nost": {
            "years": "1986\u20131990",
            "goals": "7",
            "caps": "76"
        },
        "Dinamo Zagreb": {
            "years": "1990\u20131991",
            "goals": "2",
            "caps": "32"
        },
        "Sevilla": {
            "years": "1991\u20131992",
            "goals": "1",
            "caps": "11"
        },
        "Den Bosch": {
            "years": "1992\u20131994",
            "goals": "7",
            "caps": "40"
        },
        "RKC": {
            "years": "2000\u20132004",
            "goals": "5",
            "caps": "97"
        },
        "PSV": {
            "years": "1996\u20131997",
            "goals": "6",
            "caps": "35"
        },
        "Urawa Red Diamonds": {
            "years": "1997\u20132000",
            "goals": "3",
            "caps": "62"
        }
    },
    "national": {
        "FR Yugoslavia": {
            "years": "1990\u20131998",
            "goals": "0",
            "caps": "18"
        }
    },
    "manager_career": {
        "Boavista": "2006",
        "RKC": "2007\u20132008",
        "Hamburger SV (assistant)": "2008\u20132009",
        "West Ham United (assistant)": "2010",
        "Urawa Red Diamonds": "2011",
        "Anzhi Makhachkala (assistant)": "2012\u20132013",
        "Al-Shaab": "2013\u20132014",
        "Serbia (assistant)": "2014",
        "Sunderland (assistant)": "2015",
        "ADO Den Haag": "2016\u20132017",
        "Utrecht (assistant)": "2018\u20132019",
        "Botev Plovdiv": "2019",
        "Badak Lampung": "2019",
        "Inter Zapre\u0161i\u0107": "2020",
        "Feyenoord (assistant)": "2020\u20132021",
        "Willem II": "2021",
        "Iraq": "2021\u20132022"
    },
    "birth_date": "1965-11-13"
}