{
    "name": "\u0160t\u011bp\u00e1n Vachou\u0161ek",
    "birth_place": "Duchcov, Czechoslovakia",
    "height": "1.86 m",
    "position": "Midfielder",
    "totalcaps": "406",
    "totalgoals": "62",
    "senior": {
        "Teplice": {
            "years": "2008\u20132017",
            "goals": "23",
            "caps": "172"
        },
        "1.FC \u010cesk\u00e1 L\u00edpa": {
            "years": "1998\u20131999",
            "goals": "1",
            "caps": "6"
        },
        "SC Xaverov": {
            "years": "2000\u20132001",
            "goals": "6",
            "caps": "24"
        },
        "Chmel Bl\u0161any": {
            "years": "2001",
            "goals": "3",
            "caps": "6"
        },
        "Slavia Prague": {
            "years": "2002\u20132003",
            "goals": "10",
            "caps": "37"
        },
        "Marseille": {
            "years": "2003\u20132004",
            "goals": "0",
            "caps": "21"
        },
        "Austria Wien": {
            "years": "2004\u20132008",
            "goals": "5",
            "caps": "53"
        },
        "\u2192 Sparta Prague (loan)": {
            "years": "2010",
            "goals": "0",
            "caps": "4"
        },
        "FC Oberlausitz Neugersdorf": {
            "years": "2017\u20132018",
            "goals": "8",
            "caps": "33"
        }
    },
    "national": {
        "Czech Republic U21": {
            "years": "2000\u20132002",
            "goals": "7",
            "caps": "20"
        },
        "Czech Republic": {
            "years": "2002\u20132006",
            "goals": "2",
            "caps": "23"
        }
    },
    "youth_career": {
        "Lokomotiva B\u00edlina": "1985\u20131990",
        "Teplice": "1990\u20131997"
    },
    "birth_date": "1979-7-26"
}