{
    "name": "\u017dydr\u016bnas Kar\u010demarskas",
    "upright": "0.9",
    "birth_place": "Alytus, Lithuanian SSR, Soviet Union",
    "height": "1.89 m",
    "position": "Goalkeeper",
    "totalcaps": "347",
    "totalgoals": "0",
    "senior": {
        "Dainava Alytus": {
            "years": "2000",
            "goals": "0",
            "caps": "3"
        },
        "\u017dalgiris Vilnius": {
            "years": "2001",
            "goals": "0",
            "caps": "2"
        },
        "Dynamo Moscow": {
            "years": "2002\u20132009",
            "goals": "0",
            "caps": "45"
        },
        "Gaziantepspor": {
            "years": "2010\u20132016",
            "goals": "0",
            "caps": "172"
        },
        "Osmanl\u0131spor": {
            "years": "2016\u20132019",
            "goals": "0",
            "caps": "73"
        }
    },
    "national": {
        "Lithuania": {
            "years": "2003\u20132013",
            "goals": "0 ",
            "caps": "66"
        }
    },
    "birth_date": "1983-5-24"
}