{
    "name": "Aad Bak",
    "fullname": "Adrianus Johannes Bak |birth_date = 1926",
    "birth_place": "Rotterdam, Netherlands",
    "death_date": "2009 http://feyenoord.nieuwslog.nl/article/feyenoord_65008/Oud_Feyenoorder_Aad_Bak_overleden.html?www Oud Feyenoorder Aad Bak overleden nl",
    "death_place": "Schiedam, Netherlands",
    "position": "Midfielder",
    "youthclubs1": "Excelsior",
    "youthclubs2": "FC Rotterdam",
    "years1": "1954\u20131955",
    "clubs1": "Holland Sport",
    "pcupdate": "4 June 2007",
    "ntupdate": "4 June 2007 ",
    "senior": {
        "Feijenoord": {
            "years": "1955\u20131962",
            "goals": "11",
            "caps": "133"
        }
    },
    "national": {
        "Netherlands": {
            "years": "1956",
            "goals": "0",
            "caps": "1"
        }
    }
}