{
    "name": "Aar\u00f3n Galindo",
    "fullname": "Aar\u00f3n Galindo Rubio",
    "birth_place": "Mexico City, Mexico",
    "height": "m=1.83",
    "position": "Centre-back",
    "totalcaps": "347",
    "totalgoals": "15",
    "senior": {
        "Cruz Azul": {
            "years": "2002\u20132006",
            "goals": "7",
            "caps": "102"
        },
        "H\u00e9rcules": {
            "years": "2006",
            "goals": "0",
            "caps": "7"
        },
        "Grasshoppers": {
            "years": "2007",
            "goals": "2",
            "caps": "15"
        },
        "Eintracht Frankfurt": {
            "years": "2007\u20132008",
            "goals": "0",
            "caps": "32"
        },
        "Guadalajara": {
            "years": "2009\u20132010",
            "goals": "3",
            "caps": "39"
        },
        "Santos Laguna": {
            "years": "2011\u20132014",
            "goals": "2",
            "caps": "43"
        },
        "\u2192 Toluca (loan)": {
            "years": "2013\u20132014",
            "goals": "0",
            "caps": "16"
        },
        "Toluca": {
            "years": "2014\u20132017",
            "goals": "0",
            "caps": "76"
        },
        "Toledo": {
            "years": "2017\u20132018",
            "goals": "1",
            "caps": "17"
        }
    },
    "national": {
        "Mexico U17": {
            "years": "1999",
            "goals": "1",
            "caps": "4"
        },
        "Mexico U23": {
            "years": "2004",
            "goals": "0",
            "caps": "3"
        },
        "Mexico": {
            "years": "2004\u20132009",
            "goals": "0",
            "caps": "20"
        }
    },
    "birth_date": "1982-05-08",
    "medaltemplates": [
        "Country: {{Mexico}}",
        "Sport: Men's Football",
        "Competition: Central American and Caribbean Games",
        "Silver Medal: 2002 San Salvador Team Competition"
    ]
}