{
    "name": "Aaron Lennon",
    "fullname": "Aaron Justin Lennon",
    "birth_place": "Leeds, England",
    "height": "1.65",
    "position": "Right winger / Right-midfielder",
    "totalcaps": "479",
    "totalgoals": "37",
    "senior": {
        "Leeds United": {
            "years": "2003\u20132005",
            "goals": "1",
            "caps": "38"
        },
        "Tottenham Hotspur": {
            "years": "2005\u20132015",
            "goals": "26",
            "caps": "266"
        },
        "\u2192 Everton (loan)": {
            "years": "2015",
            "goals": "2",
            "caps": "14"
        },
        "Everton": {
            "years": "2015\u20132018",
            "goals": "5",
            "caps": "51"
        },
        "Burnley": {
            "years": "2021\u20132022",
            "goals": "2",
            "caps": "28"
        },
        "Kayserispor": {
            "years": "2020\u20132021",
            "goals": "0",
            "caps": "36"
        }
    },
    "national": {
        "England U17": {
            "years": "2003",
            "goals": "0",
            "caps": "1"
        },
        "England U19": {
            "years": "2004\u20132006",
            "goals": "0",
            "caps": "15"
        },
        "England U21": {
            "years": "2005\u20132008",
            "goals": "0",
            "caps": "5"
        },
        "England B": {
            "years": "2006\u20132007",
            "goals": "0",
            "caps": "2"
        },
        "England": {
            "years": "2006\u20132013",
            "goals": "0 ",
            "caps": "21"
        }
    },
    "youth_career": {
        "Leeds United": "2001\u20132003"
    },
    "birth_date": "1987-4-16"
}