{
    "name": "Aaron Pitchkolan",
    "fullname": "Aaron Pitchkolan",
    "birth_place": "Aurora, Colorado, United States",
    "height": "ft=6",
    "position": "Defender, Midfielder",
    "collegeyears1": "2001",
    "college1": "Tampa Spartans",
    "collegeyears2": "2002\u20132004",
    "college2": "West Virginia Mountaineers",
    "senior": {
        "Boulder Rapids Reserve": {
            "years": "2004",
            "goals": "2",
            "caps": "19"
        },
        "FC Dallas": {
            "years": "2005\u20132009",
            "goals": "5",
            "caps": "68"
        },
        "San Jose Earthquakes": {
            "years": "2009",
            "goals": "0",
            "caps": "9"
        },
        "Rochester Rhinos": {
            "years": "2010",
            "goals": "3",
            "caps": "25"
        },
        "Puerto Rico Islanders": {
            "years": "2011",
            "goals": "3",
            "caps": "27"
        },
        "San Antonio Scorpions": {
            "years": "2012",
            "goals": "2",
            "caps": "23"
        },
        "Minnesota United": {
            "years": "2013\u20132016",
            "goals": "5",
            "caps": "95"
        },
        "Jacksonville Armada": {
            "years": "2017",
            "goals": "0",
            "caps": "31"
        }
    },
    "manager_career": {
        "Jacksonville Armada (assistant)": "2018",
        "Jacksonville Armada U-23": "2019"
    },
    "birth_date": "1983-3-14"
}