{
    "name": "Aaron Callaghan",
    "fullname": "Aaron Joseph Callaghan",
    "birth_place": "Dublin, Ireland",
    "position": "Defender",
    "height": "5 ft 11 in",
    "totalcaps": "288 |totalgoals = 12",
    "nationalyears1": "1986\u20131987 |nationalteam1 = Republic of Ireland U21",
    "nationalcaps1": "2  |nationalgoals1 = 0",
    "senior": {
        "Stoke City": {
            "years": "1984\u20131987",
            "goals": "0",
            "caps": "15"
        },
        "\u2192 Crewe Alexandra (loan)": {
            "years": "1985\u20131986",
            "goals": "0",
            "caps": "8"
        },
        "Oldham Athletic": {
            "years": "1987\u20131988",
            "goals": "2",
            "caps": "16"
        },
        "Crewe Alexandra": {
            "years": "1988\u20131992",
            "goals": "6",
            "caps": "158"
        },
        "Preston North End": {
            "years": "1992\u20131994",
            "goals": "2",
            "caps": "36"
        },
        "Shelbourne": {
            "years": "1994\u20131995",
            "goals": "1",
            "caps": "14"
        },
        "Crusaders": {
            "years": "1995\u20131999",
            "goals": "9",
            "caps": "105"
        },
        "St Patrick's Athletic": {
            "years": "1999\u20132000",
            "goals": "0",
            "caps": "4"
        },
        "\u2192 Glenavon (loan)": {
            "years": "2000",
            "goals": "2",
            "caps": "17"
        },
        "Dundalk": {
            "years": "2000\u20132002",
            "goals": "1",
            "caps": "37"
        },
        "Longford Town": {
            "years": "2002\u20132004",
            "goals": "0",
            "caps": "0"
        }
    },
    "manager_career": {
        "Crusaders (player-manager)": "1998\u20131999",
        "Athlone Town": "2017\u20132018",
        "Longford Town": "2007\u20132008",
        "Bohemians": "2012\u20132013",
        "UCD": "2014",
        "Carrick Rangers": "2016\u20132017",
        "Cherry Orchard (Youth Academy) ": "2019-"
    },
    "birth_date": "1966-10-8"
}