{
    "name": "Aaron Hughes,  MBE",
    "fullname": "Aaron William Hughes editor-first=Barry J. ",
    "birth_place": "Cookstown, Northern Ireland",
    "height": "1.83 m",
    "position": "Defender",
    "totalcaps": "525",
    "totalgoals": "7",
    "nationalteam1": "Northern Ireland U16",
    "nationalcaps1": "2",
    "nationalgoals1": "0",
    "nationalteam2": "Northern Ireland U18",
    "nationalcaps2": "5",
    "nationalgoals2": "1",
    "senior": {
        "Newcastle United": {
            "years": "1997\u20132005",
            "goals": "4",
            "caps": "205"
        },
        "Aston Villa": {
            "years": "2005\u20132007",
            "goals": "0",
            "caps": "54"
        },
        "Fulham": {
            "years": "2007\u20132014",
            "goals": "1",
            "caps": "196"
        },
        "Queens Park Rangers": {
            "years": "2014",
            "goals": "0",
            "caps": "11"
        },
        "Brighton & Hove Albion": {
            "years": "2014\u20132015",
            "goals": "0",
            "caps": "10"
        },
        "Melbourne City": {
            "years": "2015\u20132016",
            "goals": "1",
            "caps": "6"
        },
        "Kerala Blasters": {
            "years": "2016\u20132017",
            "goals": "1",
            "caps": "11"
        },
        "Heart of Midlothian": {
            "years": "2017\u20132019",
            "goals": "0",
            "caps": "32"
        }
    },
    "national": {
        "Northern Ireland B": {
            "years": "1997\u20131998",
            "goals": "0",
            "caps": "2"
        },
        "Northern Ireland": {
            "years": "1998\u20132018",
            "goals": "1 ",
            "caps": "112"
        }
    },
    "youth_career": {
        "Newcastle United": "1996\u20131998"
    },
    "birth_date": "1979-11-8"
}