{
    "name": "Aaron Goulding",
    "fullname": "Aaron David Goulding",
    "birth_place": "Adelaide, Australia",
    "height": "m=1.79",
    "position": "Centre Back/Left back",
    "youthclubs1": "Elizabeth Fields",
    "totalcaps": "236",
    "totalgoals": "5",
    "pcupdate": "24 September 2012",
    "senior": {
        "Para Hills Knights": {
            "years": "2007\u20132011",
            "goals": "1",
            "caps": "84"
        },
        "Adelaide City Force": {
            "years": "2000\u20132003",
            "goals": "0",
            "caps": "46"
        },
        "\u2192 Elizabeth City": {
            "years": "2000",
            "goals": "1",
            "caps": "20"
        },
        "Adelaide United": {
            "years": "2005\u20132007",
            "goals": "0",
            "caps": "21"
        },
        "Campbelltown City SC(loan)": {
            "years": "2004",
            "goals": "1",
            "caps": "14"
        },
        "\u2192 Adelaide Galaxy (loan)": {
            "years": "2006",
            "goals": "0",
            "caps": "10"
        },
        "Modbury Jets": {
            "years": "2012",
            "goals": "0",
            "caps": "17"
        }
    },
    "national": {
        "Australia U17": {
            "years": "1999",
            "goals": "4",
            "caps": "16"
        },
        "Australia U20": {
            "years": "2001",
            "goals": "0",
            "caps": "2"
        }
    },
    "youth_career": {
        "Para Hills Knights": "Munno Para"
    },
    "birth_date": "1982-04-29",
    "medaltemplates": [
        "Sport: Men's football",
        "Country: {{AUS}}",
        "Competition: FIFA U-17 World Championship"
    ]
}