{
    "name": "Aaron Mokoena",
    "fullname": "Teboho Aaron Mokoena",
    "archive-url": "https://web.archive.org/web/20100616010702/http://www.fifa.com/mm/document/tournament/competition/01/22/85/78/fwc_2010_squadlists.pdf",
    "url-status": "dead",
    "archive-date": "16 June 2010",
    "page": "28",
    "date": "4 June 2010",
    "access-date": "16 June 2010",
    "height": "1.85 m",
    "birth_place": "Boipatong, South Africa",
    "position": "Defensive midfielder, centre back",
    "youthclubs1": "Jomo Cosmos",
    "youthclubs2": "Bayer Leverkusen",
    "totalcaps": "272",
    "totalgoals": "5",
    "nationalteam1": "South Africa U-23",
    "senior": {
        "Ajax": {
            "years": "1999\u20132003",
            "goals": "0",
            "caps": "7"
        },
        "\u2192 Germinal Beerschot (loan)": {
            "years": "2002",
            "goals": "1",
            "caps": "29"
        },
        "KRC Genk": {
            "years": "2003\u20132005",
            "goals": "1",
            "caps": "32"
        },
        "Blackburn Rovers": {
            "years": "2005\u20132009",
            "goals": "0",
            "caps": "101"
        },
        "Portsmouth": {
            "years": "2009\u20132012",
            "goals": "2",
            "caps": "77"
        },
        "Bidvest Wits": {
            "years": "2012\u20132013",
            "goals": "0",
            "caps": "14"
        }
    },
    "national": {
        "South Africa": {
            "years": "1999\u20132010",
            "goals": "1 ",
            "caps": "107"
        }
    },
    "birth_date": "1980-11-25"
}