{
    "name": "Abbas Suan",
    "birth_place": "Sakhnin, Israel",
    "position": "Midfielder",
    "senior": {
        "Hapoel Sakhnin": {
            "years": "1994\u20131996",
            "goals": "-",
            "caps": "-"
        },
        "Bnei Sakhnin": {
            "years": "2009\u20132010",
            "goals": "0",
            "caps": "31"
        },
        "Maccabi Haifa": {
            "years": "2006\u20132007",
            "goals": "1",
            "caps": "15"
        },
        "Ironi Kiryat Shmona": {
            "years": "2007\u20132009",
            "goals": "3",
            "caps": "43"
        }
    },
    "national": {
        "Israel": {
            "years": "2004\u20132006",
            "goals": "1",
            "caps": "12"
        }
    },
    "manager_career": {
        "Bnei Sakhnin (youth)": "2023\u2013",
        "Sektzia Ma'alot-Tarshiha": "2018\u20132019",
        "Maccabi Nujeidat": "2019\u20132022"
    },
    "youth_career": {
        "Hapoel Sakhnin": "1993\u20131994"
    },
    "birth_date": "1976-01-27"
}