{
    "name": "Abbe Ibrahim",
    "fullname": "Abdoulaye Ibrahim",
    "height": "ft=5",
    "birth_place": "Lom\u00e9, Togo",
    "position": "Forward",
    "years5": "2009",
    "clubs5": "New York Greek American",
    "caps5": "2",
    "pcupdate": "18 August 2023",
    "senior": {
        "MetroStars": {
            "years": "2005",
            "goals": "2",
            "caps": "16"
        },
        "Toronto FC": {
            "years": "2007",
            "goals": "0",
            "caps": "1"
        },
        "AFC United": {
            "years": "2007\u20132008",
            "goals": "0",
            "caps": "12"
        },
        "Kharkiv": {
            "years": "2008\u20132009",
            "goals": "0",
            "caps": "12"
        },
        "Ceahlaul Piatra Neamt": {
            "years": "2009\u20132010",
            "goals": "2",
            "caps": "16"
        },
        "CF Mounana": {
            "years": "2010\u20132013",
            "goals": "21",
            "caps": "77"
        }
    },
    "national": {
        "Togo U-20": {
            "years": "2006\u20132007",
            "goals": "0",
            "caps": "2"
        }
    },
    "youth_career": {
        "FC Espoire": "1999\u20132005"
    },
    "birth_date": "1986-7-25"
}