{
    "name": "Abby Wambach",
    "full_name": "Mary Abigail Wambach",
    "upright": "1.1",
    "birth_place": "Rochester, New York, U.S.",
    "height": "5",
    "position": "Forward",
    "collegeyears1": "1998\u20132001",
    "college1": "Florida Gators",
    "totalcaps": "119",
    "totalgoals": "75",
    "senior": {
        "Washington Freedom": {
            "years": "2009\u20132010",
            "goals": "21",
            "caps": "39"
        },
        "Ajax America Women": {
            "years": "2005",
            "goals": "5",
            "caps": "3"
        },
        "MagicJack": {
            "years": "2011",
            "goals": "9",
            "caps": "11"
        },
        "Western New York Flash": {
            "years": "2013\u20132014",
            "goals": "17",
            "caps": "29"
        }
    },
    "national": {
        "United States": {
            "years": "2001\u20132015",
            "goals": "184",
            "caps": "255"
        }
    },
    "manager_career": {
        "magicJack (player-coach)": "2011"
    },
    "youth_career": {
        "Our Lady of Mercy High School": "1994\u20131998",
        "Rochester Spirit": "1995\u20131997"
    },
    "birth_date": "1980-6-2",
    "medaltemplates": [
        "Sport: Women's soccer",
        "Country: {{USA}}",
        "Competition: Olympic Games",
        "Gold Medal: 2004 Athens Team",
        "Gold Medal: 2012 London Team",
        "Competition: FIFA World Cup"
    ]
}