{
    "name": "Abdallah Bah",
    "birth_place": "Dakar, Senegal",
    "height": "1.83m",
    "position": "Goalkeeper",
    "youthclubs1": "Nice",
    "years2": "1997\u20131998",
    "clubs2": "L'Ile-Rousse",
    "nationalyears1": "1998\u20132004",
    "nationalteam1": "Guinea",
    "senior": {
        "Nice": {
            "years": "1995\u20131996",
            "goals": "0",
            "caps": "3"
        },
        "CP M\u00e9rida": {
            "years": "1998",
            "goals": "0",
            "caps": "1"
        },
        "Plasencia": {
            "years": "1999",
            "goals": "0",
            "caps": "1"
        },
        "Leyton Orient": {
            "years": "1999\u20132000",
            "goals": "0",
            "caps": "0"
        },
        "DC United": {
            "years": "2000",
            "goals": "0",
            "caps": "0"
        },
        "Nice B": {
            "years": "2001\u20132003",
            "goals": "0",
            "caps": "14"
        },
        "US Raon": {
            "years": "2005\u20132006",
            "goals": "0",
            "caps": "3"
        }
    },
    "birth_date": "1975-11-30"
}