{
    "name": "Abdelmalek Cherrad",
    "height": "1.86 m",
    "birth_place": "La Tronche, France",
    "position": "Forward",
    "totalcaps": "164",
    "totalgoals": "26",
    "senior": {
        "Nice": {
            "years": "1998\u20132005",
            "goals": "9",
            "caps": "76"
        },
        "\u2192 Cannes (loan)": {
            "years": "2000\u20132001",
            "goals": "3",
            "caps": "13"
        },
        "\u2192 Esp\u00e9rance (loan)": {
            "years": "2004",
            "goals": "0",
            "caps": "0"
        },
        "\u2192 Gent (loan)": {
            "years": "2004",
            "goals": "2",
            "caps": "5"
        },
        "\u2192 Bastia (loan)": {
            "years": "2005",
            "goals": "0",
            "caps": "9"
        },
        "Bastia": {
            "years": "2008\u20132009",
            "goals": "2",
            "caps": "14"
        },
        "MC Alger": {
            "years": "2007\u20132008",
            "goals": "2",
            "caps": "10"
        },
        "Arles-Avignon": {
            "years": "2009",
            "goals": "1",
            "caps": "9"
        },
        "Maritimo": {
            "years": "2010\u20132011",
            "goals": "0",
            "caps": "6"
        },
        "\u2192 Belenenses (loan)": {
            "years": "2011",
            "goals": "0",
            "caps": "1"
        },
        "Grenoble": {
            "years": "2012\u20132013",
            "goals": "0",
            "caps": "0"
        }
    },
    "national": {
        "Algeria": {
            "years": "2003\u20132007",
            "goals": "7 ",
            "caps": "18"
        }
    },
    "birth_date": "1981-1-14"
}