{
    "nationalgoals1": "0 |pcupdate=00:00, 28 April 2011 (UTC) |ntupdate=00:00, 28 April 2011 (UTC) ",
    "senior": {
        "Nancy": {
            "years": "1991\u20132000",
            "goals": "6",
            "caps": "95"
        },
        "\u2192 \u00c9pinal (loan)": {
            "years": "1996\u20131997",
            "goals": "1",
            "caps": "21"
        },
        "Niort": {
            "years": "2000\u20132002",
            "goals": "16",
            "caps": "61"
        },
        "Ajaccio": {
            "years": "2002\u20132005",
            "goals": "5",
            "caps": "80"
        },
        "Metz": {
            "years": "2005\u20132006",
            "goals": "2",
            "caps": "28"
        },
        "Sedan": {
            "years": "2006",
            "goals": "1",
            "caps": "13"
        },
        "Montpellier": {
            "years": "2007\u20132009",
            "goals": "1",
            "caps": "34"
        },
        "LB Ch\u00e2teauroux": {
            "years": "2010",
            "goals": "0",
            "caps": "3"
        },
        "FC Istres": {
            "years": "2010\u20132011",
            "goals": "0 |nationalyears1=2004 |nationalteam1=Algeria |nationalcaps1= 1",
            "caps": "10"
        }
    }
}