{
    "name": "Abdoul Salam Sow",
    "birth_place": "Conakry, Guinea",
    "position": "Midfielder",
    "youthclubs1": "Thouars Foot 79",
    "years8": "2001\u20132002",
    "years9": "2003\u20132005",
    "years10": "2005\u20132006",
    "clubs8": "Imortal",
    "clubs9": "Gharafa",
    "clubs10": "Hafia",
    "nationalyears1": "1993\u20132005",
    "nationalteam1": "Guinea",
    "senior": {
        "Kortrijk": {
            "years": "1993\u20131994",
            "goals": "3",
            "caps": "17"
        },
        "Ankarag\u00fcc\u00fc": {
            "years": "1994\u20131995",
            "goals": "0",
            "caps": "19"
        },
        "Martigues": {
            "years": "1995\u20131996",
            "goals": "3",
            "caps": "23"
        },
        "Jeonnam Dragons": {
            "years": "1996",
            "goals": "0",
            "caps": "3"
        },
        "Belenenses": {
            "years": "1997\u20131998",
            "goals": "0",
            "caps": "18"
        },
        "Skoda Xanthi": {
            "years": "1998\u20131999",
            "goals": "0",
            "caps": "2"
        },
        "Marco": {
            "years": "2000\u20132001",
            "goals": "6",
            "caps": "17"
        }
    },
    "birth_date": "1970-08-13"
}