{
    "name": "Abdoul Karim Sylla",
    "birth_place": "Fria, Guinea",
    "height": "1.75 m",
    "position": "Midfielder",
    "clubs1": "Kaloum Star",
    "clubs2": "ASEC Abidjan",
    "clubs3": "Obuasi Goldfields",
    "clubs4": "Satellite",
    "clubs6": "FC Strombeek",
    "years7": "2004\u20132005",
    "clubs7": "Diyarbakirspor",
    "clubs8": "Hafia FC",
    "clubs9": "Hasselt",
    "clubs10": "Hanuit",
    "years11": "2016",
    "clubs11": "Uttaradit",
    "nationalteam1": "Guinea",
    "senior": {
        "Lokeren": {
            "years": "2001\u20132004",
            "goals": "0",
            "caps": "16"
        }
    },
    "birth_date": "1981-01-10"
}