{
    "name": "Abdoulaye Faye",
    "fullname": "Abdoulaye Diagne-Faye",
    "height": "m=1.88",
    "birth_place": "Dakar, Senegal",
    "position": "Defender",
    "totalcaps": "401",
    "totalgoals": "27",
    "nationalyears1": "2002\u20132010",
    "nationalteam1": "Senegal| nationalcaps1  = 36",
    "nationalgoals1": "2 ",
    "senior": {
        "ASEC Ndiambour": {
            "years": "1999\u20132001",
            "goals": "8",
            "caps": "59"
        },
        "Jeanne d'Arc": {
            "years": "2001\u20132002",
            "goals": "4",
            "caps": "32"
        },
        "Lens": {
            "years": "2002\u20132005",
            "goals": "0",
            "caps": "35"
        },
        "\u2192 Istres (loan)": {
            "years": "2004\u20132005",
            "goals": "0",
            "caps": "28"
        },
        "Bolton Wanderers": {
            "years": "2005\u20132007",
            "goals": "3",
            "caps": "60"
        },
        "Newcastle United": {
            "years": "2007\u20132008",
            "goals": "1",
            "caps": "22"
        },
        "Stoke City": {
            "years": "2008\u20132011",
            "goals": "6",
            "caps": "81"
        },
        "West Ham United": {
            "years": "2011\u20132012",
            "goals": "0",
            "caps": "29"
        },
        "Hull City": {
            "years": "2012\u20132014",
            "goals": "4",
            "caps": "34"
        },
        "Sabah FA": {
            "years": "2014\u20132015",
            "goals": "1",
            "caps": "21"
        }
    },
    "birth_date": "1978-2-26"
}