{
    "name": "Abdoulaye Ciss\u00e9",
    "birth_place": "Adzop\u00e9, Ivory Coast",
    "height": "1.79 m",
    "position": "Striker",
    "years9": "2013\u20132014",
    "clubs9": "Al-Ittihad (Tripoli)",
    "years12": "2016\u20132017",
    "clubs12": "Dhofar Club",
    "senior": {
        "Montpellier": {
            "years": "2001\u20132006",
            "goals": "18",
            "caps": "104"
        },
        "Al-Faisaly": {
            "years": "2007",
            "goals": "5",
            "caps": "9"
        },
        "\u2192 Al-Khor (loan)": {
            "years": "2007",
            "goals": "1",
            "caps": "2"
        },
        "Al-Siliya": {
            "years": "2007\u20132009",
            "goals": "24",
            "caps": "38"
        },
        "Al-Dhafra": {
            "years": "2009\u20132010",
            "goals": "2",
            "caps": "8"
        },
        "Al-Khor": {
            "years": "2010",
            "goals": "1",
            "caps": "8"
        },
        "Al-Masry": {
            "years": "2010\u20132012",
            "goals": "15",
            "caps": "42"
        },
        "Zamalek": {
            "years": "2014\u20132016",
            "goals": "1",
            "caps": "8"
        },
        "\u2192 Ittihad El Shorta (loan)": {
            "years": "2015",
            "goals": "3",
            "caps": "22"
        }
    },
    "national": {
        "Burkina Faso": {
            "years": "2003\u20132009",
            "goals": "4 ",
            "caps": "14"
        }
    },
    "youth_career": {
        "Grenoble": "1999\u20132001"
    },
    "birth_date": "1983-12-24"
}