{
    "name": "Abdoulaye Kapi Sylla",
    "birth_place": "Kindia, Guinea",
    "height": "m=1.71",
    "currentclub": "AS Yzeure",
    "position": "Midfielder",
    "years1": "2000\u20132001",
    "years2": "2001\u20132004",
    "years3": "2004\u20132007",
    "years4": "2007\u20132008",
    "years5": "2008\u2013",
    "clubs1": "AS Angoul\u00eame",
    "clubs2": "Tours FC",
    "clubs3": "AS Moulins",
    "clubs4": "SN Imphy Decize",
    "clubs5": "AS Yzeure",
    "pcupdate": "20:01, 26 November 2009 (UTC)",
    "national": {
        "Guinea": {
            "years": "2002\u20132004",
            "goals": "0",
            "caps": "2"
        }
    },
    "birth_date": "1982-9-15"
}