{
    "name": "Abdoulaye Soulama",
    "fullname": "Abdoulaye Soulama Traore",
    "birth_place": "Ouagadougou, Upper Volta",
    "death_date": "df=yes",
    "position": "Goalkeeper",
    "caps1": "-",
    "years1": "1997\u20132000",
    "clubs1": "ASFA Yennega",
    "years3": "2002\u20132003",
    "clubs3": "CA Batna",
    "caps3": "-",
    "years4": "2003\u20132006",
    "clubs4": "ASF Bobo-Dioulasso",
    "caps4": "-",
    "years5": "2006\u20132007",
    "clubs5": "ASFA Yennega",
    "caps5": "-",
    "ntupdate": "28 June 2012",
    "senior": {
        "Denizlispor": {
            "years": "2000\u20132002",
            "goals": "0",
            "caps": "25"
        },
        "Asante Kotoko": {
            "years": "2007\u20132014",
            "goals": "-",
            "caps": "-"
        },
        "Hearts of Oak SC": {
            "years": "2014\u20132016",
            "goals": "-",
            "caps": "-"
        }
    },
    "national": {
        "Burkina Faso": {
            "years": "1997\u20132015",
            "goals": "0",
            "caps": "61"
        }
    },
    "youth_career": {
        "ASFA Yennega": "1994\u20131997"
    },
    "birth_date": "1979-11-29",
    "medaltemplates": [
        "Country: {{Burkina Faso}}"
    ]
}