{
    "name": "Abdullah Sulaiman",
    "fullname": "Abdullah Sulaiman Zubromawi",
    "height": "1.81",
    "birth_place": "Jeddah, Saudi Arabia",
    "position": "Defender",
    "years1": "1992\u20132001",
    "years2": "2001\u20132006",
    "years3": "2006\u20132009",
    "clubs1": "Al-Ahli Jeddah",
    "clubs2": "Al-Hilal",
    "clubs3": "Damac F.C.",
    "national": {
        "Saudi Arabia": {
            "years": "1993\u20132002",
            "goals": "3",
            "caps": "142"
        }
    },
    "birth_date": "1973-11-15"
}