{
    "name": "Abedi Ayew Pele",
    "fullname": "Abedi Ayew",
    "height": "1.74 m 13901",
    "birth_place": "Kibi, Eastern Region, Ghana",
    "position": "Attacking midfielder",
    "totalcaps": "479",
    "totalgoals": "159",
    "senior": {
        "Real Tamale United": {
            "years": "1985",
            "goals": "7",
            "caps": "19"
        },
        "Al Sadd": {
            "years": "1982\u20131983",
            "goals": "7",
            "caps": "8"
        },
        "Z\u00fcrich": {
            "years": "1983\u20131984",
            "goals": "9",
            "caps": "18"
        },
        "Dragons l'Ou\u00e9m\u00e9": {
            "years": "1984",
            "goals": "11",
            "caps": "8"
        },
        "Niort": {
            "years": "1986\u20131987",
            "goals": "14",
            "caps": "32"
        },
        "Mulhouse": {
            "years": "1987",
            "goals": "5",
            "caps": "16"
        },
        "Marseille": {
            "years": "1987\u20131993",
            "goals": "23",
            "caps": "112"
        },
        "\u2192 Lille (loan)": {
            "years": "1988\u20131990",
            "goals": "16",
            "caps": "61"
        },
        "Lyon": {
            "years": "1993\u20131994",
            "goals": "3",
            "caps": "29"
        },
        "Torino": {
            "years": "1994\u20131996",
            "goals": "11",
            "caps": "49"
        },
        "1860 Munich": {
            "years": "1996\u20131998",
            "goals": "2",
            "caps": "50"
        },
        "Al Ain": {
            "years": "1998\u20132000",
            "goals": "28",
            "caps": "31"
        }
    },
    "national": {
        "Ghana": {
            "years": "1982\u20131998",
            "goals": "19",
            "caps": "73"
        }
    },
    "manager_career": {
        "Nania (Head Coach and President)": "2004\u2013"
    },
    "youth_career": {
        "Great Falcons": "1970\u20131978"
    },
    "birth_date": "1964-11-5",
    "medaltemplates": [
        "Sport: Men's Football",
        "Country: {{GHA}}",
        "Competition: Africa Cup of Nations"
    ]
}