{
    "name": "Abel Balbo",
    "fullname": "Abel Eduardo Balbo",
    "height": "1.80 m",
    "birth_place": "Empalme, Argentina",
    "position": "Striker",
    "youthclubs1": "Newell's Old Boys",
    "totalcaps": "392",
    "totalgoals": "172",
    "senior": {
        "Newell's Old Boys": {
            "years": "1987\u20131988",
            "goals": "9",
            "caps": "23"
        },
        "River Plate": {
            "years": "1988\u20131989",
            "goals": "12",
            "caps": "38"
        },
        "Udinese": {
            "years": "1989\u20131993",
            "goals": "66",
            "caps": "134"
        },
        "Roma": {
            "years": "2000\u20132002",
            "goals": "0",
            "caps": "3"
        },
        "Parma": {
            "years": "1998\u20131999",
            "goals": "4",
            "caps": "25"
        },
        "Fiorentina": {
            "years": "1999\u20132000",
            "goals": "3",
            "caps": "19"
        },
        "Boca Juniors": {
            "years": "2002",
            "goals": "0",
            "caps": "4"
        }
    },
    "national": {
        "Argentina": {
            "years": "1989\u20131998",
            "goals": "11",
            "caps": "37"
        }
    },
    "manager_career": {
        "Treviso": "2009",
        "Arezzo": "2012",
        "Central C\u00f3rdoba": "2022",
        "Estudiantes": "2023",
        "Central C\u00f3rdoba ": "2024"
    },
    "birth_date": "1966-6-1"
}