{
    "name": "Abel Xavier",
    "fullname": "Abel Lu\u00eds da Silva Costa Xavier",
    "birth_place": "Nampula, Mozambique",
    "height": "1.89 m",
    "position": "Right-back",
    "totalcaps": "330",
    "totalgoals": "13",
    "senior": {
        "Estrela da Amadora": {
            "years": "1990\u20131993",
            "goals": "5",
            "caps": "85"
        },
        "Benfica": {
            "years": "1993\u20131995",
            "goals": "4",
            "caps": "45"
        },
        "\u2192 Bari (loan)": {
            "years": "1995\u20131996",
            "goals": "0",
            "caps": "8"
        },
        "Real Oviedo": {
            "years": "1996\u20131998",
            "goals": "0",
            "caps": "58"
        },
        "PSV": {
            "years": "1998\u20131999",
            "goals": "2",
            "caps": "19"
        },
        "Everton": {
            "years": "1999\u20132002",
            "goals": "0",
            "caps": "43"
        },
        "Liverpool": {
            "years": "2002\u20132003",
            "goals": "1",
            "caps": "14"
        },
        "\u2192 Galatasaray (loan)": {
            "years": "2003",
            "goals": "0",
            "caps": "11"
        },
        "Hannover 96": {
            "years": "2003\u20132004",
            "goals": "0",
            "caps": "5"
        },
        "Roma": {
            "years": "2005",
            "goals": "0",
            "caps": "3"
        },
        "Middlesbrough": {
            "years": "2006\u20132007",
            "goals": "1",
            "caps": "14"
        },
        "LA Galaxy": {
            "years": "2007\u20132008",
            "goals": "0",
            "caps": "21"
        }
    },
    "national": {
        "Portugal U16": {
            "years": "1988\u20131989",
            "goals": "1",
            "caps": "14"
        },
        "Portugal U17": {
            "years": "1989",
            "goals": "0",
            "caps": "6"
        },
        "Portugal U18": {
            "years": "1988\u20131990",
            "goals": "0",
            "caps": "9"
        },
        "Portugal U20": {
            "years": "1990\u20131991",
            "goals": "0",
            "caps": "9"
        },
        "Portugal U21": {
            "years": "1991\u20131994",
            "goals": "1",
            "caps": "21"
        },
        "Portugal": {
            "years": "1993\u20132002",
            "goals": "2",
            "caps": "20"
        }
    },
    "birth_date": "1972-11-30",
    "medaltemplates": [
        "Competition: FIFA U-20 World Cup"
    ]
}