{
    "name": "Abubakari Yahuza",
    "fullname": "Abubakari Yahuza",
    "birth_place": "Sekondi-Takoradi, Ghana",
    "position": "Midfielder",
    "senior": {
        "King Faisal Babes": {
            "years": "2003\u20132005",
            "goals": "0",
            "caps": "49"
        },
        "Hapoel Kfar Saba": {
            "years": "2005\u20132008",
            "goals": "3",
            "caps": "80"
        },
        "Hapoel Qiryat Shemona": {
            "years": "2009",
            "goals": "0",
            "caps": "6"
        },
        "New Edubiase United": {
            "years": "2009\u20132012",
            "goals": "0",
            "caps": "17"
        }
    },
    "national": {
        "Ghana": {
            "years": "2004\u20132005",
            "goals": "0",
            "caps": "5"
        }
    },
    "youth_career": {
        "King Faisal Babes": "2000\u20132002"
    },
    "birth_date": "1983-8-8"
}