{
    "name": "Adam Johnson",
    "birth_name": "Adam Johnson editor-first=Barry J. ",
    "birth_place": "Sunderland, England",
    "height": "1.75",
    "criminal_charge": [
        "Child grooming",
        "Sexual activity with a minor"
    ],
    "penalty": "Six years in prison url=https://www.bbc.co.uk/news/uk-england-35891143",
    "conviction_status": "Released on licence on 22 March 2019",
    "children": "2",
    "position": "Winger",
    "totalcaps": "308",
    "totalgoals": "48",
    "club-update": "22:58, 19 April 2016 (UTC)",
    "nationalteam-update": "22:58, 19 April 2016 (UTC)",
    "senior": {
        "Middlesbrough": {
            "years": "2004\u20132010",
            "goals": "13",
            "caps": "96"
        },
        "\u2192 Leeds United (loan)": {
            "years": "2006",
            "goals": "0",
            "caps": "5"
        },
        "\u2192 Watford (loan)": {
            "years": "2007",
            "goals": "5",
            "caps": "12"
        },
        "Manchester City": {
            "years": "2010\u20132012",
            "goals": "11",
            "caps": "73"
        },
        "Sunderland": {
            "years": "2012\u20132016",
            "goals": "19",
            "caps": "122"
        }
    },
    "national": {
        "England U19": {
            "years": "2005\u20132006",
            "goals": "0",
            "caps": "8"
        },
        "England U21": {
            "years": "2007\u20132009",
            "goals": "3",
            "caps": "19"
        },
        "England": {
            "years": "2010\u20132012",
            "goals": "2",
            "caps": "12"
        }
    },
    "youth_career": {
        "Newcastle United": "1995\u20131997",
        "Middlesbrough": "1999\u20132004"
    },
    "birth_date": "1987-7-14"
}