{
    "name": "Adama Tamboura",
    "birth_place": "Bamako, Mali",
    "height": "1.70 m",
    "position": "Left-back",
    "years1": "2001\u20132006",
    "clubs1": "Djoliba AC",
    "totalcaps": "205",
    "totalgoals": "0",
    "senior": {
        "Helsingborgs IF": {
            "years": "2006\u20132010",
            "goals": "0",
            "caps": "65"
        },
        "Metz": {
            "years": "2010\u20132012",
            "goals": "0",
            "caps": "56"
        },
        "Randers FC": {
            "years": "2012\u20132015",
            "goals": "0",
            "caps": "70"
        },
        "Hobro IK": {
            "years": "2015\u20132016",
            "goals": "0",
            "caps": "8"
        },
        "Inter Turku": {
            "years": "2016",
            "goals": "0",
            "caps": "6"
        }
    },
    "national": {
        "Mali": {
            "years": "2004\u20132015",
            "goals": "0",
            "caps": "84"
        }
    },
    "birth_date": "1985-5-18",
    "medaltemplates": [
        "Sport: Men's football",
        "Country: {{MLI}}",
        "Competition: Africa Cup of Nations"
    ]
}