{
    "name": "Adam Eckersley",
    "fullname": "Adam James Eckersley",
    "birth_place": "Worsley, England editor1-last=Hugman ",
    "height": "ft=5",
    "position": "Left-back",
    "youthyears1": "2002\u20132004 |youthclubs1 = Manchester United",
    "years1": "2004\u20132008 |clubs1  = Manchester United      |caps1  = 0  |goals1  = 0",
    "years2": "2006      |clubs2  = \u2192 Royal Antwerp (loan)     |caps2  = 16 |goals2  = 1",
    "years3": "2006      |clubs3  = \u2192 Br\u00f8ndby (loan)                   |caps3  = 4  |goals3  = 0",
    "years4": "2007      |clubs4  = \u2192 Barnsley (loan)               |caps4  = 6  |goals4  = 0",
    "years5": "2007      |clubs5  = \u2192 Port Vale (loan)             |caps5  = 2  |goals5  = 0",
    "years6": "2008      |clubs6  = Port Vale                      |caps6  = 16 |goals6  = 1",
    "years7": "2008\u20132010 |clubs7  = Horsens                            |caps7  = 40 |goals7  = 2",
    "years8": "2010\u20132014 |clubs8  = AGF Aarhus           |caps8  = 85 |goals8  = 13",
    "years9": "2014\u20132015 |clubs9  = Hearts               |caps9  = 24 |goals9  = 2",
    "years10": "2015\u20132016 |clubs10 = Hibernian                      |caps10 = 0  |goals10 = 0",
    "years11": "2016\u20132017 |clubs11 = FC Edmonton                                   |caps11 = 24 |goals11 = 0",
    "years12": "2017\u20132019 |clubs12 = St Mirren                      |caps12 = 36 |goals12 = 1",
    "years13": "2019      |clubs13 = \u2192 Forfar Athletic (loan) |caps13 = 16 |goals13 = 2",
    "years14": "2019\u20132020 |clubs14 = Airdrieonians              |caps14 = 8  |goals14 = 0",
    "totalcaps": "277 |totalgoals = 22",
    "nationalyears1": "2001 |nationalteam1 = England U16 |nationalcaps1 = 3 |nationalgoals1 = 0",
    "nationalyears2": "2001 |nationalteam2 = England U17 |nationalcaps2 = 1 |nationalgoals2 = 0",
    "nationalyears3": "2003 |nationalteam3 = England U18 |nationalcaps3 = 2 |nationalgoals3 = 0 ",
    "birth_date": "1985-9-7"
}