{
    "name": "Adam van Dommele",
    "fullname": "Adam Robert van Dommele",
    "birth_place": "Elizabeth, South Australia, Australia",
    "height": "m=1.82",
    "position": "Left Back",
    "pcupdate": "9 November 2020",
    "ntupdate": "15 May 2011 ",
    "senior": {
        "Modbury Jets": {
            "years": "2002",
            "goals": "1",
            "caps": "16"
        },
        "Hartlepool United": {
            "years": "2003",
            "goals": "0",
            "caps": "0"
        },
        "Enfield City": {
            "years": "2003\u20132005",
            "goals": "0",
            "caps": "39"
        },
        "Adelaide United": {
            "years": "2005\u20132007",
            "goals": "0",
            "caps": "24"
        },
        "South Melbourne": {
            "years": "2007\u20132008",
            "goals": "0",
            "caps": "34"
        },
        "MetroStars": {
            "years": "2009\u20132017",
            "goals": "19",
            "caps": "196"
        },
        "Adelaide Raiders": {
            "years": "2017\u20132020",
            "goals": "1",
            "caps": "64"
        }
    },
    "national": {
        "Australia U17": {
            "years": "2001",
            "goals": "0",
            "caps": "6"
        }
    },
    "youth_career": {
        "SASI": "2000"
    },
    "birth_date": "1984-9-5"
}