{
    "name": "Adam Drury",
    "fullname": "Adam James Drury",
    "height": "ft=5",
    "birth_place": "Cottenham, England",
    "currentclub": "Wroxham (assistant manager)",
    "position": "Defender",
    "totalcaps": "501",
    "totalgoals": "6 ",
    "senior": {
        "Peterborough United": {
            "years": "1995\u20132001",
            "goals": "2",
            "caps": "150"
        },
        "Norwich City": {
            "years": "2001\u20132012",
            "goals": "4",
            "caps": "326"
        },
        "Leeds United": {
            "years": "2012\u20132014",
            "goals": "0",
            "caps": "13"
        },
        "\u2192 Bradford City (loan)": {
            "years": "2014",
            "goals": "0",
            "caps": "12"
        }
    },
    "youth_career": {
        "Peterborough United": "\u20131995"
    },
    "birth_date": "1978-8-29"
}