{
    "name": "Adama Coulibaly",
    "birth_place": "Bamako, Mali",
    "height": "1.86 m",
    "position": "Defender",
    "totalcaps": "408",
    "totalgoals": "15",
    "senior": {
        "Djoliba": {
            "years": "1998\u20131999",
            "goals": "1",
            "caps": "20"
        },
        "Lens": {
            "years": "1999\u20132008",
            "goals": "9",
            "caps": "190"
        },
        "Auxerre": {
            "years": "2008\u20132014",
            "goals": "4",
            "caps": "170"
        },
        "Auxerre B": {
            "years": "2013",
            "goals": "0",
            "caps": "1"
        },
        "Valenciennes": {
            "years": "2014\u20132015",
            "goals": "1",
            "caps": "26"
        },
        "Valenciennes B": {
            "years": "2015",
            "goals": "0",
            "caps": "1"
        }
    },
    "national": {
        "Mali": {
            "years": "1998\u20132014",
            "goals": "1",
            "caps": "77"
        }
    },
    "birth_date": "1980-9-10",
    "medaltemplates": [
        "Sport: Men's football",
        "Country: {{MLI}}",
        "Competition: Africa Cup of Nations"
    ]
}