{
    "name": "Adam Johansson",
    "fullname": "Adam Per Alexander Johansson",
    "birth_place": "Gothenburg, Sweden",
    "height": "1.82 m",
    "position": "Right back",
    "youthclubs1": "Slottsskogen/Godhem IF",
    "years1": "2000\u20132001",
    "clubs1": "Kungsladug\u00e5rds BK",
    "totalcaps": "261",
    "totalgoals": "2",
    "senior": {
        "V\u00e4stra Fr\u00f6lunda IF": {
            "years": "2002\u20132004",
            "goals": "1",
            "caps": "66"
        },
        "IFK G\u00f6teborg": {
            "years": "2013\u20132016",
            "goals": "0",
            "caps": "45"
        },
        "Seattle Sounders FC": {
            "years": "2012\u20132013",
            "goals": "0",
            "caps": "21"
        }
    },
    "national": {
        "Sweden U21": {
            "years": "2002\u20132005",
            "goals": "0",
            "caps": "13"
        },
        "Sweden": {
            "years": "2009\u20132013",
            "goals": "0 ",
            "caps": "18"
        }
    },
    "youth_career": {
        "Kungsladug\u00e5rds BK": "0000\u20132000"
    },
    "birth_date": "1983-02-21"
}