{
    "name": "Adam Virgo",
    "fullname": "Adam John Virgo",
    "birth_place": "Brighton, England",
    "height": "ft=6",
    "position": "Central Defender, utility player",
    "youthclubs1": "Ardingly College",
    "totalcaps": "280",
    "totalgoals": "21",
    "senior": {
        "Brighton & Hove Albion": {
            "years": "2008\u20132010",
            "goals": "4",
            "caps": "61"
        },
        "\u2192 Exeter City (loan)": {
            "years": "2002\u20132003",
            "goals": "0",
            "caps": "9"
        },
        "Celtic": {
            "years": "2005\u20132008",
            "goals": "0",
            "caps": "12"
        },
        "\u2192 Coventry City (loan)": {
            "years": "2006",
            "goals": "1",
            "caps": "15"
        },
        "\u2192 Colchester United (loan)": {
            "years": "2007\u20132008",
            "goals": "1",
            "caps": "36"
        },
        "Yeovil Town": {
            "years": "2010\u20132011",
            "goals": "5",
            "caps": "33"
        },
        "Bristol Rovers": {
            "years": "2011\u20132013",
            "goals": "1",
            "caps": "23"
        }
    },
    "national": {
        "Scotland B": {
            "years": "2004\u20132006",
            "goals": "0 ",
            "caps": "5"
        }
    },
    "birth_date": "1983-1-25"
}