{
    "name": "Adam Blacklaw",
    "fullname": "Adam Smith Blacklaw",
    "birth_place": "Aberdeen, Scotland",
    "death_date": "2010",
    "death_place": "Barnoldswick, England",
    "height": "ft=6 last=Simpson",
    "position": "Goalkeeper",
    "totalcaps": "415",
    "totalgoals": "0",
    "managerclubs1": "Clitheroe",
    "senior": {
        "Burnley": {
            "years": "1956\u20131967",
            "goals": "0",
            "caps": "318"
        },
        "Blackburn Rovers": {
            "years": "1967\u20131970",
            "goals": "0",
            "caps": "96"
        },
        "Blackpool": {
            "years": "1970\u20131971",
            "goals": "0",
            "caps": "1"
        }
    },
    "national": {
        "Scotland under-23": {
            "years": "1959\u20131960",
            "goals": "0",
            "caps": "2"
        },
        "Scotland": {
            "years": "1963\u20131965",
            "goals": "0 ",
            "caps": "3"
        }
    },
    "birth_date": "1937-9-2"
}