{
    "name": "Adam Green",
    "fullname": "Adam Green",
    "editor1-first": "Barry J.",
    "editor1-last": "Hugman",
    "year": "2006",
    "isbn": "9781845961114",
    "page": "166 ",
    "birth_place": "Hillingdon, England",
    "height": "m=1.78",
    "position": "Defender",
    "currentclub": "Leatherhead",
    "club-update": "17:00, 28 January 2015 (UTC)",
    "senior": {
        "Fulham": {
            "years": "2003\u20132006",
            "goals": "0",
            "caps": "13"
        },
        "\u2192 Sheffield Wednesday (loan)": {
            "years": "2005",
            "goals": "0",
            "caps": "3"
        },
        "\u2192 AFC Bournemouth (loan)": {
            "years": "2005",
            "goals": "0",
            "caps": "3"
        },
        "\u2192 Bristol City (loan)": {
            "years": "2006",
            "goals": "0",
            "caps": "2"
        },
        "Grays Athletic": {
            "years": "2006\u20132007",
            "goals": "2",
            "caps": "18"
        },
        "Woking": {
            "years": "2007\u20132008",
            "goals": "0",
            "caps": "38"
        },
        "Hayes & Yeading United": {
            "years": "2009\u20132011",
            "goals": "3",
            "caps": "67"
        },
        "Dartford": {
            "years": "2014\u20132015",
            "goals": "0",
            "caps": "11"
        },
        "\u2192 Kingstonian (loan)": {
            "years": "2012\u20132013",
            "goals": "0",
            "caps": "4"
        },
        "Basingstoke Town": {
            "years": "2013\u20132014",
            "goals": "0",
            "caps": "37"
        },
        "\u2192 Leatherhead (loan)": {
            "years": "2014\u20132015",
            "goals": "2",
            "caps": "8"
        },
        "Leatherhead": {
            "years": "2015\u2013",
            "goals": "2",
            "caps": "62"
        }
    },
    "youth_career": {
        "Fulham": "1999\u20132003"
    },
    "birth_date": "1984-1-12"
}