{
    "name": "Ademir da Guia",
    "fullname": "Ademir da Guia",
    "birth_place": "Rio de Janeiro, Brazil",
    "height": "m=1.80",
    "position": "Attacking Midfielder",
    "youthyears1": "1952\u20131956 |youthclubs1 = Ceres",
    "youthyears2": "1956\u20131960 |youthclubs2 = Bangu",
    "years1": "1960\u20131961 |clubs1 = Bangu      |caps1 = 59  |goals1 = 14",
    "years2": "1961\u20131977 |clubs2 = Palmeiras       |caps2 = 901  |goals2 = 153",
    "totalcaps": "960",
    "totalgoals": "167",
    "nationalyears1": "1965\u20131974 |nationalteam1 = Brazil |nationalcaps1 = 9 |nationalgoals1 = 0",
    "birth_date": "1942-04-03"
}