{
    "name": "Ademir de Menezes",
    "fullname": "Ademir Marques de Menezes",
    "birth_place": "Recife, Brazil",
    "death_date": "df=yes",
    "death_place": "Rio de Janeiro, Brazil",
    "height": "1.76 m",
    "position": "Striker",
    "youthclubs1": "Sport Recife",
    "years1": "1939\u20131942",
    "clubs1": "Sport Recife",
    "years2": "1942\u20131945",
    "clubs2": "Vasco da Gama",
    "years3": "1946\u20131947",
    "clubs3": "Fluminense",
    "years4": "1948\u20131956",
    "clubs4": "Vasco da Gama",
    "years5": "1957",
    "clubs5": "Sport Recife",
    "national": {
        "Brazil": {
            "years": "1945\u20131953",
            "goals": "32",
            "caps": "39"
        }
    },
    "manager_career": {
        "Vasco da Gama": "1967"
    },
    "birth_date": "1922-11-8",
    "medaltemplates": [
        "Sport: Men's Football",
        "Country: {{BRA}}",
        "Competition: FIFA World Cup",
        "Competition: South American Championship",
        "Competition: Panamerican Championship"
    ]
}