{
    "name": "Adil Ramzi",
    "height": "1.79 m",
    "birth_place": "Marrakech, Morocco",
    "position": "Midfielder",
    "totalcaps": "388",
    "totalgoals": "119",
    "senior": {
        "Kawkab Marrakech": {
            "years": "1995\u20131997",
            "goals": "13",
            "caps": "30"
        },
        "Udinese": {
            "years": "1997",
            "goals": "0",
            "caps": "0"
        },
        "Willem II": {
            "years": "1998\u20132000",
            "goals": "18",
            "caps": "52"
        },
        "PSV": {
            "years": "2000\u20132004",
            "goals": "6",
            "caps": "49"
        },
        "\u2192 C\u00f3rdoba (loan)": {
            "years": "2002\u20132003",
            "goals": "2",
            "caps": "20"
        },
        "\u2192 Twente (loan)": {
            "years": "2003\u20132004",
            "goals": "8",
            "caps": "32"
        },
        "AZ": {
            "years": "2004\u20132006",
            "goals": "2",
            "caps": "32"
        },
        "\u2192 Utrecht (loan)": {
            "years": "2006",
            "goals": "7",
            "caps": "15"
        },
        "Roda JC Kerkrade": {
            "years": "2011\u20132013",
            "goals": "3",
            "caps": "45"
        },
        "Al-Wakrah": {
            "years": "2007\u20132010",
            "goals": "47",
            "caps": "69"
        },
        "Umm Salal": {
            "years": "2010\u20132011",
            "goals": "4",
            "caps": "13"
        }
    },
    "national": {
        "Morocco U20": {
            "years": "1997\u20131998",
            "goals": "1",
            "caps": "8"
        },
        "Morocco U23": {
            "years": "1998\u2013",
            "goals": "0",
            "caps": "2"
        },
        "Morocco": {
            "years": "1998\u20132007",
            "goals": "4",
            "caps": "34"
        }
    },
    "manager_career": {
        "PSV  (assistant coach)": "2019\u20132022",
        "Jong PSV": "2022\u20132023",
        "Wydad AC": "2023"
    },
    "birth_date": "1977-7-14",
    "medaltemplates": [
        "Country: {{MAR}}",
        "Competition: U-20 Africa Cup of Nations"
    ]
}