{
    "name": "Adin Brown",
    "fullname": "Adin Brown",
    "birth_place": "Pleasant Hill, California, United States",
    "height": "6 ft 5 in",
    "position": "Goalkeeper",
    "collegeyears1": "1996\u20131999",
    "college1": "William & Mary Tribe",
    "totalcaps": "154",
    "totalgoals": "1",
    "senior": {
        "Colorado Rapids": {
            "years": "2000\u20132001",
            "goals": "0",
            "caps": "22"
        },
        "Tampa Bay Mutiny": {
            "years": "2001",
            "goals": "0",
            "caps": "13"
        },
        "New England Revolution": {
            "years": "2002\u20132004",
            "goals": "0",
            "caps": "48"
        },
        "Aalesund": {
            "years": "2005\u20132009",
            "goals": "1",
            "caps": "68"
        },
        "Portland Timbers  ''(USL)''": {
            "years": "2010",
            "goals": "0",
            "caps": "1"
        },
        "Portland Timbers": {
            "years": "2011",
            "goals": "0",
            "caps": "2"
        }
    },
    "national": {
        "United States U23": {
            "years": "1999\u20132000",
            "goals": "0",
            "caps": "6"
        }
    },
    "manager_career": {
        "Portland Pilots (goalkeeping)": "2013\u20132015",
        "Portland Timbers (goalkeeping)": "2015\u20132020",
        "Chicago Fire (goalkeeping)": "2020\u20132022",
        "San Jose Earthquakes (goalkeeping)": "2023\u2013"
    },
    "birth_date": "1978-5-27",
    "medaltemplates": [
        "Sport: Men's Soccer"
    ]
}