{
    "name": "Adnan Khamees Al-Talyani",
    "fullname": "Adnan Khamis Mohammed Obaid Al-Talyani Al Suwaidi",
    "birth_place": "Sharjah, United Arab Emirates",
    "height": "meters=1.76",
    "position": "Forward",
    "senior": {
        "Al-Shaab": {
            "years": "1979\u20131999",
            "goals": "133",
            "caps": "563"
        }
    },
    "national": {
        "United Arab Emirates": {
            "years": "1982\u20131997",
            "goals": "52",
            "caps": "161"
        }
    },
    "birth_date": "1964-10-30",
    "medaltemplates": [
        "Sport: Men's football",
        "Competition: AFC Asian Cup",
        "Competition: WAFF U-18 Championship",
        "Competition: Arabian Gulf Cup"
    ]
}