{
    "name": "Adolfo Valencia",
    "fullname": "Adolfo Jos\u00e9 Valencia Mosquera",
    "birth_place": "Buenaventura, Colombia",
    "height": "m=1.82",
    "position": "Striker",
    "totalcaps": "442",
    "totalgoals": "166",
    "senior": {
        "Independiente Santa Fe": {
            "years": "2002",
            "goals": "11",
            "caps": "28"
        },
        "Bayern Munich": {
            "years": "1993\u20131994",
            "goals": "11",
            "caps": "26"
        },
        "Atl\u00e9tico Madrid": {
            "years": "1994\u20131995",
            "goals": "6",
            "caps": "24"
        },
        "Am\u00e9rica Cali": {
            "years": "1997",
            "goals": "9",
            "caps": "19"
        },
        "Reggiana": {
            "years": "1997\u20131998",
            "goals": "4",
            "caps": "23"
        },
        "Independiente Medell\u00edn": {
            "years": "1998\u20131999",
            "goals": "11",
            "caps": "22"
        },
        "PAOK": {
            "years": "1999\u20132000",
            "goals": "8",
            "caps": "27"
        },
        "MetroStars": {
            "years": "2000\u20132001",
            "goals": "21",
            "caps": "48"
        },
        "Zhejiang Lucheng": {
            "years": "2004",
            "goals": "0",
            "caps": "6"
        },
        "Uni\u00f3n Maracaibo": {
            "years": "2003",
            "goals": "4",
            "caps": "7"
        }
    },
    "national": {
        "Colombia": {
            "years": "1992\u20131998",
            "goals": "14",
            "caps": "37"
        }
    },
    "birth_date": "1968-2-6"
}