{
    "fullname": "Adolfo Bautista Herrera",
    "birth_place": "Dolores Hidalgo, Guanajuato, Mexico",
    "height": "1.85 m",
    "position": "Attacking midfielder, centre-forward",
    "totalcaps": "425",
    "totalgoals": "126",
    "nationalteam1": "Mexico |nationalyears1  = 2002\u20132010",
    "nationalcaps1": "38",
    "nationalgoals1": "11",
    "senior": {
        "Tecos UAG": {
            "years": "1998\u20132002",
            "goals": "15",
            "caps": "61"
        },
        "Morelia": {
            "years": "2002\u20132003",
            "goals": "19",
            "caps": "45"
        },
        "Pachuca": {
            "years": "2003",
            "goals": "2",
            "caps": "20"
        },
        "Guadalajara": {
            "years": "2010\u20132011",
            "goals": "3",
            "caps": "37"
        },
        "Chiapas": {
            "years": "2007\u20132009",
            "goals": "22",
            "caps": "69"
        },
        "Quer\u00e9taro": {
            "years": "2011\u20132012",
            "goals": "1",
            "caps": "10"
        },
        "Atl\u00e9tico San Luis": {
            "years": "2013",
            "goals": "0",
            "caps": "12"
        },
        "Chivas USA": {
            "years": "2014",
            "goals": "0",
            "caps": "7"
        },
        "Coras": {
            "years": "2014\u20132015",
            "goals": "4",
            "caps": "22"
        },
        "Chicago Mustangs (indoor)": {
            "years": "2015\u20132016",
            "goals": "18",
            "caps": "11"
        }
    },
    "birth_date": "1979-5-15"
}