{
    "name": "Adriano",
    "fullname": "Adriano Leite Ribeiro url=https://www.fifadata.com/document/fwc/2006/PDF/FWC_2006_SquadLists.pdf ",
    "birth_place": "Rio de Janeiro, Brazil",
    "height": "1.89 m ",
    "position": "Striker",
    "totalcaps": "242",
    "totalgoals": "108",
    "pcupdate": "January 18, 2017",
    "senior": {
        "Flamengo": {
            "years": "2012",
            "goals": "0",
            "caps": "0"
        },
        "Inter Milan": {
            "years": "2004\u20132009",
            "goals": "47",
            "caps": "115"
        },
        "\u2192 Fiorentina (loan)": {
            "years": "2002",
            "goals": "6",
            "caps": "15"
        },
        "Parma": {
            "years": "2002\u20132004",
            "goals": "23",
            "caps": "37"
        },
        "\u2192 S\u00e3o Paulo (loan)": {
            "years": "2008",
            "goals": "17",
            "caps": "29"
        },
        "Roma": {
            "years": "2010\u20132011",
            "goals": "0",
            "caps": "5"
        },
        "Corinthians": {
            "years": "2011\u20132012",
            "goals": "1",
            "caps": "4"
        },
        "Atl\u00e9tico Paranaense": {
            "years": "2014",
            "goals": "0",
            "caps": "1"
        },
        "Miami United": {
            "years": "2016",
            "goals": "1",
            "caps": "1"
        }
    },
    "national": {
        "Brazil U17": {
            "years": "1999",
            "goals": "0",
            "caps": "5"
        },
        "Brazil U20": {
            "years": "2001\u20132002",
            "goals": "6",
            "caps": "9"
        },
        "Brazil": {
            "years": "2000\u20132010",
            "goals": "27",
            "caps": "48"
        }
    },
    "youth_career": {
        "Flamengo": "1997\u20131999"
    },
    "birth_date": "1982-2-17",
    "medaltemplates": [
        "Country: {{BRA}}",
        "Competition: FIFA Confederations Cup",
        "Competition: Copa Am\u00e9rica",
        "Competition: South American U-20 Championship",
        "Competition: FIFA U-17 World Cup"
    ]
}