{
    "name": "Adrian Cann",
    "fullname": "Adrian Cann",
    "birth_place": "Thornhill, Ontario, Canada",
    "height": "ft=6",
    "position": "Defender",
    "currentclub": "Serbian White Eagles",
    "clubnumber": "6",
    "collegeyears1": "2000\u20132003",
    "college1": "Louisville Cardinals",
    "years1": "2002",
    "clubs1": "York Region Shooters",
    "years10": "2021\u2013",
    "clubs10": "Serbian White Eagles",
    "pcupdate": "November 23, 2019",
    "ntupdate": "October 17, 2017 ",
    "senior": {
        "Colorado Rapids": {
            "years": "2004",
            "goals": "0",
            "caps": "2"
        },
        "Montreal Impact": {
            "years": "2004\u20132005",
            "goals": "0",
            "caps": "22"
        },
        "Vancouver Whitecaps": {
            "years": "2006\u20132008",
            "goals": "1",
            "caps": "58"
        },
        "Esbjerg": {
            "years": "2008\u20132010",
            "goals": "0",
            "caps": "14"
        },
        "Toronto FC": {
            "years": "2010\u20132012",
            "goals": "0",
            "caps": "48"
        },
        "San Antonio Scorpions": {
            "years": "2014\u20132015",
            "goals": "2",
            "caps": "38"
        },
        "Scarborough SC": {
            "years": "2016\u20132018",
            "goals": "1",
            "caps": "8"
        },
        "Mississauga MetroStars (indoor)": {
            "years": "2018\u20132019",
            "goals": "0",
            "caps": "13"
        }
    },
    "national": {
        "Canada U20": {
            "years": "2002\u20132003",
            "goals": "0",
            "caps": "3"
        },
        "Canada": {
            "years": "2008\u20132011",
            "goals": "0",
            "caps": "9"
        },
        "Canada Beach": {
            "years": "2017",
            "goals": "0",
            "caps": "6"
        }
    },
    "birth_date": "1980-9-19"
}