{
    "name": "Adrian Mutu",
    "upright": "1.1",
    "birth_place": "C\u0103line\u0219ti, Romania",
    "height": "1.81 m",
    "position": "Forward, attacking midfielder",
    "totalcaps": "437",
    "totalgoals": "161",
    "senior": {
        "Arge\u0219 Pite\u0219ti": {
            "years": "1996\u20131998",
            "goals": "11",
            "caps": "41"
        },
        "Dinamo Bucure\u0219ti": {
            "years": "1998\u20131999",
            "goals": "22",
            "caps": "33"
        },
        "Inter Milan": {
            "years": "1999\u20132000",
            "goals": "1",
            "caps": "10"
        },
        "Hellas Verona": {
            "years": "2000\u20132002",
            "goals": "16",
            "caps": "57"
        },
        "Parma": {
            "years": "2002\u20132003",
            "goals": "18",
            "caps": "31"
        },
        "Chelsea": {
            "years": "2003\u20132004",
            "goals": "6",
            "caps": "27"
        },
        "Livorno": {
            "years": "2005",
            "goals": "0",
            "caps": "0"
        },
        "Juventus": {
            "years": "2005\u20132006",
            "goals": "7",
            "caps": "33"
        },
        "Fiorentina": {
            "years": "2006\u20132011",
            "goals": "54",
            "caps": "112"
        },
        "Cesena": {
            "years": "2011\u20132012",
            "goals": "8",
            "caps": "28"
        },
        "Ajaccio": {
            "years": "2012\u20132014",
            "goals": "11",
            "caps": "37"
        },
        "Petrolul Ploie\u0219ti": {
            "years": "2014",
            "goals": "4",
            "caps": "14"
        },
        "Pune City": {
            "years": "2015",
            "goals": "4",
            "caps": "10"
        },
        "ASA T\u00e2rgu Mure\u0219": {
            "years": "2016",
            "goals": "0",
            "caps": "4"
        }
    },
    "national": {
        "Romania U16": {
            "years": "1995",
            "goals": "1",
            "caps": "2"
        },
        "Romania U18": {
            "years": "1996\u20131997",
            "goals": "8",
            "caps": "14"
        },
        "Romania U21": {
            "years": "1998\u20132000",
            "goals": "6",
            "caps": "12"
        },
        "Romania": {
            "years": "2000\u20132013",
            "goals": "35",
            "caps": "77"
        }
    },
    "manager_career": {
        "ASA T\u00e2rgu Mure\u0219 (player/assistant)": "2016",
        "Dinamo Bucure\u0219ti (general manager)": "2016\u20132017",
        "Romania (sporting director)": "2017\u20132018",
        "Voluntari": "2018",
        "Al Wahda U21": "2018\u20132019",
        "Romania U21": "2020\u20132021",
        "FC U Craiova": "2021",
        "Rapid Bucure\u0219ti": "2022\u20132023",
        "Neftchi Baku": "2023",
        "CFR Cluj ": "2024"
    },
    "youth_career": {
        "Arge\u0219 Pite\u0219ti": "1987\u20131996"
    },
    "birth_date": "1979-1-8"
}