{
    "name": "Adrian Ilie",
    "fullname": "Bucurel Adrian Ilie",
    "birth_place": "Craiova, Romania",
    "height": "1.80 m",
    "position": "Forward",
    "totalcaps": "287",
    "totalgoals": "100",
    "senior": {
        "Electroputere Craiova": {
            "years": "1992\u20131993",
            "goals": "12",
            "caps": "31"
        },
        "Steaua Bucure\u0219ti": {
            "years": "1993\u20131996",
            "goals": "28",
            "caps": "85"
        },
        "Galatasaray": {
            "years": "1996\u20131997",
            "goals": "12",
            "caps": "30"
        },
        "Valencia": {
            "years": "1998\u20132002",
            "goals": "29",
            "caps": "84"
        },
        "Alav\u00e9s": {
            "years": "2002\u20132004",
            "goals": "6",
            "caps": "22"
        },
        "\u2192 Be\u015fikta\u015f (loan)": {
            "years": "2004",
            "goals": "6",
            "caps": "13"
        },
        "Z\u00fcrich": {
            "years": "2004\u20132005",
            "goals": "7",
            "caps": "23"
        }
    },
    "national": {
        "Romania U21": {
            "years": "1992\u20131995",
            "goals": "21",
            "caps": "17"
        },
        "Romania": {
            "years": "1993\u20132005",
            "goals": "13",
            "caps": "55"
        }
    },
    "manager_career": {
        "Steaua Bucure\u0219ti (sporting director) ": "2007"
    },
    "youth_career": {
        "CS\u0218 Craiova": "0000\u20131992"
    },
    "birth_date": "1974-4-20"
}