{
    "name": "Adrian Elrick",
    "fullname": "Adrian Coroon Elrick",
    "birth_place": "Aberdeen, Scotland",
    "height": "1.71 m",
    "clubnumber": "10",
    "position": "Left Back, Sweeper",
    "senior": {
        "North Shore United": {
            "years": "1968\u20131985",
            "goals": "98",
            "caps": "301"
        }
    },
    "national": {
        "New Zealand": {
            "years": "1975\u20131984",
            "goals": "1 ",
            "caps": "53"
        }
    },
    "birth_date": "1949-09-29"
}