{
    "name": "Adrian Serioux",
    "birth_place": "Scarborough, Ontario, Canada",
    "height": "ft=6",
    "position": "Defender",
    "totalcaps": "233",
    "totalgoals": "7",
    "senior": {
        "Toronto Lynx": {
            "years": "1999\u20132004",
            "goals": "2",
            "caps": "116"
        },
        "\u2192 Mississauga Olympians (loan)": {
            "years": "2002",
            "goals": "1",
            "caps": "4"
        },
        "Millwall": {
            "years": "2004\u20132005",
            "goals": "0",
            "caps": "24"
        },
        "Houston Dynamo": {
            "years": "2010",
            "goals": "2",
            "caps": "13"
        },
        "FC Dallas": {
            "years": "2007\u20132008",
            "goals": "0",
            "caps": "34"
        },
        "Toronto FC": {
            "years": "2009",
            "goals": "2",
            "caps": "26"
        }
    },
    "national": {
        "Canada": {
            "years": "2004\u20132009",
            "goals": "1 ",
            "caps": "19"
        }
    },
    "youth_career": {
        "New Haven Chargers": "1998\u20131999"
    },
    "birth_date": "1979-05-12"
}