{
    "name": "Adri\u00e1n C\u00e1ceres",
    "fullname": "Claudio Adri\u00e1n C\u00e1ceres",
    "birth_place": "Buenos Aires, Argentina",
    "height": "1.78",
    "position": "Left winger, attacking midfielder",
    "years18": "2014",
    "clubs18": "Perth SC",
    "caps18": "3",
    "goals18": "1",
    "years19": "2015",
    "clubs19": "Balcatta FC",
    "caps19": "10",
    "goals19": "3",
    "totalcaps": "226",
    "totalgoals": "38 ",
    "senior": {
        "Perth SC": {
            "years": "1999\u20132000",
            "goals": "3",
            "caps": "12"
        },
        "Southampton": {
            "years": "2000\u20132001",
            "goals": "0",
            "caps": "0"
        },
        "\u2192 Brentford (loan)": {
            "years": "2001",
            "goals": "0",
            "caps": "5"
        },
        "Hull City": {
            "years": "2002",
            "goals": "0",
            "caps": "4"
        },
        "Perth Glory": {
            "years": "2005\u20132006",
            "goals": "1",
            "caps": "18"
        },
        "Yeovil Town": {
            "years": "2004\u20132005",
            "goals": "3",
            "caps": "21"
        },
        "Wycombe Wanderers": {
            "years": "2005",
            "goals": "0",
            "caps": "6"
        },
        "Aldershot Town": {
            "years": "2005",
            "goals": "0",
            "caps": "6"
        },
        "Melbourne Victory": {
            "years": "2006\u20132008",
            "goals": "6",
            "caps": "42"
        },
        "Central Coast Mariners": {
            "years": "2008\u20132009",
            "goals": "2",
            "caps": "22"
        },
        "Wellington Phoenix": {
            "years": "2009\u20132010",
            "goals": "1",
            "caps": "19"
        },
        "Inglewood United": {
            "years": "2010",
            "goals": "0",
            "caps": "3"
        },
        "Heidelberg United": {
            "years": "2011",
            "goals": "1",
            "caps": "5"
        },
        "Real Mataram": {
            "years": "2011\u20132012",
            "goals": "6",
            "caps": "17"
        },
        "Chiangrai United": {
            "years": "2012\u20132013",
            "goals": "0",
            "caps": "0"
        },
        "Bayswater City": {
            "years": "2014",
            "goals": "4",
            "caps": "10"
        }
    },
    "youth_career": {
        "Perth SC": "1998"
    },
    "birth_date": "1982-1-10"
}