{
    "name": "Afonso Alves",
    "fullname": "Afonso Alves Martins J\u00fanior",
    "height": "1.85 m",
    "birth_place": "Belo Horizonte, Brazil",
    "position": "Striker",
    "years1": "2001\u20132002",
    "clubs1": "Atl\u00e9tico Mineiro",
    "totalcaps": "227",
    "totalgoals": "136",
    "senior": {
        "\u00d6rgryte": {
            "years": "2002\u20132003",
            "goals": "23",
            "caps": "39"
        },
        "Malm\u00f6 FF": {
            "years": "2004\u20132006",
            "goals": "29",
            "caps": "55"
        },
        "Heerenveen": {
            "years": "2006\u20132008",
            "goals": "45",
            "caps": "39"
        },
        "Middlesbrough": {
            "years": "2008\u20132009",
            "goals": "10",
            "caps": "42"
        },
        "Al Sadd": {
            "years": "2009\u20132010",
            "goals": "2",
            "caps": "13"
        },
        "\u2192 Al-Rayyan (loan)": {
            "years": "2010",
            "goals": "8",
            "caps": "7"
        },
        "Al-Rayyan": {
            "years": "2010\u20132012",
            "goals": "19",
            "caps": "27"
        },
        "Al-Gharafa": {
            "years": "2012\u20132013",
            "goals": "0",
            "caps": "4"
        }
    },
    "national": {
        "Brazil": {
            "years": "2007",
            "goals": "1 ",
            "caps": "8"
        }
    },
    "birth_date": "1981-1-30"
}