{
    "name": "Agu Casmir",
    "birth_place": "Lagos, Nigeria",
    "height": "1.80 m",
    "position": "Striker",
    "totalcaps": "256",
    "totalgoals": "142",
    "nationalyears1": "2003\u20132007",
    "nationalteam1": "Singapore U23",
    "senior": {
        "Woodlands Wellington": {
            "years": "2006",
            "goals": "14",
            "caps": "30"
        },
        "Young Lions": {
            "years": "2004\u20132005",
            "goals": "31",
            "caps": "34"
        },
        "Gombak United": {
            "years": "2008\u20132010",
            "goals": "23",
            "caps": "57"
        },
        "PDRM": {
            "years": "2008",
            "goals": "1",
            "caps": "3"
        },
        "Persija Jakarta": {
            "years": "2010\u20132011",
            "goals": "9",
            "caps": "21"
        },
        "LionsXII": {
            "years": "2012",
            "goals": "5",
            "caps": "14"
        },
        "Persebaya Bhayangkara": {
            "years": "2013",
            "goals": "2",
            "caps": "6"
        },
        "Warriors FC": {
            "years": "2014\u20132015",
            "goals": "5",
            "caps": "12"
        }
    },
    "national": {
        "Singapore": {
            "years": "2004\u20132012",
            "goals": "13 ",
            "caps": "37"
        }
    },
    "birth_date": "1984-03-23"
}