{
    "name": "Agust\u00edn Delgado",
    "full_name": "Agust\u00edn Javier Delgado Chal\u00e1",
    "birth_place": "Ambuqu\u00ed, Imbabura, Ecuador",
    "height": "1.88 m",
    "position": "Forward",
    "totalcaps": "324",
    "totalgoals": "159",
    "senior": {
        "ESPOLI": {
            "years": "1991\u20131992",
            "goals": "6",
            "caps": "12"
        },
        "Barcelona SC": {
            "years": "2005",
            "goals": "10",
            "caps": "38"
        },
        "El Nacional": {
            "years": "1995\u20131996",
            "goals": "30",
            "caps": "30"
        },
        "Independiente Medell\u00edn": {
            "years": "1997",
            "goals": "0",
            "caps": "0"
        },
        "Cruz Azul": {
            "years": "1998",
            "goals": "2",
            "caps": "8"
        },
        "Necaxa": {
            "years": "1999\u20132001",
            "goals": "38",
            "caps": "83"
        },
        "Southampton": {
            "years": "2001\u20132004",
            "goals": "1",
            "caps": "11"
        },
        "Aucas": {
            "years": "2004",
            "goals": "7",
            "caps": "13"
        },
        "UNAM": {
            "years": "2004",
            "goals": "1",
            "caps": "11"
        },
        "L.D.U. Quito": {
            "years": "2006\u20132008",
            "goals": "24",
            "caps": "69"
        },
        "Emelec": {
            "years": "2009",
            "goals": "0",
            "caps": "8"
        },
        "Valle del Chota": {
            "years": "2010",
            "goals": "0",
            "caps": "7"
        }
    },
    "national": {
        "Ecuador": {
            "years": "1994\u20132006",
            "goals": "31 ",
            "caps": "71"
        }
    },
    "birth_date": "1974-12-23"
}