{
    "name": "Ahmad Reza Abedzadeh",
    "fullname": "Ahmad Reza Abedzadeh",
    "birth_place": "Abadan, Iran",
    "height": "1.90",
    "position": "Goalkeeper",
    "years7": "1994\u20132001",
    "clubs7": "Persepolis",
    "senior": {
        "Abadan": {
            "years": "1983\u20131985",
            "goals": "0",
            "caps": "402"
        },
        "Montakhab Isfahan": {
            "years": "1985\u20131987",
            "goals": "0",
            "caps": "37"
        },
        "Gendarmerie Tehran": {
            "years": "1987\u20131989",
            "goals": "0",
            "caps": "39"
        },
        "Tam Isfahan": {
            "years": "1989\u20131990",
            "goals": "0",
            "caps": "58"
        },
        "Esteghlal": {
            "years": "1990\u20131993",
            "goals": "0",
            "caps": "1"
        },
        "Sepahan": {
            "years": "1993\u20131994",
            "goals": "1 ",
            "caps": "208"
        }
    },
    "national": {
        "Iran": {
            "years": "1987\u20131998",
            "goals": "0",
            "caps": "73"
        }
    },
    "birth_date": "1966-5-25"
}