{
    "name": "Ahmad Elrich",
    "fullname": "Ahmad Elrich",
    "birth_place": "Sydney, New South Wales, Australia",
    "height": "1.83 m",
    "position": "Right winger",
    "currentclub": "Parramatta FC",
    "youthclubs1": "Bass Hill",
    "totalcaps": "178",
    "totalgoals": "23",
    "nationalyears3": "2004\u20132006| nationalteam3 = Australia",
    "nationalcaps3": "17",
    "nationalgoals3": "5",
    "senior": {
        "Parramatta Eagles": {
            "years": "1999",
            "goals": "0",
            "caps": "9"
        },
        "Parramatta Power": {
            "years": "1999\u20132004",
            "goals": "19",
            "caps": "119"
        },
        "Busan I'Cons": {
            "years": "2004",
            "goals": "1",
            "caps": "10"
        },
        "Fulham": {
            "years": "2005\u20132007",
            "goals": "0",
            "caps": "6"
        },
        "\u2192 Lyn Oslo (loan)": {
            "years": "2006",
            "goals": "1",
            "caps": "6"
        },
        "Wellington Phoenix": {
            "years": "2007\u20132008",
            "goals": "1",
            "caps": "13"
        },
        "Central Coast Mariners": {
            "years": "2008\u20132010",
            "goals": "1",
            "caps": "15"
        },
        "Rydalmere Lions": {
            "years": "2017\u20132018",
            "goals": "15",
            "caps": "37"
        },
        "Parramatta FC": {
            "years": "2018\u2013",
            "goals": "4",
            "caps": "30"
        }
    },
    "national": {
        "Australia U20": {
            "years": "2001",
            "goals": "2",
            "caps": "17"
        },
        "Australia U23": {
            "years": "2004",
            "goals": "6",
            "caps": "9"
        }
    },
    "birth_date": "1981-5-30"
}