{
    "native_name": "\u0623\u062d\u0645\u062f \u0628\u0646 \u0628\u0644\u0651\u0629",
    "native_name_lang": "ar",
    "order": "1st",
    "office": "President of Algeria",
    "term_start": "15 September 1963",
    "term_end": "19 June 1965",
    "vicepresident": [
        "Rabah Bitat",
        "Houari Boum\u00e9di\u00e8ne",
        "Sa\u00efd Mohammedi"
    ],
    "successor": "''Houari Boum\u00e9di\u00e8ne as Chairman of the Revolutionary Council''",
    "order2": "Prime Minister of Algeria",
    "term_start2": "27 September 1962",
    "term_end2": "15 September 1963",
    "predecessor2": "''Benyoucef Benkhedda as Head of Government''",
    "successor2": [
        "''Office abolished''",
        "Mohamed Ben Ahmed Abdelghani (1979)"
    ],
    "birth_place": "Maghnia, French Algeria",
    "death_date": "2012",
    "death_place": "Algiers, Algeria",
    "spouse": "Zohra Michelle Sellami   ",
    "children": "2",
    "occupation": [
        "Politician",
        "footballer"
    ],
    "header-color": "lavender",
    "position": "center back, midfielder",
    "senior": {
        "Marseille": {
            "years": "1939-1940",
            "goals": "0",
            "caps": "1"
        }
    },
    "birth_date": "1916-12-25"
}