{
    "name": "Ahn Jung-hwan",
    "fullname": "Ahn Jung-hwan",
    "birth_place": "Paju, Gyeonggi, South Korea",
    "height": "1.77",
    "position": "Attacking midfielder, striker",
    "collegeyears1": "1994\u20131997",
    "college1": "Ajou University",
    "totalcaps": "283",
    "totalgoals": "88",
    "nationalyears2": "1997",
    "nationalteam2": "South Korea B",
    "senior": {
        "Busan Daewoo Royals": {
            "years": "1998\u20132002",
            "goals": "27",
            "caps": "54"
        },
        "\u2192 Perugia (loan)": {
            "years": "2000\u20132002",
            "goals": "5",
            "caps": "30"
        },
        "Shimizu S-Pulse": {
            "years": "2002\u20132003",
            "goals": "14",
            "caps": "38"
        },
        "Yokohama F. Marinos": {
            "years": "2004\u20132005",
            "goals": "16",
            "caps": "34"
        },
        "Metz": {
            "years": "2005\u20132006",
            "goals": "2",
            "caps": "16"
        },
        "MSV Duisburg": {
            "years": "2006",
            "goals": "2",
            "caps": "12"
        },
        "Suwon Samsung Bluewings": {
            "years": "2007",
            "goals": "0",
            "caps": "15"
        },
        "Busan IPark": {
            "years": "2008",
            "goals": "4",
            "caps": "19"
        },
        "Dalian Shide": {
            "years": "2009\u20132011",
            "goals": "18",
            "caps": "65"
        }
    },
    "national": {
        "South Korea U20": {
            "years": "1994",
            "goals": "2",
            "caps": "4"
        },
        "South Korea": {
            "years": "1997\u20132010",
            "goals": "17 |medaltemplates= KOR  Men's football Summer Universiade  1997 Sicily  EAFF Championship 2003 Japan East Asian Games 1997 Busan  ",
            "caps": "71"
        }
    },
    "youth_career": {
        "Namseoul Middle School": "?\u20131990",
        "Seoul Technical High School": "1991\u20131993"
    },
    "birth_date": "1976-1-27"
}