{
    "name": "Aidan Davison",
    "fullname": "Aidan John Davison",
    "birth_place": "Sedgefield, England",
    "position": "Goalkeeper",
    "currentclub": "Wrexham, (Goalkeeping coach)",
    "youthclubs1": "Newcastle United",
    "years18": "2004\u20132008",
    "years19": "2010",
    "clubs18": "Colchester United",
    "clubs19": "Hull City",
    "caps18": "99",
    "caps19": "0",
    "goals18": "0",
    "goals19": "0",
    "totalcaps": "384",
    "totalgoals": "1",
    "senior": {
        "Billingham Synthonia": {
            "years": "1987\u20131988",
            "goals": "1",
            "caps": "33"
        },
        "Notts County": {
            "years": "1988\u20131989",
            "goals": "0",
            "caps": "1"
        },
        "\u2192 Leyton Orient (loan)": {
            "years": "1989",
            "goals": "0",
            "caps": "0"
        },
        "\u2192 Bury (loan)": {
            "years": "1989",
            "goals": "0",
            "caps": "0"
        },
        "Bury": {
            "years": "1989\u20131991",
            "goals": "0",
            "caps": "0"
        },
        "\u2192 Chester City (loan)": {
            "years": "1990",
            "goals": "0",
            "caps": "0"
        },
        "\u2192 Blackpool (loan)": {
            "years": "1991",
            "goals": "0",
            "caps": "0"
        },
        "Millwall": {
            "years": "1991\u20131993",
            "goals": "0",
            "caps": "34"
        },
        "Bolton Wanderers": {
            "years": "1993\u20131997",
            "goals": "0",
            "caps": "37"
        },
        "\u2192 Ipswich Town (loan)": {
            "years": "1996",
            "goals": "0",
            "caps": "0"
        },
        "\u2192 Hull City (loan)": {
            "years": "1996\u20131997",
            "goals": "0",
            "caps": "9"
        },
        "Bradford City": {
            "years": "2000\u20132003",
            "goals": "0",
            "caps": "46"
        },
        "Grimsby Town": {
            "years": "2003\u20132004",
            "goals": "0",
            "caps": "32"
        },
        "Sheffield United": {
            "years": "1999\u20132000",
            "goals": "0",
            "caps": "2"
        },
        "\u2192 Bradford City (loan)": {
            "years": "1999\u20132000",
            "goals": "0",
            "caps": "5"
        }
    },
    "national": {
        "Northern Ireland": {
            "years": "1996\u20131997",
            "goals": "0",
            "caps": "3"
        },
        "Northern Ireland B": {
            "years": "1996",
            "goals": "0",
            "caps": "1"
        }
    },
    "manager_career": {
        "Hull City (Reserves)": "2009\u20132011",
        "FC JAX Destroyers": "2011\u20132012",
        "FC Arizona": "2015\u20132017",
        "Sporting Arizona FC ": "2017\u20132018"
    },
    "birth_date": "1968-5-11"
}