{
    "name": "Aidan Collins",
    "fullname": "Aidan Arthur Collins",
    "birth_place": "Chelmsford, England",
    "position": "Defender",
    "years5": "2007\u20132008",
    "years6": "2008\u20132009",
    "clubs5": "Chelmsford City",
    "clubs6": "Maldon & Tiptree",
    "totalcaps": "23",
    "totalgoals": "1",
    "senior": {
        "Ipswich Town": {
            "years": "2003\u20132006",
            "goals": "0",
            "caps": "4"
        },
        "\u2192 Wycombe Wanderers (loan)": {
            "years": "2006",
            "goals": "1",
            "caps": "5"
        },
        "\u2192 Stockport County (loan)": {
            "years": "2006",
            "goals": "0",
            "caps": "3"
        },
        "Cambridge United": {
            "years": "2007",
            "goals": "0",
            "caps": "11"
        }
    },
    "birth_date": "1986-10-18"
}