{
    "name": "Aiden McGeady",
    "fullname": "Aiden John McGeady",
    "birth_place": "Rutherglen, Scotland last=McGuirk ",
    "height": "1.80 m",
    "position": "Winger",
    "currentclub": "Ayr United",
    "clubnumber": "10",
    "club-update": "16 December 2023",
    "senior": {
        "Celtic": {
            "years": "2004\u20132010",
            "goals": "31",
            "caps": "185"
        },
        "Spartak Moscow": {
            "years": "2010\u20132014",
            "goals": "11",
            "caps": "72"
        },
        "Everton": {
            "years": "2014\u20132017",
            "goals": "1",
            "caps": "32"
        },
        "\u2192 Sheffield Wednesday (loan)": {
            "years": "2016",
            "goals": "1",
            "caps": "13"
        },
        "\u2192 Preston North End (loan)": {
            "years": "2016\u20132017",
            "goals": "8",
            "caps": "34"
        },
        "Sunderland": {
            "years": "2017\u20132022",
            "goals": "29",
            "caps": "127"
        },
        "\u2192 Charlton Athletic (loan)": {
            "years": "2020",
            "goals": "0",
            "caps": "10"
        },
        "Hibernian": {
            "years": "2022\u20132023",
            "goals": "0",
            "caps": "9"
        },
        "Ayr United": {
            "years": "2023\u2013",
            "goals": "2",
            "caps": "10"
        }
    },
    "national": {
        "Republic of Ireland U17": {
            "years": "2002",
            "goals": "0",
            "caps": "3"
        },
        "Republic of Ireland U19": {
            "years": "2003",
            "goals": "0",
            "caps": "1"
        },
        "Republic of Ireland U21": {
            "years": "2004\u20132006",
            "goals": "1",
            "caps": "11"
        },
        "Republic of Ireland": {
            "years": "2004\u20132017",
            "goals": "5 ",
            "caps": "93"
        }
    },
    "youth_career": {
        "Busby Boys Club": "1994\u20131997",
        "Queen's Park": "1997\u20132000",
        "Celtic": "2000\u20132004"
    },
    "birth_date": "1986-4-4"
}