{
    "name": "Aidy Boothroyd",
    "fullname": "Adrian Neil Boothroyd",
    "height": "ft=5",
    "birth_place": "Eccleshill, West Riding of Yorkshire, England",
    "position": "Defender",
    "totalcaps": "158",
    "totalgoals": "4",
    "senior": {
        "Huddersfield Town": {
            "years": "1989\u20131990",
            "goals": "0",
            "caps": "10"
        },
        "Bristol Rovers": {
            "years": "1990\u20131992",
            "goals": "0",
            "caps": "16"
        },
        "Heart of Midlothian": {
            "years": "1992\u20131993",
            "goals": "0",
            "caps": "4"
        },
        "Mansfield Town": {
            "years": "1993\u20131996",
            "goals": "3",
            "caps": "102"
        },
        "Peterborough United": {
            "years": "1996\u20131998",
            "goals": "1",
            "caps": "26"
        }
    },
    "manager_career": {
        "Watford": "2005\u20132008",
        "Colchester United": "2009\u20132010",
        "Coventry City": "2010\u20132011",
        "Northampton Town": "2011\u20132013",
        "England U20": "2016",
        "England U19": "2015\u20132016",
        "England U21": "2016\u20132021",
        "Jamshedpur": "2022\u20132023"
    },
    "birth_date": "1971-2-8"
}