{
    "name": "Aim\u00e9 Anthuenis",
    "birth_place": "Lokeren, Belgium",
    "position": "Defender",
    "years1": "1955\u20131970",
    "clubs1": "Racing Lokeren",
    "clubs3": "FC Eeklo",
    "clubs4": "KV Ertvelde",
    "senior": {
        "Lokeren": {
            "years": "1970\u20131974",
            "goals": "2",
            "caps": "41"
        }
    },
    "manager_career": {
        "Lokeren": "2006",
        "Charleroi": "1987\u20131988",
        "Germinal Ekeren": "1993\u20131994",
        "Waregem": "1995\u20131996",
        "Genk": "1996\u20131999",
        "Anderlecht": "1999\u20132002",
        "Belgium": "2002\u20132005",
        "Germinal Beerschot": "2008\u20132009",
        "Lierse ": "2010"
    },
    "birth_date": "1943-12-21"
}