{
    "name": "Aim\u00e9 Jacquet",
    "fullname": "Aim\u00e9 \u00c9tienne Jacquet date=14 July 1998 ",
    "birth_place": "Sail-sous-Couzan, France",
    "height": "1.82 m",
    "position": "Defensive midfielder",
    "totalcaps": "214",
    "totalgoals": "25",
    "senior": {
        "Saint-\u00c9tienne": {
            "years": "1960\u20131973",
            "goals": "23",
            "caps": "192"
        },
        "Lyon": {
            "years": "1973\u20131975",
            "goals": "2",
            "caps": "22"
        }
    },
    "national": {
        "France": {
            "years": "1968",
            "goals": "0",
            "caps": "2"
        }
    },
    "manager_career": {
        "Lyon": "1976\u20131980",
        "Bordeaux": "1980\u20131989",
        "Montpellier": "1989\u20131990",
        "Nancy": "1990\u20131991",
        "France (assistant)": "1992\u20131993",
        "France": "1993\u20131998"
    },
    "youth_career": {
        "Sail-sous-Couzan": "1958\u20131960"
    },
    "birth_date": "1941-11-27",
    "medaltemplates": [
        "Country: {{FRA}} (as manager)",
        "Competition: FIFA World Cup"
    ]
}