{
    "name": "Aki Riihilahti",
    "fullname": "Aki Pasinpoika Riihilahti",
    "birth_place": "Helsinki, Finland",
    "height": "1.85",
    "position": "Defensive midfielder",
    "currentclub": "HJK (chief executive officer)",
    "totalcaps": "301",
    "totalgoals": "33",
    "senior": {
        "HJK": {
            "years": "2009\u20132011",
            "goals": "6",
            "caps": "40"
        },
        "\u2192 Honka (loan)": {
            "years": "1996",
            "goals": "0",
            "caps": "3"
        },
        "V\u00e5lerenga": {
            "years": "1999\u20132001",
            "goals": "5",
            "caps": "47"
        },
        "Crystal Palace": {
            "years": "2001\u20132006",
            "goals": "13",
            "caps": "157"
        },
        "1. FC Kaiserslautern": {
            "years": "2006\u20132007",
            "goals": "1",
            "caps": "10"
        },
        "Djurg\u00e5rden": {
            "years": "2007\u20132009",
            "goals": "0",
            "caps": "12"
        }
    },
    "national": {
        "Finland": {
            "years": "1998\u20132007",
            "goals": "11 ",
            "caps": "69"
        }
    },
    "manager_career": {
        "HJK (chief executive officer)": "2014\u2013"
    },
    "youth_career": {
        "HJK": "1982\u20131994"
    },
    "birth_date": "1976-09-09"
}