{
    "name": "Akira Kaji, \u52a0\u5730 \u4eae",
    "upright": "1.1",
    "full_name": "Akira Kaji",
    "birth_place": "Minamiawaji, Hyogo, Japan",
    "height": "1.77 m ",
    "position": "Defender",
    "totalcaps": "514",
    "totalgoals": "7",
    "senior": {
        "Cerezo Osaka": {
            "years": "1998\u20131999",
            "goals": "0",
            "caps": "24"
        },
        "Oita Trinita": {
            "years": "2000\u20132001",
            "goals": "3",
            "caps": "75"
        },
        "FC Tokyo": {
            "years": "2002\u20132005",
            "goals": "1",
            "caps": "89"
        },
        "Gamba Osaka": {
            "years": "2006\u20132014",
            "goals": "2",
            "caps": "225"
        },
        "Chivas USA": {
            "years": "2014",
            "goals": "0",
            "caps": "15"
        },
        "Fagiano Okayama": {
            "years": "2015\u20132017",
            "goals": "1",
            "caps": "86"
        }
    },
    "national": {
        "Japan U20": {
            "years": "1998\u20131999",
            "goals": "1",
            "caps": "8"
        },
        "Japan": {
            "years": "2003\u20132008",
            "goals": "2",
            "caps": "64"
        }
    },
    "youth_career": {
        "Takigawa Daini High School": "1995\u20131997"
    },
    "birth_date": "1980-1-13"
}