{
    "name": "Al-Saadi Gaddafi",
    "fullname": "Al-Saadi Muammar Gaddafi",
    "height": "1.84 m",
    "birth_place": "Tripoli, Libya",
    "position": "Forward",
    "senior": {
        "Al-Ahly Tripoli": {
            "years": "2000\u20132001",
            "goals": "3",
            "caps": "14"
        },
        "Al-Ittihad Tripoli": {
            "years": "2001\u20132003",
            "goals": "24",
            "caps": "74"
        },
        "Perugia": {
            "years": "2003\u20132004",
            "goals": "0",
            "caps": "1"
        },
        "Udinese": {
            "years": "2005\u20132006",
            "goals": "0",
            "caps": "1"
        },
        "Sampdoria": {
            "years": "2006\u20132007",
            "goals": "0",
            "caps": "0"
        }
    },
    "national": {
        "Libya": {
            "years": "2001\u20132003",
            "goals": "0   ",
            "caps": "2"
        }
    },
    "birth_date": "1973-5-25"
}