{
    "name": "Al Finucane",
    "fullname": "Michael Alphonsus Finucane",
    "birth_place": "Limerick, Ireland",
    "position": "Defender",
    "nationalteam1": "League of Ireland XI",
    "nationalcaps1": "26",
    "senior": {
        "Limerick": {
            "years": "1981\u20131986",
            "goals": "3",
            "caps": "126"
        },
        "Waterford": {
            "years": "1973\u20131981",
            "goals": "11",
            "caps": "218"
        },
        "Waterford United": {
            "years": "1986\u20131987",
            "goals": "0",
            "caps": "21"
        },
        "Newcastlewest": {
            "years": "1987\u20131988",
            "goals": "0",
            "caps": "23"
        }
    },
    "national": {
        "Republic of Ireland U23": {
            "years": "1966",
            "goals": "0",
            "caps": "1"
        },
        "Republic of Ireland": {
            "years": "1967\u20131971",
            "goals": "0 ",
            "caps": "11"
        }
    },
    "birth_date": "1943-1-8"
}