{
    "name": "Alaeddine Yahia",
    "birth_place": "Colombes, Hauts-de-Seine, France",
    "height": "1.86 m",
    "position": "Centre-back",
    "totalcaps": "352",
    "totalgoals": "20",
    "senior": {
        "Louhans-Cuiseaux": {
            "years": "2000\u20132001",
            "goals": "0",
            "caps": "4"
        },
        "Guingamp": {
            "years": "2001\u20132004",
            "goals": "1",
            "caps": "37"
        },
        "Southampton": {
            "years": "2004\u20132005",
            "goals": "0",
            "caps": "0"
        },
        "\u2192 Saint-Etienne (loan)": {
            "years": "2005",
            "goals": "0",
            "caps": "7"
        },
        "Saint-Etienne": {
            "years": "2005\u20132006",
            "goals": "0",
            "caps": "10"
        },
        "Sedan": {
            "years": "2006\u20132007",
            "goals": "0",
            "caps": "20"
        },
        "Nice": {
            "years": "2008\u20132009",
            "goals": "1",
            "caps": "9"
        },
        "\u2192 Lens (loan)": {
            "years": "2008\u20132009",
            "goals": "3",
            "caps": "23"
        },
        "Lens": {
            "years": "2009\u20132014",
            "goals": "11",
            "caps": "154"
        },
        "Lens II": {
            "years": "2013",
            "goals": "0",
            "caps": "1"
        },
        "Caen": {
            "years": "2014\u20132017",
            "goals": "4",
            "caps": "75"
        },
        "Caen II": {
            "years": "2014",
            "goals": "0",
            "caps": "1"
        },
        "Nancy": {
            "years": "2017\u20132018",
            "goals": "0",
            "caps": "20"
        },
        "Nancy II": {
            "years": "2017",
            "goals": "0",
            "caps": "1"
        }
    },
    "national": {
        "Tunisia": {
            "years": "2002\u20132014",
            "goals": "1",
            "caps": "25"
        }
    },
    "birth_date": "1981-9-26",
    "medaltemplates": [
        "Sport: Men's football",
        "Country: {{TUN}}",
        "Competition: Africa Cup of Nations"
    ]
}