{
    "name": "Alain Masudi",
    "fullname": "Alain Masudi Ekakanga",
    "birth_place": "Kinshasa, Zaire",
    "position": "Striker, midfielder",
    "totalcaps": "449",
    "totalgoals": "103",
    "senior": {
        "Bastia": {
            "years": "1997",
            "goals": "0",
            "caps": "1"
        },
        "N\u00eemes": {
            "years": "1997\u20131999",
            "goals": "3",
            "caps": "39"
        },
        "Saint-\u00c9tienne": {
            "years": "1999\u20132000",
            "goals": "1",
            "caps": "8"
        },
        "Lausanne-Sport": {
            "years": "2000\u20132001",
            "goals": "1",
            "caps": "14"
        },
        "Sturm Graz": {
            "years": "2001\u20132003",
            "goals": "10",
            "caps": "48"
        },
        "Al-Ittihad": {
            "years": "2003\u20132004",
            "goals": "8",
            "caps": "24"
        },
        "Bnei Sakhnin": {
            "years": "2004\u20132005",
            "goals": "5",
            "caps": "26"
        },
        "Maccabi Netanya": {
            "years": "2005\u20132006",
            "goals": "9",
            "caps": "30"
        },
        "Maccabi Haifa": {
            "years": "2006\u20132007",
            "goals": "5",
            "caps": "24"
        },
        "F.C. Ashdod": {
            "years": "2007",
            "goals": "1",
            "caps": "14"
        },
        "Maccabi Tel Aviv": {
            "years": "2008",
            "goals": "6",
            "caps": "14"
        },
        "Maccabi Herzliya": {
            "years": "2010\u20132011",
            "goals": "13",
            "caps": "31"
        },
        "Dalian Shide": {
            "years": "2009",
            "goals": "1",
            "caps": "11"
        },
        "Ironi Ramat HaSharon": {
            "years": "2011\u20132012",
            "goals": "4",
            "caps": "32"
        },
        "Maccabi Ahi Nazareth": {
            "years": "2012\u20132015",
            "goals": "28",
            "caps": "103"
        }
    },
    "national": {
        "Congo DR": {
            "years": "1998\u20132006",
            "goals": "2",
            "caps": "12"
        }
    },
    "manager_career": {
        "Sporting Tel Aviv ": "2020\u2013"
    },
    "birth_date": "1978-02-12"
}