{
    "name": "Alain N'Kong",
    "fullname": "Alain Mosely N'Kong",
    "birth_place": "Yaound\u00e9, Cameroon",
    "height": "1.79 m",
    "position": "Attacking midfielder",
    "years14": "2012\u20132013",
    "clubs14": "Persebaya 1927",
    "caps14": "12| goals14 = 4",
    "totalcaps": "291",
    "totalgoals": "64",
    "senior": {
        "Canon Yaound\u00e9": {
            "years": "1998\u20132000",
            "goals": "14",
            "caps": "63"
        },
        "Freamunde": {
            "years": "2000\u20132001",
            "goals": "0",
            "caps": "14"
        },
        "Villa Espa\u00f1ola": {
            "years": "2001\u20132002",
            "goals": "18",
            "caps": "28"
        },
        "Las Palmas": {
            "years": "2002\u20132003",
            "goals": "1",
            "caps": "11"
        },
        "Pa\u00e7os de Ferreira": {
            "years": "2003",
            "goals": "0",
            "caps": "0"
        },
        "Nacional": {
            "years": "2004",
            "goals": "1",
            "caps": "10"
        },
        "Colorado Rapids": {
            "years": "2005\u20132007",
            "goals": "5",
            "caps": "33"
        },
        "Atlante": {
            "years": "2007",
            "goals": "4",
            "caps": "22"
        },
        "Le\u00f3n": {
            "years": "2008",
            "goals": "0",
            "caps": "1"
        },
        "Boulogne": {
            "years": "2008\u20132009",
            "goals": "2",
            "caps": "19"
        },
        "Indios": {
            "years": "2009\u20132010",
            "goals": "1",
            "caps": "30"
        },
        "Aceh United": {
            "years": "2010\u20132011",
            "goals": "8",
            "caps": "17"
        },
        "Arema Indonesia (ISL)": {
            "years": "2011\u20132012",
            "goals": "3",
            "caps": "11"
        },
        "Persepam Madura United": {
            "years": "2013\u20132014",
            "goals": "3",
            "caps": "20"
        }
    },
    "national": {
        "Cameroon": {
            "years": "2008",
            "goals": "1",
            "caps": "6"
        }
    },
    "birth_date": "1979-4-6"
}