{
    "name": "Alain Sutter",
    "birth_place": "Bern, Switzerland",
    "height": "1.78 m",
    "position": "Midfielder",
    "totalcaps": "351",
    "totalgoals": "54",
    "senior": {
        "Grasshoppers": {
            "years": "1985\u20131993",
            "goals": "36",
            "caps": "202"
        },
        "\u2192 Young Boys (loan)": {
            "years": "1987\u20131988",
            "goals": "5",
            "caps": "28"
        },
        "1. FC N\u00fcrnberg": {
            "years": "1993\u20131994",
            "goals": "5",
            "caps": "29"
        },
        "Bayern Munich": {
            "years": "1994\u20131995",
            "goals": "1",
            "caps": "22"
        },
        "SC Freiburg": {
            "years": "1995\u20131997",
            "goals": "5",
            "caps": "45"
        },
        "Dallas Burn": {
            "years": "1997\u20131998",
            "goals": "2",
            "caps": "25"
        }
    },
    "national": {
        "Switzerland": {
            "years": "1985\u20131996",
            "goals": "5 ",
            "caps": "68"
        }
    },
    "youth_career": {
        "SC B\u00fcmpliz 78": "1973\u20131985"
    },
    "birth_date": "1968-1-22"
}