{
    "name": "Alain Gaspoz",
    "birth_place": "Bagnes, Switzerland",
    "height": "1.72 m",
    "position": "Right-back",
    "years1": "1989\u20131992",
    "years2": "1992\u20131994",
    "years3": "1994\u20131995",
    "years4": "1995\u20131998",
    "years5": "1998\u20132000",
    "years6": "1999\u20132000",
    "years7": "2000\u20132002",
    "years8": "2002\u20132003",
    "years9": "2003\u20132004",
    "years10": "2004\u20132007",
    "years11": "2007\u20132009",
    "clubs1": "FC Fribourg",
    "clubs2": "FC St. Gallen",
    "clubs3": "FC Winterthur",
    "clubs4": "FC Sion",
    "clubs5": "AC Lugano",
    "clubs6": "FC Z\u00fcrich",
    "clubs7": "AC Lugano",
    "clubs8": "Servette FC",
    "clubs9": "FC Aarau",
    "clubs10": "FC Sion",
    "clubs11": "FC Bagnes",
    "national": {
        "Benin": {
            "years": "2003\u20132008",
            "goals": "1 ",
            "caps": "21"
        }
    },
    "birth_date": "1970-5-16"
}