{
    "name": "Alain Perrin",
    "full_name": "Alain Andr\u00e9 Christian Perrin",
    "birth_place": "Lure, France",
    "position": "Defender",
    "years1": "1971\u20131975",
    "clubs1": "Nancy",
    "years2": "1976\u20131981",
    "clubs2": "Varang\u00e9ville",
    "years3": "1983\u20131987",
    "clubs3": "Nancy",
    "manager_career": {
        "Troyes": "1993\u20132002",
        "Marseille": "2002\u20132004",
        "Al-Ain": "2004",
        "Portsmouth": "2005",
        "Sochaux": "2006\u20132007",
        "Lyon": "2007\u20132008",
        "Saint-\u00c9tienne": "2008\u20132009",
        "Al-Khor": "2010\u20132012",
        "Qatar (Olympic)": "2012\u20132013",
        "Al Gharafa": "2012\u20132013",
        "Umm Salal": "2013",
        "China": "2014\u20132016",
        "Nancy ": "2018\u20132019"
    },
    "youth_career": {
        "SR Haguenau": "1966\u20131970",
        "Tomblaine": "1970\u20131971",
        "Nancy": "1971"
    },
    "birth_date": "1956-10-7"
}