{
    "name": "Alain Goma",
    "fullname": "Alain Goma 7411",
    "birth_place": "Sault,  France",
    "height": "1.83 m",
    "position": "Defender",
    "years5": "2007\u20132008",
    "clubs5": "Al-Wakrah",
    "totalcaps": "346",
    "totalgoals": "5",
    "senior": {
        "Auxerre": {
            "years": "1990\u20131998",
            "goals": "4",
            "caps": "166"
        },
        "Paris Saint-Germain": {
            "years": "1998\u20131999",
            "goals": "0",
            "caps": "30"
        },
        "Newcastle United": {
            "years": "1999\u20132001",
            "goals": "1",
            "caps": "33"
        },
        "Fulham": {
            "years": "2001\u20132006",
            "goals": "0",
            "caps": "117"
        }
    },
    "national": {
        "France": {
            "years": "1996\u20131998",
            "goals": "0 ",
            "caps": "2"
        }
    },
    "youth_career": {
        "Versailles": "1982\u20131988",
        "Auxerre": "1988\u20131990"
    },
    "birth_date": "1972-10-5"
}