{
    "name": "Alan Stubbs",
    "birth_place": "Kirkby, Lancashire, England",
    "height": "1.88 m",
    "position": "Centre-back",
    "totalcaps": "483",
    "totalgoals": "20",
    "senior": {
        "Bolton Wanderers": {
            "years": "1990\u20131996",
            "goals": "9",
            "caps": "202"
        },
        "Celtic": {
            "years": "1996\u20132001",
            "goals": "3",
            "caps": "93"
        },
        "Everton": {
            "years": "2006\u20132008",
            "goals": "3",
            "caps": "45"
        },
        "Sunderland": {
            "years": "2005\u20132006",
            "goals": "1",
            "caps": "10"
        },
        "Derby County": {
            "years": "2008",
            "goals": "0",
            "caps": "9"
        }
    },
    "national": {
        "England B": {
            "years": "1994",
            "goals": "0",
            "caps": "1"
        }
    },
    "manager_career": {
        "Hibernian": "2014\u20132016",
        "Rotherham United": "2016",
        "St Mirren ": "2018"
    },
    "birth_date": "1971-10-6"
}