{
    "name": "Alan Buckley",
    "fullname": "Alan Peter Buckley",
    "birth_place": "Mansfield, England",
    "position": "Forward",
    "years3": "1978\u20131979",
    "clubs3": "Birmingham City| caps3 = 28",
    "goals3": "8",
    "years5": "1984\u20131986",
    "clubs5": "Stourbridge",
    "senior": {
        "Nottingham Forest": {
            "years": "1967\u20131973",
            "goals": "1",
            "caps": "18"
        },
        "Walsall": {
            "years": "1979\u20131984",
            "goals": "49",
            "caps": "178"
        },
        "Tamworth": {
            "years": "1986\u20131987",
            "goals": "0",
            "caps": "3"
        }
    },
    "manager_career": {
        "Walsall (caretaker)": "1978",
        "Walsall": "1982\u20131986",
        "Walsall (joint with Neil Martin)": "1981\u20131982",
        "Kettering Town": "1986\u20131988",
        "Grimsby Town": "2006\u20132008",
        "West Bromwich Albion": "1994\u20131997",
        "Lincoln City": "2001\u20132002",
        "Rochdale": "2003",
        "Grimsby Town (U17s) ": "2012\u20132013"
    },
    "birth_date": "1951-4-20"
}