{
    "name": "Alan Mathews",
    "fullname": "Alan Mathews",
    "birth_place": "Dublin, Ireland",
    "currentclub": "St Patrick's Athletic (Technical Director)",
    "senior": {
        "St. Patrick's Athletic": {
            "years": "1984",
            "goals": "?",
            "caps": "?"
        },
        "Drogheda United": {
            "years": "1984",
            "goals": "?",
            "caps": "?"
        },
        "Shamrock Rovers": {
            "years": "1985\u20131987",
            "goals": "4",
            "caps": "43"
        },
        "Bray Wanderers": {
            "years": "1987\u20131988",
            "goals": "0",
            "caps": "45"
        },
        "Galway United": {
            "years": "1988\u20131991",
            "goals": "5",
            "caps": "128"
        },
        "Kilkenny City": {
            "years": "1991\u20131992",
            "goals": "0",
            "caps": "1"
        },
        "Longford Town": {
            "years": "1992\u20131995",
            "goals": "4",
            "caps": "88"
        },
        "St James's Gate": {
            "years": "1994\u20131995",
            "goals": "0",
            "caps": "4"
        }
    },
    "manager_career": {
        "Longford Town": "2002\u20132007",
        "Cork City": "2008",
        "Drogheda United": "2009\u20132010",
        "Shelbourne": "2010\u20132013",
        "Bray Wanderers": "2014\u20132015",
        "Athlone Town": "2015\u20132016",
        "Longford Town ": "2016\u20132017"
    },
    "birth_date": "1965-6-27"
}