{
    "name": "Alan Mullery    MBE",
    "fullname": "Alan Patrick Mullery",
    "birth_place": "Notting Hill, London, England",
    "position": "Midfielder",
    "years4": "1976",
    "clubs4": "Durban City",
    "totalcaps": "677",
    "totalgoals": "62",
    "senior": {
        "Fulham": {
            "years": "1972\u20131976",
            "goals": "24",
            "caps": "165"
        },
        "Tottenham Hotspur": {
            "years": "1964\u20131972",
            "goals": "25",
            "caps": "312"
        }
    },
    "national": {
        "England": {
            "years": "1964\u20131971",
            "goals": "1",
            "caps": "35"
        }
    },
    "manager_career": {
        "Brighton & Hove Albion": "1986\u20131987",
        "Charlton Athletic": "1981\u20131982",
        "Crystal Palace": "1982\u20131984",
        "Queens Park Rangers": "1984",
        "ATM FA": "1990\u20131993",
        "Barnet ": "1996\u20131997"
    },
    "birth_date": "1941-11-23"
}