{
    "name": "Alan Ball    MBE",
    "fullname": "Alan James Ball",
    "birth_place": "Farnworth, Lancashire, England",
    "height": "ft=5",
    "death_date": "2007",
    "death_place": "Warsash, Hampshire, England",
    "position": "Midfielder",
    "years1": "1960\u20131961 |clubs1  = Ashton United                    |caps1  = 7    |goals1  = 1",
    "years2": "1962\u20131966 |clubs2  = Blackpool                            |caps2  = 116  |goals2  = 40",
    "years3": "1966\u20131971 |clubs3  = Everton                                |caps3  = 208  |goals3  = 66",
    "years4": "1971\u20131976 |clubs4  = Arsenal                                |caps4  = 177  |goals4  = 45",
    "years5": "1976      |clubs5  = \u2192 Hellenic (loan)                     |caps5  = 4    |goals5  = ?",
    "years6": "1976\u20131979 |clubs6  = Southampton                        |caps6  = 132  |goals6  = 9",
    "years7": "1978      |clubs7  = \u2192 Philadelphia Fury (loan) |caps7  = 33   |goals7  = 5",
    "years8": "1979      |clubs8  = Vancouver Whitecaps   |caps8  = 31   |goals8  = 10",
    "years9": "1980\u20131981 |clubs9  = Blackpool                            |caps9  = 30   |goals9  = 5",
    "years10": "1981\u20131982 |clubs10 = Southampton                        |caps10 = 63   |goals10 = 2",
    "years11": "1982      |clubs11 = \u2192 Floreat Athena (loan)                             |caps11 = 3    |goals11 = 2",
    "years12": "1982\u20131983 |clubs12 = Eastern AA                                          |caps12 = 12   |goals12 = ?",
    "years13": "1983      |clubs13 = Bristol Rovers                  |caps13 = 17   |goals13 = 2",
    "totalcaps": "833",
    "totalgoals": "187+",
    "nationalyears1": "1965\u20131975",
    "nationalteam1": "England| nationalcaps1= 72| nationalgoals1 = 8",
    "manager_career": {
        "Philadelphia Fury": "1978",
        "Blackpool": "1980\u20131981",
        "Portsmouth": "1998\u20131999",
        "Stoke City": "1989\u20131991",
        "Exeter City": "1991\u20131994",
        "Southampton": "1994\u20131995",
        "Manchester City": "1995\u20131996"
    },
    "youth_career": {
        "Bolton Wanderers": "1960\u20131961",
        "Blackpool": "1961\u20131962"
    },
    "birth_date": "1945-5-12"
}