{
    "name": "Alan Reeves",
    "birth_place": "Birkenhead, England",
    "position": "Centre-back",
    "currentclub": "Leicester City (scout)",
    "years1": "1987\u20131988",
    "clubs1": "Heswall",
    "goals1": "-",
    "totalcaps": "444",
    "totalgoals": "27",
    "senior": {
        "Norwich City": {
            "years": "1988\u20131989",
            "goals": "0",
            "caps": "0"
        },
        "\u2192 Gillingham (loan)": {
            "years": "1989",
            "goals": "0",
            "caps": "18"
        },
        "Chester City": {
            "years": "1989\u20131991",
            "goals": "2",
            "caps": "40"
        },
        "Rochdale": {
            "years": "1991\u20131994",
            "goals": "9",
            "caps": "121"
        },
        "Wimbledon": {
            "years": "1994\u20131998",
            "goals": "4",
            "caps": "57"
        },
        "Swindon Town": {
            "years": "1998\u20132006",
            "goals": "12",
            "caps": "208"
        }
    },
    "manager_career": {
        "Swindon Town (player-assistant)": "2005\u20132006",
        "Brentford (assistant)": "2006\u20132007",
        "AFC Wimbledon (U23)": "2014\u20132019",
        "Leicester City (scout) ": "2020\u2013"
    },
    "birth_date": "1967-11-19"
}