{
    "name": "Alan Gordon",
    "fullname": "Alan Eugene Gordon II",
    "birth_place": "Long Beach, California, United States",
    "height": "ft=6",
    "position": "Forward",
    "totalcaps": "322",
    "totalgoals": "76",
    "college": {
        "Yavapai Roughriders": {
            "years": "2000\u20132001",
            "goals": "39",
            "caps": "50"
        },
        "Oregon State Beavers": {
            "years": "2002\u20132003",
            "goals": "26",
            "caps": "40"
        }
    },
    "senior": {
        "Portland Timbers": {
            "years": "2004",
            "goals": "17",
            "caps": "27"
        },
        "\u2192 LA Galaxy (loan)": {
            "years": "2004",
            "goals": "0",
            "caps": "3"
        },
        "LA Galaxy": {
            "years": "2014\u20132016",
            "goals": "13",
            "caps": "65"
        },
        "\u2192 Portland Timbers (loan)": {
            "years": "2006",
            "goals": "0",
            "caps": "1"
        },
        "Chivas USA": {
            "years": "2010",
            "goals": "1",
            "caps": "9"
        },
        "Toronto FC": {
            "years": "2011",
            "goals": "4",
            "caps": "8"
        },
        "San Jose Earthquakes": {
            "years": "2011\u20132014",
            "goals": "18",
            "caps": "64"
        },
        "Colorado Rapids": {
            "years": "2017",
            "goals": "3",
            "caps": "26"
        },
        "Chicago Fire": {
            "years": "2018",
            "goals": "4",
            "caps": "23"
        }
    },
    "national": {
        "United States": {
            "years": "2012\u20132015",
            "goals": "0",
            "caps": "2"
        }
    },
    "birth_date": "1981-10-16"
}