{
    "name": "Alan Curbishley",
    "fullname": "Llewellyn Charles Curbishley 4517",
    "birth_place": "Forest Gate,  Essex, England",
    "height": "ft=5",
    "position": "Midfielder",
    "totalcaps": "458",
    "totalgoals": "36",
    "senior": {
        "West Ham United": {
            "years": "1975\u20131979",
            "goals": "5",
            "caps": "85"
        },
        "Birmingham City": {
            "years": "1979\u20131983",
            "goals": "11",
            "caps": "130"
        },
        "Aston Villa": {
            "years": "1983\u20131984",
            "goals": "1",
            "caps": "36"
        },
        "Charlton Athletic": {
            "years": "1990\u20131993",
            "goals": "0",
            "caps": "28"
        },
        "Brighton & Hove Albion": {
            "years": "1987\u20131990",
            "goals": "13",
            "caps": "116"
        }
    },
    "national": {
        "England U21": {
            "years": "1980",
            "goals": "0",
            "caps": "1"
        }
    },
    "manager_career": {
        "Charlton Athletic": "1991\u20132006",
        "West Ham United ": "2006\u20132008"
    },
    "birth_date": "1957-11-8"
}