{
    "name": "Alan Skirton",
    "fullname": "Alan Frederick Graham Skirton",
    "birth_place": "Bath, England",
    "death_date": "12 May 2019 (aged 80)",
    "position": "Winger",
    "youthclubs1": "West Twerton Youth Club",
    "years6": "1972",
    "clubs6": "Durban City",
    "years7": "1972\u20131974",
    "clubs7": "Weymouth",
    "totalcaps": "338",
    "totalgoals": "99",
    "senior": {
        "Bath City": {
            "years": "1956\u20131959",
            "goals": "44",
            "caps": "144"
        },
        "Arsenal": {
            "years": "1959\u20131966",
            "goals": "53",
            "caps": "145"
        },
        "Blackpool": {
            "years": "1966\u20131968",
            "goals": "25",
            "caps": "77"
        },
        "Bristol City": {
            "years": "1968\u20131971",
            "goals": "14",
            "caps": "78"
        },
        "Torquay United": {
            "years": "1971\u20131972",
            "goals": "7",
            "caps": "38"
        }
    },
    "birth_date": "1939-1-23"
}