{
    "name": "Alan Devonshire",
    "fullname": "Alan Ernest Devonshire",
    "editor-first": "Barry J.",
    "editor-last": "Hugman",
    "year": "2005",
    "isbn": "1-85291-665-6",
    "page": "168 ",
    "birth_place": "Park Royal, England",
    "height": "5 ft 11 in",
    "position": "Midfielder",
    "currentclub": "Maidenhead United (manager)",
    "youthclubs1": "Crystal Palace",
    "years1": "0000\u20131976",
    "clubs1": "Southall",
    "totalcaps": "383+",
    "totalgoals": "30+",
    "senior": {
        "West Ham United": {
            "years": "1976\u20131990",
            "goals": "29",
            "caps": "358"
        },
        "Watford": {
            "years": "1990\u20131992",
            "goals": "1",
            "caps": "25"
        }
    },
    "national": {
        "England": {
            "years": "1980\u20131983",
            "goals": "0",
            "caps": "8"
        }
    },
    "manager_career": {
        "Osterley": "1995",
        "Brentford Women": "1995\u20131996",
        "Maidenhead United": "1996\u20132003",
        "Hampton & Richmond Borough": "2003\u20132011",
        "Braintree Town": "2011\u20132015",
        "Maidenhead United ": "2015\u2013"
    },
    "birth_date": "1956-4-13"
}