{
    "name": "Alan Hansen",
    "full_name": "Alan David Hansen",
    "birth_place": "Sauchie, Clackmannanshire, Scotland",
    "height": "1.88",
    "position": "Centre back",
    "youthclubs1": "Sauchie Juniors",
    "totalcaps": "520",
    "totalgoals": "14",
    "senior": {
        "Partick Thistle": {
            "years": "1973\u20131977",
            "goals": "6",
            "caps": "86"
        },
        "Liverpool": {
            "years": "1977\u20131991",
            "goals": "8",
            "caps": "434"
        }
    },
    "national": {
        "Scotland U23": {
            "years": "1975\u20131976",
            "goals": "0",
            "caps": "3"
        },
        "Scotland": {
            "years": "1979\u20131987",
            "goals": "0 ",
            "caps": "26"
        }
    },
    "birth_date": "1955-6-13"
}