{
    "name": "Alan Kernaghan",
    "fullname": "Alan Nigel Kernaghan",
    "birth_place": "Otley, England",
    "height": "6 ft 1 in",
    "position": "Defender",
    "totalcaps": "445",
    "totalgoals": "26",
    "nationalteam1": "Northern Ireland Schoolboys",
    "manageryears5": "2016",
    "senior": {
        "Middlesbrough": {
            "years": "1985\u20131993",
            "goals": "16",
            "caps": "202"
        },
        "\u2192 Charlton Athletic (loan)": {
            "years": "1991",
            "goals": "0",
            "caps": "13"
        },
        "Manchester City": {
            "years": "1993\u20131997",
            "goals": "1",
            "caps": "63"
        },
        "\u2192 Bolton Wanderers (loan)": {
            "years": "1994",
            "goals": "0",
            "caps": "11"
        },
        "\u2192 Bradford City (loan)": {
            "years": "1996",
            "goals": "0",
            "caps": "5"
        },
        "\u2192 St Johnstone (loan)": {
            "years": "1997",
            "goals": "1",
            "caps": "12"
        },
        "St Johnstone": {
            "years": "1997\u20132001",
            "goals": "5",
            "caps": "60"
        },
        "Brechin City": {
            "years": "2001",
            "goals": "0",
            "caps": "3"
        },
        "Clyde": {
            "years": "2001\u20132004",
            "goals": "3",
            "caps": "63"
        },
        "Livingston": {
            "years": "2004",
            "goals": "0",
            "caps": "4"
        },
        "Falkirk": {
            "years": "2005\u20132006",
            "goals": "0",
            "caps": "9"
        },
        "Dundee": {
            "years": "2006",
            "goals": "0",
            "caps": "0"
        }
    },
    "national": {
        "Republic of Ireland 11044": {
            "years": "1992\u20131996",
            "goals": "1",
            "caps": "22"
        }
    },
    "manager_career": {
        "Clyde": "2002\u20132004",
        "Dundee": "2005\u20132006",
        "Brentford (caretaker)": "2013",
        "Glentoran ": "2015\u20132016"
    },
    "birth_date": "1967-4-25"
}