{
    "name": "Alan Marriott",
    "birth_place": "Bedford, England",
    "position": "Goalkeeper",
    "totalcaps": "567",
    "totalgoals": "1 ",
    "senior": {
        "Tottenham Hotspur": {
            "years": "1997\u20131999",
            "goals": "0",
            "caps": "0"
        },
        "Lincoln City": {
            "years": "1999\u20132008",
            "goals": "0",
            "caps": "354"
        },
        "Rushden & Diamonds": {
            "years": "2008\u20132009",
            "goals": "0",
            "caps": "12"
        },
        "Mansfield Town": {
            "years": "2009\u20132014",
            "goals": "1",
            "caps": "201"
        }
    },
    "youth_career": {
        "Tottenham Hotspur": "1995\u20131997"
    },
    "birth_date": "1978-9-3"
}