{
    "name": "Alan Dicks",
    "birth_place": "Kennington, London, England",
    "position": "Wing half",
    "years1": "1952\u20131958 |clubs1 = Chelsea                          |caps1 = 33  |goals1 = 1",
    "years2": "1958\u20131962 |clubs2 = Southend United          |caps2 = 85  |goals2 = 2",
    "manageryears1": "1967\u20131980  |managerclubs1 = Bristol City",
    "manageryears2": "1982\u20131983  |managerclubs2 = Ethnikos Piraeus",
    "manageryears3": "1984\u20131985  |managerclubs3 = Apollon Limassol",
    "manageryears4": "1989\u20131990  |managerclubs4 = Al-Rayyan SC",
    "manageryears5": "1990\u20131991  |managerclubs5 = Fulham",
    "manageryears6": "1996\u20131997  |managerclubs6 = Carolina Dynamo",
    "manageryears7": "1999\u20132001  |managerclubs7 = Charleston Battery",
    "club-update": "07:51, 15 January 2013 (UTC) ",
    "birth_date": "1934-8-29"
}