{
    "name": "Alan Rough ,  MBE",
    "full_name": "Alan Roderick Rough",
    "birth_place": "Glasgow, Scotland",
    "height": "1.85 m",
    "position": "Goalkeeper",
    "youthclubs1": "Lincoln Youth Club",
    "youthclubs2": "Sighthill Amateurs player/alanrough",
    "years3": "1988",
    "clubs3": "Orlando Lions",
    "years7": "1990\u20131991",
    "clubs7": "Glenafton Athletic",
    "totalcaps": "596",
    "totalgoals": "0",
    "nationalyears1": "1973\u20131976",
    "nationalteam1": "Scotland under-23",
    "nationalcaps1": "9| nationalgoals1 = 0",
    "date": "26 September 2009",
    "access-date": "4 June 2017",
    "senior": {
        "Partick Thistle": {
            "years": "1969\u20131982",
            "goals": "0",
            "caps": "409"
        },
        "Hibernian": {
            "years": "1982\u20131988",
            "goals": "0",
            "caps": "175"
        },
        "Celtic": {
            "years": "1988",
            "goals": "0",
            "caps": "5"
        },
        "Hamilton Academical": {
            "years": "1989",
            "goals": "0",
            "caps": "5"
        },
        "Ayr United": {
            "years": "1989\u20131990",
            "goals": "0",
            "caps": "1"
        }
    },
    "national": {
        "Scotland": {
            "years": "1976\u20131986",
            "goals": "0",
            "caps": "53"
        },
        "Scottish League XI": {
            "years": "1978",
            "goals": "0",
            "caps": "1"
        }
    },
    "manager_career": {
        "Glenafton Athletic": "1990\u20131995"
    },
    "birth_date": "1951-11-25",
    "medaltemplates": [
        "Competition: UEFA European U-18 Championship",
        "Bronze Medal: 1970 Scotland Team {{url = https://www.britishnewspaperarchive.co.uk/viewer/bl/0000578/19700514/236/0016}}  Competition"
    ]
}