{
    "name": "Alan Thompson",
    "fullname": "Alan Thompson editor-first=Barry J. ",
    "birth_place": "Newcastle upon Tyne, England",
    "height": "ft=6",
    "position": "Midfielder",
    "totalcaps": "408",
    "totalgoals": "81",
    "website": "englandfootballonline.com",
    "access-date": "21 January 2024 ",
    "senior": {
        "Newcastle United": {
            "years": "1991\u20131993",
            "goals": "0",
            "caps": "16"
        },
        "Bolton Wanderers": {
            "years": "1993\u20131998",
            "goals": "34",
            "caps": "157"
        },
        "Aston Villa": {
            "years": "1998\u20132000",
            "goals": "4",
            "caps": "46"
        },
        "Celtic": {
            "years": "2000\u20132007",
            "goals": "37",
            "caps": "158"
        },
        "\u2192 Leeds United (loan)": {
            "years": "2007",
            "goals": "2",
            "caps": "11"
        },
        "Leeds United": {
            "years": "2007\u20132008",
            "goals": "3",
            "caps": "13"
        },
        "\u2192 Hartlepool United (loan)": {
            "years": "2008",
            "goals": "1",
            "caps": "7"
        }
    },
    "national": {
        "England U18": {
            "years": "1991\u20131992",
            "goals": "1",
            "caps": "4"
        },
        "England U19": {
            "years": "1992\u20131993",
            "goals": "2",
            "caps": "9"
        },
        "England U21": {
            "years": "1995",
            "goals": "0",
            "caps": "2"
        },
        "England": {
            "years": "2004",
            "goals": "0",
            "caps": "1"
        }
    },
    "youth_career": {
        "Newcastle United": "1989\u20131991"
    },
    "birth_date": "1973-12-22",
    "medaltemplates": [
        "Competition: FIFA Under-19 World Cup"
    ]
}