{
    "name": "Alan Oakes",
    "fullname": "Alan Arthur Oakes",
    "birth_place": "Winsford, England",
    "height": "ft=5",
    "position": "Midfielder",
    "youthyears1": "1958\u20131959| youthclubs1 = Manchester City",
    "years1": "1959\u20131976| clubs1 = Manchester City",
    "caps1": "564| goals1 = 26",
    "years2": "1976\u20131982| clubs2 = Chester",
    "caps2": "211| goals2 = 15",
    "years3": "1982",
    "clubs3": "Northwich Victoria| caps3 =   0| goals3 =  0",
    "years4": "1983\u20131984| clubs4 = Port Vale",
    "caps4": "1| goals4 =  0",
    "totalcaps": "776| totalgoals  = 41",
    "nationalteam1": "The Football League XI",
    "manageryears1": "1976\u20131982| managerclubs1 = Chester ",
    "birth_date": "1942-9-7"
}