{
    "name": "Alan A'Court",
    "full_name": "Alan A'Court editor-first=Barry J. ",
    "birth_place": "Rainhill, England",
    "death_date": "2009",
    "death_place": "Nantwich, England",
    "position": "Winger",
    "years1": "1952\u20131964",
    "clubs1": "Liverpool             |caps1 = 354 |goals1 = 61",
    "years2": "1964\u20131966",
    "clubs2": "Tranmere Rovers |caps2 = 50  |goals2 = 11",
    "years3": "1966\u20131967",
    "clubs3": "Norwich City       |caps3 = 0   |goals3 = 0",
    "totalcaps": "404",
    "totalgoals": "72",
    "national": {
        "England": {
            "years": "1957\u20131958",
            "goals": "1",
            "caps": "5"
        }
    },
    "manager_career": {
        "Stoke City (caretaker)": "1978",
        "Nantwich Town ": "1983\u20131984"
    },
    "youth_career": {
        "Prescot Cables": "0000\u20131952"
    },
    "birth_date": "1934-9-30"
}