{
    "name": "Alan Smith",
    "upright": "0.9",
    "full_name": "Alan Martin Smith 18219",
    "birth_place": "Hollywood, England",
    "height": "ft=6",
    "position": "Striker",
    "years1": "1981\u20131982",
    "clubs1": "Alvechurch",
    "totalcaps": "464",
    "totalgoals": "162",
    "nationalteam3": "England C",
    "senior": {
        "Leicester City": {
            "years": "1982\u20131987",
            "goals": "76",
            "caps": "200"
        },
        "Arsenal": {
            "years": "1987\u20131995",
            "goals": "86",
            "caps": "264"
        }
    },
    "national": {
        "England": {
            "years": "1988\u20131992",
            "goals": "2",
            "caps": "13"
        },
        "England B": {
            "years": "1990\u20131992",
            "goals": "4",
            "caps": "4"
        }
    },
    "birth_date": "1962-11-21"
}