{
    "name": "Alan Ashman",
    "fullname": "George Alan Ashman",
    "birth_place": "Rotherham, West Riding of Yorkshire, England",
    "death_date": "2002",
    "death_place": "Walsall, England",
    "position": "Centre forward",
    "clubs1": "Sheffield United",
    "clubs2": "Nottingham Forest",
    "clubs3": "Carlisle United",
    "caps3": "214",
    "goals3": "98 |years3 = 1951\u20131957",
    "manager_career": {
        "Carlisle United": "1972\u20131975",
        "West Bromwich Albion": "1967\u20131971",
        "Olympiacos": "1971\u20131972",
        "Workington": "1975\u20131977",
        "Walsall ": "1978\u20131979"
    },
    "birth_date": "1928-5-30"
}