{
    "name": "Alan Hutton",
    "fullname": "Alan Hutton",
    "birth_place": "Glasgow, Scotland",
    "height": "1.85",
    "position": "Right back",
    "totalcaps": "374",
    "totalgoals": "7",
    "senior": {
        "Rangers": {
            "years": "2002\u20132008",
            "goals": "2",
            "caps": "94"
        },
        "Tottenham Hotspur": {
            "years": "2008\u20132011",
            "goals": "2",
            "caps": "51"
        },
        "\u2192 Sunderland (loan)": {
            "years": "2010",
            "goals": "0",
            "caps": "11"
        },
        "Aston Villa": {
            "years": "2011\u20132019",
            "goals": "3",
            "caps": "185"
        },
        "\u2192 Nottingham Forest (loan)": {
            "years": "2012\u20132013",
            "goals": "0",
            "caps": "7"
        },
        "\u2192 Mallorca (loan)": {
            "years": "2013",
            "goals": "0",
            "caps": "17"
        },
        "\u2192 Bolton Wanderers (loan)": {
            "years": "2014",
            "goals": "0",
            "caps": "9"
        }
    },
    "national": {
        "Scotland U21": {
            "years": "2004\u20132006",
            "goals": "0",
            "caps": "7"
        },
        "Scotland B title=Scotland B player Hutton, Allan": {
            "years": "2007",
            "goals": "0",
            "caps": "1"
        },
        "Scotland": {
            "years": "2007\u20132016",
            "goals": "0 ",
            "caps": "50"
        }
    },
    "youth_career": {
        "Rangers": "2000\u20132003"
    },
    "birth_date": "1984-11-30"
}