{
    "name": "Alan Maybury",
    "fullname": "Alan Paul Maybury",
    "height": "ft=5",
    "birth_place": "Dublin, Ireland",
    "position": "Full-back",
    "youthclubs1": "Home Farm",
    "youthclubs2": "St. Kevin's Boys",
    "youthclubs3": "Leeds United",
    "totalcaps": "364",
    "totalgoals": "7",
    "senior": {
        "Leeds United": {
            "years": "1995\u20132001",
            "goals": "0",
            "caps": "14"
        },
        "\u2192 Reading (loan)": {
            "years": "1999",
            "goals": "0",
            "caps": "8"
        },
        "\u2192 Crewe Alexandra (loan)": {
            "years": "2000",
            "goals": "0",
            "caps": "6"
        },
        "Heart of Midlothian": {
            "years": "2001\u20132005",
            "goals": "4",
            "caps": "112"
        },
        "Leicester City": {
            "years": "2005\u20132008",
            "goals": "3",
            "caps": "85"
        },
        "\u2192 Aberdeen (loan)": {
            "years": "2008",
            "goals": "0",
            "caps": "13"
        },
        "Colchester United": {
            "years": "2008\u20132010",
            "goals": "0",
            "caps": "27"
        },
        "St Johnstone": {
            "years": "2010\u20132012",
            "goals": "0",
            "caps": "52"
        },
        "Hibernian": {
            "years": "2012\u20132014",
            "goals": "0",
            "caps": "41"
        },
        "Falkirk": {
            "years": "2014\u20132015",
            "goals": "0",
            "caps": "6"
        }
    },
    "national": {
        "Republic of Ireland U21": {
            "years": "1998",
            "goals": "0",
            "caps": "2"
        },
        "Republic of Ireland B": {
            "years": "1998",
            "goals": "0",
            "caps": "1"
        },
        "Republic of Ireland": {
            "years": "1998\u20132005",
            "goals": "0",
            "caps": "10"
        }
    },
    "manager_career": {
        "Edinburgh City ": "2022&ndash;2023"
    },
    "birth_date": "1978-8-8"
}