{
    "name": "Alan Smith",
    "fullname": "Alan Smith editor-first=Barry J. ",
    "birth_place": "Rothwell, England",
    "height": "ft=5",
    "position": "Midfielder, striker",
    "totalcaps": "471",
    "totalgoals": "47",
    "club-update": "14:57, 19 March 2018 (UTC) ",
    "senior": {
        "Leeds United": {
            "years": "1998\u20132004",
            "goals": "38",
            "caps": "172"
        },
        "Manchester United": {
            "years": "2004\u20132007",
            "goals": "7",
            "caps": "61"
        },
        "Newcastle United": {
            "years": "2007\u20132012",
            "goals": "0",
            "caps": "84"
        },
        "\u2192 Milton Keynes Dons (loan)": {
            "years": "2012",
            "goals": "1",
            "caps": "16"
        },
        "Milton Keynes Dons": {
            "years": "2012\u20132014",
            "goals": "1",
            "caps": "51"
        },
        "Notts County": {
            "years": "2014\u20132018",
            "goals": "0",
            "caps": "87"
        }
    },
    "national": {
        "England U21": {
            "years": "1999\u20132001",
            "goals": "3",
            "caps": "10"
        },
        "England B": {
            "years": "2007",
            "goals": "1",
            "caps": "1"
        },
        "England": {
            "years": "2001\u20132007",
            "goals": "1",
            "caps": "19"
        }
    },
    "manager_career": {
        "Notts County  (caretaker)": "2017"
    },
    "youth_career": {
        "Leeds United": "1996\u20131998"
    },
    "birth_date": "1980-10-28"
}