{
    "name": "Alan Mahon",
    "fullname": "Alan Joseph Mahon",
    "editor-last": "Hugman",
    "editor-first": "Barry J.",
    "year": "2008",
    "isbn": "978-1-84596-324-8",
    "birth_place": "Dublin, Ireland",
    "height": "ft=5",
    "position": "Attacking Midfielder",
    "totalcaps": "313",
    "totalgoals": "31",
    "club-update": "19:16, 8 May 2010 (UTC)",
    "ntupdate": "6 August 2008 (UTC) ",
    "senior": {
        "Tranmere Rovers": {
            "years": "2009\u20132011",
            "goals": "1",
            "caps": "16"
        },
        "Sporting CP": {
            "years": "2000\u20132001",
            "goals": "0",
            "caps": "1"
        },
        "\u2192 Blackburn Rovers (loan)": {
            "years": "2000\u20132001",
            "goals": "0",
            "caps": "18"
        },
        "Blackburn Rovers": {
            "years": "2001\u20132004",
            "goals": "1",
            "caps": "18"
        },
        "\u2192 Cardiff City (loan)": {
            "years": "2003",
            "goals": "2",
            "caps": "15"
        },
        "\u2192 Ipswich Town (loan)": {
            "years": "2003",
            "goals": "1",
            "caps": "11"
        },
        "Wigan Athletic": {
            "years": "2004\u20132006",
            "goals": "9",
            "caps": "47"
        },
        "\u2192 Burnley (loan)": {
            "years": "2006",
            "goals": "0",
            "caps": "8"
        },
        "Burnley": {
            "years": "2006\u20132009",
            "goals": "4",
            "caps": "59"
        },
        "\u2192 Blackpool (loan)": {
            "years": "2009",
            "goals": "0",
            "caps": "1"
        }
    },
    "national": {
        "Republic of Ireland U21": {
            "years": "1998\u20132000",
            "goals": "0",
            "caps": "18"
        },
        "Republic of Ireland": {
            "years": "2000",
            "goals": "0",
            "caps": "2"
        }
    },
    "manager_career": {
        "Manchester City Women (interim)": "2020"
    },
    "youth_career": {
        "Tranmere Rovers": "1993\u20131995"
    },
    "birth_date": "1978-4-4"
}