{
    "name": "Alan Brazil",
    "fullname": "Alan Bernard Brazil",
    "birth_place": "Govan, Glasgow, Scotland",
    "height": "m=1.83",
    "position": "Forward",
    "youthclubs1": "Celtic Boys Club",
    "years11": "1989\u20131990",
    "clubs11": "Stambridge United",
    "clubs12": "Felixstowe Town",
    "clubs13": "Achilles",
    "totalcaps": "307",
    "totalgoals": "120",
    "senior": {
        "Ipswich Town": {
            "years": "1976\u20131983",
            "goals": "70",
            "caps": "154"
        },
        "\u2192 Detroit Express (loan)": {
            "years": "1978",
            "goals": "9",
            "caps": "10"
        },
        "Tottenham Hotspur": {
            "years": "1983\u20131984",
            "goals": "9",
            "caps": "31"
        },
        "Manchester United": {
            "years": "1984\u20131986",
            "goals": "8",
            "caps": "31"
        },
        "Coventry City": {
            "years": "1986",
            "goals": "2",
            "caps": "15"
        },
        "Queens Park Rangers": {
            "years": "1986",
            "goals": "1",
            "caps": "4"
        },
        "Witham Town": {
            "years": "1987",
            "goals": "10",
            "caps": "25"
        },
        "Wollongong City": {
            "years": "1988",
            "goals": "4",
            "caps": "12"
        },
        "Chelmsford City": {
            "years": "1988",
            "goals": "3",
            "caps": "7"
        },
        "FC Baden": {
            "years": "1988\u20131989",
            "goals": "4",
            "caps": "6"
        },
        "Wivenhoe Town": {
            "years": "1991",
            "goals": "1",
            "caps": "1"
        }
    },
    "national": {
        "Scotland U21": {
            "years": "1979\u20131981",
            "goals": "1",
            "caps": "8"
        },
        "Scotland": {
            "years": "1980\u20131983",
            "goals": "1 ",
            "caps": "13"
        }
    },
    "birth_date": "1959-6-15"
}