{
    "name": "Alan Pardew",
    "fullname": "Alan Scott Pardew 15230",
    "birth_place": "Wimbledon, England",
    "height": "ft=6",
    "position": "Midfielder",
    "years1": "1980\u20131981",
    "clubs1": "Whyteleafe",
    "years2": "1981\u20131983",
    "clubs2": "Epsom & Ewell",
    "years3": "1983\u20131984",
    "clubs3": "Corinthian-Casuals",
    "years4": "1984\u20131986",
    "clubs4": "Dulwich Hamlet",
    "years5": "1986\u20131987",
    "clubs5": "Yeovil Town",
    "totalcaps": "299",
    "totalgoals": "32",
    "senior": {
        "Crystal Palace": {
            "years": "1987\u20131991",
            "goals": "8",
            "caps": "128"
        },
        "Charlton Athletic": {
            "years": "1991\u20131995",
            "goals": "24",
            "caps": "104"
        },
        "\u2192 Tottenham Hotspur (loan)": {
            "years": "1995",
            "goals": "0",
            "caps": "0"
        },
        "Barnet": {
            "years": "1995\u20131997",
            "goals": "0",
            "caps": "67"
        },
        "Reading": {
            "years": "1997\u20131998",
            "goals": "0",
            "caps": "0"
        }
    },
    "manager_career": {
        "Reading (caretaker)": "1998",
        "Reading": "1999\u20132003",
        "West Ham United": "2003\u20132006",
        "Charlton Athletic": "2006\u20132008",
        "Southampton": "2009\u20132010",
        "Newcastle United": "2010\u20132014",
        "Crystal Palace": "2015\u20132016",
        "West Bromwich Albion": "2017\u20132018",
        "ADO Den Haag": "2019\u20132020",
        "CSKA Sofia": "2022",
        "Aris ": "2022\u20132023"
    },
    "birth_date": "1961-7-18"
}