{
    "name": "Alan Morton",
    "fullname": "Alan Lauder Morton",
    "birth_place": "Glasgow, Scotland",
    "death_date": "df=y",
    "death_place": "Airdrie, Scotland",
    "position": "Outside Left",
    "caps3": "|nationalyears1 = 1915\u20131917   |nationalteam1 = Scottish League (wartime) |nationalcaps1 = 3 |nationalgoals1= 0",
    "senior": {
        "Queen's Park": {
            "years": "1913\u20131920",
            "goals": "46",
            "caps": "218"
        },
        "Rangers": {
            "years": "1920\u20131933",
            "goals": "83",
            "caps": "382"
        }
    },
    "national": {
        "Scotland (wartime)": {
            "years": "1918\u20131919",
            "goals": "1",
            "caps": "4"
        },
        "Scottish League XI": {
            "years": "1919\u20131931",
            "goals": "1",
            "caps": "15"
        },
        "Scotland": {
            "years": "1920\u20131932",
            "goals": "5  ",
            "caps": "31"
        }
    }
}