{
    "name": "Alan Shearer",
    "honorific_suffix": "CBE DL",
    "birth_place": "Newcastle upon Tyne, England",
    "height": "1.83",
    "occupation": "Football pundit, footballer",
    "spouse": "Lainya Shearer ",
    "children": "3",
    "header-color": "#b0c4de",
    "position": "Striker",
    "youthyears1": "youthclubs1 = Wallsend Boys Cl",
    "youthyears2": "1986\u20131988       |youthclubs2 = Southampton",
    "years1": "1988\u20131992 |clubs1 = Southampton           |caps1 = 118 |goals1 = 23",
    "years2": "1992\u20131996 |clubs2 = Blackburn Rovers |caps2 = 138 |goals2 = 112",
    "years3": "1996\u20132006 |clubs3 = Newcastle United |caps3 = 303 |goals3 = 148",
    "totalcaps": "559 |totalgoals = 283",
    "nationalyears1": "1990\u20131992 |nationalteam1 = England U21 |nationalcaps1 = 11 |nationalgoals1 = 13",
    "nationalyears2": "1992      |nationalteam2 = England B          |nationalcaps2 = 1  |nationalgoals2 = 0",
    "nationalyears3": "1992\u20132000 |nationalteam3 = England              |nationalcaps3 = 63 |nationalgoals3 = 30",
    "manageryears1": "2009 |managerclubs1 = Newcastle United (interim)  ",
    "birth_date": "1970-8-13"
}