{
    "name": "Alan Sunderland",
    "fullname": "Alan Sunderland ref=y",
    "birth_place": "Conisbrough, England",
    "height": "ft=5",
    "position": "Forward",
    "totalcaps": "426",
    "totalgoals": "98",
    "senior": {
        "Wolverhampton Wanderers": {
            "years": "1971\u20131977",
            "goals": "30",
            "caps": "158"
        },
        "Arsenal": {
            "years": "1977\u20131984",
            "goals": "55",
            "caps": "206"
        },
        "\u2192 Ipswich Town (loan)": {
            "years": "1984",
            "goals": "3",
            "caps": "15"
        },
        "Ipswich Town": {
            "years": "1984\u20131986",
            "goals": "8",
            "caps": "43"
        },
        "Derry City": {
            "years": "1987",
            "goals": "2",
            "caps": "4"
        }
    },
    "national": {
        "England U23": {
            "years": "1974",
            "goals": "0",
            "caps": "1"
        },
        "England U21": {
            "years": "1976",
            "goals": "0",
            "caps": "1"
        },
        "England B": {
            "years": "1978\u20131981",
            "goals": "1",
            "caps": "7"
        },
        "England": {
            "years": "1980",
            "goals": "0",
            "caps": "1"
        }
    },
    "manager_career": {
        "Birkirkara ": "1996\u20131997"
    },
    "youth_career": {
        "Wolverhampton Wanderers": "1969\u20131971"
    },
    "birth_date": "1953-7-1"
}