{
    "name": "Albert Johanneson",
    "fullname": "Albert Louis Johanneson",
    "birth_place": "Germiston, South Africa",
    "death_date": "df=y",
    "death_place": "Leeds, England",
    "height": "m=1.70",
    "position": "Left winger",
    "youthclubs1": "Leeds United",
    "totalcaps": "198| totalgoals = 51 ",
    "senior": {
        "Leeds United": {
            "years": "1961\u20131970",
            "goals": "48",
            "caps": "172"
        },
        "York City": {
            "years": "1970\u20131972",
            "goals": "3",
            "caps": "26"
        }
    }
}