{
    "name": "Alberto Garc\u00eda Aspe",
    "fullname": "Alberto Garc\u00eda Aspe Mena",
    "birth_place": "Mexico City, Mexico",
    "height": "meter=1.69",
    "position": "Midfielder",
    "totalcaps": "533",
    "totalgoals": "149",
    "senior": {
        "UNAM": {
            "years": "1984\u20131991",
            "goals": "40",
            "caps": "180"
        },
        "Necaxa": {
            "years": "1991\u20131997",
            "goals": "69",
            "caps": "185"
        },
        "\u2192 River Plate (loan)": {
            "years": "1995",
            "goals": "0",
            "caps": "5"
        },
        "Am\u00e9rica": {
            "years": "1997\u20131999",
            "goals": "11",
            "caps": "66"
        },
        "Puebla": {
            "years": "1999\u20132002",
            "goals": "29",
            "caps": "97"
        }
    },
    "national": {
        "Mexico": {
            "years": "1988\u20132002",
            "goals": "21",
            "caps": "109"
        }
    },
    "birth_date": "1967-5-11",
    "medaltemplates": [
        "Sport: Men's football",
        "Country: {{MEX}}",
        "Competition: FIFA Confederations Cup",
        "Competition: CONCACAF Gold Cup",
        "Competition: Copa Am\u00e9rica"
    ]
}