{
    "name": "Albert Luque",
    "fullname": "Albert Luque Martos url=https://www.elmundo.es/elmundodeporte/envivos/fichas/1/230/230.html",
    "birth_place": "Terrassa, Spain",
    "height": "1.83 m",
    "position": "Winger, striker",
    "years1": "1996\u20131997",
    "clubs1": "Barcelona C",
    "totalcaps": "341",
    "totalgoals": "92",
    "senior": {
        "Mallorca B": {
            "years": "1997\u20131999",
            "goals": "25",
            "caps": "62"
        },
        "Mallorca": {
            "years": "1999\u20132002",
            "goals": "24",
            "caps": "67"
        },
        "\u2192 M\u00e1laga (loan)": {
            "years": "2008\u20132009",
            "goals": "8",
            "caps": "32"
        },
        "Deportivo La Coru\u00f1a": {
            "years": "2002\u20132005",
            "goals": "26",
            "caps": "101"
        },
        "Newcastle United": {
            "years": "2005\u20132007",
            "goals": "1",
            "caps": "21"
        },
        "Ajax": {
            "years": "2007\u20132009",
            "goals": "4",
            "caps": "16"
        },
        "M\u00e1laga": {
            "years": "2009\u20132011",
            "goals": "1",
            "caps": "19"
        }
    },
    "national": {
        "Spain U21": {
            "years": "1998\u20132000",
            "goals": "3",
            "caps": "13"
        },
        "Spain U23": {
            "years": "2000",
            "goals": "0",
            "caps": "2"
        },
        "Spain": {
            "years": "2002\u20132005",
            "goals": "2",
            "caps": "17"
        },
        "Catalonia": {
            "years": "2002\u20132006",
            "goals": "2",
            "caps": "3"
        }
    },
    "youth_career": {
        "Can Parellada": "1985\u20131991",
        "Barcelona": "1991\u20131996"
    },
    "birth_date": "1978-3-11",
    "medaltemplates": [
        "Sport: Men's Football",
        "Country: {{ESP}}",
        "Competition: Olympic Games",
        "Silver Medal: 2000 Sydney Team Competition"
    ]
}