{
    "name": "Albert Scanlon",
    "fullname": "Albert Joseph Scanlon",
    "birth_place": "Hulme, Manchester, England",
    "death_date": "2009",
    "death_place": "Pendleton, Salford, England",
    "height": "ft=5 last1=Barnes ",
    "position": "Outside left",
    "youthyears1": "|youthclubs1 = Manchester United",
    "years1": "1954\u20131960 |clubs1 = Manchester United |caps1 = 115 |goals1 = 34",
    "years2": "1960\u20131962 |clubs2 = Newcastle United   |caps2 = 22  |goals2 = 5",
    "years3": "1962\u20131963 |clubs3 = Lincoln City           |caps3 = 47  |goals3 = 11",
    "years4": "1963\u20131966 |clubs4 = Mansfield Town       |caps4 = 108 |goals4 = 21",
    "years5": "1966      |clubs5 = Belper Town             |caps5 =     |goals5 =",
    "totalcaps": "292",
    "totalgoals": "71 ",
    "birth_date": "1935-10-10"
}