{
    "name": "Albert Gu\u00f0mundsson",
    "fullname": "Albert Sigur\u00f0ur Gu\u00f0mundsson",
    "birth_place": "Reykjav\u00edk, Iceland",
    "death_date": "df=yes",
    "position": "Forward",
    "years1": "1938\u20131944",
    "clubs1": "Valur",
    "years2": "1944",
    "clubs2": "Rangers",
    "years4": "1947\u20131948",
    "clubs4": "Nancy",
    "years8": "1953\u20131955",
    "clubs8": "Valur",
    "years9": "1956\u20131958",
    "clubs9": "\u00cdBH Hafnarfj\u00f6r\u00f0ur",
    "senior": {
        "Arsenal": {
            "years": "1944\u20131946",
            "goals": "0",
            "caps": "2"
        },
        "AC Milan": {
            "years": "1948\u20131949",
            "goals": "2",
            "caps": "14"
        },
        "RC Paris": {
            "years": "1949\u20131952",
            "goals": "31",
            "caps": "69"
        },
        "Nice": {
            "years": "1952\u20131952",
            "goals": "0",
            "caps": "14"
        }
    },
    "national": {
        "Iceland": {
            "years": "1946\u20131958",
            "goals": "2 ",
            "caps": "6"
        }
    },
    "birth_date": "1923-10-5"
}