{
    "name": "Alberto Delgado",
    "fullname": "Alberto Delgado y P\u00e9rez",
    "birth_place": "Havana, Cuba",
    "height": "m=1.75",
    "position": "Striker",
    "years1": "1998\u20132004",
    "years4": "2008\u20132009",
    "clubs1": "Ciudad de la Habana",
    "clubs4": "\u2192 Sevilla Bayamon ''(loan)''",
    "goals4": "14",
    "pcupdate": "22 February 2008",
    "ntupdate": "22 February 2008 ",
    "senior": {
        "Colorado Rapids": {
            "years": "2004",
            "goals": "1",
            "caps": "13"
        },
        "Puerto Rico Islanders": {
            "years": "2005\u20132008",
            "goals": "0",
            "caps": "38"
        }
    },
    "national": {
        "Cuba": {
            "years": "1998\u20132002",
            "goals": "4",
            "caps": "22"
        }
    },
    "birth_date": "1978-3-11"
}