{
    "name": "Albert Stubbins",
    "birth_place": "Wallsend, England",
    "death_date": "df=y",
    "position": "Centre forward",
    "youthclubs1": "Whitley & Monkseaton",
    "youthclubs2": "Sunderland",
    "years3": "1953\u20131954",
    "clubs3": "Ashington",
    "totalcaps": "186",
    "totalgoals": "80 ",
    "senior": {
        "Newcastle United": {
            "years": "1937\u20131946",
            "goals": "5",
            "caps": "27"
        },
        "Liverpool": {
            "years": "1946\u20131953",
            "goals": "75",
            "caps": "159"
        }
    },
    "birth_date": "1919-07-17"
}