{
    "name": "Alberto Spencer",
    "fullname": "Alberto Pedro Spencer Herrera",
    "birth_place": "Anc\u00f3n, Santa Elena, Ecuador",
    "death_date": "2006",
    "death_place": "Cleveland, Ohio, United States",
    "position": "Forward",
    "youthclubs1": "Los Andes",
    "totalcaps": "662",
    "totalgoals": "446",
    "senior": {
        "Everest": {
            "years": "1955\u20131959",
            "goals": "101",
            "caps": "90"
        },
        "Pe\u00f1arol": {
            "years": "1959\u20131970",
            "goals": "326",
            "caps": "519"
        },
        "Barcelona SC": {
            "years": "1971\u20131972",
            "goals": "19",
            "caps": "37"
        }
    },
    "national": {
        "Ecuador": {
            "years": "1959\u20131972",
            "goals": "4",
            "caps": "11"
        },
        "Uruguay": {
            "years": "1964\u20131967",
            "goals": "1",
            "caps": "5"
        }
    },
    "youth_career": {
        "Everest": "1953\u20131955"
    },
    "birth_date": "1937-12-6"
}