{
    "name": "Alberto Gilardino",
    "full_name": "Alberto Gilardino",
    "birth_place": "Biella, Italy",
    "height": "1.84 m",
    "position": "Striker",
    "currentclub": "Genoa (head coach)",
    "youthclubs1": "Cossatese",
    "totalcaps": "544",
    "totalgoals": "199",
    "senior": {
        "Piacenza": {
            "years": "1999\u20132000",
            "goals": "3",
            "caps": "17"
        },
        "Hellas Verona": {
            "years": "2000\u20132002",
            "goals": "5",
            "caps": "39"
        },
        "Parma": {
            "years": "2002\u20132005",
            "goals": "50",
            "caps": "96"
        },
        "AC Milan": {
            "years": "2005\u20132008",
            "goals": "36",
            "caps": "94"
        },
        "Fiorentina": {
            "years": "2008\u20132012",
            "goals": "48",
            "caps": "118"
        },
        "Genoa": {
            "years": "2012\u20132014",
            "goals": "19",
            "caps": "50"
        },
        "\u2192 Bologna (loan)": {
            "years": "2012\u20132013",
            "goals": "13",
            "caps": "36"
        },
        "Guangzhou Evergrande": {
            "years": "2014\u20132015",
            "goals": "5",
            "caps": "14"
        },
        "\u2192 Fiorentina (loan)": {
            "years": "2015",
            "goals": "4",
            "caps": "14"
        },
        "Palermo": {
            "years": "2015\u20132016",
            "goals": "10",
            "caps": "33"
        },
        "Empoli": {
            "years": "2016\u20132017",
            "goals": "0",
            "caps": "14"
        },
        "Pescara": {
            "years": "2017",
            "goals": "0",
            "caps": "3"
        },
        "Spezia": {
            "years": "2017\u20132018",
            "goals": "6",
            "caps": "16"
        }
    },
    "national": {
        "Italy U15": {
            "years": "1998",
            "goals": "1",
            "caps": "10"
        },
        "Italy U16": {
            "years": "1998",
            "goals": "0",
            "caps": "2"
        },
        "Italy U19": {
            "years": "1999\u20132000",
            "goals": "0",
            "caps": "3"
        },
        "Italy U21": {
            "years": "2000\u20132004",
            "goals": "15",
            "caps": "24"
        },
        "Italy Olympic": {
            "years": "2004",
            "goals": "4",
            "caps": "6"
        },
        "Italy": {
            "years": "2004\u20132013",
            "goals": "19",
            "caps": "57"
        }
    },
    "manager_career": {
        "Rezzato (assistant)": "2018\u20132019",
        "Rezzato": "2019",
        "Pro Vercelli": "2019\u20132020",
        "Siena": "2021",
        "Genoa U19": "2022",
        "Genoa": "2022\u2013"
    },
    "youth_career": {
        "Biellese": "1996\u20131997",
        "Piacenza": "1997\u20131999"
    },
    "birth_date": "1982-7-5",
    "medaltemplates": [
        "Country: {{ITA}}",
        "Sport: Association football",
        "Competition: FIFA World Cup",
        "Competition: Summer Olympics",
        "Bronze Medal: 2004 Athens ",
        "Competition: FIFA Confederations Cup"
    ]
}