{
    "national": {
        "Brazil Olympic (O.P.)": {
            "years": "1996",
            "goals": "0 |nationalyears2 = 1989\u20132000 nationalteam2 = Brazil |nationalcaps2 = 81 |nationalgoals2 =",
            "caps": "6"
        }
    },
    "medaltemplates": [
        "Sport: Men's Football",
        "Country: {{BRA}}",
        "Competition: FIFA World Cup",
        "Competition: FIFA Confederations Cup",
        "Competition: Copa Am\u00e9rica",
        "Competition: Olympic Games",
        "Bronze Medal: 1996 Atlanta Team"
    ]
}