{
    "name": "Alec Lindsay",
    "fullname": "Alec Lindsay",
    "birth_place": "Bury, England",
    "position": "Full back",
    "years1": "1965\u20131969",
    "clubs1": "Bury                              |caps1 = 127  |goals1 = 13",
    "years2": "1969\u20131977",
    "clubs2": "Liverpool                    |caps2 = 168  |goals2 = 12",
    "years3": "1977\u20131978",
    "clubs3": "Stoke City                  |caps3 = 20   |goals3 = 3",
    "years4": "1978",
    "clubs4": "Oakland Stompers                            |caps4 = 28   |goals4 = 1",
    "years5": "1979",
    "clubs5": "Toronto Blizzard |caps5 = 4    |goals5 = 0",
    "totalcaps": "347| totalgoals = 29",
    "nationalyears1": "1974| nationalteam1  = England| nationalcaps1  = 4| nationalgoals1 = 0 ",
    "birth_date": "1948-2-27"
}