{
    "name": "Alecko Eskandarian",
    "fullname": "Alecko Eskandarian",
    "birth_place": "Montvale, New Jersey, U.S.",
    "height": "ft=5",
    "position": "Forward",
    "totalcaps": "125 |totalgoals = 30",
    "nationalyears1": "1999",
    "nationalteam1": "United States U17",
    "nationalyears2": "2000\u20132001",
    "nationalteam2": "United States U20",
    "nationalyears3": "2002\u20132003",
    "nationalteam3": "United States U23",
    "college": {
        "Virginia Cavaliers": {
            "years": "2000\u20132002",
            "goals": "50",
            "caps": "60"
        }
    },
    "senior": {
        "D.C. United": {
            "years": "2003\u20132006",
            "goals": "20",
            "caps": "81"
        },
        "Toronto FC": {
            "years": "2007",
            "goals": "1",
            "caps": "6"
        },
        "Real Salt Lake": {
            "years": "2007",
            "goals": "1",
            "caps": "17"
        },
        "Chivas USA": {
            "years": "2008\u20132009",
            "goals": "6",
            "caps": "18"
        },
        "Los Angeles Galaxy": {
            "years": "2009\u20132010",
            "goals": "2",
            "caps": "3"
        }
    },
    "national": {
        "United States": {
            "years": "2003",
            "goals": "0",
            "caps": "1"
        }
    },
    "manager_career": {
        "Philadelphia Union (assistant)": "2012",
        "New York Cosmos (assistant)": "2013",
        "New York Cosmos B": "2015\u20132016"
    },
    "birth_date": "1982-7-9"
}