{
    "name": "Alec Chamberlain",
    "full_name": "Alec Francis Roy Chamberlain",
    "editor-first": "Barry J.",
    "editor-last": "Hugman",
    "year": "2003",
    "isbn": "1-85291-651-6",
    "page": "83 ",
    "birth_place": "March, England",
    "height": "ft=6",
    "position": "Goalkeeper",
    "totalcaps": "678",
    "totalgoals": "0 ",
    "senior": {
        "Ipswich Town": {
            "years": "1981\u20131982",
            "goals": "0",
            "caps": "0"
        },
        "Colchester United": {
            "years": "1982\u20131987",
            "goals": "0",
            "caps": "188"
        },
        "Everton": {
            "years": "1987\u20131988",
            "goals": "0",
            "caps": "0"
        },
        "\u2192 Tranmere Rovers (loan)": {
            "years": "1987\u20131988",
            "goals": "0",
            "caps": "15"
        },
        "Luton Town": {
            "years": "1988\u20131993",
            "goals": "0",
            "caps": "138"
        },
        "\u2192 Chelsea (loan)": {
            "years": "1992",
            "goals": "0",
            "caps": "0"
        },
        "Sunderland": {
            "years": "1993\u20131996",
            "goals": "0",
            "caps": "90"
        },
        "\u2192 Liverpool (loan)": {
            "years": "1995",
            "goals": "0",
            "caps": "0"
        },
        "Watford": {
            "years": "1996\u20132007",
            "goals": "0",
            "caps": "247"
        }
    },
    "youth_career": {
        "Ramsey Town": "1980\u20131981"
    },
    "birth_date": "1964-6-20"
}