{
    "name": "Alejandro Salazar",
    "birth_place": "Eugene, Oregon, United States",
    "height": "178 cm",
    "position": "Midfielder",
    "collegeyears1": "2002\u20132004",
    "college1": "University of Portland",
    "pcupdate": "17 February 2009",
    "ntupdate": "9 February 2007 ",
    "senior": {
        "Boulder Rapids Reserve": {
            "years": "2003\u20132004",
            "goals": "15",
            "caps": "19"
        },
        "Sydney FC": {
            "years": "2005\u20132006",
            "goals": "0",
            "caps": "0"
        }
    },
    "birth_date": "1984-2-18"
}