{
    "name": "Alejandro Melo\u00f1o",
    "fullname": "Alejandro Gabriel Melo\u00f1o Botta",
    "height": "1.90 m",
    "birth_place": "Montevideo, Uruguay",
    "position": "Centre back",
    "years6": "2001\u20132004",
    "years13": "2007\u20132009",
    "years15": "2011",
    "years16": "2012",
    "clubs6": "Almagro",
    "clubs13": "Almagro",
    "clubs15": "Comunicaciones",
    "clubs16": "Sportivo Italiano",
    "caps6": "''(see above)''",
    "caps13": "''(see above)''",
    "pcupdate": "22:35, 23 September 2010 (UTC) ",
    "senior": {
        "Rentistas": {
            "years": "1997",
            "goals": "1",
            "caps": "13"
        },
        "San Lorenzo": {
            "years": "1998",
            "goals": "0",
            "caps": "0"
        },
        "Nueva Chicago": {
            "years": "1998\u20131999",
            "goals": "0",
            "caps": "13"
        },
        "Almagro": {
            "years": "1999\u20132000",
            "goals": "9",
            "caps": "153   ''total''"
        },
        "Real Murcia": {
            "years": "2000\u20132001",
            "goals": "0",
            "caps": "18"
        },
        "Rosario Central": {
            "years": "2004",
            "goals": "0",
            "caps": "1"
        },
        "Chacarita Juniors": {
            "years": "2005",
            "goals": "3",
            "caps": "21"
        },
        "Yeovil Town": {
            "years": "2005",
            "goals": "0",
            "caps": "2"
        },
        "Deportivo Quito": {
            "years": "2006",
            "goals": "0",
            "caps": "2"
        },
        "La Plata FC": {
            "years": "2006",
            "goals": "0",
            "caps": "11"
        },
        "Ben Hur": {
            "years": "2007",
            "goals": "1",
            "caps": "12"
        },
        "Boca Unidos": {
            "years": "2010\u20132011",
            "goals": "?",
            "caps": "?"
        }
    },
    "birth_date": "1977-4-27"
}