{
    "name": "Alejandro Moreno",
    "fullname": "Alejandro Enrique Moreno Riera",
    "birth_place": "Barquisimeto, Venezuela",
    "height": "ft=5",
    "position": "Forward",
    "collegeyears1": "1998\u20132001",
    "college1": "UNC Greensboro Spartans",
    "totalcaps": "272",
    "totalgoals": "52",
    "senior": {
        "Los Angeles Galaxy": {
            "years": "2002\u20132004",
            "goals": "12",
            "caps": "61"
        },
        "San Jose Earthquakes": {
            "years": "2005",
            "goals": "8",
            "caps": "31"
        },
        "Houston Dynamo": {
            "years": "2006\u20132007",
            "goals": "3",
            "caps": "34"
        },
        "Columbus Crew": {
            "years": "2007\u20132009",
            "goals": "20",
            "caps": "74"
        },
        "Philadelphia Union": {
            "years": "2010",
            "goals": "2",
            "caps": "26"
        },
        "Chivas USA": {
            "years": "2011\u20132012",
            "goals": "7",
            "caps": "46"
        }
    },
    "national": {
        "Venezuela": {
            "years": "2004\u20132012",
            "goals": "3",
            "caps": "41"
        }
    },
    "youth_career": {
        "Dallas Texans": "1993\u20131998"
    },
    "birth_date": "1979-7-8"
}