{
    "name": "Alejandro Arg\u00fcello",
    "fullname": "Alejandro Arg\u00fcello Roa",
    "birth_place": "Mexico City, Mexico",
    "height": "1.74 m",
    "position": "Midfielder",
    "pcupdate": "30 May 2007",
    "ntupdate": "30 May 2007 ",
    "senior": {
        "Am\u00e9rica": {
            "years": "2004\u20132011",
            "goals": "4",
            "caps": "118"
        },
        "\u2192 Zacatepec (loan)": {
            "years": "2006",
            "goals": "?",
            "caps": "?"
        },
        "\u2192 Jaguares (loan)": {
            "years": "2010",
            "goals": "1",
            "caps": "25"
        },
        "\u2192 Tigres (loan)": {
            "years": "2010",
            "goals": "1",
            "caps": "1"
        },
        "\u2192 Puebla (loan)": {
            "years": "2011",
            "goals": "0",
            "caps": "1"
        },
        "Correcaminos UAT": {
            "years": "2012",
            "goals": "1",
            "caps": "12"
        }
    },
    "birth_date": "1982-1-25"
}