{
    "name": "Aleksandr Mostovoi",
    "full_name": "Aleksandr Vladimirovich Mostovoi",
    "birth_place": "Lomonosov, Soviet Union",
    "height": "1.77 m",
    "position": "Attacking midfielder",
    "youthclubs1": "Krasnaya Presnya",
    "totalcaps": "446",
    "totalgoals": "116",
    "senior": {
        "Krasnaya Presnya": {
            "years": "1985\u20131986",
            "goals": "7",
            "caps": "19"
        },
        "Spartak Moscow": {
            "years": "1986\u20131991",
            "goals": "34",
            "caps": "106"
        },
        "Benfica": {
            "years": "1992\u20131994",
            "goals": "0",
            "caps": "9"
        },
        "\u2192 Caen (loan)": {
            "years": "1993\u20131994",
            "goals": "3",
            "caps": "15"
        },
        "Strasbourg": {
            "years": "1994\u20131996",
            "goals": "15",
            "caps": "61"
        },
        "Celta": {
            "years": "1996\u20132004",
            "goals": "56",
            "caps": "235"
        },
        "Alav\u00e9s": {
            "years": "2005",
            "goals": "1",
            "caps": "1"
        }
    },
    "national": {
        "USSR": {
            "years": "1990\u20131991",
            "goals": "3",
            "caps": "13"
        },
        "CIS": {
            "years": "1992",
            "goals": "0",
            "caps": "2"
        },
        "Russia": {
            "years": "1992\u20132004",
            "goals": "10",
            "caps": "50"
        }
    },
    "birth_date": "1968-8-22",
    "medaltemplates": [
        "Sport: Men's football",
        "Country: {{URS}}",
        "Competition: UEFA European Under-21 Championship"
    ]
}