{
    "name": "Aleksandrs Koli\u0146ko",
    "birth_place": "Riga, Latvian SSR, USSR, (now Republic of Latvia)",
    "height": "1.90 m",
    "currentclub": "Super Nova (manager)",
    "position": "Goalkeeper",
    "youthclubs1": "Skonto-2",
    "totalcaps": "412",
    "totalgoals": "0",
    "senior": {
        "Interskonto R\u012bga": {
            "years": "1994",
            "goals": "0",
            "caps": "22"
        },
        "Skonto-Met\u0101ls": {
            "years": "1995",
            "goals": "0",
            "caps": "25"
        },
        "Skonto Riga": {
            "years": "1996\u20132000",
            "goals": "0",
            "caps": "61"
        },
        "Crystal Palace": {
            "years": "2000\u20132003",
            "goals": "0",
            "caps": "82"
        },
        "Rostov": {
            "years": "2003\u20132004",
            "goals": "0",
            "caps": "27"
        },
        "Rubin Kazan": {
            "years": "2005\u20132008",
            "goals": "0",
            "caps": "69"
        },
        "JFK Olimps": {
            "years": "2009",
            "goals": "0",
            "caps": "6"
        },
        "Dinamo Bucure\u0219ti": {
            "years": "2009",
            "goals": "0",
            "caps": "0"
        },
        "Ventspils": {
            "years": "2009\u20132010",
            "goals": "0",
            "caps": "15"
        },
        "Spartak Nalchik": {
            "years": "2010",
            "goals": "0",
            "caps": "8"
        },
        "Baltika Kaliningrad": {
            "years": "2011\u20132015",
            "goals": "0",
            "caps": "96"
        },
        "Spartaks J\u016brmala": {
            "years": "2015",
            "goals": "0",
            "caps": "1"
        }
    },
    "national": {
        "Latvia": {
            "years": "1997\u20132015",
            "goals": "0",
            "caps": "94"
        }
    },
    "manager_career": {
        "Spartaks J\u016brmala": "2015",
        "Spartaks J\u016brmala (assistant manager)": "2016\u20132017",
        "Shakhtyor Soligorsk (goalkeeping coach)": "2017",
        "RFS (assistant manager)": "2018\u20132019",
        "Latvia (goalkeeping coach)": "2018\u20132020",
        "Super Nova ": "2022\u2013"
    },
    "birth_date": "1975-06-18"
}