{
    "name": "Aleksandar Shalamanov",
    "fullname": "Aleksandar Stefanov Shalamanov",
    "birth_place": "Boyana, Bulgaria",
    "death_date": "df=y",
    "death_place": "Boyana, Bulgaria",
    "position": "Defender",
    "totalcaps": "265",
    "totalgoals": "10",
    "senior": {
        "CSKA Sofia": {
            "years": "1960\u20131961",
            "goals": "0",
            "caps": "2"
        },
        "Slavia Sofia": {
            "years": "1962\u20131974",
            "goals": "10",
            "caps": "263"
        }
    },
    "national": {
        "Bulgaria": {
            "years": "1964\u20131971",
            "goals": "1 ",
            "caps": "42"
        }
    },
    "birth_date": "1941-9-4"
}