{
    "name": "Aleksandar Vasoski",
    "birth_place": "Skopje, SFR Yugoslavia",
    "height": "1.82 m",
    "currentclub": "Sileks (manager)",
    "position": "Centre-back",
    "totalcaps": "235",
    "totalgoals": "9",
    "senior": {
        "Vardar": {
            "years": "2001\u20132004",
            "goals": "6",
            "caps": "91"
        },
        "Cementarnica": {
            "years": "2000\u20132001",
            "goals": "0",
            "caps": "41"
        },
        "Eintracht Frankfurt": {
            "years": "2005\u20132011",
            "goals": "3",
            "caps": "98"
        }
    },
    "national": {
        "Macedonia": {
            "years": "2000\u20132008",
            "goals": "2",
            "caps": "34"
        }
    },
    "manager_career": {
        "Vardar": "2023",
        "Akademija Pandev": "2022\u20132023",
        "Sarajevo": "2022",
        "Sileks ": "2023\u2013"
    },
    "youth_career": {
        "Metalurg Skopje": "1989\u20131994",
        "Skopje": "1994\u20131998"
    },
    "birth_date": "1979-11-21"
}