{
    "name": "Aleksandar \u017divkovi\u0107",
    "birth_place": "Ni\u0161, SFR Yugoslavia",
    "height": "1.78 m",
    "position": "Midfielder",
    "youthclubs1": "Radni\u010dki Ni\u0161",
    "totalcaps": "404",
    "totalgoals": "49",
    "senior": {
        "Radni\u010dki Ni\u0161": {
            "years": "1995\u20131998",
            "goals": "6",
            "caps": "75"
        },
        "Partizan": {
            "years": "1994\u20131995",
            "goals": "0",
            "caps": "4"
        },
        "Rad": {
            "years": "1998\u20132000",
            "goals": "10",
            "caps": "55"
        },
        "J\u00fabilo Iwata": {
            "years": "2000\u20132003",
            "goals": "7",
            "caps": "56"
        },
        "Obili\u0107": {
            "years": "2004",
            "goals": "2",
            "caps": "28"
        },
        "OFK Beograd": {
            "years": "2005",
            "goals": "1",
            "caps": "13"
        },
        "Vo\u017edovac": {
            "years": "2005",
            "goals": "1",
            "caps": "15"
        },
        "Shandong Luneng": {
            "years": "2006\u20132009",
            "goals": "16",
            "caps": "98"
        },
        "Shenzhen Ruby": {
            "years": "2010",
            "goals": "3",
            "caps": "28"
        },
        "Guangzhou R&F": {
            "years": "2011",
            "goals": "3",
            "caps": "24"
        }
    },
    "national": {
        "FR Yugoslavia": {
            "years": "2001",
            "goals": "0",
            "caps": "2"
        },
        "Serbia Olympic (O.P.)": {
            "years": "2008",
            "goals": "0 ",
            "caps": "3"
        }
    },
    "birth_date": "1977-07-28"
}