{
    "name": "Aleksandrs Starkovs",
    "birth_place": "Madona, Latvian SSR, Soviet Union ,  (now Republic of Latvia)",
    "position": "Striker",
    "years1": "1973\u20131975",
    "clubs1": "RPI Madona",
    "years2": "1975\u20131977",
    "clubs2": "Daugava R\u012bga",
    "senior": {
        "Dynamo Moscow": {
            "years": "1977\u20131978",
            "goals": "0",
            "caps": "0"
        },
        "Daugava R\u012bga": {
            "years": "1978\u20131989",
            "goals": "189",
            "caps": "417"
        }
    },
    "manager_career": {
        "FK Daugava R\u012bga (assistant)": "1990\u20131993",
        "Latvia U-21": "1992\u20131994",
        "Skonto FC": "2010\u20132011",
        "Latvia (assistant)": "2016\u20132017",
        "Latvia": "2017\u20132018",
        "Spartak Moscow": "2004\u20132006",
        "Skonto FC (sporting director)": "2006\u20132007",
        "FC Baku": "2011\u20132012",
        "Liep\u0101ja ": "2019"
    },
    "birth_date": "1955-07-26"
}