{
    "name": "Aleksandar Rodi\u0107",
    "fullname": "Aleksandar Rodi\u0107",
    "birth_place": "Bosanska Dubica, SFR Yugoslavia",
    "height": "1.87 m",
    "position": "Forward",
    "years17": "2016\u20132017",
    "clubs17": "Itala San Marco",
    "pcupdate": "1 July 2015",
    "ntupdate": "31 August 2006 ",
    "senior": {
        "Borac Kozarska Dubica": {
            "years": "1998\u20131999",
            "goals": "0",
            "caps": "0"
        },
        "Proleter Zrenjanin": {
            "years": "1999\u20132000",
            "goals": "0",
            "caps": "3"
        },
        "Red Star Belgrade": {
            "years": "2000",
            "goals": "0",
            "caps": "0"
        },
        "Westerlo": {
            "years": "2001",
            "goals": "0",
            "caps": "6"
        },
        "Verbroedering Geel": {
            "years": "2001\u20132002",
            "goals": "3",
            "caps": "30"
        },
        "Gorica": {
            "years": "2002\u20132004",
            "goals": "18",
            "caps": "60"
        },
        "Portsmouth": {
            "years": "2005",
            "goals": "0",
            "caps": "4"
        },
        "Kayserispor": {
            "years": "2005\u20132006",
            "goals": "7",
            "caps": "16"
        },
        "Litex Lovech": {
            "years": "2006\u20132007",
            "goals": "1",
            "caps": "16"
        },
        "Interblock": {
            "years": "2007\u20132010",
            "goals": "6",
            "caps": "34"
        },
        "\u2192 Shanghai Shenhua (loan)": {
            "years": "2009",
            "goals": "5",
            "caps": "28"
        },
        "\u2192 Qingdao Jonoon (loan)": {
            "years": "2010",
            "goals": "7",
            "caps": "25"
        },
        "Tianjin Songjiang": {
            "years": "2011\u20132012",
            "goals": "13",
            "caps": "44"
        },
        "Chengdu Blades": {
            "years": "2013",
            "goals": "2",
            "caps": "23"
        },
        "Olimpija Ljubljana": {
            "years": "2014\u20132015",
            "goals": "7",
            "caps": "33"
        },
        "UF Monfalcone": {
            "years": "2015",
            "goals": "3",
            "caps": "8"
        }
    },
    "national": {
        "Slovenia": {
            "years": "2005",
            "goals": "1",
            "caps": "9"
        }
    },
    "youth_career": {
        "Borac Kozarska Dubica": "1989\u20131998"
    },
    "birth_date": "1979-12-26"
}