{
    "name": "Aleksandar \u010canovi\u0107",
    "fullname": "Aleksandar \u010canovi\u0107",
    "birth_place": "Titova Mitrovica, SFR Yugoslavia",
    "height": "1.87 m",
    "position": "Goalkeeper",
    "youthclubs1": "Red Star Belgrade",
    "years1": "2002\u20132003",
    "clubs1": "Vo\u017edovac",
    "years2": "2003\u20132004",
    "clubs2": "Pobeda",
    "senior": {
        "Vojvodina": {
            "years": "2004\u20132005",
            "goals": "0",
            "caps": "9"
        },
        "BASK": {
            "years": "2005\u20132006",
            "goals": "0",
            "caps": "24"
        },
        "Vo\u017edovac": {
            "years": "2006\u20132007",
            "goals": "0",
            "caps": "22"
        },
        "Rad": {
            "years": "2007",
            "goals": "0",
            "caps": "12"
        },
        "BSK Bor\u010da": {
            "years": "2013",
            "goals": "0",
            "caps": "15"
        },
        "Dinamo Minsk": {
            "years": "2009",
            "goals": "0",
            "caps": "11"
        },
        "Ermis Aradippou": {
            "years": "2010\u20132011",
            "goals": "0",
            "caps": "12"
        },
        "Birkirkara": {
            "years": "2011",
            "goals": "0",
            "caps": "4"
        },
        "Bregalnica \u0160tip": {
            "years": "2012\u20132013",
            "goals": "0",
            "caps": "29"
        },
        "Jedinstvo U\u017eice": {
            "years": "2014",
            "goals": "0",
            "caps": "11"
        },
        "Cherno More Varna": {
            "years": "2015\u20132016",
            "goals": "0",
            "caps": "16"
        },
        "Dinamo 1945": {
            "years": "2017\u20132018",
            "goals": "0",
            "caps": "19"
        }
    },
    "birth_date": "1983-02-18"
}