{
    "name": "Aleksandrs Isakovs",
    "birth_place": "Daugavpils, Latvian SSR, USSR ,  (now Republic of Latvia)",
    "height": "1.81 m",
    "position": "Defender",
    "senior": {
        "FK Celtnieks": {
            "years": "1992",
            "goals": "2",
            "caps": "18"
        },
        "FK Auseklis": {
            "years": "1993\u20131994",
            "goals": "0",
            "caps": "37"
        },
        "Vilan-D": {
            "years": "1995",
            "goals": "2",
            "caps": "26"
        },
        "Dinaburg FC": {
            "years": "2000",
            "goals": "0",
            "caps": "2"
        },
        "Lokomotiv Nizhniy-Novgorod": {
            "years": "1999",
            "goals": "0",
            "caps": "10"
        },
        "Alania Vladikavkaz": {
            "years": "2000",
            "goals": "0",
            "caps": "2"
        },
        "Volgar GazProm Astrakhan": {
            "years": "2001",
            "goals": "0",
            "caps": "29"
        },
        "Skonto FC": {
            "years": "2002\u20132007",
            "goals": "1",
            "caps": "134"
        },
        "Daugava Daugavpils": {
            "years": "2007",
            "goals": "0",
            "caps": "22"
        }
    },
    "national": {
        "Latvia": {
            "years": "1997\u20132005",
            "goals": "0 ",
            "caps": "58"
        }
    },
    "birth_date": "1973-9-16"
}