{
    "name": "Alen Bok\u0161i\u0107",
    "birth_place": "Makarska, SR Croatia, SFR Yugoslavia",
    "height": "1.87 m",
    "position": "Forward",
    "youthclubs1": "Zmaj Makarska",
    "youthclubs2": "Hajduk Split",
    "totalcaps": "359",
    "totalgoals": "116",
    "manageryears1": "2012\u20132013     |managerclubs1 = Croatia (assistant)",
    "senior": {
        "Hajduk Split": {
            "years": "1987\u20131991",
            "goals": "27",
            "caps": "95"
        },
        "Cannes": {
            "years": "1991\u20131992",
            "goals": "0",
            "caps": "1"
        },
        "Marseille": {
            "years": "1992\u20131993",
            "goals": "26",
            "caps": "49"
        },
        "Lazio": {
            "years": "1997\u20132000",
            "goals": "14",
            "caps": "48"
        },
        "Juventus": {
            "years": "1996\u20131997",
            "goals": "3",
            "caps": "22"
        },
        "Middlesbrough": {
            "years": "2000\u20132003",
            "goals": "22",
            "caps": "68"
        }
    },
    "national": {
        "Yugoslavia U21": {
            "years": "1988\u20131991",
            "goals": "3",
            "caps": "11"
        },
        "Croatia": {
            "years": "1993\u20132002",
            "goals": "10",
            "caps": "40"
        }
    },
    "birth_date": "1970-1-21",
    "medaltemplates": [
        "Competition: Representing {{YUG}}",
        "Silver Medal: UEFA U-21 Euro 1990"
    ]
}