{
    "name": "Alessandro Nesta list=OMRI",
    "full_name": "Alessandro Nesta",
    "birth_place": "Rome, Italy",
    "height": "1.87 m",
    "position": "Centre back",
    "currentclub": "Reggiana (manager)",
    "totalcaps": "451",
    "totalgoals": "8",
    "senior": {
        "Lazio": {
            "years": "1993\u20132002",
            "goals": "1",
            "caps": "193"
        },
        "AC Milan": {
            "years": "2002\u20132012",
            "goals": "7",
            "caps": "224"
        },
        "Montreal Impact": {
            "years": "2012\u20132014",
            "goals": "0",
            "caps": "31"
        },
        "Chennaiyin": {
            "years": "2014",
            "goals": "0",
            "caps": "3"
        }
    },
    "national": {
        "Italy U21": {
            "years": "1995\u20131996",
            "goals": "1",
            "caps": "9"
        },
        "Italy": {
            "years": "1996\u20132006",
            "goals": "0",
            "caps": "78"
        }
    },
    "manager_career": {
        "Miami FC": "2015\u20132017",
        "Perugia": "2018\u20132019",
        "Frosinone": "2019\u20132021",
        "Reggiana": "2023\u2013"
    },
    "youth_career": {
        "Lazio": "1985\u20131993"
    },
    "birth_date": "1976-3-19",
    "medaltemplates": [
        "Sport: Men's football",
        "Competition: FIFA World Cup",
        "Competition: UEFA European Championship",
        "Competition: UEFA European Under-21 Championship"
    ]
}