{
    "name": "Alessandro Altobelli",
    "birth_place": "Sonnino, Italy",
    "height": "1.81 m",
    "position": "Forward",
    "totalcaps": "473",
    "totalgoals": "172",
    "senior": {
        "Latina": {
            "years": "1973\u20131974",
            "goals": "7",
            "caps": "28"
        },
        "Brescia": {
            "years": "1989\u20131990",
            "goals": "7",
            "caps": "32"
        },
        "Inter Milan": {
            "years": "1977\u20131988",
            "goals": "128",
            "caps": "317"
        },
        "Juventus": {
            "years": "1988\u20131989",
            "goals": "4",
            "caps": "20"
        }
    },
    "national": {
        "Italy": {
            "years": "1980\u20131988",
            "goals": "25",
            "caps": "61"
        }
    },
    "birth_date": "1955-11-28",
    "medaltemplates": [
        "Sport: Men's football"
    ]
}