{
    "name": "Alessandro Pistone",
    "birth_place": "Milan, Italy",
    "position": "Full-back",
    "totalcaps": "263",
    "totalgoals": "8",
    "senior": {
        "Solbiatese": {
            "years": "1993\u20131994",
            "goals": "1",
            "caps": "20"
        },
        "AC Crevalcore": {
            "years": "1994\u20131995",
            "goals": "4",
            "caps": "29"
        },
        "Vicenza": {
            "years": "1995\u20131996",
            "goals": "0",
            "caps": "6"
        },
        "Inter Milan": {
            "years": "1996\u20131997",
            "goals": "1",
            "caps": "45"
        },
        "Newcastle United": {
            "years": "1997\u20132000",
            "goals": "1",
            "caps": "46"
        },
        "\u2192 Venezia (loan)": {
            "years": "1999",
            "goals": "0",
            "caps": "10"
        },
        "Everton": {
            "years": "2000\u20132007",
            "goals": "1",
            "caps": "103"
        },
        "R.A.E.C. Mons": {
            "years": "2007\u20132008",
            "goals": "0",
            "caps": "4"
        }
    },
    "national": {
        "Italy U21": {
            "years": "1995\u20131997",
            "goals": "2",
            "caps": "11"
        }
    },
    "manager_career": {
        "F.C.D. Oggiono": "2015\u20132016"
    },
    "birth_date": "1975-7-27",
    "medaltemplates": [
        "Sport: Men's football",
        "Country: {{ITA}}",
        "Competition: UEFA European Under-21 Championship"
    ]
}