{
    "name": "Alessio Tacchinardi",
    "birth_place": "Crema, Italy",
    "height": "1.87 m",
    "position": "Midfielder",
    "youthclubs1": "Atalanta",
    "totalcaps": "348",
    "totalgoals": "21",
    "senior": {
        "Atalanta": {
            "years": "1992\u20131994",
            "goals": "0",
            "caps": "8"
        },
        "Juventus": {
            "years": "1994\u20132007",
            "goals": "9",
            "caps": "261"
        },
        "\u2192 Villarreal (loan)": {
            "years": "2005\u20132007",
            "goals": "3",
            "caps": "45"
        },
        "Brescia": {
            "years": "2007\u20132008",
            "goals": "9",
            "caps": "34"
        }
    },
    "national": {
        "Italy": {
            "years": "1995\u20132003",
            "goals": "0",
            "caps": "13"
        }
    },
    "manager_career": {
        "Pergolettese (youth)": "2009\u20132012",
        "Brescia (youth)": "2012\u20132013",
        "Pergolettese": "2015\u20132016",
        "Lecco": "2022",
        "Crema": "2019",
        "Fano": "2021"
    },
    "birth_date": "1975-7-23",
    "medaltemplates": [
        "Sport: Association football",
        "Country: {{Italy}}",
        "Competition: European Under-21 Championship"
    ]
}