{
    "name": "Alessandro Costacurta",
    "fullname": "Alessandro Costacurta",
    "birth_place": "Jerago con Orago, Italy",
    "height": "1.83 m",
    "position": "Defender",
    "youthclubs1": "Asso",
    "years1": "1986\u20132007 |clubs2 = \u2192 Monza (loan) |caps2 = 30  |goals2   = 0",
    "years2": "1986\u20131987 |clubs1 = AC Milan                |caps1 = 458 |goals1   = 3",
    "totalcaps": "488       |totalgoals = 3",
    "nationalyears1": "1986\u20131990 |nationalteam1 = Italy U21 |nationalcaps1 = 8 |nationalgoals1 = 0",
    "nationalyears2": "1991\u20131998 |nationalteam2 = Italy |nationalcaps2 = 59 |nationalgoals2 = 2",
    "manageryears1": "2007\u20132008 |managerclubs1 = AC Milan (technical assistant)",
    "manageryears2": "2008\u20132009 |managerclubs2 = Mantova",
    "youth_career": {
        "AC Milan": "1979\u20131986"
    },
    "birth_date": "1966-4-24",
    "medaltemplates": [
        "Country: {{ITA}}",
        "Competition: FIFA World Cup"
    ]
}