{
    "name": "Alexander Mezan",
    "fullname": "Alexander Arnold Mezan",
    "birth_place": "\u00c5kersberga, Sweden",
    "height": "1.80 m",
    "position": "Right-back",
    "youthclubs1": "IFK \u00d6ster\u00e5ker",
    "totalcaps": "262",
    "totalgoals": "8",
    "senior": {
        "AIK": {
            "years": "1995\u20131998",
            "goals": "3",
            "caps": "46"
        },
        "\u2192 Brommapojkarna (loan)": {
            "years": "1997",
            "goals": "2",
            "caps": "13"
        },
        "Vit\u00f3ria de Guimar\u00e3es": {
            "years": "1998\u20131999",
            "goals": "0",
            "caps": "0"
        },
        "IFK Norrk\u00f6ping": {
            "years": "1999\u20132002",
            "goals": "3",
            "caps": "76"
        },
        "Hammarby IF": {
            "years": "2003\u20132004",
            "goals": "0",
            "caps": "45"
        },
        "Feyenoord": {
            "years": "2004\u20132006",
            "goals": "0",
            "caps": "33"
        },
        "Southampton": {
            "years": "2006\u20132008",
            "goals": "0",
            "caps": "44"
        },
        "Esbjerg fB": {
            "years": "2008\u20132010",
            "goals": "0",
            "caps": "6"
        }
    },
    "national": {
        "Sweden U17": {
            "years": "1994\u20131995",
            "goals": "10",
            "caps": "19"
        },
        "Sweden U19": {
            "years": "1995\u20131996",
            "goals": "3",
            "caps": "10"
        },
        "Sweden U21": {
            "years": "1998\u20131999",
            "goals": "0",
            "caps": "5"
        },
        "Sweden": {
            "years": "2003\u20132006",
            "goals": "0 ",
            "caps": "22"
        }
    },
    "birth_date": "1978-11-2"
}