{
    "name": "Alex Rae",
    "fullname": "Alexander Scott Rae 16282",
    "birth_place": "Glasgow, Scotland",
    "height": "1.73",
    "position": "Midfielder",
    "currentclub": "Rangers (first-team coach)",
    "youthclubs1": "Rangers",
    "totalcaps": "585",
    "totalgoals": "114",
    "manageryears3": "2022\u20132023 ",
    "senior": {
        "Falkirk": {
            "years": "1987\u20131990",
            "goals": "20",
            "caps": "83"
        },
        "Millwall": {
            "years": "1990\u20131996",
            "goals": "63",
            "caps": "218"
        },
        "Sunderland": {
            "years": "1996\u20132001",
            "goals": "12",
            "caps": "114"
        },
        "Wolverhampton Wanderers": {
            "years": "2001\u20132004",
            "goals": "15",
            "caps": "107"
        },
        "Rangers": {
            "years": "2004\u20132006",
            "goals": "1",
            "caps": "34"
        },
        "Dundee": {
            "years": "2006\u20132008",
            "goals": "3",
            "caps": "26"
        },
        "Milton Keynes Dons": {
            "years": "2009\u20132010",
            "goals": "0",
            "caps": "3"
        }
    },
    "national": {
        "Scotland U21": {
            "years": "1990\u20131992",
            "goals": "3",
            "caps": "9"
        }
    },
    "manager_career": {
        "Dundee": "2006\u20132008",
        "St Mirren": "2015\u20132016"
    },
    "birth_date": "1969-9-30"
}