{
    "fullname": "Alexander Frei title=FIFA World Cup South Africa 2010 List of Players ",
    "birth_place": "Basel, Switzerland",
    "height": "1.79 m",
    "currentclub": "FC Aarau (manager)",
    "position": "Striker",
    "totalcaps": "437",
    "totalgoals": "213",
    "senior": {
        "Basel": {
            "years": "2009\u20132013",
            "goals": "72",
            "caps": "103"
        },
        "Thun": {
            "years": "1998\u20131999",
            "goals": "6",
            "caps": "32"
        },
        "FC Luzern": {
            "years": "1999\u20132000",
            "goals": "17",
            "caps": "53"
        },
        "Servette": {
            "years": "2001\u20132003",
            "goals": "36",
            "caps": "64"
        },
        "Rennes": {
            "years": "2003\u20132006",
            "goals": "47",
            "caps": "100"
        },
        "Borussia Dortmund": {
            "years": "2006\u20132009",
            "goals": "34",
            "caps": "74"
        }
    },
    "national": {
        "Switzerland U-18": {
            "years": "1995\u20131996",
            "goals": "1",
            "caps": "5"
        },
        "Switzerland U-19": {
            "years": "1996\u20131997",
            "goals": "3",
            "caps": "4"
        },
        "Switzerland U-21": {
            "years": "1999\u20132000",
            "goals": "9",
            "caps": "19"
        },
        "Switzerland": {
            "years": "2001\u20132011",
            "goals": "42",
            "caps": "84"
        }
    },
    "manager_career": {
        "FC Luzern (sporting director)": "2013\u20132014",
        "Basel (youth)": "2015\u20132020",
        "Basel (interim)": "2018",
        "Wil": "2020\u20132021",
        "Winterthur": "2021\u20132022",
        "Basel": "2022\u20132023",
        "Aarau": "2023\u20132024 "
    },
    "youth_career": {
        "FC Begnins": "1987\u20131988",
        "FC Aesch": "1988\u20131995",
        "Basel": "1995\u20131997"
    },
    "birth_date": "1979-7-15"
}