{
    "name": "Alexei Eremenko",
    "fullname": "Aleksei Alekseyevich Yeryomenko",
    "height": "1.83 m",
    "birth_place": "Rostov-on-Don, Soviet Union",
    "position": "Attacking midfielder",
    "totalcaps": "304",
    "totalgoals": "35",
    "senior": {
        "FC Jokerit": {
            "years": "2001",
            "goals": "2",
            "caps": "15"
        },
        "HJK": {
            "years": "2002\u20132004",
            "goals": "10",
            "caps": "60"
        },
        "Lecce": {
            "years": "2004\u20132006",
            "goals": "0",
            "caps": "35"
        },
        "Saturn": {
            "years": "2006\u20132009",
            "goals": "8",
            "caps": "76"
        },
        "Metalist Kharkiv": {
            "years": "2009\u20132011",
            "goals": "0",
            "caps": "10"
        },
        "\u2192 FF Jaro (loan)": {
            "years": "2010",
            "goals": "7",
            "caps": "16"
        },
        "\u2192 Kilmarnock (loan)": {
            "years": "2010\u20132011",
            "goals": "4",
            "caps": "31"
        },
        "Rubin Kazan": {
            "years": "2011\u20132013",
            "goals": "0",
            "caps": "7"
        },
        "Kairat Almaty": {
            "years": "2013",
            "goals": "0",
            "caps": "14"
        },
        "Kilmarnock": {
            "years": "2014\u20132015",
            "goals": "5",
            "caps": "38"
        },
        "FF Jaro": {
            "years": "2015",
            "goals": "0",
            "caps": "11"
        },
        "SJK Sein\u00e4joki": {
            "years": "2016",
            "goals": "0",
            "caps": "5"
        },
        "Spartak Helsinki": {
            "years": "2017",
            "goals": "1",
            "caps": "1"
        }
    },
    "national": {
        "Finland ": {
            "years": "2003\u20132013",
            "goals": "14",
            "caps": "57"
        }
    },
    "youth_career": {
        "FF Jaro": "1990\u20131997",
        "Troms\u00f8 IL": "1998",
        "HJK": "1999",
        "Metz": "2000\u20132001"
    },
    "birth_date": "1983-3-24"
}