{
    "name": "Alexander Laas",
    "birth_place": "Hamburg, West Germany",
    "height": "1.73",
    "position": "Midfielder",
    "language": "German",
    "accessdate": "10 February 2010",
    "totalcaps": "138",
    "totalgoals": "12 ",
    "senior": {
        "Hamburger SV II": {
            "years": "2002\u20132007",
            "goals": "10",
            "caps": "72"
        },
        "Hamburger SV": {
            "years": "2003\u20132007",
            "goals": "1",
            "caps": "27"
        },
        "Vfl Wolfsburg": {
            "years": "2007\u20132009",
            "goals": "0",
            "caps": "5"
        },
        "\u2192 Arminia Bielefeld (loan)": {
            "years": "2008\u20132009",
            "goals": "1",
            "caps": "3"
        },
        "RB Leipzig": {
            "years": "2010\u20132012",
            "goals": "0",
            "caps": "23"
        },
        "RB Leipzig II": {
            "years": "2012\u20132013",
            "goals": "0",
            "caps": "0"
        },
        "Niendorfer TSV": {
            "years": "2014",
            "goals": "0",
            "caps": "8"
        }
    },
    "youth_career": {
        "Niendorfer TSV": "0000\u20132000",
        "Hamburger SV": "2000\u20132002"
    },
    "birth_date": "1984-5-5"
}