{
    "name": "Alex Miller",
    "birth_place": "Glasgow, Scotland",
    "position": "Defender",
    "youthclubs1": "Clydebank Strollers",
    "years2": "1983",
    "clubs2": "South China",
    "totalcaps": "205",
    "totalgoals": "18",
    "senior": {
        "Rangers": {
            "years": "1968\u20131982",
            "goals": "17",
            "caps": "197"
        },
        "Morton": {
            "years": "1983",
            "goals": "1",
            "caps": "8"
        }
    },
    "manager_career": {
        "South China": "1983",
        "Morton": "1983",
        "St Mirren": "1983\u20131986",
        "Hibernian": "1986\u20131996",
        "Aberdeen": "1997\u20131998",
        "JEF United Chiba": "2008\u20132009",
        "AIK": "2010",
        "Sibir Novosibirsk": "2012",
        "St Mirren (caretaker) ": "2015"
    },
    "youth_career": {
        "Rangers": "1967\u20131968"
    },
    "birth_date": "1949-7-4"
}