{
    "name": "Alex Forsyth",
    "fullname": "Alexander Forsyth",
    "birth_place": "Swinton, Lanarkshire, Scotland",
    "height": "ft=5",
    "position": "Full-back",
    "youthyears1": "?\u20131967 |youthclubs1 = Possil YMCA",
    "youthyears2": "1967\u20131968 |youthclubs2 = Arsenal",
    "years1": "1968\u20131972 |clubs1 = Partick Thistle                |caps1 = 56  |goals1 = 4",
    "years2": "1972\u20131978 |clubs2 = Manchester United            |caps2 = 101 |goals2 = 4",
    "years3": "1978\u20131979 |clubs3 = \u2192 Rangers (loan)                       |caps3 = 16  |goals3 = 4",
    "years4": "1979\u20131982 |clubs4 = Rangers                                |caps4 = 9   |goals4 = 1",
    "years5": "1982\u20131983 |clubs5 = Motherwell                          |caps5 = 19  |goals5 = 0",
    "years6": "1983\u20131986 |clubs6 = Hamilton Academical        |caps6 = 63  |goals6 = 9",
    "years7": "1985\u20131986 |clubs7 = \u2192 Queen of the South (loan) |caps7 = 2   |goals7 = 0",
    "years8": "1986\u2013?    |clubs8 = Blantyre Victoria            |caps8 =     |goals8 =",
    "nationalyears1": "1972      |nationalteam1 = Scottish League XI        |nationalcaps1 = 1  |nationalgoals1 = 0",
    "nationalyears2": "1972\u20131975 |nationalteam2 = Scotland              |nationalcaps2 = 10 |nationalgoals2 = 0",
    "nationalyears3": "1974      |nationalteam3 = Scotland U23 |nationalcaps3 = 1  |nationalgoals3 = 0 ",
    "birth_date": "1952-2-5"
}