{
    "name": "Alexandre Boucicaut",
    "full_name": "Jean Michel Alexandre Boucicaut",
    "birth_place": "Port-au-Prince, Haiti",
    "height": "1.78 m",
    "position": "Midfielder",
    "years1": "1999\u20132000",
    "clubs1": "Racing CH",
    "years5": "2006",
    "clubs5": "Santa Fe",
    "years6": "2007",
    "clubs6": "Quer\u00e9taro",
    "years7": "2007",
    "clubs7": "Violette",
    "years8": "2008\u20132013",
    "clubs8": "Moca",
    "years10": "2015\u20132016",
    "clubs10": "Moca",
    "goals10": "10",
    "years11": "2017",
    "clubs11": "Racing Haitien",
    "years12": "2018\u20132019",
    "clubs12": "Atl\u00e9tico Vega Real",
    "years13": "2019",
    "clubs13": "O&M",
    "senior": {
        "Violette": {
            "years": "2000\u20132004",
            "goals": "22",
            "caps": "47"
        },
        "Chicago Fire": {
            "years": "2004",
            "goals": "0",
            "caps": "5"
        },
        "Colorado Rapids": {
            "years": "2005",
            "goals": "0",
            "caps": "0"
        },
        "San Crist\u00f3bal FC": {
            "years": "2014\u20132015",
            "goals": "9",
            "caps": "13"
        }
    },
    "national": {
        "Haiti": {
            "years": "2001\u20132011",
            "goals": "10 ",
            "caps": "45"
        }
    },
    "birth_date": "1981-11-18"
}