{
    "name": "br entries",
    "{{pre-nominal styles|country": "KB",
    "{{small|{{post-nominals|country": "CBE",
    "fullname": "Alexander Chapman Ferguson",
    "birth_place": "Glasgow, Scotland",
    "position": "Forward",
    "youthyears1": "|youthclubs1 = Harmony Row Boys Club",
    "youthyears2": "|youthclubs2 = Drumchapel Amateurs",
    "years1": "1957\u20131960 |clubs1 = Queen's Park                 |caps1 = 31 |goals1 = 15",
    "years2": "1960\u20131964 |clubs2 = St Johnstone                 |caps2 = 37 |goals2 = 19",
    "years3": "1964\u20131967 |clubs3 = Dunfermline Athletic |caps3 = 89 |goals3 = 66",
    "years4": "1967\u20131969 |clubs4 = Rangers                           |caps4 = 41 |goals4 = 25",
    "years5": "1969\u20131973 |clubs5 = Falkirk                           |caps5 = 95 |goals5 = 37",
    "years6": "1973\u20131974 |clubs6 = Ayr United                     |caps6 = 24 |goals6 = 9",
    "totalcaps": "317 |totalgoals = 171",
    "nationalyears1": "1960 |nationalteam1 = Scotland Amateurs nationalcaps1 = 1 |nationalgoals1 =",
    "nationalyears3": "1967 |nationalteam3 = Scottish Football League XI   |nationalcaps3 = 2 |nationalgoals3 = 1",
    "nationalyears2": "1967 |nationalteam2 = Scotland   nationalcaps2 = 4 |nationalgoals2 =",
    "manageryears1": "1974      |managerclubs1 = East Stirlingshire",
    "manageryears2": "1974\u20131978 |managerclubs2 = St Mirren",
    "manageryears3": "1978\u20131986 |managerclubs3 = Aberdeen",
    "manageryears4": "1985\u20131986 |managerclubs4 = Scotland",
    "manageryears5": "1986\u20132013 |managerclubs5 = Manchester United ",
    "birth_date": "1941-12-31"
}