{
    "name": "Alex Forrest",
    "fullname": "Alexander Forrest",
    "birth_place": "Hamilton, Scotland",
    "death_date": "1974, Hamilton Scotland",
    "position": "Wing half, Half back",
    "clubs1": "Bo'ness",
    "caps1": "?",
    "goals1": "?",
    "senior": {
        "Burnley": {
            "years": "1927\u20131933",
            "goals": "4",
            "caps": "108"
        },
        "Chesterfield": {
            "years": "1933\u20131935",
            "goals": "1 ",
            "caps": "42"
        }
    }
}