{
    "name": "Alex Tobin, ",
    "fullname": "Alexander Hugh Tobin",
    "birth_place": "Adelaide, South Australia, Australia",
    "height": "1.88 m",
    "position": "Centre-back",
    "youthclubs1": "WT Birkalla",
    "youthclubs2": "Adelaide City",
    "totalcaps": "522",
    "totalgoals": "31",
    "nationalyears1": "1985",
    "nationalteam1": "Australia U20",
    "senior": {
        "Adelaide City": {
            "years": "1984\u20132000",
            "goals": "27",
            "caps": "436"
        },
        "Parramatta Power": {
            "years": "2001\u20132002",
            "goals": "4",
            "caps": "48"
        },
        "Northern Spirit": {
            "years": "2002\u20132003",
            "goals": "0",
            "caps": "38"
        }
    },
    "national": {
        "Australia": {
            "years": "1988\u20131998",
            "goals": "2",
            "caps": "87"
        }
    },
    "manager_career": {
        "Central Coast Mariners Youth": "2008\u20132009",
        "Central Coast Mariners (Asst) ": "2009\u20132010"
    },
    "birth_date": "1965-11-3"
}