{
    "name": "Alex Bunbury",
    "fullname": "Alexander Bunbury",
    "birth_place": "Plaisance, Guyana",
    "height": "1.86 m",
    "position": "Striker",
    "totalcaps": "269",
    "totalgoals": "110",
    "senior": {
        "Hamilton Steelers": {
            "years": "1987\u20131990",
            "goals": "27",
            "caps": "71"
        },
        "Toronto Blizzard": {
            "years": "1990",
            "goals": "1",
            "caps": "6"
        },
        "Montreal Supra": {
            "years": "1991",
            "goals": "7",
            "caps": "24"
        },
        "West Ham United": {
            "years": "1992\u20131993",
            "goals": "0",
            "caps": "4"
        },
        "Mar\u00edtimo": {
            "years": "1993\u20131999",
            "goals": "59",
            "caps": "165"
        },
        "Kansas City Wizards": {
            "years": "1999\u20132000",
            "goals": "4",
            "caps": "24"
        }
    },
    "national": {
        "Canada U20": {
            "years": "1984\u20131985",
            "goals": "3",
            "caps": "9"
        },
        "Canada": {
            "years": "1986\u20131997",
            "goals": "15",
            "caps": "66"
        }
    },
    "manager_career": {
        "Bangu FC": "2000\u20132008",
        "Minnesota Thunder (academy)": "2008\u20132012",
        "Minnesota Twin Stars ": "2014\u20132015"
    },
    "birth_date": "1967-6-18"
}