{
    "name": "Alex Inglethorpe",
    "full_name": "Alexander Matthew Inglethorpe",
    "birth_place": "Epsom, England",
    "height": "1.80",
    "position": "Forward",
    "currentclub": "Liverpool (Director of the Academy)",
    "youthyears1": "Watford",
    "years6": "2001\u20132003",
    "clubs6": "Leatherhead",
    "totalcaps": "160",
    "totalgoals": "39",
    "senior": {
        "Watford": {
            "years": "1990\u20131995",
            "goals": "2",
            "caps": "12"
        },
        "\u2192 Barnet (loan)": {
            "years": "1995",
            "goals": "3",
            "caps": "6"
        },
        "Leyton Orient": {
            "years": "1995\u20132000",
            "goals": "32",
            "caps": "123"
        },
        "Exeter City": {
            "years": "2000\u20132001",
            "goals": "2",
            "caps": "19"
        },
        "\u2192 Canvey Island (loan)": {
            "years": "2000\u20132001",
            "goals": "0",
            "caps": "0"
        }
    },
    "birth_date": "1971-11-14"
}