{
    "name": "Alex Smith  ",
    "birth_place": "Cowie, Scotland",
    "position": "Inside forward",
    "youthclubs1": "Gowanhill United",
    "totalcaps": "148",
    "totalgoals": "24",
    "managerclubs3": "Scotland U18",
    "senior": {
        "Kilmarnock": {
            "years": "1958\u20131959",
            "goals": "0",
            "caps": "0"
        },
        "Stenhousemuir": {
            "years": "1968\u20131970",
            "goals": "0",
            "caps": "23"
        },
        "Stirling Albion": {
            "years": "1962\u20131965",
            "goals": "11",
            "caps": "51"
        },
        "East Stirlingshire": {
            "years": "1965\u20131966",
            "goals": "4",
            "caps": "12"
        },
        "Albion Rovers": {
            "years": "1966\u20131968",
            "goals": "0",
            "caps": "23"
        }
    },
    "manager_career": {
        "Stenhousemuir": "1968\u20131974",
        "Stirling Albion": "1974\u20131986",
        "St Mirren": "1986\u20131988",
        "Aberdeen": "1988\u20131992",
        "Clyde": "1992\u20131996",
        "Scotland U21": "1998\u20132002",
        "Dundee United": "2000\u20132002",
        "Ross County": "2002\u20132005",
        "Falkirk (interim)": "2013",
        "Falkirk (interim) ": "2017"
    },
    "birth_date": "1939-12-25"
}