{
    "name": "Alex Fernandes",
    "fullname": "Alexsandro Fernandes Xavier",
    "birth_place": "Recife, Brazil",
    "height": "m=1.75",
    "position": "Striker",
    "years1": "1991\u20131996",
    "clubs1": "N\u00e1utico",
    "years2": "1995",
    "clubs2": "Sport",
    "years4": "1999",
    "clubs4": "Mogi Mirim",
    "senior": {
        "Crici\u00fama": {
            "years": "1997",
            "goals": "2",
            "caps": "21"
        },
        "Morelia": {
            "years": "1999\u20132003",
            "goals": "71",
            "caps": "134"
        },
        "Monterrey": {
            "years": "2003\u20132007",
            "goals": "31",
            "caps": "85"
        }
    },
    "birth_date": "1973-04-04"
}