{
    "name": "Alex Stepney",
    "fullname": "Alexander Cyril Stepney",
    "birth_place": "Mitcham, Surrey, England",
    "height": "1.80 m",
    "position": "Goalkeeper",
    "youthyears1": "|youthclubs1 = Tooting & Mitcham United",
    "years1": "1961\u20131963 |clubs1 = Tooting & Mitcham United |caps1 = 35  |goals1 = 0",
    "years2": "1963\u20131966 |clubs2 = Millwall                                 |caps2 = 137 |goals2 = 0",
    "years3": "1966      |clubs3 = Chelsea                                   |caps3 = 1   |goals3 = 0",
    "years4": "1966\u20131978 |clubs4 = Manchester United               |caps4 = 433 |goals4 = 2",
    "years5": "1979\u20131980 |clubs5 = Dallas Tornado                                         |caps5 = 54  |goals5 = 0",
    "years6": "1979\u20131980 |clubs6 = \u2192 Altrincham (loan)                    |caps6 = 17  |goals6 = 0",
    "years7": "1981\u20131982 |clubs7 = Altrincham                             |caps7 = 1   |goals7 = 0",
    "totalcaps": "678 |totalgoals = 2",
    "nationalyears1": "|nationalteam1 = England U23 |nationalcaps1 =   |nationalgoals1 =",
    "nationalyears2": "1968 |nationalteam2 = England              |nationalcaps2 = 1 |nationalgoals2 = 0 ",
    "birth_date": "1942-9-18"
}