{
    "name": "Alex Varney",
    "birth_place": "Farnborough, London, England",
    "currentclub": "Orpington",
    "height": "ft=5",
    "position": "Forward",
    "years4": "2020\u2013",
    "goals4": "0 ",
    "senior": {
        "Charlton Athletic": {
            "years": "2003\u20132006",
            "goals": "0",
            "caps": "0"
        },
        "\u2192 Barnet  (loan)": {
            "years": "2006",
            "goals": "0",
            "caps": "1"
        },
        "Gravesend & Northfleet": {
            "years": "2007",
            "goals": "2",
            "caps": "4"
        }
    },
    "youth_career": {
        "Charlton Athletic": "2001\u20132003"
    },
    "birth_date": "1984-12-27"
}