{
    "name": "Alex Song",
    "full_name": "Alexandre Dimitri Song Billong title=FIFA World Cup South Africa 2010 List of Players ",
    "birth_place": "Douala, Cameroon",
    "height": "1.85 m",
    "position": "Midfielder, defender",
    "totalcaps": "331",
    "totalgoals": "12",
    "senior": {
        "Bastia": {
            "years": "2004\u20132006",
            "goals": "0",
            "caps": "32"
        },
        "\u2192 Arsenal (loan)": {
            "years": "2005\u20132006",
            "goals": "0",
            "caps": "5"
        },
        "Arsenal": {
            "years": "2006\u20132012",
            "goals": "7",
            "caps": "133"
        },
        "\u2192 Charlton Athletic (loan)": {
            "years": "2007",
            "goals": "0",
            "caps": "12"
        },
        "Barcelona": {
            "years": "2012\u20132016",
            "goals": "1",
            "caps": "39"
        },
        "\u2192 West Ham United (loan)": {
            "years": "2015\u20132016",
            "goals": "0",
            "caps": "12"
        },
        "Rubin Kazan": {
            "years": "2016\u20132018",
            "goals": "1",
            "caps": "22"
        },
        "Sion": {
            "years": "2018\u20132020",
            "goals": "0",
            "caps": "20"
        },
        "Sion II": {
            "years": "2018\u20132019",
            "goals": "0",
            "caps": "6"
        },
        "Arta/Solar7": {
            "years": "2020\u20132023",
            "goals": "3",
            "caps": "23"
        }
    },
    "national": {
        "France U16": {
            "years": "2002\u20132003",
            "goals": "0",
            "caps": "6"
        },
        "Cameroon U17": {
            "years": "2003\u20132004",
            "goals": "0",
            "caps": "3"
        },
        "Cameroon U23": {
            "years": "2008",
            "goals": "0",
            "caps": "3"
        },
        "Cameroon": {
            "years": "2005\u20132014",
            "goals": "0",
            "caps": "49"
        }
    },
    "youth_career": {
        "Red Star": "2000\u20132001",
        "Bastia": "2001\u20132004"
    },
    "birth_date": "1987-9-9",
    "medaltemplates": [
        "Sport: Men's Football",
        "Country: {{CMR}}",
        "Competition: Africa Cup of Nations",
        "Competition: African U-17 Championship"
    ]
}