{
    "name": "Alexander Hleb",
    "fullname": "Aliaksandr Paulavich Hleb",
    "editor-first": "Tony",
    "editor-last": "Matthews",
    "year": "2012",
    "location": "Stroud",
    "isbn": "978-0-7524-6343-8 ",
    "birth_place": "Minsk, Byelorussian SSR, Soviet Union",
    "height": "1.85",
    "position": "Attacking midfielder, winger",
    "years18": "2018\u20132019",
    "clubs18": "BATE Borisov",
    "caps18": "16",
    "goals18": "0",
    "years19": "2019",
    "clubs19": "Isloch Minsk Raion",
    "caps19": "13",
    "goals19": "0",
    "totalcaps": "488",
    "totalgoals": "38",
    "senior": {
        "Dinamo-Juni Minsk": {
            "years": "1998",
            "goals": "1",
            "caps": "11"
        },
        "BATE Borisov": {
            "years": "2016",
            "goals": "0",
            "caps": "6"
        },
        "VfB Stuttgart II": {
            "years": "2000\u20132001",
            "goals": "4",
            "caps": "17"
        },
        "VfB Stuttgart": {
            "years": "2000\u20132005",
            "goals": "13",
            "caps": "137"
        },
        "Arsenal": {
            "years": "2005\u20132008",
            "goals": "7",
            "caps": "89"
        },
        "Barcelona": {
            "years": "2008\u20132012",
            "goals": "0",
            "caps": "19"
        },
        "\u2192 VfB Stuttgart (loan)": {
            "years": "2009\u20132010",
            "goals": "0",
            "caps": "27"
        },
        "\u2192 Birmingham City (loan)": {
            "years": "2010\u20132011",
            "goals": "1",
            "caps": "19"
        },
        "\u2192 VfL Wolfsburg (loan)": {
            "years": "2011",
            "goals": "1",
            "caps": "4"
        },
        "Krylia Sovetov Samara": {
            "years": "2017",
            "goals": "0",
            "caps": "7"
        },
        "Konyaspor": {
            "years": "2014",
            "goals": "2",
            "caps": "30"
        },
        "Gen\u00e7lerbirli\u011fi": {
            "years": "2016",
            "goals": "0",
            "caps": "12"
        }
    },
    "national": {
        "Belarus U21": {
            "years": "2000\u20132004",
            "goals": "5",
            "caps": "24"
        },
        "Belarus": {
            "years": "2001\u20132019",
            "goals": "6 ",
            "caps": "80"
        }
    },
    "youth_career": {
        "Dinamo-Juni Minsk": "1997\u20131998",
        "BATE Borisov": "1998\u20131999"
    },
    "birth_date": "1981-5-1"
}