{
    "name": "Alexander Zickler",
    "birth_place": "Bad Salzungen, East Germany",
    "height": "1.88 m",
    "position": "Striker",
    "currentclub": "RB Leipzig (assistant coach)",
    "totalcaps": "405",
    "totalgoals": "117",
    "senior": {
        "Dynamo Dresden": {
            "years": "1992\u20131993",
            "goals": "3",
            "caps": "18"
        },
        "Bayern Munich (A)": {
            "years": "1993\u20131995",
            "goals": "6",
            "caps": "21"
        },
        "Bayern Munich": {
            "years": "1993\u20132005",
            "goals": "51",
            "caps": "214"
        },
        "Red Bull Salzburg": {
            "years": "2005\u20132010",
            "goals": "56",
            "caps": "137"
        },
        "LASK Linz": {
            "years": "2010\u20132011",
            "goals": "1",
            "caps": "15"
        },
        "ASV Taxham": {
            "years": "2012",
            "goals": "0",
            "caps": "0"
        }
    },
    "national": {
        "Germany U21": {
            "years": "1993\u20131996",
            "goals": "7",
            "caps": "17"
        },
        "Germany": {
            "years": "1998\u20132002",
            "goals": "2",
            "caps": "12"
        }
    },
    "manager_career": {
        "Red Bull Salzburg (assistant youth)": "2012\u20132014",
        "Red Bull Salzburg (youth)": "2014\u20132017",
        "FC Liefering (assistant)": "2017",
        "Red Bull Salzburg (assistant)": "2017\u20132019",
        "Borussia M\u00f6nchengladbach (assistant)": "2019\u20132021",
        "Borussia Dortmund (assistant)": "2021\u20132022",
        "RB Leipzig (assistant) ": "2022\u2013"
    },
    "youth_career": {
        "Dynamo Dresden": "1980\u20131992"
    },
    "birth_date": "1974-2-28"
}