{
    "name": "Alexei Smertin",
    "fullname": "Aleksey Gennadyevich Smertin",
    "birth_place": "Barnaul, RSFSR, Soviet Union",
    "height": "1.76 m",
    "position": "Midfielder",
    "totalcaps": "443",
    "totalgoals": "27",
    "senior": {
        "Dinamo Barnaul": {
            "years": "1992\u20131993",
            "goals": "2",
            "caps": "42"
        },
        "Zarya Leninsk-Kuznetsky": {
            "years": "1994\u20131997",
            "goals": "13",
            "caps": "124"
        },
        "Uralan Elista": {
            "years": "1997\u20131998",
            "goals": "3",
            "caps": "49"
        },
        "Lokomotiv Moscow": {
            "years": "1999\u20132000",
            "goals": "7",
            "caps": "39"
        },
        "Bordeaux": {
            "years": "2000\u20132003",
            "goals": "2",
            "caps": "85"
        },
        "Chelsea": {
            "years": "2003\u20132006",
            "goals": "0",
            "caps": "16"
        },
        "\u2192 Portsmouth (loan)": {
            "years": "2003\u20132004",
            "goals": "0",
            "caps": "26"
        },
        "\u2192 Charlton Athletic (loan)": {
            "years": "2005\u20132006",
            "goals": "0",
            "caps": "18"
        },
        "Dynamo Moscow": {
            "years": "2006",
            "goals": "0",
            "caps": "22"
        },
        "Fulham": {
            "years": "2007\u20132008",
            "goals": "0",
            "caps": "22"
        }
    },
    "national": {
        "Russia": {
            "years": "1998\u20132006",
            "goals": "0 ",
            "caps": "55"
        }
    },
    "birth_date": "1975-05-01"
}