{
    "name": "Alex James",
    "fullname": "Alexander Wilson James",
    "birth_place": "Mossend, Lanarkshire, Scotland",
    "death_date": "df=y",
    "death_place": "London, England",
    "position": "Inside forward",
    "clubs1": "Bellshill Athletic",
    "clubs2": "Ashfield",
    "totalcaps": "476",
    "totalgoals": "106",
    "senior": {
        "Raith Rovers": {
            "years": "1922\u20131925",
            "goals": "27",
            "caps": "98"
        },
        "Preston North End": {
            "years": "1925\u20131929",
            "goals": "53",
            "caps": "147"
        },
        "Arsenal": {
            "years": "1929\u20131937",
            "goals": "26",
            "caps": "231"
        },
        "Drumcondra": {
            "years": "1939",
            "goals": "0",
            "caps": "0"
        }
    },
    "national": {
        "Scotland": {
            "years": "1925\u20131932",
            "goals": "3name=4th ",
            "caps": "8"
        }
    },
    "birth_date": "1901-9-14"
}