{
    "name": "Alex",
    "fullname": "Alexsandro de Souza",
    "birth_place": "Curitiba, Paran\u00e1, Brazil",
    "height": "1.75 m",
    "position": "Attacking midfielder",
    "totalcaps": "499",
    "totalgoals": "221",
    "senior": {
        "Coritiba": {
            "years": "2013\u20132014",
            "goals": "18",
            "caps": "55"
        },
        "Palmeiras": {
            "years": "1997\u20132000",
            "goals": "9",
            "caps": "37"
        },
        "Parma": {
            "years": "2000\u20132002",
            "goals": "0",
            "caps": "8"
        },
        "\u2192 Flamengo (loan)": {
            "years": "2000",
            "goals": "1",
            "caps": "12"
        },
        "\u2192 Palmeiras (loan)": {
            "years": "2002",
            "goals": "2",
            "caps": "16"
        },
        "\u2192 Cruzeiro (loan)": {
            "years": "2001",
            "goals": "2",
            "caps": "29"
        },
        "Cruzeiro": {
            "years": "2002\u20132004",
            "goals": "27",
            "caps": "55"
        },
        "Fenerbah\u00e7e": {
            "years": "2004\u20132012",
            "goals": "136",
            "caps": "245"
        }
    },
    "national": {
        "Brazil U20": {
            "years": "1999\u20132000",
            "goals": "3",
            "caps": "15"
        },
        "Brazil": {
            "years": "1998\u20132005",
            "goals": "12",
            "caps": "48"
        }
    },
    "birth_date": "1977-09-14",
    "medaltemplates": [
        "Country: {{BRA}}",
        "Sport: Men's football",
        "Competition: Copa Am\u00e9rica",
        "Competition: FIFA Confederations Cup"
    ]
}