{
    "name": "Alex Bruce",
    "fullname": "Alex Stephen Bruce",
    "birth_place": "Norwich,  England",
    "height": "1.80",
    "position": "Defender",
    "currentclub": "Salford City (first-team coach)",
    "youthyears1": "1998\u20132001 |youthclubs1 = Manchester United",
    "youthyears2": "2001\u20132004 |youthclubs2 = Blackburn Rovers",
    "years1": "2004\u20132005 |clubs1  = Blackburn Rovers                |caps1  = 0   |goals1  = 0",
    "years2": "2004\u20132005 |clubs2  = \u2192 Oldham Athletic (loan)       |caps2  = 6   |goals2  = 0",
    "years3": "2005\u20132006 |clubs3  = Birmingham City                  |caps3  = 6   |goals3  = 0",
    "years4": "2005      |clubs4  = \u2192 Oldham Athletic (loan)       |caps4  = 6   |goals4  = 0",
    "years5": "2005      |clubs5  = \u2192 Sheffield Wednesday (loan) |caps5  = 6   |goals5  = 0",
    "years6": "2005      |clubs6  = \u2192 Tranmere Rovers (loan)         |caps6  = 11  |goals6  = 0",
    "years7": "2006\u20132010 |clubs7  = Ipswich Town                        |caps7  = 115 |goals7  = 2",
    "years8": "2010      |clubs8  = \u2192 Leicester City (loan)           |caps8  = 3   |goals8  = 0",
    "years9": "2010\u20132012 |clubs9  = Leeds United                        |caps9  = 29  |goals9  = 1",
    "years10": "2011      |clubs10 = \u2192 Huddersfield Town (loan)   |caps10 = 3   |goals10 = 0",
    "years11": "2012\u20132017 |clubs11 = Hull City                            |caps11 = 85  |goals11 = 1",
    "years12": "2017      |clubs12 = \u2192 Wigan Athletic (loan)           |caps12 = 2   |goals12 = 0",
    "years13": "2017      |clubs13 = Bury                                        |caps13 = 2   |goals13 = 1",
    "years14": "2017\u20132019 |clubs14 = Wigan Athletic                    |caps14 = 6   |goals14 = 1",
    "years15": "2019\u20132020 |clubs15 = Kilmarnock                            |caps15 = 20  |goals15 = 1",
    "years16": "2021\u20132022 |clubs16 = Macclesfield                        |caps16 = 5   |goals16 = 0",
    "totalcaps": "305",
    "totalgoals": "7",
    "nationalyears1": "2006      |nationalteam1 = Republic of Ireland U21 |nationalcaps1 = 5 |nationalgoals1= 0",
    "nationalyears2": "2006      |nationalteam2 = Republic of Ireland B          |nationalcaps2 = 1 |nationalgoals2= 0",
    "nationalyears3": "2007\u20132008 |nationalteam3 = Republic of Ireland              |nationalcaps3 = 2 |nationalgoals3= 0",
    "nationalyears4": "2013\u20132014 |nationalteam4 = Northern Ireland                    |nationalcaps4 = 2 |nationalgoals4 = 0",
    "manager_career": {
        "Macclesfield ": "2023\u20132024"
    },
    "birth_date": "1984-9-28"
}