{
    "name": "Alex Pineda Chac\u00f3n",
    "fullname": "Alex Mauricio Pineda Chac\u00f3n",
    "height": "meters=1.73",
    "birth_place": "Santa Cruz de Yojoa, Honduras",
    "position": "Attacking midfielder",
    "years1": "1988\u20131993 |clubs1 = Olimpia                 |caps1 =  58  |goals1 = 28",
    "years2": "1993\u20131994 |clubs2 = UA Tamaulipas       |caps2 = 16  |goals2 = 3",
    "years3": "1994      |clubs3 = Sporting Cristal                     |caps3 =     |goals3 =",
    "years4": "1995\u20131998 |clubs4 = Olimpia                 |caps4 =  41  |goals4 = 18",
    "years5": "1998\u20131999 |clubs5 = UA Tamaulipas       |caps5 =     |goals5 =",
    "years6": "1999\u20132000 |clubs6 = Olimpia                 |caps6 =  30  |goals6 = 6",
    "years7": "2001      |clubs7 = Miami Fusion                         |caps7 = 25  |goals7 = 19",
    "years8": "2002      |clubs8 = New England Revolution               |caps8 = 20  |goals8 = 2",
    "years9": "2003      |clubs9 = Los Angeles Galaxy                   |caps9 = 6   |goals9 = 0",
    "years10": "2003      |clubs10= Columbus Crew                        |caps10= 8   |goals10= 0",
    "years11": "2003\u20132004 |clubs11= Atlanta Silverbacks                  |caps11= 75  |goals11= 7",
    "national": {
        "Honduras": {
            "years": "1992\u20132000",
            "goals": "5",
            "caps": "45"
        }
    },
    "manager_career": {
        "Atlanta Silverbacks (assistant)": "2011",
        "Atlanta Silverbacks ": "2012"
    },
    "birth_date": "1969-12-19"
}