{
    "name": "Alex Yi",
    "fullname": "Alexander Yi",
    "birth_place": "Alexandria, Virginia, United States",
    "height": "ft=6",
    "position": "Defender",
    "collegeyears1": "2000\u20132001",
    "college1": "UCLA Bruins",
    "totalcaps": "44",
    "totalgoals": "0",
    "pcupdate": "03:42, December 19, 2007 (UTC)",
    "ntupdate": "July 16, 2006 ",
    "senior": {
        "Royal Antwerp": {
            "years": "2002\u20132004",
            "goals": "0",
            "caps": "17"
        },
        "FC Dallas": {
            "years": "2005\u20132008",
            "goals": "0",
            "caps": "27"
        }
    },
    "birth_date": "1982-2-27"
}