{
    "name": "Alexandre Guimar\u00e3es",
    "fullname": "Alexandre Henrique Borges Guimar\u00e3es",
    "birth_place": "Macei\u00f3, Brazil",
    "height": "m=1.90",
    "position": "Midfielder",
    "years1": "1979",
    "clubs1": "Durpanel",
    "goals1": "16",
    "years2": "1980\u20131981",
    "clubs2": "Puntarenas",
    "years3": "1982\u20131991",
    "clubs3": "Saprissa",
    "goals3": "14",
    "years4": "1992",
    "clubs4": "Turrialba",
    "totalcaps": "377",
    "totalgoals": "95",
    "ntupdate": "19 April 2016",
    "manageryears18": "2022\u20132023",
    "managerclubs18": "Am\u00e9rica de Cali",
    "manageryears19": "2024-Currently |managerclubs19 = Liga Deportiva Alajuelense ",
    "national": {
        "Costa Rica": {
            "years": "1985\u20131990",
            "goals": "2",
            "caps": "16"
        }
    },
    "manager_career": {
        "Bel\u00e9n": "1994\u20131995",
        "Herediano": "1996\u20131997",
        "Saprissa": "2011\u20132012",
        "Comunicaciones": "1999",
        "Costa Rica": "2005\u20132006",
        "Cartagin\u00e9s": "2003",
        "Irapuato": "2004",
        "Dorados de Sinaloa": "2004\u20132005",
        "Panama": "2006\u20132008",
        "Al Wasl": "2009\u20132010",
        "Al Dhafra": "2010\u20132011",
        "Tianjin Teda": "2012\u20132014",
        "Mumbai City": "2016\u20132018",
        "Am\u00e9rica de Cali": "2019\u20132020",
        "Atl\u00e9tico Nacional": "2020\u20132021"
    },
    "birth_date": "1959-11-7"
}