{
    "name": "Alex Zotinc\u0103",
    "fullname": "Alexandru Florin Zotinc\u0103 3682/alexandru-florin-zotinca",
    "birth_place": "Sibiu, Romania",
    "height": "1.82",
    "position": "Defender",
    "totalcaps": "301",
    "totalgoals": "73",
    "senior": {
        "Inter Sibiu": {
            "years": "1995\u20131998",
            "goals": "4",
            "caps": "51"
        },
        "Steaua Bucure\u0219ti": {
            "years": "1998\u20131999",
            "goals": "0",
            "caps": "8"
        },
        "Gaz Metan Media\u0219": {
            "years": "1999\u20132000",
            "goals": "1",
            "caps": "12"
        },
        "Kansas City Comets (indoor)": {
            "years": "2000\u20132003",
            "goals": "65",
            "caps": "118"
        },
        "Kansas City Wizards": {
            "years": "2003\u20132006",
            "goals": "3",
            "caps": "85"
        },
        "Chivas USA": {
            "years": "2010",
            "goals": "0",
            "caps": "1"
        }
    },
    "manager_career": {
        "Chivas Jr. (U-14 Head coach)": "2010\u20132011",
        "United FC ": "2011\u2013"
    },
    "birth_date": "1977-01-22"
}