{
    "name": "Alex Young",
    "fullname": "Alexander Young",
    "birth_place": "Loanhead, Scotland",
    "death_date": "2017",
    "death_place": "Edinburgh, Scotland",
    "position": "Forward",
    "clubs1": "Newtongrange Star",
    "totalcaps": "412",
    "totalgoals": "154",
    "senior": {
        "Heart of Midlothian": {
            "years": "1955\u20131960",
            "goals": "71",
            "caps": "155"
        },
        "Everton": {
            "years": "1960\u20131968",
            "goals": "77",
            "caps": "228"
        },
        "Glentoran": {
            "years": "1968",
            "goals": "1",
            "caps": "6"
        },
        "Stockport County": {
            "years": "1968\u20131969",
            "goals": "5",
            "caps": "23"
        }
    },
    "national": {
        "Scotland U23": {
            "years": "1956\u20131959",
            "goals": "3",
            "caps": "6"
        },
        "SFL trial v SFA": {
            "years": "1958",
            "goals": "1",
            "caps": "1"
        },
        "Scottish League": {
            "years": "1958\u20131960",
            "goals": "2",
            "caps": "2"
        },
        "SFA trial v SFL": {
            "years": "1960 url=https://books.google.com/books?id=lITgDAAAQBAJ&q=%22scotland+XI%22+v+%22scottish+league%22&pg=PT215date=August 2023 ",
            "goals": "0",
            "caps": "1"
        },
        "Scotland": {
            "years": "1960\u20131966",
            "goals": "5",
            "caps": "8"
        }
    },
    "manager_career": {
        "Glentoran ": "1968"
    },
    "birth_date": "1937-2-3"
}