{
    "name": "Alex McLeish   ",
    "upright": "0.9",
    "full_name": "Alexander McLeish url=https://www.worldfootball.net/player_summary/alex-mcleish/ ",
    "birth_place": "Glasgow, Scotland",
    "height": "1.85",
    "position": "Defender",
    "youthclubs1": "Glasgow United",
    "years1": "1978\u20131994 |clubs1 = Aberdeen |caps1 = 493 |goals1 = 25",
    "years2": "1976",
    "goals2": "| clubs2 = \u2192 Lewis United",
    "years3": "1994\u20131995 |clubs3 = Motherwell |caps3 = 3 |goals3 = 0",
    "totalcaps": "496 |totalgoals = 25",
    "nationalyears1": "1978\u20131987 |nationalteam1 = Scotland U21   |nationalcaps1 = 6 |nationalgoals1 = 0",
    "nationalyears2": "1980\u20131993 |nationalteam2 = Scotland   |nationalcaps2 = 77 |nationalgoals2 = 0",
    "manageryears1": "1994\u20131998 |managerclubs1 = Motherwell",
    "manageryears2": "1998\u20132001 |managerclubs2 = Hibernian",
    "manageryears3": "2001\u20132006 |managerclubs3 = Rangers",
    "manageryears4": "2007      |managerclubs4 = Scotland",
    "manageryears5": "2007      |managerclubs5 = Scotland B",
    "manageryears6": "2007\u20132011 |managerclubs6 = Birmingham City",
    "manageryears7": "2011\u20132012 |managerclubs7 = Aston Villa",
    "manageryears8": "2012\u20132013 |managerclubs8 = Nottingham Forest",
    "manageryears9": "2014\u20132015 |managerclubs9 = Genk",
    "manageryears10": "2016      |managerclubs10 = Zamalek",
    "manageryears11": "2018\u20132019 |managerclubs11= Scotland ",
    "youth_career": {
        "Aberdeen": "1976\u20131978"
    },
    "birth_date": "1959-1-21"
}