{
    "name": "Alex Forbes",
    "fullname": "Alexander Rooney Forbes",
    "birth_place": "Dundee, Scotland",
    "death_date": "2014",
    "death_place": "Johannesburg, South Africa",
    "position": "Wing half",
    "youthclubs1": "Dundee North End",
    "senior": {
        "Sheffield United": {
            "years": "1944\u20131948",
            "goals": "6",
            "caps": "61"
        },
        "Arsenal": {
            "years": "1948\u20131956",
            "goals": "20",
            "caps": "240"
        },
        "Leyton Orient": {
            "years": "1956\u20131957",
            "goals": "0",
            "caps": "8"
        },
        "Fulham": {
            "years": "1957\u20131958",
            "goals": "0",
            "caps": "4"
        }
    },
    "national": {
        "Scotland id=113177": {
            "years": "1947\u20131952",
            "goals": "0 ",
            "caps": "14"
        }
    },
    "birth_date": "1925-1-21"
}