{
    "name": "Alexi Lalas",
    "fullname": "Panayotis Alexander Lalas",
    "birth_place": "Birmingham, Michigan, U.S.",
    "height": "6 ft 3 in",
    "position": "Defender",
    "collegeyears1": "1988\u20131991",
    "college1": "Rutgers Scarlet Knights",
    "totalcaps": "235",
    "totalgoals": "19",
    "senior": {
        "Padova": {
            "years": "1994\u20131995",
            "goals": "3",
            "caps": "33"
        },
        "\u2192 Padova (loan)": {
            "years": "1995\u20131996",
            "goals": "0",
            "caps": "11"
        },
        "New England Revolution": {
            "years": "1996\u20131997",
            "goals": "3",
            "caps": "57"
        },
        "\u2192 Emelec (loan)": {
            "years": "1997",
            "goals": "0",
            "caps": "10"
        },
        "MetroStars": {
            "years": "1998",
            "goals": "2",
            "caps": "25"
        },
        "Kansas City Wizards": {
            "years": "1999",
            "goals": "4",
            "caps": "30"
        },
        "Los Angeles Galaxy": {
            "years": "2001\u20132003",
            "goals": "7",
            "caps": "69"
        }
    },
    "national": {
        "United States U23": {
            "years": "1992",
            "goals": "0",
            "caps": "1"
        },
        "United States Olympic (O.P.)": {
            "years": "1996",
            "goals": "0",
            "caps": "3"
        },
        "United States": {
            "years": "1991\u20131998",
            "goals": "10 ",
            "caps": "96"
        }
    },
    "birth_date": "1970-6-1"
}