{
    "name": "Alfie Haaland",
    "birth_name": "Alf-Inge Rasdal H\u00e5land",
    "full_name": "Alfie Haaland",
    "birth_place": "Stavanger, Norway",
    "height": "1.86 m ",
    "position": "Right back, midfielder",
    "years1": "1989\u20131993",
    "clubs1": "Bryne FK",
    "totalcaps": "194",
    "totalgoals": "19",
    "senior": {
        "Nottingham Forest": {
            "years": "1993\u20131997",
            "goals": "7",
            "caps": "75"
        },
        "Leeds United": {
            "years": "1997\u20132000",
            "goals": "8",
            "caps": "74"
        },
        "Manchester City": {
            "years": "2000\u20132003",
            "goals": "3",
            "caps": "38"
        },
        "Bryne FK 3": {
            "years": "2011",
            "goals": "0",
            "caps": "1"
        },
        "Rosseland BK": {
            "years": "2012\u20132013",
            "goals": "1",
            "caps": "6"
        }
    },
    "national": {
        "Norway U17": {
            "years": "1990",
            "goals": "0",
            "caps": "1"
        },
        "Norway U21": {
            "years": "1991\u20131993",
            "goals": "3",
            "caps": "29"
        },
        "Norway": {
            "years": "1994\u20132001",
            "goals": "0 ",
            "caps": "34"
        }
    },
    "youth_career": {
        "Bryne FK": "1979\u20131989"
    },
    "birth_date": "1972-11-23"
}