{
    "name": "Alf Kirchen",
    "birth_place": "Shouldham, Norfolk, England",
    "death_date": "1999",
    "height": "m=1.80",
    "position": "Midfielder#WingerRight winger",
    "senior": {
        "Norwich City": {
            "years": "1934\u20131935",
            "goals": "11",
            "caps": "14"
        },
        "Arsenal": {
            "years": "1935\u20131943",
            "goals": "38",
            "caps": "92"
        }
    },
    "national": {
        "England": {
            "years": "1935\u20131937",
            "goals": "2 ",
            "caps": "3"
        }
    }
}