{
    "name": "Alf Common",
    "fullname": "Alfred Common",
    "birth_place": "Sunderland, County Durham, England",
    "death_date": "df=y",
    "death_place": "Darlington, County Durham, England",
    "height": "5ft 8inch",
    "position": "Forward",
    "totalcaps": "385",
    "totalgoals": "124",
    "senior": {
        "Sunderland": {
            "years": "1904\u20131905",
            "goals": "6",
            "caps": "20"
        },
        "Sheffield United": {
            "years": "1901\u20131904",
            "goals": "22",
            "caps": "67"
        },
        "Middlesbrough": {
            "years": "1905\u20131910",
            "goals": "58",
            "caps": "168"
        },
        "Woolwich Arsenal": {
            "years": "1910\u20131912",
            "goals": "23",
            "caps": "77"
        },
        "Preston North End": {
            "years": "1912\u20131914",
            "goals": "9",
            "caps": "35"
        }
    },
    "national": {
        "England": {
            "years": "1904\u20131906",
            "goals": "2 ",
            "caps": "3"
        }
    },
    "birth_date": "1880-5-25"
}