{
    "access-date": "20 February 2019",
    "archive-url": "https://web.archive.org/web/20180702135114/http://www.englandfootballonline.com/TeamPlyrsBios/PlayersR/BioRamseyAE.html",
    "archive-date": "2 July 2018",
    "url-status": "live",
    "df": "dmy-all   |position       = Right-back |youthyears1    = |youthclubs1    = Five Elms |years1         = 1943\u20131949 |clubs1         = Southampton |caps1          = 90 |goals1         = 8 |years2         = 1949\u20131955 |clubs2         = Tottenham Hotspur |caps2          = 226 |goals2         = 24 |totalcaps      = 316 |totalgoals     = 32 |nationalyears1 = 1948 |nationalteam1  = England B |nationalcaps1  = 1 |nationalgoals1 = 0 |nationalyears2 = 1948\u20131953 |nationalteam2  = England |nationalcaps2  = 32 |nationalgoals2 = 3 |manageryears1  = 1955\u20131963 |managerclubs1  = Ipswich Town |manageryears2  = 1963\u20131974 |managerclubs2  = England |manageryears3  = 1977\u20131978 |managerclubs3  = Birmingham City |manageryears4  = 1979\u20131980 |managerclubs4  = Panathinaikos (technical director)",
    "medaltemplates": [
        "Country: {{ENG}} (as manager)",
        "Competition: FIFA World Cup",
        "Competition: UEFA European Championship"
    ]
}