{
    "name": "Alf Baker",
    "fullname": "Alfred Baker",
    "birth_place": "Ilkeston, Derbyshire, England",
    "death_date": "df=y",
    "height": "ft=5",
    "position": "Right-half; Right-back",
    "years1": "\u20131919",
    "clubs1": "Eastwood Rangers",
    "senior": {
        "Arsenal": {
            "years": "1919\u20131931",
            "goals": "23",
            "caps": "310"
        }
    },
    "national": {
        "England": {
            "years": "1927",
            "goals": "0  ",
            "caps": "1"
        }
    }
}