{
    "name": "Alfio Basile",
    "birth_place": "Bah\u00eda Blanca, Argentina",
    "position": "Centre-back",
    "youthclubs1": "Bella Vista de Bah\u00eda Blanca",
    "manageryears18": "2000\u20132001",
    "managerclubs18": "Am\u00e9rica",
    "manageryears19": "2004",
    "managerclubs19": "Col\u00f3n de Santa Fe",
    "manageryears20": "2005\u20132006",
    "managerclubs20": "Boca Juniors",
    "manageryears21": "2006\u20132008",
    "managerclubs21": "Argentina",
    "manageryears22": "2009\u20132010",
    "managerclubs22": "Boca Juniors",
    "manageryears23": "2012",
    "managerclubs23": "Racing Club",
    "senior": {
        "Racing Club": {
            "years": "1964&ndash;1970",
            "goals": "19",
            "caps": "163"
        },
        "Hurac\u00e1n": {
            "years": "1971&ndash;1975",
            "goals": "4",
            "caps": "97"
        }
    },
    "national": {
        "Argentina": {
            "years": "1968\u20131973",
            "goals": "1",
            "caps": "8"
        }
    },
    "manager_career": {
        "Chacarita Juniors": "1975\u20131976",
        "Rosario Central": "1976",
        "Racing Club": "1996\u20131997",
        "Racing de C\u00f3rdoba": "1983",
        "Instituto de C\u00f3rdoba": "1980",
        "Hurac\u00e1n": "1982",
        "Nacional": "1982",
        "Talleres de C\u00f3rdoba": "1983",
        "V\u00e9lez S\u00e1rsfield": "1989\u20131990",
        "Argentina": "1991\u20131994",
        "Atl\u00e9tico de Madrid": "1995",
        "San Lorenzo": "1998"
    },
    "birth_date": "1943-11-1",
    "medaltemplates": [
        "Sport: Men's football",
        "Country: {{ARG}}",
        "Competition: Copa Am\u00e9rica",
        "Competition: FIFA Confederations Cup",
        "Competition: CONMEBOL\u2013UEFA Cup of Champions"
    ]
}