{
    "name": "Alfonso Loera",
    "fullname": "Alfonso Loera Pico",
    "birth_place": "Ensenada, Mexico",
    "height": "ft=5",
    "position": "Defender",
    "currentclub": "Rochester Rhinos",
    "clubnumber": "23",
    "years2": "2004",
    "clubs2": "La Piedad",
    "years4": "2005",
    "clubs4": "CD Tapatio",
    "years5": "2006",
    "clubs5": "Guerreros de Tabasco",
    "senior": {
        "Chivas de Guadalajara": {
            "years": "2000\u20132003",
            "goals": "0",
            "caps": "41"
        },
        "Chivas USA": {
            "years": "2005",
            "goals": "0",
            "caps": "12"
        },
        "Rochester Rhinos": {
            "years": "2007\u2013",
            "goals": "1",
            "caps": "19"
        }
    },
    "birth_date": "1978-12-4"
}