{
    "name": "Alfredo Moreno",
    "fullname": "Alfredo David Moreno",
    "birth_place": "Santiago del Estero, Argentina",
    "death_date": "2021",
    "death_place": "Aguascalientes City, Mexico",
    "height": "1.80 m",
    "position": "Forward",
    "senior": {
        "Boca Juniors": {
            "years": "2002\u20132003",
            "goals": "2",
            "caps": "5"
        },
        "Necaxa": {
            "years": "2003\u20132006",
            "goals": "42",
            "caps": "132"
        },
        "\u2192 Cuautitlan (loan)": {
            "years": "2000\u20132001",
            "goals": "0",
            "caps": "0"
        },
        "\u2192  Racing Club (loan)": {
            "years": "2001",
            "goals": "0",
            "caps": "8"
        },
        "Shandong Luneng": {
            "years": "2002",
            "goals": "6",
            "caps": "24"
        },
        "Lokomotiv Moscow": {
            "years": "2002",
            "goals": "0",
            "caps": "0"
        },
        "UANL": {
            "years": "2006\u20132007",
            "goals": "0",
            "caps": "5"
        },
        "San Luis": {
            "years": "2007\u20132012",
            "goals": "51",
            "caps": "98"
        },
        "\u2192 Am\u00e9rica (loan)": {
            "years": "2008",
            "goals": "4",
            "caps": "14"
        },
        "\u2192 Necaxa (loan)": {
            "years": "2009",
            "goals": "7",
            "caps": "15"
        },
        "\u2192 Atlas (loan)": {
            "years": "2010\u20132011",
            "goals": "11",
            "caps": "30"
        },
        "Tijuana": {
            "years": "2012\u20132015",
            "goals": "16",
            "caps": "63"
        },
        "\u2192 Puebla (loan)": {
            "years": "2013",
            "goals": "3",
            "caps": "16"
        },
        "\u2192 Veracruz (loan)": {
            "years": "2014",
            "goals": "3",
            "caps": "13"
        },
        "Celaya": {
            "years": "2016\u20132018",
            "goals": "10 ",
            "caps": "28"
        }
    },
    "birth_date": "1980-1-12"
}