{
    "fullname": "Alfredo Omar Tena Salamano",
    "birth_place": "Mexico City, Mexico",
    "height": "1.75 m",
    "currentclub": "Venados  (Fitness coach)",
    "position": "Midfielder, defender",
    "manageryears5": "2023\u2013    |managerclubs5 = Venados  (Fitness coach)",
    "pcupdate": "29 August 2011 ",
    "senior": {
        "Am\u00e9rica": {
            "years": "2006\u20132009",
            "goals": "0",
            "caps": "3"
        },
        "Quer\u00e9taro": {
            "years": "2009\u20132011",
            "goals": "0",
            "caps": "7"
        },
        "Como": {
            "years": "2011\u20132012",
            "goals": "0",
            "caps": "0"
        },
        "Zacatepec": {
            "years": "2013\u20132014",
            "goals": "0",
            "caps": "6"
        }
    },
    "manager_career": {
        "Am\u00e9rica Premier (Fitness coach)": "2017\u20132018",
        "Am\u00e9rica Reserves and Academy": "2018\u20132019",
        "Quer\u00e9taro Reserves and Academy": "2019\u20132020",
        "Atl\u00e9tico San Luis Reserves and Academy": "2022\u20132023"
    },
    "birth_date": "1985-04-28"
}