{
    "name": "Alfredo Di St\u00e9fano",
    "fullname": "Alfredo St\u00e9fano Di St\u00e9fano Laulh\u00e9",
    "birth_place": "Buenos Aires, Argentina",
    "death_date": "2014",
    "death_place": "Madrid, Spain",
    "height": "1.78 m",
    "position": "Forward, attacking midfielder",
    "totalcaps": "521",
    "totalgoals": "376",
    "senior": {
        "River Plate": {
            "years": "1945\u20131949",
            "goals": "49",
            "caps": "66"
        },
        "\u2192 Hurac\u00e1n (loan)": {
            "years": "1945\u20131946",
            "goals": "10",
            "caps": "25"
        },
        "Millonarios": {
            "years": "1949\u20131953",
            "goals": "90",
            "caps": "101"
        },
        "Real Madrid": {
            "years": "1953\u20131964",
            "goals": "216",
            "caps": "282"
        },
        "Espanyol": {
            "years": "1964\u20131966",
            "goals": "11",
            "caps": "47"
        }
    },
    "national": {
        "Argentina": {
            "years": "1947",
            "goals": "6",
            "caps": "6"
        },
        "Spain": {
            "years": "1957\u20131961",
            "goals": "23",
            "caps": "31"
        }
    },
    "manager_career": {
        "Elche": "1967\u20131968",
        "Boca Juniors": "1985",
        "Valencia": "1986\u20131988",
        "Sporting CP": "1974",
        "Rayo Vallecano": "1975\u20131976",
        "Castell\u00f3n": "1976\u20131977",
        "River Plate": "1981\u20131982",
        "Real Madrid": "1990\u20131991"
    },
    "youth_career": {
        "Uni\u00f3n Progresista": "1940\u20131943",
        "River Plate": "1944\u20131945"
    },
    "birth_date": "1926-7-4",
    "medaltemplates": [
        "Sport: Men's football",
        "Country: {{Argentina}}",
        "Competition: Copa Am\u00e9rica"
    ]
}