{
    "name": "Alfr\u00e9d Haj\u00f3s",
    "birth_name": "Arnold Guttmann",
    "nicknames": "The Hungarian Dolphin url=https://hungarytoday.hu/hungarian-dolphin-remembering-alfred-hajos-anniversary-140th-birthday-87638/ ",
    "nationality": "Flag of Hungary.svg Hungarian",
    "strokes": "Freestyle",
    "club": "Magyar Testgyakorl\u00f3k K\u00f6re",
    "birth_place": "Budapest, Kingdom of Hungary",
    "death_date": "df=yes",
    "death_place": "Budapest, Hungarian People's Republic Infobox football biography",
    "fullname": "Alfr\u00e9d Haj\u00f3s, (football/soccer)",
    "position": "forward",
    "national": {
        "Hungary": {
            "years": "1902",
            "goals": "0",
            "caps": "1"
        }
    },
    "manager_career": {
        "Hungary (3)": "1906"
    },
    "birth_date": "1878-2-1",
    "medaltemplates": [
        "Competition: Olympic Games",
        "Country: {{HUN}}",
        "Sport: Swimming",
        "Gold Medal: 1896 Athens 100 m freestyle",
        "Gold Medal: 1896 Athens 1200 m freestyle",
        "Sport: Art competitions",
        "Silver Medal: 1924 Paris Town planning"
    ]
}