{
    "name": "Alfredo Foni",
    "birth_place": "Udine, Italy",
    "death_date": "1985",
    "death_place": "Lugano, Switzerland",
    "height": "1.72 m",
    "position": "Defender",
    "years1": "1927\u20131929",
    "clubs1": "Udinese",
    "years3": "1931\u20131934",
    "clubs3": "Padova",
    "senior": {
        "Lazio": {
            "years": "1929\u20131931",
            "goals": "2",
            "caps": "39"
        },
        "Juventus": {
            "years": "1934\u20131947",
            "goals": "5",
            "caps": "266"
        }
    },
    "national": {
        "Italy": {
            "years": "1936\u20131942",
            "goals": "0",
            "caps": "23"
        }
    },
    "manager_career": {
        "Venezia": "1947\u20131948",
        "Chiasso": "1961",
        "Sampdoria": "1950\u20131951",
        "Inter": "1968\u20131969",
        "Italy": "1954\u20131958",
        "Roma": "1960\u20131961",
        "Switzerland": "1964\u20131967",
        "Bellinzona": "1970\u20131971",
        "Mantova": "1972\u20131973",
        "Lugano": "1976\u20131977"
    },
    "birth_date": "1911-1-20",
    "medaltemplates": [
        "Competition: Summer Olympics",
        "Competition: FIFA World Cup"
    ]
}