{
    "name": "Alhassane Keita",
    "fullname": "Alhassane Keita Otchico",
    "birth_place": "Conakry, Guinea",
    "height": "m=1.69",
    "position": "Striker",
    "years11": "2017",
    "clubs11": "Al-Watani",
    "club-update": "1 July 2018",
    "senior": {
        "Olympique Khouribga": {
            "years": "2000\u20132001",
            "goals": "11",
            "caps": "15"
        },
        "Z\u00fcrich": {
            "years": "2001\u20132006",
            "goals": "98",
            "caps": "131"
        },
        "Ittihad": {
            "years": "2006\u20132008",
            "goals": "32",
            "caps": "40"
        },
        "Mallorca": {
            "years": "2008\u20132011",
            "goals": "32",
            "caps": "47"
        },
        "\u2192 Valladolid (loan)": {
            "years": "2010\u20132011",
            "goals": "3",
            "caps": "6"
        },
        "Al-Shabab": {
            "years": "2011",
            "goals": "5",
            "caps": "6"
        },
        "Emirates Club": {
            "years": "2011\u20132012",
            "goals": "4",
            "caps": "6"
        },
        "Dubai Club": {
            "years": "2012\u20132013",
            "goals": "7",
            "caps": "10"
        },
        "St. Gallen": {
            "years": "2013\u20132014",
            "goals": "10",
            "caps": "20"
        },
        "Jacksonville Armada": {
            "years": "2018",
            "goals": "9",
            "caps": "5"
        }
    },
    "national": {
        "Guinea": {
            "years": "2000\u20132009",
            "goals": "0",
            "caps": "10"
        }
    },
    "youth_career": {
        "Horoya AC": "1999\u20132000"
    },
    "birth_date": "1983-6-26"
}