{
    "name": "Ali Daei",
    "full_name": "Ali Daei",
    "birth_place": "Ardabil, Iran",
    "height": "189 cm",
    "position": "Centre forward",
    "collegeyears1": "2007",
    "college1": "Islamic Azad University",
    "years1": "1987\u20131989",
    "clubs1": "Esteghlal Ardabil",
    "years2": "1989\u20131990",
    "clubs2": "Taxirani",
    "totalcaps": "362",
    "totalgoals": "161",
    "senior": {
        "Bank Tejarat": {
            "years": "1990\u20131994",
            "goals": "49",
            "caps": "75"
        },
        "Persepolis": {
            "years": "2003\u20132004",
            "goals": "16",
            "caps": "28"
        },
        "Al Sadd": {
            "years": "1996\u20131997",
            "goals": "10",
            "caps": "16"
        },
        "Arminia Bielefeld": {
            "years": "1997\u20131998",
            "goals": "7",
            "caps": "25"
        },
        "Bayern Munich": {
            "years": "1998\u20131999",
            "goals": "6",
            "caps": "23"
        },
        "Hertha BSC": {
            "years": "1999\u20132002",
            "goals": "6",
            "caps": "59"
        },
        "Al Shabab": {
            "years": "2002\u20132003",
            "goals": "11",
            "caps": "21"
        },
        "Saba Battery": {
            "years": "2004\u20132006",
            "goals": "23",
            "caps": "51"
        },
        "Saipa": {
            "years": "2006\u20132007",
            "goals": "10",
            "caps": "26"
        }
    },
    "national": {
        "IranThe match against Ecuador Olympic team was considered official for two decades before Ecuador FA reconsidered.  ": {
            "years": "1993\u20132006",
            "goals": "108",
            "caps": "148"
        },
        "Iran Olympic (Wild Card)": {
            "years": "2002",
            "goals": "3",
            "caps": "3"
        }
    },
    "youth_career": {
        "Esteghlal Ardabil": "1983\u20131987"
    },
    "birth_date": "1969-3-21",
    "medaltemplates": [
        "Sport: Men's football",
        "Country: {{Iran}}",
        "Competition: AFC Asian Cup",
        "Competition: Asian Games",
        "Gold Medal: 1998 Bangkok Team",
        "Gold Medal: 2002 Busan Team",
        "Country: {{Iran}}"
    ]
}