{
    "name": "Ali Karimi",
    "fullname": "Mohammad Ali Karimi",
    "birth_place": "Karaj, Imperial State of Iran",
    "height": "1.78 m",
    "access-date": "18 January 2018",
    "url-status": "dead",
    "archive-url": "https://web.archive.org/web/20120321065955/http://www.mardomsalari.com/Template1/Article.aspx?AID=8849#58401",
    "archive-date": "21 March 2012",
    "position": "Attacking midfielder, forward",
    "script-title": "fa:\u064a\u06a9 \u0628\u0627\u0632\u064a \u0628\u0632\u0631\u06af \u062d\u062f\u0627\u0642\u0644 \u0634\u0627\u064a\u0633\u062a\u06af\u064a \u0633\u0631\u0628\u0627\u0632\u0627\u0646 \u0641\u0648\u062a\u0628\u0627\u0644 \u0627\u064a\u0631\u0627\u0646",
    "language": "fa",
    "years1": "1996\u20131998",
    "clubs1": "Fath Tehran",
    "totalcaps": "298",
    "totalgoals": "101",
    "website": "RSSSF",
    "date": "15 December 1999",
    "first": "Josef",
    "last": "Bobrowsky",
    "senior": {
        "Persepolis": {
            "years": "2011\u20132013",
            "goals": "13",
            "caps": "40"
        },
        "Al-Ahli": {
            "years": "2001\u20132005",
            "goals": "45",
            "caps": "69"
        },
        "Bayern Munich": {
            "years": "2005\u20132007",
            "goals": "3",
            "caps": "33"
        },
        "Qatar SC": {
            "years": "2007\u20132008",
            "goals": "5",
            "caps": "26"
        },
        "Steel Azin": {
            "years": "2009\u20132011",
            "goals": "14",
            "caps": "40"
        },
        "Schalke 04": {
            "years": "2011",
            "goals": "0",
            "caps": "1"
        },
        "Tractor Sazi": {
            "years": "2013\u20132014",
            "goals": "5",
            "caps": "26"
        }
    },
    "national": {
        "Iran U23": {
            "years": "1999",
            "goals": "2",
            "caps": "3"
        },
        "Iran": {
            "years": "1998\u20132012",
            "goals": "38",
            "caps": "127"
        }
    },
    "youth_career": {
        "Naft Tehran": "1990\u20131991",
        "Saipa": "1991\u20131994",
        "Fath Tehran": "1994\u20131996"
    },
    "birth_date": "1978-11-8"
}