{
    "fullname": "Ali Parvin",
    "birth_place": "Tehran, Imperial State of Iran",
    "height": "m=1.69",
    "position": "Attacking Midfielder, Right Winger",
    "clubnumber": "7",
    "years1": "1965\u20131968",
    "clubs1": "Kian",
    "years2": "1968\u20131970",
    "clubs2": "Paykan",
    "years3": "1970\u20131988",
    "clubs3": "Persepolis",
    "national": {
        "Iran": {
            "years": "1970\u20131980",
            "goals": "11",
            "caps": "76"
        }
    },
    "youth_career": {
        "Aref": "1962\u20131965",
        "Alborz": "1965"
    },
    "birth_date": "1947-09-25"
}