{
    "name": "Ali Zitouni",
    "birth_place": "Tunis, Tunisia",
    "height": "1.80 m",
    "currentclub": "Antalya Akdenizspor",
    "position": "Striker",
    "years11": "2017",
    "clubs11": "Antalya Akdenizspor",
    "goals11": "0",
    "senior": {
        "Esp\u00e9rance": {
            "years": "2006\u20132007",
            "goals": "3",
            "caps": "10"
        },
        "Al Ahli Dubai": {
            "years": "2005",
            "goals": "10",
            "caps": "21"
        },
        "Troyes": {
            "years": "2006",
            "goals": "0",
            "caps": "1"
        },
        "Antalyaspor": {
            "years": "2007\u20132012",
            "goals": "22",
            "caps": "148"
        },
        "Konyaspor": {
            "years": "2012\u20132013",
            "goals": "0",
            "caps": "5"
        },
        "Kartalspor": {
            "years": "2013",
            "goals": "1",
            "caps": "13"
        },
        "Hammam-Lif": {
            "years": "2013\u20132014",
            "goals": "0",
            "caps": "17"
        },
        "Konyaalt\u0131 Belediyespor": {
            "years": "2016",
            "goals": "6| caps11 = 0",
            "caps": "7"
        }
    },
    "national": {
        "Tunisia": {
            "years": "1999\u20132009",
            "goals": "14",
            "caps": "46"
        }
    },
    "birth_date": "1981-1-11"
}