{
    "name": "Ali Curtis",
    "birth_place": "Philadelphia, Pennsylvania, U.S.",
    "height": "5 ft 10 in",
    "position": "Forward",
    "collegeyears1": "1997\u20132000",
    "college1": "Duke Blue Devils",
    "totalcaps": "65",
    "totalgoals": "9",
    "senior": {
        "Tampa Bay Mutiny": {
            "years": "2001",
            "goals": "2",
            "caps": "20"
        },
        "D.C. United": {
            "years": "2002\u20132003",
            "goals": "6",
            "caps": "37"
        },
        "Dallas Burn": {
            "years": "2003",
            "goals": "1",
            "caps": "8"
        }
    },
    "birth_date": "1978-12-18"
}