{
    "name": "Ali Al-Habsi",
    "fullname": "Ali Abdullah Harib Al-Habsi editor-first=Barry J. ",
    "birth_place": "Muscat, Oman",
    "height": "1.94 m",
    "position": "Goalkeeper",
    "totalcaps": "360",
    "totalgoals": "0",
    "senior": {
        "Al-Mudhaibi": {
            "years": "1998\u20132002",
            "goals": "0",
            "caps": "35"
        },
        "Al-Nasr": {
            "years": "2002\u20132003",
            "goals": "0",
            "caps": "4"
        },
        "Lyn Oslo": {
            "years": "2003\u20132006",
            "goals": "0",
            "caps": "62"
        },
        "Bolton Wanderers": {
            "years": "2006\u20132011",
            "goals": "0",
            "caps": "10"
        },
        "\u2192 Wigan Athletic (loan)": {
            "years": "2010\u20132011",
            "goals": "0",
            "caps": "34"
        },
        "Wigan Athletic": {
            "years": "2011\u20132015",
            "goals": "0",
            "caps": "102"
        },
        "\u2192 Brighton & Hove Albion (loan)": {
            "years": "2014",
            "goals": "0",
            "caps": "1"
        },
        "Reading": {
            "years": "2015\u20132017",
            "goals": "0",
            "caps": "78"
        },
        "Al-Hilal": {
            "years": "2017\u20132019",
            "goals": "0",
            "caps": "34"
        },
        "West Bromwich Albion": {
            "years": "2019\u20132020",
            "goals": "0",
            "caps": "0"
        }
    },
    "national": {
        "Oman": {
            "years": "2001\u20132019",
            "goals": "0 ",
            "caps": "136"
        }
    },
    "birth_date": "1981-12-30"
}