{
    "name": "Ali Dia",
    "fullname": "Aly Dia",
    "birth_place": "Dakar, Senegal",
    "height": "m=1.78",
    "position": "Striker",
    "years5": "1993\u20131994",
    "clubs5": "Ch\u00e2teaubriant",
    "years12": "1997",
    "clubs12": "Spennymoor United",
    "totalcaps": "28+",
    "totalgoals": "4+ ",
    "senior": {
        "Beauvais": {
            "years": "1988\u20131989",
            "goals": "0",
            "caps": "1"
        },
        "Dijon": {
            "years": "1989\u20131990",
            "goals": "0",
            "caps": "0"
        },
        "La Rochelle": {
            "years": "1990\u20131991",
            "goals": "0",
            "caps": "1"
        },
        "Saint-Quentin": {
            "years": "1991\u20131992",
            "goals": "0",
            "caps": "6"
        },
        "FinnPa": {
            "years": "1995",
            "goals": "1",
            "caps": "5"
        },
        "PK-35": {
            "years": "1995",
            "goals": "1",
            "caps": "3"
        },
        "VfB L\u00fcbeck": {
            "years": "1995",
            "goals": "0",
            "caps": "2"
        },
        "Blyth Spartans": {
            "years": "1996",
            "goals": "0",
            "caps": "1"
        },
        "Southampton": {
            "years": "1996",
            "goals": "0",
            "caps": "1"
        },
        "Gateshead": {
            "years": "1996\u20131997",
            "goals": "2",
            "caps": "8"
        }
    },
    "birth_date": "1965-8-20"
}