{
    "name": "Aliou Ciss\u00e9",
    "height": "1.80 m ",
    "birth_place": "Ziguinchor, Senegal",
    "currentclub": "Senegal (manager)",
    "position": "Midfielder, centre-back",
    "totalcaps": "153",
    "totalgoals": "3",
    "senior": {
        "Lille": {
            "years": "1994\u20131997",
            "goals": "0",
            "caps": "6"
        },
        "Sedan": {
            "years": "2006\u20132008",
            "goals": "1",
            "caps": "21"
        },
        "Paris Saint-Germain": {
            "years": "1998\u20132002",
            "goals": "1",
            "caps": "43"
        },
        "\u2192 Montpellier (loan)": {
            "years": "2001\u20132002",
            "goals": "1",
            "caps": "17"
        },
        "Birmingham City": {
            "years": "2002\u20132004",
            "goals": "0",
            "caps": "36"
        },
        "Portsmouth": {
            "years": "2004\u20132006",
            "goals": "0",
            "caps": "23"
        },
        "N\u00eemes": {
            "years": "2008\u20132009",
            "goals": "0",
            "caps": "7"
        }
    },
    "national": {
        "Senegal": {
            "years": "1999\u20132005",
            "goals": "0",
            "caps": "35"
        }
    },
    "manager_career": {
        "Senegal (caretaker)": "2012",
        "Senegal U23 (assistant)": "2012\u20132013",
        "Senegal U23": "2013\u20132015",
        "Senegal": "2015\u2013"
    },
    "birth_date": "1976-3-24"
}