{
    "name": "Alioum Saidou",
    "fullname": "Alioum Saidou",
    "birth_place": "Maroua, Cameroon",
    "height": "1.82 m",
    "position": "Defensive midfielder",
    "totalcaps": "290",
    "totalgoals": "17",
    "senior": {
        "\u0130stanbulspor": {
            "years": "1999\u20132004",
            "goals": "12",
            "caps": "147"
        },
        "Galatasaray": {
            "years": "2004\u20132006",
            "goals": "0",
            "caps": "29"
        },
        "\u2192 Malatyaspor (loan)": {
            "years": "2005",
            "goals": "0",
            "caps": "13"
        },
        "Nantes": {
            "years": "2006\u20132007",
            "goals": "0",
            "caps": "18"
        },
        "Kayserispor": {
            "years": "2007\u20132010",
            "goals": "5",
            "caps": "79"
        },
        "Sivasspor": {
            "years": "2010\u20132011",
            "goals": "0",
            "caps": "4"
        }
    },
    "national": {
        "Cameroon": {
            "years": "2003\u20132008",
            "goals": "2 ",
            "caps": "15"
        }
    },
    "youth_career": {
        "Coton Sport": "1995\u20131999"
    },
    "birth_date": "1978-02-19"
}