{
    "name": "Alireza Vahedi Nikbakht",
    "fullname": "Alireza Vahedi Nikbakht",
    "birth_place": "Mashhad, Iran",
    "height": "1.85 m",
    "position": "Winger",
    "youthclubs1": "Aboomoslem",
    "totalcaps": "328",
    "totalgoals": "58",
    "senior": {
        "Aboomoslem": {
            "years": "1998\u20131999",
            "goals": "6",
            "caps": "30"
        },
        "Esteghlal": {
            "years": "2013\u20132014",
            "goals": "0",
            "caps": "17"
        },
        "\u2192 Al-Wasl (loan)": {
            "years": "2005",
            "goals": "1",
            "caps": "12"
        },
        "Persepolis": {
            "years": "2006\u20132009",
            "goals": "26",
            "caps": "85"
        },
        "Tractor Sazi": {
            "years": "2009",
            "goals": "0",
            "caps": "0"
        },
        "Steel Azin": {
            "years": "2009\u20132010",
            "goals": "0",
            "caps": "8"
        },
        "Saba Qom": {
            "years": "2010\u20132011",
            "goals": "1",
            "caps": "14"
        },
        "Paykan": {
            "years": "2011\u20132012",
            "goals": "1",
            "caps": "22"
        },
        "Gahar": {
            "years": "2012",
            "goals": "0",
            "caps": "0"
        },
        "Damash Gilan": {
            "years": "2012\u20132013",
            "goals": "0",
            "caps": "4"
        },
        "Khoneh Be Khoneh": {
            "years": "2014\u20132015",
            "goals": "0",
            "caps": "1"
        }
    },
    "national": {
        "Iran U23": {
            "years": "2002",
            "goals": "5",
            "caps": "6"
        },
        "Iran": {
            "years": "2000\u20132008",
            "goals": "14",
            "caps": "72"
        }
    },
    "manager_career": {
        "Sorkhpooshan Pakdasht (assistant)": "2019\u20132020"
    },
    "birth_date": "1980-6-30",
    "medaltemplates": [
        "Country: {{IRN}}",
        "Competition: Asian Games",
        "Gold Medal: 2002 Busan Team"
    ]
}