{
    "name": "Allan Picken",
    "fullname": "Allan Picken",
    "birth_place": "Sydney, Australia",
    "height": "m=1.89",
    "position": "Defender",
    "youthclubs1": "Sydney United",
    "years7": "2004\u20132005",
    "clubs7": "Sydney United",
    "pcupdate": "6 August 2007",
    "senior": {
        "Penrith Panthers": {
            "years": "1999\u20132000",
            "goals": "5",
            "caps": "24"
        },
        "Sydney United": {
            "years": "2000\u20132001",
            "goals": "0",
            "caps": "3"
        },
        "AC United": {
            "years": "2001\u20132002",
            "goals": "1",
            "caps": "14"
        },
        "A.P.I.A. Leichhardt Tigers": {
            "years": "2001\u20132002",
            "goals": "7",
            "caps": "21"
        },
        "Canterbury-Marrickville": {
            "years": "2002\u20132004",
            "goals": "9",
            "caps": "43"
        },
        "Schofield Scorpions": {
            "years": "2004",
            "goals": "5",
            "caps": "14"
        },
        "Newcastle United Jets": {
            "years": "2005\u20132006",
            "goals": "0",
            "caps": "22"
        },
        "Walsall": {
            "years": "2006\u20132007",
            "goals": "0",
            "caps": "2"
        }
    },
    "birth_date": "1981-09-7"
}