{
    "name": "Allan Clarke",
    "fullname": "Allan John Clarke",
    "birth_place": "Short Heath, Willenhall, Staffordshire, England",
    "height": "ft=6",
    "position": "Striker, Inside-forward",
    "totalcaps": "514",
    "totalgoals": "223",
    "senior": {
        "Walsall": {
            "years": "1963\u20131966",
            "goals": "41",
            "caps": "72"
        },
        "Fulham": {
            "years": "1966\u20131968",
            "goals": "45",
            "caps": "86"
        },
        "Leicester City": {
            "years": "1968\u20131969",
            "goals": "12",
            "caps": "36"
        },
        "Leeds United": {
            "years": "1969\u20131978",
            "goals": "110",
            "caps": "273"
        },
        "Barnsley": {
            "years": "1978\u20131980",
            "goals": "15",
            "caps": "47"
        }
    },
    "national": {
        "England": {
            "years": "1970\u20131975",
            "goals": "10",
            "caps": "19"
        }
    },
    "manager_career": {
        "Barnsley": "1985\u20131989",
        "Leeds United": "1980\u20131982",
        "Scunthorpe United": "1983\u20131984",
        "Lincoln City ": "1990"
    },
    "birth_date": "1946-7-31"
}