{
    "name": "Allan Simonsen",
    "full_name": "Allan Rodenkam Simonsen",
    "birth_place": "Vejle, Denmark",
    "height": "1.65 m",
    "position": "Striker",
    "totalcaps": "500",
    "totalgoals": "202",
    "senior": {
        "Vejle BK": {
            "years": "1983\u20131989",
            "goals": "70",
            "caps": "166"
        },
        "Borussia M\u00f6nchengladbach": {
            "years": "1972\u20131979",
            "goals": "76",
            "caps": "178"
        },
        "Barcelona": {
            "years": "1979\u20131982",
            "goals": "31",
            "caps": "98"
        },
        "Charlton Athletic": {
            "years": "1982\u20131983",
            "goals": "9",
            "caps": "16"
        }
    },
    "national": {
        "Denmark U-21": {
            "years": "1971\u20131972",
            "goals": "0",
            "caps": "6"
        },
        "Denmark": {
            "years": "1972\u20131986",
            "goals": "20",
            "caps": "55"
        }
    },
    "manager_career": {
        "Vejle BK": "1991\u20131994",
        "Faroe Islands": "1994\u20132001",
        "Luxembourg": "2001\u20132004",
        "Fredericia (General manager)": "2011\u20132013",
        "Fredericia (caretaker) ": "2013"
    },
    "birth_date": "1952-12-15"
}