{
    "name": "Allenby Chilton",
    "birth_place": "South Hylton, England",
    "death_date": "1996",
    "position": "Centre-half",
    "youthyears1": "|youthclubs1 = Hylton Colliery",
    "youthyears2": "|youthclubs2 = Seaham Colliery",
    "years1": "1938      |clubs1 = Liverpool                 |caps1 = 0   |goals1 = 0",
    "years2": "1938\u20131955 |clubs2 = Manchester United |caps2 = 352 |goals2 = 3",
    "years3": "1955\u20131956 |clubs3 = Grimsby Town           |caps3 = 63  |goals3 = 0",
    "totalcaps": "415",
    "totalgoals": "3",
    "nationalyears1": "1950\u20131951 |nationalteam1 = England |nationalcaps1 = 2 |nationalgoals1 = 0",
    "manageryears1": "1955\u20131959 |managerclubs1 = Grimsby Town",
    "manageryears2": "1960\u20131961 |managerclubs2 = Wigan Athletic",
    "manageryears3": "1962\u20131963 |managerclubs3 = Hartlepools United ",
    "birth_date": "1918-9-16"
}