{
    "name": "Alloysius Agu",
    "fullname": "Alloysius Uzoma Agu",
    "birth_place": "Lagos, Nigeria",
    "height": "1.79 m",
    "position": "Goalkeeper",
    "years1": "1982\u20131989",
    "clubs1": "NEPA",
    "years2": "1990",
    "clubs2": "ACB Lagos",
    "senior": {
        "MVV Maastricht": {
            "years": "1990\u20131992",
            "goals": "0",
            "caps": "45"
        },
        "RFC Li\u00e8ge": {
            "years": "1992\u20131994",
            "goals": "0",
            "caps": "18"
        },
        "Kayserispor": {
            "years": "1994\u20131997",
            "goals": "0",
            "caps": "79"
        }
    },
    "national": {
        "Nigeria": {
            "years": "1988\u20131995",
            "goals": "0",
            "caps": "28"
        }
    },
    "manager_career": {
        "Nigeria ''(Goalkeeper coach)''": "2021-2022",
        "Nigeria ''(Goalkeeper coach)'' ": "2023-"
    },
    "birth_date": "1967-7-12"
}