{
    "name": "Ally McCoist,  country=UK",
    "upright": "0.8",
    "fullname": "Alistair Murdoch McCoist 12287",
    "birth_place": "Bellshill, Scotland",
    "height": "ft=5",
    "position": "Striker",
    "totalcaps": "584",
    "totalgoals": "290",
    "senior": {
        "St Johnstone": {
            "years": "1978\u20131981",
            "goals": "22",
            "caps": "57"
        },
        "Sunderland": {
            "years": "1981\u20131983",
            "goals": "8",
            "caps": "56"
        },
        "Rangers": {
            "years": "1983\u20131998",
            "goals": "251",
            "caps": "418"
        },
        "Kilmarnock": {
            "years": "1998\u20132001",
            "goals": "9",
            "caps": "53"
        }
    },
    "national": {
        "Scotland U19": {
            "years": "1980\u20131981",
            "goals": "7",
            "caps": "10"
        },
        "Scotland U21": {
            "years": "1983",
            "goals": "0",
            "caps": "1"
        },
        "Scotland": {
            "years": "1986\u20131998",
            "goals": "19",
            "caps": "61"
        },
        "SFA (SFL centenary)": {
            "years": "1990 https://www.facebook.com/spflofficial/posts/on-this-day-back-in-1990-a-scottish-league-xi-beat-scotland-1-0-at-hampden-park-/10155071606188998/ On this day, back in 1990, a Scottish League XI beat Scotland 1-0 at Hampden Park in the SFL Centenary match with the goal coming from then Aberdeen Football Club star Hans Gillhaus, Scottish Professional Football League via Facebook, 18 August 2016",
            "goals": "0",
            "caps": "1"
        }
    },
    "manager_career": {
        "Rangers ": "2011\u20132014"
    },
    "youth_career": {
        "Fir Park Boys Club": "0000\u20131978"
    },
    "birth_date": "1962-9-24"
}