{
    "name": "Ally MacLeod",
    "fullname": "Alistair Reid MacLeod",
    "birth_place": "Glasgow, Scotland",
    "death_date": "df=y",
    "death_place": "Ayr, Scotland",
    "position": "Left wing",
    "totalcaps": "420",
    "totalgoals": "80",
    "senior": {
        "Third Lanark": {
            "years": "1963\u20131964",
            "goals": "1",
            "caps": "24"
        },
        "St Mirren": {
            "years": "1955\u20131956",
            "goals": "3",
            "caps": "22"
        },
        "Blackburn Rovers": {
            "years": "1956\u20131961",
            "goals": "47",
            "caps": "193"
        },
        "Hibernian": {
            "years": "1961\u20131963",
            "goals": "6",
            "caps": "52"
        },
        "Ayr United": {
            "years": "1964\u20131965",
            "goals": "0",
            "caps": "17"
        }
    },
    "manager_career": {
        "Ayr United": "1986\u20131989",
        "Aberdeen": "1975\u20131977",
        "Scotland": "1977\u20131978",
        "Motherwell": "1979\u20131981",
        "Airdrieonians": "1984\u20131985",
        "Queen of the South ": "1991\u20131992"
    },
    "birth_date": "1931-2-26"
}