{
    "name": "Schuman Bah",
    "fullname": "Almamy Schuman Bah",
    "height": "1.83 m",
    "birth_place": "L\u00e9hon, France",
    "position": "Defender",
    "years1": "1997\u20131998",
    "years9": "2006\u20132007",
    "clubs1": "Le Mans",
    "clubs9": "Cannes",
    "nationalteam1": "Guinea",
    "senior": {
        "Ch\u00e2teauroux": {
            "years": "2001",
            "goals": "0",
            "caps": "12"
        },
        "Louhans-Cuiseaux": {
            "years": "2000",
            "goals": "0",
            "caps": "4"
        },
        "FC Metz": {
            "years": "2001\u20132003",
            "goals": "4",
            "caps": "46"
        },
        "Neuch\u00e2tel Xamax": {
            "years": "2004",
            "goals": "1",
            "caps": "7"
        },
        "Malatyaspor": {
            "years": "2004\u20132005",
            "goals": "3",
            "caps": "15"
        },
        "Clermont Foot": {
            "years": "2005\u20132006",
            "goals": "0",
            "caps": "9"
        }
    },
    "birth_date": "1974-8-24"
}