{
    "name": "Almir Tolja",
    "birth_place": "Travnik, SFR Yugoslavia",
    "height": "1.87 m",
    "position": "Goalkeeper",
    "clubs1": "NK Travnik",
    "nationalteam1": "Bosnia U21",
    "senior": {
        "Zenica": {
            "years": "1995\u20131997",
            "goals": "0",
            "caps": "46"
        },
        "FK Sarajevo": {
            "years": "1999\u20132000",
            "goals": "0",
            "caps": "10"
        },
        "\u010celik Zenica": {
            "years": "2000\u20132002",
            "goals": "0",
            "caps": "34"
        },
        "SW Bregenz": {
            "years": "2002\u20132005",
            "goals": "0",
            "caps": "91"
        },
        "Saba Battery": {
            "years": "2005\u20132009",
            "goals": "0",
            "caps": "106"
        },
        "Nassaji": {
            "years": "2009\u20132010",
            "goals": "totalgoals=0",
            "caps": "14"
        }
    },
    "national": {
        "Bosnia and Herzegovina": {
            "years": "2000\u20132006",
            "goals": "0",
            "caps": "14"
        },
        "Bosnia and Herzegovina XI": {
            "years": "2001",
            "goals": "0 ",
            "caps": "1"
        }
    },
    "birth_date": "1974-10-25"
}