{
    "name": "Alon Mizrahi",
    "fullname": "Alon Mizrahi",
    "birth_place": "Tel Aviv, Israel",
    "height": "1.78 m",
    "position": "Striker",
    "years1": "1989\u20131993 |clubs1 = Bnei Yehuda |caps1 = 66 |goals1 = 46",
    "years2": "caps2 = 18 |goals2 = 4",
    "years3": "1993\u20131994 |clubs3 = Maccabi Haifa |caps3 = 38 |goals3 = 28",
    "years4": "1994 |clubs4 = Maccabi Tel Aviv |caps4 = 10 |goals4 = 1",
    "years5": "1994\u20131999 |clubs5 = Maccabi Haifa |caps5 = 53 |goals5 = 35",
    "years6": "caps6 = 14 |goals6 = 9",
    "years7": "caps7 = 44 |goals7 = 31",
    "years8": "goals8 = 4",
    "years9": "1999\u20132001 |clubs9 = Beitar Jerusalem |caps9 = 50 |goals9 = 21",
    "years10": "2001\u20132003 |clubs10 = Hapoel Kfar Saba |caps10 = 50 |goals10 = 22",
    "years11": "2003 |clubs11 = Maccabi Ahi Nazareth |caps11 = 7 |goals11 = 1",
    "years12": "2003\u20132005 |clubs12 = Hapoel Be'er Sheva |caps12 = 45 |goals12 = 16",
    "years13": "caps13 = 9 |goals13 = 0",
    "years14": "2005\u20132006 |clubs14 = Maccabi Amishav |caps14 = |goals14 =",
    "nationalyears1": "1990 |nationalteam1 = Israel U18 |nationalcaps1 = 1 |nationalgoals1 = 1",
    "nationalyears2": "nationalgoals2 = 15",
    "nationalyears3": "nationalgoals3 = 17",
    "nationalyears4": "2007\u20132010 |nationalteam4 = Israel (beach soccer) |nationalcaps4 = |nationalgoals4 =",
    "manager_career": {
        "Hapoel Yehud": "2008\u20132009",
        "Hapoel Kfar Saba (general manager)": "2012\u20132013",
        "Hapoel Petah Tikva ": "2013"
    },
    "youth_career": {
        "Bnei Yehuda": "1984\u20131989"
    },
    "birth_date": "1971-11-22"
}