{
    "name": "Alonso Sol\u00eds Calder\u00f3n",
    "fullname": "Alonso Jorge Sol\u00eds Calder\u00f3n",
    "birth_place": "San Jose, Costa Rica",
    "height": "1.78",
    "position": "Attacking midfielder, Striker",
    "years2": "1998",
    "years9": "2013",
    "years10": "2013",
    "clubs2": "Universidad Cat\u00f3lica",
    "clubs9": "San Francisco de Dos R\u00edos",
    "clubs10": "Generaci\u00f3n Saprissa",
    "goals2": "0",
    "pcupdate": "June 1, 2008 ",
    "senior": {
        "Saprissa": {
            "years": "2002\u20132012",
            "goals": "79",
            "caps": "190"
        },
        "OFI Crete": {
            "years": "1999\u20132001",
            "goals": "3",
            "caps": "17"
        },
        "Brann Bergen": {
            "years": "2002",
            "goals": "4",
            "caps": "14"
        },
        "\u2192 Necaxa (loan)": {
            "years": "2008",
            "goals": "1",
            "caps": "9"
        }
    },
    "national": {
        "Costa Rica": {
            "years": "1999\u20132008",
            "goals": "9",
            "caps": "48"
        }
    },
    "youth_career": {
        "Deportivo Saprissa": "0000\u20131995"
    },
    "birth_date": "1978-10-14"
}