{
    "office": "GNAT MP",
    "constituency": "\u0130zmir",
    "term_start": "7 July 2018",
    "birth_name": "Fehmi Alpay \u00d6zalan",
    "party": "Justice and Development Party (2018\u2013present)",
    "children": "2",
    "header-color": "lavender",
    "position": "Centre back",
    "totalcaps": "348",
    "totalgoals": "14",
    "senior": {
        "Soma Linyitspor": {
            "years": "1991\u20131992",
            "goals": "2",
            "caps": "19"
        },
        "Altay": {
            "years": "1992\u20131993",
            "goals": "1",
            "caps": "23"
        },
        "Be\u015fikta\u015f": {
            "years": "1993\u20131999",
            "goals": "9",
            "caps": "150"
        },
        "Siirt Jet-Pa Spor": {
            "years": "1999\u20132000",
            "goals": "0",
            "caps": "0"
        },
        "\u2192 Fenerbah\u00e7e (loan)": {
            "years": "1999\u20132000",
            "goals": "3",
            "caps": "29"
        },
        "Aston Villa": {
            "years": "2000\u20132003",
            "goals": "1",
            "caps": "58"
        },
        "Incheon United": {
            "years": "2003\u20132004",
            "goals": "0",
            "caps": "8"
        },
        "Urawa Red Diamonds": {
            "years": "2004\u20132005",
            "goals": "0",
            "caps": "13"
        },
        "1. FC K\u00f6ln": {
            "years": "2005\u20132008",
            "goals": "1",
            "caps": "48"
        }
    },
    "national": {
        "Turkey U21": {
            "years": "1992\u20131994",
            "goals": "0",
            "caps": "19"
        },
        "Turkey Olympic": {
            "years": "1993",
            "goals": "0",
            "caps": "4"
        },
        "Turkey": {
            "years": "1995\u20132005",
            "goals": "4",
            "caps": "90"
        }
    },
    "manager_career": {
        "Eski\u015fehirspor": "2016\u20132017",
        "Samsunspor": "2017"
    },
    "birth_date": "1973-5-30"
}