{
    "name": "Altair",
    "fullname": "Altair Gomes de Figueiredo",
    "birth_place": "Niter\u00f3i, Brazil",
    "death_date": "2019",
    "death_place": "S\u00e3o Gon\u00e7alo, Rio de Janeiro, Brazil",
    "height": "1.73m",
    "position": "Defender",
    "years1": "1955\u20131971",
    "clubs1": "Fluminense |caps1=551 |goals1=2",
    "national": {
        "Brazil": {
            "years": "1959\u20131966",
            "goals": "0",
            "caps": "18"
        }
    },
    "manager_career": {
        "Fluminense (interim)": "1997",
        "Fluminense (interim) |medaltemplates = Men's Football fb FIFA World Cup W ": "1998"
    },
    "birth_date": "1938-1-22"
}