{
    "name": "Alun Evans",
    "birth_place": "Kidderminster, England",
    "position": "Striker",
    "years2": "1967",
    "clubs2": "\u2192 Los Angeles Wolves (guest)",
    "totalcaps": "375",
    "totalgoals": "103",
    "senior": {
        "Wolverhampton Wanderers": {
            "years": "1967\u20131968",
            "goals": "4",
            "caps": "22"
        },
        "Liverpool": {
            "years": "1968\u20131972",
            "goals": "21",
            "caps": "79"
        },
        "Aston Villa": {
            "years": "1972\u20131975",
            "goals": "11",
            "caps": "60"
        },
        "Walsall": {
            "years": "1975\u20131978",
            "goals": "7",
            "caps": "87"
        },
        "South Melbourne": {
            "years": "1978\u20131982",
            "goals": "36",
            "caps": "104"
        },
        "Morwell Falcons": {
            "years": "1983",
            "goals": "4",
            "caps": "23"
        },
        "Sandringham City": {
            "years": "1984\u20131985",
            "goals": "20",
            "caps": "TBC"
        }
    },
    "national": {
        "England Under-23": {
            "years": "1968\u20131969",
            "goals": "0 ",
            "caps": "4"
        }
    },
    "youth_career": {
        "Wolverhampton Wanderers": "1964\u20131967"
    },
    "birth_date": "1949-4-30"
}