{
    "name": "Alvin Ceccoli",
    "fullname": "Alvin Ceccoli",
    "birth_place": "Sydney, Australia",
    "height": "1.78 m",
    "position": "Left Back",
    "currentclub": "Albion Park White Eagles FC \u2013 Football Head Coach",
    "youthclubs1": "APIA Leichhardt",
    "pcupdate": "23 November 2018",
    "senior": {
        "Wollongong Wolves": {
            "years": "1995\u20132002",
            "goals": "31",
            "caps": "156"
        },
        "\u2192AEK Athens (loan)": {
            "years": "1999",
            "goals": "1",
            "caps": "4"
        },
        "Parramatta Power": {
            "years": "2002\u20132004",
            "goals": "2",
            "caps": "54"
        },
        "Dapto FC": {
            "years": "2004",
            "goals": "15",
            "caps": "21"
        },
        "Wollongong City": {
            "years": "2004\u20132005",
            "goals": "6",
            "caps": "15"
        },
        "Sydney FC": {
            "years": "2005\u20132007",
            "goals": "2",
            "caps": "43"
        },
        "Avispa Fukuoka": {
            "years": "2007",
            "goals": "1",
            "caps": "34"
        },
        "Central Coast Mariners": {
            "years": "2008",
            "goals": "0",
            "caps": "6"
        },
        "Adelaide United": {
            "years": "2008",
            "goals": "0",
            "caps": "0"
        },
        "Kemblawarra Fury": {
            "years": "2008\u20132017",
            "goals": "62",
            "caps": "225"
        },
        "Wollongong United": {
            "years": "2018",
            "goals": "0",
            "caps": "5"
        },
        "Corrimal Rangers": {
            "years": "2019\u20132020",
            "goals": "8",
            "caps": "35"
        }
    },
    "national": {
        "Australia": {
            "years": "1998\u20132006",
            "goals": "1",
            "caps": "6"
        }
    },
    "birth_date": "1974-8-5"
}