{
    "name": "Alvin Mendoza",
    "fullname": "Ra\u00fal Alvin Mendoza Arg\u00fcello",
    "birth_place": "Mexico City, Mexico",
    "height": "1.70 m",
    "position": "Left-back",
    "senior": {
        "Club Am\u00e9rica": {
            "years": "2004\u20132008",
            "goals": "1",
            "caps": "50"
        },
        "San Luis F.C.": {
            "years": "2004\u20132005",
            "goals": "0",
            "caps": "29"
        },
        "Veracruz": {
            "years": "2008\u20132009",
            "goals": "0",
            "caps": "2"
        },
        "Quer\u00e9taro FC": {
            "years": "2010\u20132011",
            "goals": "0",
            "caps": "31"
        },
        "Altamira FC": {
            "years": "2011",
            "goals": "0",
            "caps": "6"
        },
        "Coatepeque": {
            "years": "2013\u20132014",
            "goals": "0",
            "caps": "20"
        }
    },
    "national": {
        "Mexico U20": {
            "years": "2003",
            "goals": "0",
            "caps": "3"
        }
    },
    "birth_date": "1984-7-27"
}