{
    "name": "Alvin Martin",
    "fullname": "Alvin Edward Martin",
    "birth_place": "Walton, Liverpool, England",
    "height": "6 ft 1 in",
    "position": "Defender",
    "youthclubs1": "Everton",
    "totalcaps": "486",
    "totalgoals": "27",
    "senior": {
        "West Ham United": {
            "years": "1978\u20131996",
            "goals": "27",
            "caps": "469"
        },
        "Leyton Orient": {
            "years": "1996\u20131997",
            "goals": "0",
            "caps": "17"
        }
    },
    "national": {
        "England": {
            "years": "1981\u20131986",
            "goals": "0",
            "caps": "17"
        }
    },
    "manager_career": {
        "Southend United ": "1997\u20131999"
    },
    "youth_career": {
        "West Ham United": "1974\u20131978"
    },
    "birth_date": "1958-7-29"
}