{
    "name": "Amadou Tour\u00e9",
    "birth_place": "Bujumbura, Burundi",
    "height": "m=1.77",
    "position": "Defender",
    "currentclub": "FC Wiltz 71",
    "clubnumber": "18",
    "years3": "2006\u20132010",
    "years5": "2010\u20132011",
    "years7": "2016\u20132018",
    "years8": "2018\u20132019",
    "clubs3": "K.V.C. Willebroek-Meerhof",
    "clubs5": "R.O.C. de Charleroi-Marchienne",
    "clubs7": "Sporting Mertzig",
    "clubs8": "AS Wincrange",
    "senior": {
        "Tours FC": {
            "years": "2002\u20132003",
            "goals": "3",
            "caps": "6"
        },
        "R.A.E.C. Mons": {
            "years": "2003\u20132006",
            "goals": "4",
            "caps": "44"
        },
        "\u2192 R.O.C. de Charleroi-Marchienne (loan)": {
            "years": "2009",
            "goals": "1",
            "caps": "11"
        },
        "FC Wiltz 71": {
            "years": "2011\u20132015",
            "goals": "2",
            "caps": "64"
        }
    },
    "national": {
        "Burkina Faso": {
            "years": "2000\u20132006",
            "goals": "11",
            "caps": "24"
        }
    },
    "youth_career": {
        "US Comoe": "1999\u20132000",
        "ASFA Yennega": "2000\u20132002"
    },
    "birth_date": "1982-09-27"
}