{
    "name": "Amadou Coulibaly",
    "birth_place": "Bobo-Dioulasso, Burkina Faso",
    "height": "1.81 m",
    "position": "Defender",
    "totalcaps": "95",
    "totalgoals": "4",
    "senior": {
        "Rennes B": {
            "years": "2005\u20132007",
            "goals": "1",
            "caps": "29"
        },
        "Grenoble": {
            "years": "2007\u20132008",
            "goals": "0",
            "caps": "1"
        },
        "Zempl\u00edn Michalovce": {
            "years": "2009",
            "goals": "0",
            "caps": "12"
        },
        "Oostende": {
            "years": "2009\u20132010",
            "goals": "0",
            "caps": "0"
        },
        "FC \u00c9chirolles": {
            "years": "2012\u20132015",
            "goals": "3",
            "caps": "53"
        }
    },
    "national": {
        "Burkina Faso": {
            "years": "2001\u20132007",
            "goals": "2 ",
            "caps": "15"
        }
    },
    "youth_career": {
        "RC Bobo Dioulasso": "2001\u20132005"
    },
    "birth_date": "1984-12-31"
}