{
    "name": "Amara Ouattara",
    "fullname": "Amara Ahmed Ouattara",
    "birth_place": "Bobo-Dioulasso, Upper Volta",
    "height": "1.84 m",
    "position": "Attacking midfielder",
    "years1": "2003\u20132003",
    "clubs1": "Rail Club Kadiogo",
    "years2": "2003\u20132004",
    "clubs2": "ASEC Mimosas",
    "senior": {
        "AS Cherbourg": {
            "years": "2010\u20132013",
            "goals": "0",
            "caps": "21"
        },
        "US Raon-l'\u00c9tape": {
            "years": "2007\u20132008",
            "goals": "0",
            "caps": "13"
        },
        "\u00c9DS Montlu\u00e7on": {
            "years": "2008\u20132010",
            "goals": "0",
            "caps": "21"
        }
    },
    "national": {
        "Burkina Faso": {
            "years": "1995\u20132002",
            "goals": "1 ",
            "caps": "22"
        }
    },
    "birth_date": "1983-10-21"
}