{
    "name": "Amine Lta\u00efef",
    "birth_place": "Tunis, Tunisia",
    "height": "1.82 m",
    "position": "Striker",
    "youthclubs1": "Esp\u00e9rance",
    "years1": "2000\u20132002",
    "clubs1": "Esp\u00e9rance",
    "senior": {
        "US Cr\u00e9teil": {
            "years": "2003\u20132005",
            "goals": "1",
            "caps": "9"
        },
        "Esp\u00e9rance": {
            "years": "2005\u20132009",
            "goals": "21",
            "caps": "?"
        },
        "CS Hammam-Lif": {
            "years": "2009\u20132010",
            "goals": "3",
            "caps": "?"
        },
        "A.S. Marsa": {
            "years": "2010\u20132011",
            "goals": "5",
            "caps": "19"
        },
        "\u00c9toile du Sahel": {
            "years": "2011\u20132013",
            "goals": "2",
            "caps": "8"
        },
        "EGS Gafsa": {
            "years": "2013\u20132014",
            "goals": "3",
            "caps": "19"
        }
    },
    "national": {
        "Tunisia": {
            "years": "2004\u20132006",
            "goals": "1",
            "caps": "5"
        }
    },
    "birth_date": "1984-7-4"
}