{
    "name": "Amin Erbati",
    "fullname": "Elamine Erbate",
    "birth_place": "Fnideq, Morocco",
    "height": "1.86",
    "position": "Defender",
    "youthyears1": "|youthclubs1 = Renaissance Martil",
    "years1": "2002\u20132008 |clubs1 = Raja Casablanca                              |caps1 = ?  |goals1 = ?",
    "years2": "2004\u20132006 |clubs2 = \u2192 Al Ahly Tripoli (loan) |caps2 = ?  |goals2 = ?",
    "years3": "2006\u20132007 |clubs3 = \u2192 Qatar (loan)                      |caps3 = ?  |goals3 = ?",
    "years4": "2007\u20132008 |clubs4 = \u2192 Al Dhafra (loan)            |caps4 = 12 |goals4 = 0",
    "years5": "2008\u20132009 |clubs5 = Marseille             |caps5 =  4 |goals5 = 0",
    "years6": "2009\u20132009 |clubs6 = Al-Wahda           |caps6 =  9 |goals6 = 0",
    "years7": "2009\u20132010 |clubs7 = Moghreb T\u00e9touan                              |caps7 = 16 |goals7 = 1",
    "years8": "2010      |clubs8 = Arles-Avignon               |caps8 =  2 |goals8 = 0",
    "years9": "2011\u20132018 |clubs9 = Raja Casablanca                              |caps9 = 55 |goals9 = 1",
    "nationalyears1": "2002\u20132009 |nationalteam1 = Morocco |nationalcaps1 = 39 |nationalgoals1 = 0",
    "pcupdate": "02:38, 18 July 2013 (UTC)",
    "ntupdate": "02:38, 18 July 2013 (UTC) ",
    "birth_date": "1981-7-1"
}