{
    "name": "Amir Haj Massaoud",
    "fullname": "Amir Haj Massaoud",
    "birth_place": "Sfax, Tunisia",
    "height": "m=1.79",
    "currentclub": "Club Africain",
    "position": "Right-back",
    "years3": "2011\u20132012",
    "years4": "2012\u20132014",
    "clubs3": "Club Africain",
    "clubs4": "Zarzis",
    "pcupdate": "9 March 2008",
    "ntupdate": "23 June 2006 ",
    "senior": {
        "Sfaxien": {
            "years": "2003\u20132010",
            "goals": "7",
            "caps": "200"
        },
        "Stade Tunisien": {
            "years": "2010\u20132011",
            "goals": "2",
            "caps": "12"
        }
    },
    "national": {
        "Tunisia": {
            "years": "2005\u20132007",
            "goals": "0",
            "caps": "5"
        }
    },
    "birth_date": "1981-2-8"
}