{
    "birth_place": "Douala, Cameroon",
    "name": "Patrick Tignyemb",
    "fullname": "Amour Patrick Tignyemb",
    "height": "1.80 m",
    "position": "Goalkeeper",
    "years1": "2003\u20132005",
    "clubs1": "Coton Sport",
    "years2": "2006\u20132008",
    "clubs2": "Tonnerre Yaound\u00e9",
    "club-update": "18:52, 29 April 2020 (UTC) ",
    "senior": {
        "Bloemfontein Celtic": {
            "years": "2008\u20132019",
            "goals": "0",
            "caps": "286"
        },
        "Chippa United": {
            "years": "2019",
            "goals": "0",
            "caps": "10"
        }
    },
    "national": {
        "Cameroon": {
            "years": "2010",
            "goals": "0",
            "caps": "2"
        }
    },
    "birth_date": "1985-06-14"
}