{
    "name": "Anatoliy Tymoshchuk",
    "fullname": "Anatoliy Oleksandrovych Tymoshchuk",
    "birth_place": "Lutsk, Ukrainian SSR, Soviet Union",
    "height": "1.81 m",
    "currentclub": "Zenit Saint Petersburg (assistant)",
    "position": "Defensive midfielder, centre back",
    "totalcaps": "533",
    "totalgoals": "64",
    "senior": {
        "Volyn Lutsk": {
            "years": "1995\u20131997",
            "goals": "8",
            "caps": "62"
        },
        "Shakhtar-2 Donetsk": {
            "years": "1998\u20132001",
            "goals": "9",
            "caps": "25"
        },
        "Shakhtar Donetsk": {
            "years": "1998\u20132007",
            "goals": "32",
            "caps": "227"
        },
        "Zenit Saint Petersburg": {
            "years": "2013\u20132015",
            "goals": "0",
            "caps": "32"
        },
        "Bayern Munich": {
            "years": "2009\u20132013",
            "goals": "4",
            "caps": "86"
        },
        "Kairat": {
            "years": "2015\u20132016",
            "goals": "1",
            "caps": "34"
        }
    },
    "national": {
        "Ukraine": {
            "years": "2000\u20132016",
            "goals": "4",
            "caps": "144"
        }
    },
    "manager_career": {
        "Zenit Saint Petersburg (assistant)": "2017\u2013"
    },
    "youth_career": {
        "Volyn Lutsk": "1994\u20131995"
    },
    "birth_date": "1979-3-30"
}