{
    "name": "Anatoli Gerk",
    "fullname": "Anatoli Anatolyevich Gerk",
    "birth_place": "Polevskoy, Soviet Union",
    "height": "1.79 m",
    "position": "Midfielder",
    "totalcaps": "128",
    "totalgoals": "13",
    "senior": {
        "Anderlecht": {
            "years": "2002\u20132005",
            "goals": "0",
            "caps": "6"
        },
        "Twente": {
            "years": "2006\u20132007",
            "goals": "0",
            "caps": "9"
        },
        "Saturn Ramenskoye": {
            "years": "2007\u20132009",
            "goals": "0",
            "caps": "0"
        },
        "\u2192 Ural (loan)": {
            "years": "2009",
            "goals": "6",
            "caps": "34"
        },
        "Ural": {
            "years": "2012\u20132013",
            "goals": "2",
            "caps": "16"
        },
        "Mordovia": {
            "years": "2011\u20132012",
            "goals": "1",
            "caps": "32"
        },
        "Tambov": {
            "years": "2014",
            "goals": "0",
            "caps": "9"
        }
    },
    "national": {
        "Russia U19": {
            "years": "2003",
            "goals": "4",
            "caps": "13"
        },
        "Russia U21": {
            "years": "2005",
            "goals": "1 ",
            "caps": "2"
        }
    },
    "youth_career": {
        "Akademika Moscow": "1991\u20132001"
    },
    "birth_date": "1984-11-20"
}