{
    "name": "Anders Svensson",
    "fullname": "Anders Gunnar Svensson",
    "birth_place": "Gothenburg, Sweden",
    "height": "1.77 m last1=Chalk ",
    "position": "Midfielder",
    "totalcaps": "548",
    "totalgoals": "81",
    "senior": {
        "IF Elfsborg": {
            "years": "2005\u20132015",
            "goals": "34",
            "caps": "266"
        },
        "Southampton": {
            "years": "2001\u20132005",
            "goals": "9",
            "caps": "127"
        }
    },
    "national": {
        "Sweden U21": {
            "years": "1996\u20131998",
            "goals": "2",
            "caps": "16"
        },
        "Sweden": {
            "years": "1999\u20132013",
            "goals": "21 ",
            "caps": "148"
        }
    },
    "youth_career": {
        "Guldhedens IK": "1980\u20131990",
        "Hestrafors IF": "1990\u20131992",
        "IF Elfsborg": "1993"
    },
    "birth_date": "1976-07-17"
}