{
    "name": "Anders Andersson",
    "fullname": "Anders Andersson",
    "birth_place": "Tomelilla, Sweden",
    "height": "1.74 m",
    "position": "Defensive midfielder",
    "totalcaps": "341",
    "totalgoals": "28",
    "senior": {
        "Malm\u00f6 FF": {
            "years": "2005\u20132008",
            "goals": "0",
            "caps": "56"
        },
        "Blackburn Rovers": {
            "years": "1997\u20131999",
            "goals": "0",
            "caps": "4"
        },
        "AaB": {
            "years": "1999\u20132001",
            "goals": "8",
            "caps": "70"
        },
        "Benfica": {
            "years": "2001\u20132004",
            "goals": "1",
            "caps": "49"
        },
        "Belenenses (loan)": {
            "years": "2004\u20132005",
            "goals": "0",
            "caps": "36"
        }
    },
    "national": {
        "Sweden U17": {
            "years": "1989\u20131991",
            "goals": "1",
            "caps": "30"
        },
        "Sweden U19": {
            "years": "1991",
            "goals": "0",
            "caps": "1"
        },
        "Sweden U21/O": {
            "years": "1992\u20131995",
            "goals": "3",
            "caps": "25"
        },
        "Sweden B": {
            "years": "1995\u20131997",
            "goals": "0",
            "caps": "2"
        },
        "Sweden": {
            "years": "1994\u20132005",
            "goals": "3 ",
            "caps": "27"
        }
    },
    "birth_date": "1974-3-15"
}