{
    "name": "Anders Limpar",
    "fullname": "Anders Erik Limp\u00e1r",
    "birth_place": "Solna, Sweden",
    "height": "1.72 m",
    "position": "Midfielder",
    "totalcaps": "416",
    "totalgoals": "69",
    "senior": {
        "Brommapojkarna": {
            "years": "2001\u20132002",
            "goals": "3",
            "caps": "19"
        },
        "\u00d6rgryte": {
            "years": "1986\u20131988",
            "goals": "9",
            "caps": "47"
        },
        "Young Boys": {
            "years": "1988\u20131989",
            "goals": "7",
            "caps": "27"
        },
        "Cremonese": {
            "years": "1989\u20131990",
            "goals": "3",
            "caps": "24"
        },
        "Arsenal": {
            "years": "1990\u20131994",
            "goals": "17",
            "caps": "96"
        },
        "Everton": {
            "years": "1994\u20131997",
            "goals": "5",
            "caps": "66"
        },
        "Birmingham City": {
            "years": "1997",
            "goals": "0",
            "caps": "4"
        },
        "AIK": {
            "years": "1998\u20131999",
            "goals": "2",
            "caps": "22"
        },
        "Colorado Rapids": {
            "years": "1999\u20132000",
            "goals": "3",
            "caps": "36"
        },
        "Djurg\u00e5rden": {
            "years": "2000",
            "goals": "0",
            "caps": "0"
        }
    },
    "national": {
        "Sweden U17": {
            "years": "1981\u20131982",
            "goals": "3",
            "caps": "6"
        },
        "Sweden U19": {
            "years": "1983\u20131984",
            "goals": "6",
            "caps": "22"
        },
        "Sweden U21/O": {
            "years": "1984\u20131988",
            "goals": "4",
            "caps": "30"
        },
        "Sweden": {
            "years": "1987\u20131996",
            "goals": "6",
            "caps": "58"
        }
    },
    "birth_date": "1965-9-24",
    "medaltemplates": [
        "Competition: FIFA World Cup",
        "Bronze Medal: 1994 "
    ]
}