{
    "name": "Anderson de Silva",
    "fullname": "Anderson Silva de Fran\u00e7a",
    "birth_place": "S\u00e3o Paulo, Brazil",
    "height": "ft=6",
    "position": "Midfielder",
    "years1": "2002\u20132005| clubs1=Nacional                     |caps1= 0  |goals1 = 0",
    "years2": "2003",
    "clubs2": "caps2= 18 |goals2 = 2",
    "years3": "2003\u20132005| clubs3=\u2192 Racing de Santander (loan)                           |caps3= 38 |goals3 = 2",
    "years4": "2005\u20132008| clubs4=Everton                                   |caps4= 1  |goals4 = 0",
    "years5": "2005\u20132006| clubs5=\u2192 M\u00e1laga (loan)                              |caps5= 15 |goals5 = 0",
    "years6": "2007",
    "clubs6": "\u2192 Barnsley (loan)                        |caps6= 9  |goals6 = 0",
    "years7": "2007",
    "clubs7": "\u2192 Barnsley (loan)                        |caps7= 7  |goals7 = 0",
    "years8": "2008\u20132010| clubs8=Barnsley                                 |caps8= 67 |goals8 = 5",
    "years9": "2011",
    "clubs9": "Nacional                     |caps9= 8  |goals9 = 0",
    "years10": "2013",
    "clubs10": "EC Pelotas                      |caps10= 4  |goals10 = 0",
    "years11": "2014\u20132016| clubs11=Rentistas                                             |caps11= 19  |goals11 = 0",
    "years12": "2016",
    "clubs12": "Villa Espa\u00f1ola                  |caps12= 17  |goals12 = 1",
    "years13": "2017",
    "clubs13": "El Tanque Sisley                                       |caps13= 17  |goals13 = 0",
    "pcupdate": "12:57, 8 August 2018 (UTC) ",
    "birth_date": "1982-8-28"
}