{
    "name": "Anders Linderoth",
    "fullname": "Anders Karl Gustaf Linderoth",
    "height": "1.70 m",
    "birth_place": "Kristianstad, Sweden",
    "position": "Midfielder",
    "years1": "1967",
    "clubs1": "Stattena IF",
    "years6": "1982\u20131984",
    "clubs6": "N\u00e4sby IF",
    "senior": {
        "H\u00e4lsingborgs IF": {
            "years": "1968\u20131970",
            "goals": "7",
            "caps": "61"
        },
        "\u00d6sters IF": {
            "years": "1971\u20131977",
            "goals": "23",
            "caps": "158"
        },
        "Marseille": {
            "years": "1977\u20131980",
            "goals": "6",
            "caps": "84"
        },
        "Mj\u00e4llby AIF": {
            "years": "1980\u20131981",
            "goals": "0",
            "caps": "22"
        }
    },
    "national": {
        "Sweden": {
            "years": "1972\u20131980",
            "goals": "2",
            "caps": "40"
        }
    },
    "manager_career": {
        "Mj\u00e4llby AIF": "1985\u20131989",
        "IF Elfsborg": "1995\u20131997",
        "Stab\u00e6k IF": "1998\u20132001",
        "Hammarby IF": "2002\u20132006",
        "Viborg FF": "2007",
        "Landskrona BoIS": "2008\u20132009",
        "Mj\u00e4llby AIF ": "2014\u20132015"
    },
    "youth_career": {
        "N\u00e4sby IF": "1955\u20131961",
        "Stattena IF": "1962\u20131966"
    },
    "birth_date": "1950-3-21"
}