{
    "name": "Andi Herzog",
    "fullname": "Andreas Herzog",
    "birth_place": "Vienna, Austria",
    "height": "1.84 m",
    "position": "Attacking midfielder",
    "totalcaps": "472",
    "totalgoals": "104",
    "senior": {
        "Rapid Wien": {
            "years": "2002\u20132003",
            "goals": "4",
            "caps": "41"
        },
        "\u2192 First Vienna (loan)": {
            "years": "1988",
            "goals": "3",
            "caps": "7"
        },
        "Werder Bremen": {
            "years": "1996\u20132001",
            "goals": "32",
            "caps": "142"
        },
        "Bayern Munich": {
            "years": "1995\u20131996",
            "goals": "2",
            "caps": "28"
        },
        "Los Angeles Galaxy": {
            "years": "2004",
            "goals": "4",
            "caps": "27"
        }
    },
    "national": {
        "Austria": {
            "years": "1988\u20132003",
            "goals": "26",
            "caps": "103"
        }
    },
    "manager_career": {
        "Austria (caretaker)": "2005",
        "Austria (assistant coach)": "2008\u20132009",
        "Austria U21": "2009\u20132011",
        "United States (assistant coach)": "2011\u20132016",
        "United States U23": "2015\u20132016",
        "Israel": "2018\u20132020",
        "Admira Wacker": "2021\u20132022",
        "South Korea (assistant coach) ": "2023\u20132024"
    },
    "birth_date": "1968-9-10"
}