{
    "name": "Andoni Zubizarreta",
    "full_name": "Andoni Zubizarreta Urreta",
    "birth_place": "Vitoria-Gasteiz, Spain",
    "height": "1.87 m",
    "position": "Goalkeeper",
    "totalcaps": "661",
    "totalgoals": "0",
    "senior": {
        "Alav\u00e9s B": {
            "years": "1979\u20131980",
            "goals": "0",
            "caps": "32"
        },
        "Alav\u00e9s": {
            "years": "1980\u20131981",
            "goals": "0",
            "caps": "0"
        },
        "Bilbao Athletic": {
            "years": "1981",
            "goals": "0",
            "caps": "7"
        },
        "Athletic Bilbao": {
            "years": "1981\u20131986",
            "goals": "0",
            "caps": "169"
        },
        "Barcelona": {
            "years": "1986\u20131994",
            "goals": "0",
            "caps": "301"
        },
        "Valencia": {
            "years": "1994\u20131998",
            "goals": "0",
            "caps": "152"
        }
    },
    "national": {
        "Spain U18": {
            "years": "1979\u20131980",
            "goals": "0",
            "caps": "12"
        },
        "Spain U19": {
            "years": "1981",
            "goals": "0",
            "caps": "1"
        },
        "Spain U21": {
            "years": "1979\u20131984",
            "goals": "0",
            "caps": "17"
        },
        "Spain amateur": {
            "years": "1984",
            "goals": "0",
            "caps": "1"
        },
        "Spain": {
            "years": "1985\u20131998",
            "goals": "0",
            "caps": "126"
        },
        "Basque Country": {
            "years": "1993\u20131997",
            "goals": "0 ",
            "caps": "4"
        }
    },
    "youth_career": {
        "Aretxabaleta": "1976\u20131978",
        "Alav\u00e9s": "1978\u20131979"
    },
    "birth_date": "1961-10-23"
}