{
    "name": "Andoni Goikoetxea",
    "fullname": "Andoni Goikoetxea Olaskoaga url=https://www.athletic-club.eus/en/players/andoni-goikoetxea-olaskoaga",
    "birth_place": "Alonsotegi, Spain",
    "height": "1.85 m",
    "position": "Centre-back",
    "youthclubs1": "Arbuyo",
    "totalcaps": "337",
    "totalgoals": "43",
    "senior": {
        "Bilbao Athletic": {
            "years": "1973\u20131975",
            "goals": "8",
            "caps": "25"
        },
        "Athletic Bilbao": {
            "years": "1975\u20131987",
            "goals": "35",
            "caps": "277"
        },
        "Atl\u00e9tico Madrid": {
            "years": "1987\u20131990",
            "goals": "0",
            "caps": "35"
        }
    },
    "national": {
        "Spain U18": {
            "years": "1975",
            "goals": "0",
            "caps": "1"
        },
        "Spain U21": {
            "years": "1977",
            "goals": "0",
            "caps": "3"
        },
        "Spain amateur": {
            "years": "1983",
            "goals": "0",
            "caps": "1"
        },
        "Spain": {
            "years": "1983\u20131988",
            "goals": "4",
            "caps": "39"
        },
        "Basque Country": {
            "years": "1978\u20131990",
            "goals": "0",
            "caps": "4"
        }
    },
    "manager_career": {
        "Spain U21": "1992\u20131996",
        "Spain U20": "1995",
        "Salamanca": "2004\u20132005",
        "Compostela": "1998\u20131999",
        "Numancia": "2005\u20132007",
        "Racing Santander": "2000\u20132001",
        "Rayo Vallecano": "2001",
        "H\u00e9rcules": "2007\u20132008",
        "Ceuta": "2010\u20132011",
        "Equatorial Guinea": "2013\u20132015"
    },
    "youth_career": {
        "Athletic Bilbao": "1973\u20131974"
    },
    "birth_date": "1956-8-23",
    "medaltemplates": [
        "Sport: Men's football",
        "Country: {{ESP}}",
        "Competition: UEFA European Championship"
    ]
}