{
    "name": "Andriy Shevchenko",
    "birth_name": "Andriy Mykolayovych Shevchenko",
    "birth_place": "Dvirkivshchyna, Ukrainian SSR, Soviet Union (now Ukraine)",
    "office": "President of the Ukrainian Association of Football",
    "term_start": "25 January 2024",
    "predecessor": "Oleh Protasov",
    "party": "SDPU(u) (1998\u20132005), Ukraine \u2013 Forward! (2012)",
    "spouse": "Kristen Pazik",
    "children": "4",
    "relatives": "Mike Pazik (father-in-law)",
    "occupation": [
        "Politician",
        "footballer",
        "manager"
    ],
    "header-color": "lavender",
    "height": "1.83 m",
    "position": "Striker",
    "totalcaps": "497",
    "totalgoals": "235",
    "senior": {
        "Dynamo-2 Kyiv": {
            "years": "1993\u20131996",
            "goals": "16",
            "caps": "51"
        },
        "Dynamo Kyiv": {
            "years": "2009\u20132012",
            "goals": "23",
            "caps": "55"
        },
        "AC Milan": {
            "years": "1999\u20132006",
            "goals": "127",
            "caps": "208"
        },
        "Chelsea": {
            "years": "2006\u20132009",
            "goals": "9",
            "caps": "48"
        },
        "\u2192 AC Milan (loan)": {
            "years": "2008\u20132009",
            "goals": "0",
            "caps": "18"
        }
    },
    "national": {
        "Ukraine U19": {
            "years": "1994\u20131995",
            "goals": "5",
            "caps": "8"
        },
        "Ukraine U21": {
            "years": "1994\u20131995",
            "goals": "6",
            "caps": "7"
        },
        "Ukraine": {
            "years": "1995\u20132012",
            "goals": "48",
            "caps": "111"
        }
    },
    "manager_career": {
        "Ukraine": "2016\u20132021",
        "Genoa  ": "2021\u20132022"
    },
    "youth_career": {
        "Dynamo Kyiv": "1986\u20131993"
    },
    "birth_date": "1976-9-29"
}