{
    "name": "Andrejs Rubins",
    "birth_place": "Riga, Latvian SSR, Soviet Union",
    "death_date": "2022",
    "height": "1.74 m",
    "position": "Left midfielder",
    "senior": {
        "FK Auda": {
            "years": "1996",
            "goals": "0",
            "caps": "0"
        },
        "\u00d6sters": {
            "years": "1997",
            "goals": "0",
            "caps": "11"
        },
        "Skonto": {
            "years": "1998\u20132000",
            "goals": "14",
            "caps": "67"
        },
        "Crystal Palace": {
            "years": "2000\u20132003",
            "goals": "0",
            "caps": "31"
        },
        "Spartak Moscow": {
            "years": "2005\u20132007",
            "goals": "0",
            "caps": "5"
        },
        "Shinnik Yaroslavl": {
            "years": "2003\u20132004",
            "goals": "4",
            "caps": "51"
        },
        "\u2192 Shinnik Yaroslavl (loan)": {
            "years": "2006",
            "goals": "0",
            "caps": "13"
        },
        "\u2192 Liep\u0101jas Metalurgs (loan)": {
            "years": "2007",
            "goals": "1",
            "caps": "18"
        },
        "Inter Baku": {
            "years": "2008\u20132010",
            "goals": "9",
            "caps": "49"
        },
        "Qaraba\u011f": {
            "years": "2010\u20132011",
            "goals": "0",
            "caps": "12"
        },
        "Simurq PFC": {
            "years": "2011\u20132012",
            "goals": "1",
            "caps": "18"
        }
    },
    "national": {
        "Latvia": {
            "years": "1998\u20132011",
            "goals": "9",
            "caps": "117"
        }
    },
    "manager_career": {
        "FK Ogre (assistant)": "2014\u20132016",
        "FK Auda": "2019",
        "Spartaks J\u016brmala (assistant) ": "2022"
    },
    "youth_career": {
        "FK Auda": "\u20131996"
    },
    "birth_date": "1978-11-26"
}