{
    "name": "Andrei Kanchelskis",
    "fullname": "Andrei Antanasovich Kanchelskis",
    "height": "5",
    "birth_place": "Kirovohrad, Ukrainian SSR, Soviet Union (now Kropyvnytskyi, Ukraine)",
    "position": "Winger",
    "years1": "1986\u20131987 |clubs1  = Zirka Kirovohrad        |caps1  = 68  |goals1  = 5",
    "years2": "1988\u20131990 |clubs2  = Dynamo Kyiv                     |caps2  = 22  |goals2  = 1",
    "years3": "1990\u20131991 |clubs3  = Shakhtar Donetsk           |caps3  = 21  |goals3  = 3",
    "years4": "1991\u20131995 |clubs4  = Manchester United       |caps4  = 123 |goals4  = 28",
    "years5": "1996\u20131997 |clubs5  = Everton                           |caps5  = 52  |goals5  = 19",
    "years6": "1997\u20131998 |clubs6  = Fiorentina                      |caps6  = 26  |goals6  = 2",
    "years7": "1998\u20132002 |clubs7  = Rangers                           |caps7  = 76  |goals7  = 13",
    "years8": "2001      |clubs8  = \u2192 Manchester City (loan)  |caps8  = 10  |goals8  = 0",
    "years9": "2002\u20132003 |clubs9  = Southampton                   |caps9  = 1   |goals9  = 0",
    "years10": "2003      |clubs10 = Al Hilal                           |caps10 = 3   |goals10 = 0",
    "years11": "2004      |clubs11 = Dynamo Moscow                 |caps11 = 0   |goals11 = 0",
    "years12": "2004\u20132005 |clubs12 = Saturn Ramenskoye         |caps12 = 32  |goals12 = 3",
    "years13": "2006      |clubs13 = Krylia Sovetov        |caps13 = 22  |goals13 = 1",
    "totalcaps": "456       |totalgoals = 76",
    "nationalyears1": "1989\u20131990 |nationalteam1 = Soviet Union U21 |nationalcaps1 = 8  |nationalgoals1 = 1",
    "nationalyears2": "1989\u20131991 |nationalteam2 = Soviet Union              |nationalcaps2 = 17 |nationalgoals2 = 3",
    "nationalyears3": "1992      |nationalteam3 = CIS                                |nationalcaps3 = 6  |nationalgoals3 = 0",
    "nationalyears4": "1992\u20131998 |nationalteam4 = Russia                          |nationalcaps4 = 36 |nationalgoals4 = 4",
    "manageryears1": "2010      |managerclubs1 = Torpedo-ZIL Moscow",
    "manageryears2": "2011\u20132012 |managerclubs2 = Ufa",
    "manageryears3": "2013\u20132014 |managerclubs3 = Volga Nizhny Novgorod (assistant)",
    "manageryears4": "2014      |managerclubs4 = J\u016brmala",
    "manageryears5": "2016      |managerclubs5 = Solyaris Moscow",
    "manageryears6": "2018\u20132019 |managerclubs6 = Navbahor Namangan",
    "manageryears7": "2019\u20132020 |managerclubs7 = Navbahor Namangan",
    "manageryears8": "managerclubs8 = Muras United",
    "birth_date": "1969-1-23",
    "medaltemplates": [
        "Sport: Men's football",
        "Country: {{URS}}",
        "Competition: UEFA European Under-21 Championship"
    ]
}