{
    "name": "Andrzej Szarmach",
    "height": "meters=1.78",
    "birth_place": "Gda\u0144sk, Poland",
    "position": "Striker",
    "totalcaps": "523 |totalgoals = 297",
    "senior": {
        "Arka Gdynia": {
            "years": "1969\u20131972",
            "goals": "41",
            "caps": "72"
        },
        "G\u00f3rnik Zabrze": {
            "years": "1972\u20131976",
            "goals": "33",
            "caps": "76"
        },
        "Stal Mielec": {
            "years": "1976\u20131980",
            "goals": "76",
            "caps": "131"
        },
        "Auxerre": {
            "years": "1980\u20131985",
            "goals": "94",
            "caps": "148"
        },
        "En Avant Guingamp": {
            "years": "1985\u20131987",
            "goals": "33",
            "caps": "64"
        },
        "Clermont Foot": {
            "years": "1987\u20131989",
            "goals": "20",
            "caps": "32"
        }
    },
    "national": {
        "Poland": {
            "years": "1973\u20131982",
            "goals": "32",
            "caps": "61"
        }
    },
    "manager_career": {
        "Clermont Foot": "1987\u20131989",
        "Ch\u00e2teauroux": "1989\u20131991",
        "Angoul\u00eame": "1991\u20131995",
        "Zag\u0142\u0119bie Lubin": "1997\u20131998",
        "Aurillac": "1999\u20132001"
    },
    "birth_date": "1950-10-3",
    "medaltemplates": [
        "Silver Medal: 1976 Montreal Team"
    ]
}