{
    "name": "Andres Oper",
    "birth_place": "Tallinn, Estonia",
    "height": "1.85 m",
    "position": "Forward",
    "currentclub": "Estonia (assistant)",
    "youthyears1": "1987\u20131993 |youthclubs1 = LMSK/Pantrid",
    "youthyears2": "1994 |youthclubs2 = Lelle",
    "youthyears3": "1994 |youthclubs3 = Flora",
    "years1": "1995\u20131999 |caps1 = 73 |goals1 = 44 |clubs1 = Flora",
    "years2": "1996 |caps2 = 9 |goals2 = 3 |clubs2 = \u2192 Tervis P\u00e4rnu (loan)",
    "years3": "1999\u20132003 |caps3 = 117 |goals3 = 28 |clubs3 = AaB",
    "years4": "2003\u20132005 |caps4 = 53 |goals4 = 8 |clubs4 = Torpedo Moscow",
    "years5": "2005\u20132009 |caps5 = 103 |goals5 = 32 |clubs5 = Roda JC",
    "years6": "2009 |caps6 = 6 |goals6 = 0 |clubs6 = Shanghai Shenhua",
    "years7": "2010 |caps7 = 12 |goals7 = 1 |clubs7 = ADO Den Haag",
    "years8": "2010\u20132011 |caps8 = 21 |goals8 = 3 |clubs8 = AEK Larnaca",
    "years9": "2012\u20132013 |caps9 = 42 |goals9 = 8 |clubs9 = Nea Salamina",
    "totalcaps": "436",
    "totalgoals": "127",
    "nationalyears1": "1995 |nationalcaps1 = 3 |nationalgoals1 = 1 |nationalteam1 = Estonia U19",
    "nationalyears2": "1995\u20131996 |nationalcaps2 = 4 |nationalgoals2 = 0 |nationalteam2 = Estonia U21",
    "nationalyears3": "1995\u20132014 |nationalcaps3 = 134 |nationalgoals3 = 38 |nationalteam3 = Estonia",
    "manager_career": {
        "Accrington Stanley U16": "2015\u20132016",
        "Estonia (assistant)": "2016\u20132019",
        "Levadia (assistant)": "2019\u20132021",
        "Estonia (assistant) ": "2021\u2013"
    },
    "birth_date": "1977-11-7"
}