{
    "name": "Andreas Isaksson",
    "full_name": "Jan Andreas Isaksson",
    "birth_place": "Smygehamn, Sweden",
    "height": "2.00 m",
    "position": "Goalkeeper",
    "totalcaps": "454",
    "totalgoals": "0",
    "senior": {
        "Trelleborg": {
            "years": "1999",
            "goals": "0",
            "caps": "11"
        },
        "Juventus": {
            "years": "1999\u20132001",
            "goals": "0",
            "caps": "0"
        },
        "Djurg\u00e5rden": {
            "years": "2016\u20132018",
            "goals": "0",
            "caps": "60"
        },
        "Rennes": {
            "years": "2004\u20132006",
            "goals": "0",
            "caps": "62"
        },
        "Manchester City": {
            "years": "2006\u20132008",
            "goals": "0",
            "caps": "19"
        },
        "PSV": {
            "years": "2008\u20132012",
            "goals": "0",
            "caps": "123"
        },
        "Kas\u0131mpa\u015fa": {
            "years": "2012\u20132016",
            "goals": "0",
            "caps": "104"
        }
    },
    "national": {
        "Sweden U16": {
            "years": "1997\u20131998",
            "goals": "0",
            "caps": "19"
        },
        "Sweden U18": {
            "years": "1999",
            "goals": "0",
            "caps": "1"
        },
        "Sweden U21": {
            "years": "1999\u20132003",
            "goals": "0",
            "caps": "23"
        },
        "Sweden": {
            "years": "2002\u20132016",
            "goals": "0 ",
            "caps": "133"
        }
    },
    "youth_career": {
        "\u00d6stra Torp GIF": "\u20131993",
        "Trelleborg": "1993\u20131999"
    },
    "birth_date": "1981-10-03"
}