{
    "name": "Andrew Vlahos",
    "fullname": "Andrew Vlahos",
    "birth_place": "Melbourne, Australia",
    "height": "m=1.71",
    "position": "Forward, Winger",
    "years13": "2012\u20132013",
    "years14": "2016",
    "caps6": "39",
    "goals6": "15",
    "caps12": "3",
    "goals12": "0",
    "caps13": "22",
    "goals13": "3",
    "pcupdate": "11 October 2013 ",
    "senior": {
        "Heidelberg United": {
            "years": "2006\u20132007",
            "goals": "11",
            "caps": "42"
        },
        "Collingwood Warriors": {
            "years": "1996\u20131997",
            "goals": "6",
            "caps": "24"
        },
        "Carlton": {
            "years": "1997\u20131998",
            "goals": "15",
            "caps": "44"
        },
        "Panathinaikos": {
            "years": "1998\u20131999",
            "goals": "0",
            "caps": "2"
        },
        "A.O. Agios Nikolaos F.C. |clubs6 = South Melbourne": {
            "years": "1999\u20132000 |years6 = 2000\u20132001",
            "goals": "0",
            "caps": "8"
        },
        "Football Kingz": {
            "years": "2001\u20132003",
            "goals": "9",
            "caps": "45"
        },
        "Cercle Brugge": {
            "years": "2003\u20132005",
            "goals": "8",
            "caps": "59"
        },
        "Melbourne Victory": {
            "years": "2005\u20132006",
            "goals": "0",
            "caps": "18"
        },
        "clubs13 = South Melbourne|clubs14 = Fitzroy City": {
            "years": "2008\u20132011| years12 =2012",
            "goals": "9",
            "caps": "37"
        }
    },
    "manager_career": {
        "Fitzroy City": "2016\u2013"
    },
    "birth_date": "1976-04-20"
}