{
    "name": "Andr\u00e9s Vasquez",
    "fullname": "Andr\u00e9s Javier Vasquez Rueda Pinto",
    "height": "1.80",
    "birth_place": "Lima, Peru",
    "position": "Midfielder",
    "youthclubs1": "IF Stendy",
    "youthclubs2": "Bergsj\u00f6 IF",
    "senior": {
        "IFK G\u00f6teborg": {
            "years": "2005\u20132007",
            "goals": "2",
            "caps": "40"
        },
        "FC Z\u00fcrich": {
            "years": "2008\u20132011",
            "goals": "2",
            "caps": "16"
        },
        "\u2192 Grasshopper (loan)": {
            "years": "2011",
            "goals": "0",
            "caps": "2"
        },
        "BK H\u00e4cken": {
            "years": "2011\u20132013",
            "goals": "0",
            "caps": "8"
        },
        "FC Wil": {
            "years": "2014\u20132015",
            "goals": "5",
            "caps": "23"
        }
    },
    "national": {
        "Sweden U17": {
            "years": "2002\u20132004",
            "goals": "0",
            "caps": "13"
        },
        "Sweden U19": {
            "years": "2005\u20132006",
            "goals": "1",
            "caps": "13"
        },
        "Sweden U21": {
            "years": "2006\u20132007",
            "goals": "0",
            "caps": "4"
        }
    },
    "youth_career": {
        "IFK G\u00f6teborg": "1997\u20132004"
    },
    "birth_date": "1987-07-16"
}