{
    "name": "Andr\u00e9ia Suntaque",
    "birth_place": "Nova Cantu, Paran\u00e1, Brazil",
    "height": "1.72 m",
    "position": "Goalkeeper",
    "years1": "2003",
    "years4": "2009\u20132013",
    "years5": "2013\u20132014",
    "years6": "2015",
    "clubs1": "CFF Puebla",
    "clubs4": "Santos",
    "clubs5": "Portugesa",
    "clubs6": "Tiradentes",
    "nationalyears1": "1999\u20132015",
    "nationalteam1": "Brazil",
    "pcupdate": "18 November 2015",
    "ntupdate": "10 January 2008 16:47 UTC ",
    "senior": {
        "Estudiantes de Huelva": {
            "years": "2005",
            "goals": "0",
            "caps": "13"
        },
        "Transportes Alcaine": {
            "years": "2006\u20132008",
            "goals": "0",
            "caps": "50"
        }
    },
    "birth_date": "1977-09-14"
}