{
    "name": "Andrea Caracciolo",
    "birth_place": "Milan, Italy",
    "height": "meter=1.94",
    "position": "Striker",
    "currentclub": "Lumezzane (chairman)",
    "pcupdate": "16 February 2020",
    "senior": {
        "Como": {
            "years": "2000\u20132001",
            "goals": "0",
            "caps": "0"
        },
        "\u2192 Pro Vercelli (loan)": {
            "years": "2001",
            "goals": "0",
            "caps": "10"
        },
        "Brescia": {
            "years": "2012\u20132018",
            "goals": "87",
            "caps": "205"
        },
        "\u2192 Perugia (loan)": {
            "years": "2002\u20132003",
            "goals": "2",
            "caps": "22"
        },
        "Palermo": {
            "years": "2005\u20132007",
            "goals": "14",
            "caps": "62"
        },
        "Sampdoria": {
            "years": "2007\u20132008",
            "goals": "1",
            "caps": "12"
        },
        "Genoa": {
            "years": "2011\u20132012",
            "goals": "1",
            "caps": "12"
        },
        "\u2192 Novara (loan)": {
            "years": "2012",
            "goals": "2",
            "caps": "19"
        },
        "FeralpiSal\u00f2": {
            "years": "2018\u20132020",
            "goals": "20",
            "caps": "53"
        },
        "Lumezzane": {
            "years": "2020\u20132022",
            "goals": "23",
            "caps": "?"
        }
    },
    "national": {
        "Italy U-20": {
            "years": "2002",
            "goals": "1",
            "caps": "2"
        },
        "Italy U-21": {
            "years": "2002\u20132004",
            "goals": "1",
            "caps": "10"
        },
        "Italy": {
            "years": "2004\u20132006",
            "goals": "0",
            "caps": "2"
        }
    },
    "youth_career": {
        "Alcione": "1996\u20131998",
        "Sancolombano": "1998\u20132000"
    },
    "birth_date": "1981-9-18"
}