{
    "name": "Andrew Johnson",
    "fullname": "Andrew Johnson editor-first=Barry J. ",
    "birth_place": "Bedford, England",
    "height": "ft=5",
    "position": "Striker",
    "youthclubs1": "Luton Town",
    "totalcaps": "390",
    "totalgoals": "114",
    "senior": {
        "Birmingham City": {
            "years": "1998\u20132002",
            "goals": "8",
            "caps": "83"
        },
        "Crystal Palace": {
            "years": "2014\u20132015",
            "goals": "0",
            "caps": "0"
        },
        "Everton": {
            "years": "2006\u20132008",
            "goals": "17",
            "caps": "61"
        },
        "Fulham": {
            "years": "2008\u20132012",
            "goals": "13",
            "caps": "86"
        },
        "Queens Park Rangers": {
            "years": "2012\u20132014",
            "goals": "2",
            "caps": "20"
        }
    },
    "national": {
        "England": {
            "years": "2005\u20132007",
            "goals": "0 ",
            "caps": "8"
        }
    },
    "youth_career": {
        "Birmingham City": "000\u20131998"
    },
    "birth_date": "1981-2-10"
}