{
    "name": "Andrea Pirlo",
    "full_name": "Andrea Pirlo",
    "birth_place": "Flero, Italy",
    "height": "1.77 m ",
    "position": "Midfielder",
    "currentclub": "Sampdoria (manager)",
    "totalcaps": "570",
    "totalgoals": "61",
    "senior": {
        "Brescia": {
            "years": "1995\u20131998",
            "goals": "6",
            "caps": "47"
        },
        "Inter Milan": {
            "years": "1998\u20132001",
            "goals": "0",
            "caps": "22"
        },
        "\u2192 Reggina (loan)": {
            "years": "1999\u20132000",
            "goals": "6",
            "caps": "28"
        },
        "\u2192 Brescia (loan)": {
            "years": "2001",
            "goals": "0",
            "caps": "10"
        },
        "AC Milan": {
            "years": "2001\u20132011",
            "goals": "32",
            "caps": "284"
        },
        "Juventus": {
            "years": "2011\u20132015",
            "goals": "16",
            "caps": "119"
        },
        "New York City FC": {
            "years": "2015\u20132017",
            "goals": "1",
            "caps": "60"
        }
    },
    "national": {
        "Italy U15": {
            "years": "1994",
            "goals": "0",
            "caps": "3"
        },
        "Italy U16": {
            "years": "1995",
            "goals": "2",
            "caps": "6"
        },
        "Italy U17": {
            "years": "1995",
            "goals": "0",
            "caps": "4"
        },
        "Italy U18": {
            "years": "1995\u20131997",
            "goals": "7",
            "caps": "18"
        },
        "Italy U21": {
            "years": "1998\u20132002",
            "goals": "16",
            "caps": "40"
        },
        "Italy Olympic (O.P.)": {
            "years": "2004",
            "goals": "0",
            "caps": "6"
        },
        "Italy": {
            "years": "2002\u20132015",
            "goals": "13",
            "caps": "116"
        }
    },
    "manager_career": {
        "Juventus U23": "2020",
        "Juventus": "2020\u20132021",
        "Fatih Karag\u00fcmr\u00fck": "2022\u20132023",
        "Sampdoria": "2023\u2013"
    },
    "youth_career": {
        "Brescia": "1992\u20131995"
    },
    "birth_date": "1979-5-19",
    "medaltemplates": [
        "Sport: Men's football",
        "Country: {{ITA}}",
        "Competition: FIFA World Cup",
        "Competition: UEFA European Championship",
        "Competition: FIFA Confederations Cup",
        "Competition: Summer Olympics",
        "Bronze Medal: 2004 Athens ",
        "Competition: UEFA European Under-21 Championship"
    ]
}