{
    "name": "Andreas M\u00f6ller",
    "birth_place": "Frankfurt, West Germany",
    "height": "1.80 m",
    "language": "de",
    "access-date": "4 December 2020 ",
    "currentclub": "Eintracht Frankfurt (head of youth)",
    "position": "Attacking midfielder",
    "totalcaps": "485",
    "totalgoals": "129",
    "senior": {
        "Eintracht Frankfurt": {
            "years": "2003\u20132004",
            "goals": "0",
            "caps": "11"
        },
        "Borussia Dortmund": {
            "years": "1994\u20132000",
            "goals": "47",
            "caps": "153"
        },
        "Juventus": {
            "years": "1992\u20131994",
            "goals": "19",
            "caps": "56"
        },
        "Schalke 04": {
            "years": "2000\u20132003",
            "goals": "6",
            "caps": "86"
        }
    },
    "national": {
        "West Germany U-21": {
            "years": "1988\u20131990",
            "goals": "2",
            "caps": "4"
        },
        "Germany": {
            "years": "1988\u20131999",
            "goals": "29",
            "caps": "85"
        }
    },
    "manager_career": {
        "Viktoria Aschaffenburg": "2007\u20132008",
        "Hungary (assistant)": "2015\u20132017"
    },
    "youth_career": {
        "BSC Schwarz-Wei\u00df 1919 Frankfurt": "1973\u20131981",
        "Eintracht Frankfurt": "1981\u20131985"
    },
    "birth_date": "1967-9-2",
    "medaltemplates": [
        "Sport: Men's football",
        "Country: {{GER}}",
        "Competition: FIFA World Cup",
        "Competition: UEFA European Championship"
    ]
}