{
    "name": "Andranik Eskandarian",
    "fullname": "Andranik Eskandarian",
    "height": "1.75",
    "birth_place": "Tehran, Imperial State of Iran",
    "position": "Centre back",
    "years1": "1968\u20131970",
    "years2": "1970\u20131972",
    "years3": "1972\u20131978",
    "years4": "1978\u20131984",
    "years7": "1989\u20131990",
    "clubs1": "Poolad Tehran",
    "clubs2": "Ararat Tehran",
    "clubs3": "Taj",
    "clubs4": "New York Cosmos",
    "clubs7": "New Jersey Eagles",
    "caps3": "184| goals3 = 2| caps4 = 142",
    "goals4": "0",
    "goals7": "|nationalyears1= 1975\u20131978 |nationalteam1= Iran |nationalcaps1= 29",
    "nationalgoals1": "0 ",
    "senior": {
        "New York Cosmos (indoor)": {
            "years": "1984\u20131985",
            "goals": "1",
            "caps": "29"
        },
        "New York Express (indoor)": {
            "years": "1986\u20131987",
            "goals": "0| caps7 =",
            "caps": "14"
        }
    },
    "birth_date": "1951-12-31"
}