{
    "name": "Andreas Ivanschitz",
    "upright": "1.2",
    "birth_place": "Eisenstadt, Austria",
    "height": "1.83 m",
    "position": "Attacking midfielder",
    "nationalteam1": "Austria U16",
    "nationalcaps1": "10",
    "nationalgoals1": "0",
    "nationalteam2": "Austria U17",
    "nationalcaps2": "7",
    "nationalgoals2": "1",
    "nationalteam3": "Austria U18",
    "nationalcaps3": "5",
    "nationalgoals3": "1",
    "senior": {
        "Rapid Wien": {
            "years": "2000\u20132005",
            "goals": "25",
            "caps": "147"
        },
        "Red Bull Salzburg": {
            "years": "2006",
            "goals": "1",
            "caps": "13"
        },
        "Panathinaikos": {
            "years": "2006\u20132011",
            "goals": "10",
            "caps": "67"
        },
        "\u2192 Mainz 05 (loan)": {
            "years": "2009\u20132011",
            "goals": "9",
            "caps": "47"
        },
        "Mainz 05": {
            "years": "2011\u20132013",
            "goals": "13",
            "caps": "57"
        },
        "Levante": {
            "years": "2013\u20132015",
            "goals": "4",
            "caps": "49"
        },
        "Seattle Sounders FC": {
            "years": "2015\u20132016",
            "goals": "4",
            "caps": "34"
        },
        "Viktoria Plze\u0148": {
            "years": "2017\u20132018",
            "goals": "3",
            "caps": "13"
        }
    },
    "national": {
        "Austria U21": {
            "years": "2001\u20132003",
            "goals": "1",
            "caps": "10"
        },
        "Austria": {
            "years": "2003\u20132014",
            "goals": "12 ",
            "caps": "69"
        }
    },
    "youth_career": {
        "ASK Baumgarten": "1989\u20131998",
        "Rapid Wien": "1998\u20132000"
    },
    "birth_date": "1983-10-15"
}