{
    "name": "Andrejs \u0160tolcers",
    "upright": "1.2",
    "birth_place": "Riga, Latvian SSR, Soviet Union, (now Latvia)",
    "height": "1.78 m",
    "position": "Attacking midfielder",
    "youthclubs1": "Olimpija R\u012bga",
    "totalcaps": "320",
    "totalgoals": "86",
    "senior": {
        "Olimpija R\u012bga": {
            "years": "1992\u20131994",
            "goals": "22",
            "caps": "53"
        },
        "Skonto Riga": {
            "years": "2006\u20132007",
            "goals": "3",
            "caps": "16"
        },
        "Shakhtar Donetsk": {
            "years": "1997\u20132000",
            "goals": "14",
            "caps": "48"
        },
        "\u2192 Shakhtar-2 Donetsk": {
            "years": "1998\u20132000",
            "goals": "4",
            "caps": "17"
        },
        "\u2192 Spartak Moscow (loan)": {
            "years": "2000",
            "goals": "5",
            "caps": "12"
        },
        "Fulham": {
            "years": "2000\u20132004",
            "goals": "2",
            "caps": "25"
        },
        "Yeovil Town": {
            "years": "2004\u20132005",
            "goals": "5",
            "caps": "36"
        },
        "FK Baku": {
            "years": "2005\u20132006",
            "goals": "4",
            "caps": "10"
        },
        "JFK Olimps R\u012bga": {
            "years": "2007\u20132009",
            "goals": "5",
            "caps": "22"
        },
        "Bath City": {
            "years": "2009\u20132010",
            "goals": "1",
            "caps": "8"
        },
        "Hayes & Yeading United": {
            "years": "2010",
            "goals": "1",
            "caps": "9"
        }
    },
    "national": {
        "Latvia": {
            "years": "1994\u20132005",
            "goals": "7",
            "caps": "81"
        }
    },
    "manager_career": {
        "JFK Olimps R\u012bga (playing coach)": "2009",
        "Royal Russell School (youth team coach)": "2010\u20132019",
        "Eastern": "2019",
        "Eastern (technical director) ": "2019\u20132020"
    },
    "birth_date": "1974-07-08"
}