{
    "name": "Andrija Deliba\u0161i\u0107",
    "fullname": "Andrija Deliba\u0161i\u0107",
    "birth_place": "Nik\u0161i\u0107, SFR Yugoslavia",
    "height": "1.88",
    "position": "Striker",
    "currentclub": "Mornar (manager)",
    "youthclubs1": "Sutjeska",
    "years1": "1999\u20132004",
    "clubs1": "Partizan",
    "caps1": "100| goals1 = 48",
    "totalcaps": "351",
    "totalgoals": "101",
    "senior": {
        "Mallorca": {
            "years": "2004\u20132008",
            "goals": "7",
            "caps": "29"
        },
        "\u2192 Benfica (loan)": {
            "years": "2005",
            "goals": "0",
            "caps": "3"
        },
        "\u2192 Braga (loan)": {
            "years": "2005\u20132006",
            "goals": "4",
            "caps": "10"
        },
        "\u2192 AEK Athens (loan)": {
            "years": "2006",
            "goals": "1",
            "caps": "10"
        },
        "\u2192 Beira-Mar (loan)": {
            "years": "2007",
            "goals": "1",
            "caps": "11"
        },
        "\u2192 Real Sociedad (loan)": {
            "years": "2007\u20132008",
            "goals": "6",
            "caps": "33"
        },
        "H\u00e9rcules": {
            "years": "2008\u20132010",
            "goals": "20",
            "caps": "65"
        },
        "Rayo Vallecano": {
            "years": "2010\u20132013",
            "goals": "14",
            "caps": "81"
        },
        "Ratchaburi": {
            "years": "2014",
            "goals": "0",
            "caps": "7"
        },
        "Sutjeska": {
            "years": "2015",
            "goals": "0",
            "caps": "2"
        }
    },
    "national": {
        "FR Yugoslavia U18": {
            "years": "1998\u20131999",
            "goals": "2",
            "caps": "5"
        },
        "Serbia and Montenegro U21": {
            "years": "2001\u20132004",
            "goals": "6",
            "caps": "20"
        },
        "Serbia and Montenegro U23": {
            "years": "2004",
            "goals": "0",
            "caps": "3"
        },
        "Montenegro": {
            "years": "2009\u20132013",
            "goals": "6",
            "caps": "21"
        }
    },
    "manager_career": {
        "Partizan (assistant)": "2016\u20132018",
        "Budu\u0107nost (assistant)": "2018\u20132021",
        "Mornar": "2021\u2013"
    },
    "youth_career": {
        "Partizan": "1995\u20131999"
    },
    "birth_date": "1981-4-24"
}