{
    "name": "Andrew Shue",
    "birth_place": "Wilmington, Delaware, U.S.",
    "spouse": [
        "marriage",
        "Amy Robach"
    ],
    "children": "3",
    "parents": "James W. Shue",
    "relatives": "Elisabeth Shue (sister)",
    "alma_mater": "Dartmouth College (BA)",
    "occupation": "Actor",
    "height": "5 ft 9 in",
    "position": "Midfielder",
    "years1": "1990",
    "clubs1": "Bulawayo Highlanders",
    "totalcaps": "8+",
    "totalgoals": "0+  ",
    "college": {
        "Dartmouth Big Green": {
            "years": "1985\u20131988",
            "goals": "8",
            "caps": "53"
        }
    },
    "senior": {
        "Los Angeles United (indoor)": {
            "years": "1993",
            "goals": "0",
            "caps": "1"
        },
        "Anaheim Splash (indoor)": {
            "years": "1994",
            "goals": "0",
            "caps": "2"
        },
        "LA Galaxy": {
            "years": "1996\u20131997",
            "goals": "0",
            "caps": "5"
        }
    },
    "birth_date": "1967-2-20"
}