{
    "name": "Andrew Clark",
    "fullname": "Andrew Charles Clark url=https://fdp.fifa.org/assetspublic/ce44/pdf/SquadLists-English.pdf ",
    "birth_place": "Gosford, Australia",
    "height": "m=1.81",
    "position": "Right Back",
    "years1": "1992\u20131997",
    "years6": "2002",
    "years11": "2004\u20132005",
    "clubs1": "Central Coast",
    "clubs6": "Manly-Warringah",
    "clubs11": "APIA Leichhardt",
    "senior": {
        "Five-One-Seven": {
            "years": "1997\u20131998",
            "goals": "3",
            "caps": "26"
        },
        "Canberra Cosmos": {
            "years": "1998\u20132000",
            "goals": "5",
            "caps": "21"
        },
        "Parramatta Power": {
            "years": "2000\u20132001",
            "goals": "0",
            "caps": "17"
        },
        "Central Coast": {
            "years": "2001\u20132002",
            "goals": "2",
            "caps": "21"
        },
        "APIA Leichhardt": {
            "years": "2003\u20132004",
            "goals": "1",
            "caps": "17"
        },
        "Kedah FA": {
            "years": "2003",
            "goals": "1",
            "caps": "31"
        },
        "Northern Tigers FC": {
            "years": "2004",
            "goals": "0",
            "caps": "9"
        },
        "Central Coast Mariners": {
            "years": "2005\u20132010",
            "goals": "0",
            "caps": "84"
        }
    },
    "manager_career": {
        "Central Coast Mariners (fitness coach)": "2006\u20132013",
        "Vegalta Sendai (fitness coach)": "2014",
        "Sydney FC (fitness coach)": "2014\u20132018",
        "Australia (fitness coach)": "2018\u20132022",
        "FC K\u00f8benhavn (Head of High Performance and Sports Science) ": "2022-"
    },
    "youth_career": {
        "Wyoming": "1980\u20131982",
        "PMK": "1983\u20131985",
        "Central Coast": "1985\u20131991",
        "Umina": "1986",
        "Highfields Azzuri": "1992"
    },
    "birth_date": "1974-08-24"
}