{
    "name": "Andr\u00e1s T\u00f6lcs\u00e9res",
    "fullname": "Andr\u00e1s T\u00f6lcs\u00e9res",
    "birth_place": "Hungary",
    "height": "1.70",
    "position": "Forward",
    "currentclub": "T\u00fcrk. SV Ingolstadt",
    "youthclubs1": "Szegedi SC",
    "years8": "2009\u2013",
    "clubs8": "T\u00fcrk. SV Ingolstadt",
    "totalcaps": "322",
    "totalgoals": "100 ",
    "senior": {
        "1. FC N\u00fcrnberg II": {
            "years": "1996\u20131997",
            "goals": "0",
            "caps": "4"
        },
        "SG Quelle F\u00fcrth": {
            "years": "1997\u20131999",
            "goals": "39",
            "caps": "88"
        },
        "1. FC Saarbr\u00fccken": {
            "years": "1999\u20132000",
            "goals": "0",
            "caps": "15"
        },
        "SSV Jahn Regensburg": {
            "years": "2000\u20132004",
            "goals": "37",
            "caps": "120"
        },
        "FC Augsburg": {
            "years": "2004\u20132005",
            "goals": "2",
            "caps": "20"
        },
        "FC Ingolstadt 04": {
            "years": "2005\u20132008",
            "goals": "22",
            "caps": "58"
        },
        "FC Ingolstadt 04 II": {
            "years": "2008\u20132009",
            "goals": "0",
            "caps": "17"
        }
    },
    "youth_career": {
        "FC Starnberg": "0000\u20131996"
    },
    "birth_date": "1974-11-28"
}