{
    "name": "Andrius Skerla",
    "birth_place": "Vilnius, Lithuania",
    "height": "1.85 m",
    "position": "Defender",
    "currentclub": "Hegelmann (manager)",
    "years1": "1995\u20131996| clubs1 = \u017dalgiris-2 Vilnius| caps1 = 14| goals1 = 1",
    "years2": "1995\u20131996| clubs2 = \u017dalgiris Vilnius| caps2 = 54| goals2 = 2",
    "years3": "1997\u20131999| clubs3 = PSV| caps3 = 25| goals3 = 0",
    "years4": "2000\u20132005| clubs4 = Dunfermline Athletic| caps4 = 169| goals4 = 2",
    "years5": "2005\u20132006| clubs5 = Tom Tomsk| caps5 = 31| goals5 = 1",
    "years6": "2007| clubs6 = V\u0117tra| caps6 = 22| goals6 = 0",
    "years7": "2007\u20132008| clubs7 = Korona Kielce| caps7 = 21| goals7 = 2",
    "years8": "2008\u20132011| clubs8 = Jagiellonia Bia\u0142ystok| caps8 = 95| goals8 = 6",
    "years9": "2012\u20132013| clubs9 = \u017dalgiris Vilnius| caps9 = 31| goals9 = 3",
    "totalcaps": "462",
    "totalgoals": "17",
    "nationalyears1": "1996\u20132011| nationalteam1 = Lithuania",
    "nationalcaps1": "84| nationalgoals1 = 1",
    "manager_career": {
        "\u017dalgiris (assistant)": "2014\u20132017",
        "Lithuania U21 (assistant)": "2017\u20132018",
        "Lithuania (assistant)": "2019\u20132021",
        "Hegelmann": "2021\u2013"
    },
    "birth_date": "1977-4-29"
}