{
    "name": "Andy Barrowman",
    "fullname": "Andrew Barrowman",
    "birth_place": "Wishaw, Scotland",
    "currentclub": "Raith Rovers (chief executive)",
    "height": "ft=6",
    "position": "Striker",
    "years18": "2018",
    "clubs18": "Arthurlie",
    "caps18": "8",
    "goals18": "3",
    "totalcaps": "259",
    "totalgoals": "66",
    "senior": {
        "Birmingham City": {
            "years": "2003\u20132006",
            "goals": "0",
            "caps": "1"
        },
        "\u2192 Crewe Alexandra (loan)": {
            "years": "2003",
            "goals": "1",
            "caps": "4"
        },
        "\u2192 Blackpool (loan)": {
            "years": "2004",
            "goals": "0",
            "caps": "2"
        },
        "\u2192 Mansfield Town (loan)": {
            "years": "2005",
            "goals": "0",
            "caps": "3"
        },
        "Walsall": {
            "years": "2006",
            "goals": "1",
            "caps": "13"
        },
        "Kilmarnock": {
            "years": "2006\u20132007",
            "goals": "0",
            "caps": "3"
        },
        "\u2192 Queen of the South (loan)": {
            "years": "2006",
            "goals": "0",
            "caps": "12"
        },
        "Queen of the South": {
            "years": "2007",
            "goals": "1",
            "caps": "12"
        },
        "Ross County": {
            "years": "2010\u20132011",
            "goals": "10",
            "caps": "32"
        },
        "Inverness CT": {
            "years": "2008\u20132010",
            "goals": "2",
            "caps": "30"
        },
        "Dunfermline Athletic": {
            "years": "2015",
            "goals": "2",
            "caps": "13"
        },
        "Dundee": {
            "years": "2013",
            "goals": "0",
            "caps": "1"
        },
        "Livingston": {
            "years": "2013\u20132014",
            "goals": "5",
            "caps": "19"
        },
        "Greenock Morton": {
            "years": "2014\u20132015",
            "goals": "3",
            "caps": "15"
        },
        "Albion Rovers": {
            "years": "2015\u20132016",
            "goals": "4",
            "caps": "22"
        }
    },
    "national": {
        "Scotland U19": {
            "years": "2003",
            "goals": "0 ",
            "caps": "2"
        }
    },
    "youth_career": {
        "Rangers": "1997\u20132001",
        "Birmingham City": "2001\u20132003"
    },
    "birth_date": "1984-11-27"
}