{
    "name": "Andrew Taylor",
    "fullname": "Andrew Derek Taylor",
    "birth_place": "Hartlepool, England",
    "height": "5 ft 10 in",
    "position": "Left back, Left midfielder",
    "currentclub": "Leeds United (Loan Manager)",
    "totalcaps": "396",
    "totalgoals": "6",
    "nationalteam1": "England U16",
    "nationalcaps1": "4",
    "nationalgoals1": "0",
    "senior": {
        "Middlesbrough": {
            "years": "2004\u20132011",
            "goals": "3",
            "caps": "125"
        },
        "\u2192 Bradford City (loan)": {
            "years": "2005\u20132006",
            "goals": "0",
            "caps": "24"
        },
        "\u2192 Watford (loan)": {
            "years": "2010\u20132011",
            "goals": "1",
            "caps": "19"
        },
        "Cardiff City": {
            "years": "2011\u20132014",
            "goals": "1",
            "caps": "103"
        },
        "Wigan Athletic": {
            "years": "2014\u20132017",
            "goals": "1",
            "caps": "26"
        },
        "\u2192 Reading (loan)": {
            "years": "2015\u20132016",
            "goals": "0",
            "caps": "19"
        },
        "\u2192 Bolton Wanderers (loan)": {
            "years": "2016\u20132017",
            "goals": "0",
            "caps": "34"
        },
        "Bolton Wanderers": {
            "years": "2017\u20132019",
            "goals": "0",
            "caps": "46"
        }
    },
    "national": {
        "England U17": {
            "years": "2002\u20132003",
            "goals": "0",
            "caps": "6"
        },
        "England U18": {
            "years": "2004",
            "goals": "0",
            "caps": "3"
        },
        "England U19": {
            "years": "2004\u20132005",
            "goals": "0",
            "caps": "10"
        },
        "England U20": {
            "years": "2005",
            "goals": "0",
            "caps": "1"
        },
        "England U21": {
            "years": "2006\u20132009",
            "goals": "0",
            "caps": "13"
        }
    },
    "youth_career": {
        "Middlesbrough": "0000\u20132004"
    },
    "birth_date": "1986-8-1"
}