{
    "name": "Andreas Mouratis",
    "birth_place": "Piraeus, Greece",
    "death_date": "2000",
    "death_place": "Piraeus, Greece",
    "position": "Defender",
    "years1": "1943\u20131945",
    "clubs1": "Proodeftiki",
    "years2": "1945\u20131955",
    "clubs2": "Olympiacos",
    "years3": "1955\u20131961",
    "clubs3": "Argonaftis Piraeus",
    "nationalyears3": "1962",
    "nationalteam3": "Greece Military ",
    "national": {
        "Greece": {
            "years": "1948\u20131953",
            "goals": "1",
            "caps": "16"
        },
        "Greece Olympic": {
            "years": "1952",
            "goals": "0",
            "caps": "0"
        }
    },
    "youth_career": {
        "A.E. Chromatourgion": "1936\u20131943"
    },
    "birth_date": "1926-11-29"
}