{
    "name": "Andrea Bonomi",
    "birth_place": "Cassano d'Adda, Italy",
    "death_date": "2003",
    "death_place": "Cassano d'Adda, Italy",
    "position": "Defender",
    "years1": "1941\u20131942",
    "clubs1": "Pirelli Milano",
    "senior": {
        "Milan": {
            "years": "1942\u20131952",
            "goals": "4",
            "caps": "252"
        },
        "Brescia": {
            "years": "1952\u20131954",
            "goals": "0",
            "caps": "47"
        },
        "Piacenza": {
            "years": "1954\u20131955",
            "goals": "0",
            "caps": "5"
        }
    },
    "national": {
        "Italy": {
            "years": "1951",
            "goals": "0",
            "caps": "1"
        }
    },
    "birth_date": "1923-2-14"
}