{
    "name": "Andrew Packer",
    "fullname": "Andrew Packer",
    "birth_place": "Ipswich, Australia",
    "height": "1.80",
    "position": "Right Back",
    "years2": "1999",
    "clubs2": "Taringa Rovers",
    "years7": "2004",
    "clubs7": "Queensland Lions",
    "nationalteam1": "Australia U-17",
    "senior": {
        "Brisbane Strikers": {
            "years": "1997\u20131999",
            "goals": "0",
            "caps": "1"
        },
        "Carlton": {
            "years": "1999\u20132000",
            "goals": "0",
            "caps": "38"
        },
        "Sydney Olympic": {
            "years": "2001\u20132003",
            "goals": "8",
            "caps": "67"
        },
        "Cork City": {
            "years": "2003",
            "goals": "0",
            "caps": "1"
        },
        "Perth Glory": {
            "years": "2003\u20132004",
            "goals": "0",
            "caps": "5"
        },
        "Sydney FC": {
            "years": "2005\u20132006",
            "goals": "1",
            "caps": "20"
        },
        "Brisbane Roar": {
            "years": "2006\u20132010",
            "goals": "0",
            "caps": "67"
        }
    },
    "birth_date": "1980-6-16"
}