{
    "name": "Andreas Andersson",
    "fullname": "Andreas Claes Andersson",
    "height": "m=1.86",
    "birth_place": "Nacka, Sweden",
    "position": "Forward",
    "totalcaps": "210",
    "totalgoals": "84",
    "pcupdate": "16:00, 30 November 2006",
    "ntupdate": "16:00, 30 November 2006 ",
    "senior": {
        "Tidaholms GOIF": {
            "years": "1994",
            "goals": "6",
            "caps": "9"
        },
        "Degerfors IF": {
            "years": "1994\u20131995",
            "goals": "16",
            "caps": "40"
        },
        "IFK G\u00f6teborg": {
            "years": "1996\u20131997",
            "goals": "32",
            "caps": "39"
        },
        "Milan": {
            "years": "1997\u20131998",
            "goals": "1",
            "caps": "13"
        },
        "Newcastle United": {
            "years": "1998\u20131999",
            "goals": "4",
            "caps": "27"
        },
        "AIK": {
            "years": "1999\u20132005",
            "goals": "25",
            "caps": "82"
        }
    },
    "national": {
        "Sweden U17": {
            "years": "1991",
            "goals": "0",
            "caps": "2"
        },
        "Sweden U21": {
            "years": "1995\u20131996",
            "goals": "3",
            "caps": "3"
        },
        "Sweden B": {
            "years": "1995\u20131996",
            "goals": "0",
            "caps": "2"
        },
        "Sweden": {
            "years": "1996\u20132003",
            "goals": "8",
            "caps": "43"
        }
    },
    "youth_career": {
        "Hova IF": "1979\u20131993"
    },
    "birth_date": "1974-04-10"
}