{
    "name": "Andreas Brehme",
    "language": "de",
    "website": "kicker.de",
    "access-date": "26 February 2024",
    "birth_place": "Hamburg, West Germany",
    "death_date": "2024",
    "death_place": "Munich, Germany",
    "height": "1.76 m",
    "position": "Left-back, left wing-back, defensive midfielder",
    "totalcaps": "509",
    "totalgoals": "65",
    "senior": {
        "HSV Barmbek-Uhlenhorst": {
            "years": "1978\u20131980",
            "goals": "10",
            "caps": "66"
        },
        "1. FC Saarbr\u00fccken": {
            "years": "1980\u20131981",
            "goals": "3",
            "caps": "36"
        },
        "1. FC Kaiserslautern": {
            "years": "1993\u20131998",
            "goals": "9",
            "caps": "120"
        },
        "Bayern Munich": {
            "years": "1986\u20131988",
            "goals": "7",
            "caps": "59"
        },
        "Inter Milan": {
            "years": "1988\u20131992",
            "goals": "11",
            "caps": "116"
        },
        "Zaragoza": {
            "years": "1992\u20131993",
            "goals": "1",
            "caps": "24"
        }
    },
    "national": {
        "West Germany U-21": {
            "years": "1980\u20131981",
            "goals": "0",
            "caps": "3"
        },
        "West Germany Olympic": {
            "years": "1981\u20131984",
            "goals": "2",
            "caps": "10"
        },
        "Germany": {
            "years": "1984\u20131994",
            "goals": "8",
            "caps": "86"
        }
    },
    "manager_career": {
        "1. FC Kaiserslautern": "2000\u20132002",
        "SpVgg Unterhaching": "2004\u20132005"
    },
    "youth_career": {
        "HSV Barmbek-Uhlenhorst": "1965\u20131978"
    },
    "birth_date": "1960-11-9",
    "medaltemplates": [
        "Country: {{GER}}",
        "Competition: FIFA World Cup",
        "Competition: UEFA European Championship"
    ]
}