{
    "name": "Andr\u00e9 Ooijer",
    "fullname": "Andr\u00e9 Antonius Maria Ooijer",
    "height": "1.84 m",
    "birth_place": "Amsterdam, The Netherlands",
    "position": "Centre back",
    "currentclub": "PSV (youth coach)",
    "totalcaps": "425",
    "totalgoals": "37",
    "senior": {
        "\u2192 Volendam (loan)": {
            "years": "1994\u20131995",
            "goals": "4",
            "caps": "32"
        },
        "Roda JC": {
            "years": "1995\u20131997",
            "goals": "9",
            "caps": "75"
        },
        "PSV": {
            "years": "2009\u20132010",
            "goals": "0",
            "caps": "25"
        },
        "Blackburn Rovers": {
            "years": "2006\u20132009",
            "goals": "2",
            "caps": "79"
        },
        "Ajax": {
            "years": "2010\u20132012",
            "goals": "3",
            "caps": "22"
        }
    },
    "national": {
        "Netherlands": {
            "years": "1999\u20132010",
            "goals": "3",
            "caps": "55"
        }
    },
    "youth_career": {
        "SDW": "1979\u20131982",
        "SDZ": "1982\u20131986",
        "Ajax": "1986\u20131994"
    },
    "birth_date": "1974-7-11",
    "medaltemplates": [
        "Country: {{NED}}",
        "Sport: Men's football",
        "Competition: FIFA World Cup"
    ]
}