{
    "name": "Andr\u00e9s Orozco",
    "fullname": "Andr\u00e9s Felipe Orozco V\u00e1squez",
    "height": "m=1.85",
    "birth_place": "Medell\u00edn, Colombia",
    "currentclub": "Envigado (youth manager)",
    "position": "Centre back",
    "nationalyears1": "1999\u20132000",
    "nationalteam1": "Colombia U20",
    "senior": {
        "Santa Fe": {
            "years": "1998",
            "goals": "2",
            "caps": "40"
        },
        "Deportes Quind\u00edo": {
            "years": "1999",
            "goals": "1",
            "caps": "17"
        },
        "Independiente Medell\u00edn": {
            "years": "1999\u20132002",
            "goals": "2",
            "caps": "70"
        },
        "Racing Club": {
            "years": "2003\u20132004",
            "goals": "5",
            "caps": "45"
        },
        "Dorados": {
            "years": "2004\u20132006",
            "goals": "6",
            "caps": "61"
        },
        "Morelia": {
            "years": "2006\u20132007",
            "goals": "3",
            "caps": "32"
        },
        "Internacional": {
            "years": "2007\u20132008",
            "goals": "1",
            "caps": "14"
        },
        "Atl\u00e9tico Nacional": {
            "years": "2009\u20132010",
            "goals": "0",
            "caps": "40"
        },
        "Envigado": {
            "years": "2010\u20132017",
            "goals": "6",
            "caps": "197"
        }
    },
    "national": {
        "Colombia": {
            "years": "2001\u20132006",
            "goals": "0",
            "caps": "20"
        }
    },
    "manager_career": {
        "Envigado (assistant)": "2017\u20132021",
        "Envigado (interim)": "2021",
        "Envigado (youth)": "2021\u2013",
        "Envigado (interim) ": "2023"
    },
    "youth_career": {
        "Santa Fe": "1997"
    },
    "birth_date": "1979-3-18"
}