{
    "name": "Andreas Jakobsson",
    "fullname": "Bo Janne Andreas Jakobsson",
    "birth_place": "Lund, Sweden",
    "height": "1.89 m",
    "position": "Defender, defensive midfielder",
    "totalcaps": "452",
    "totalgoals": "23",
    "senior": {
        "Landskrona BoIS": {
            "years": "1990\u20131994",
            "goals": "2",
            "caps": "99"
        },
        "Helsingborgs IF": {
            "years": "2005\u20132007",
            "goals": "5",
            "caps": "58"
        },
        "Hansa Rostock": {
            "years": "2000\u20132003",
            "goals": "4",
            "caps": "99"
        },
        "Br\u00f8ndby IF": {
            "years": "2003\u20132004",
            "goals": "5",
            "caps": "34"
        },
        "Southampton": {
            "years": "2004\u20132005",
            "goals": "2",
            "caps": "27"
        }
    },
    "national": {
        "Sweden U21": {
            "years": "1992\u20131993",
            "goals": "0",
            "caps": "3"
        },
        "Sweden B": {
            "years": "1995\u20131997",
            "goals": "0",
            "caps": "3"
        },
        "Sweden": {
            "years": "1996\u20132004",
            "goals": "2 ",
            "caps": "36"
        }
    },
    "youth_career": {
        "Teckomatorps SK": "1978\u20131988",
        "Landskrona BoIS": "1988\u20131989"
    },
    "birth_date": "1972-10-6"
}