{
    "name": "Andreas G\u00f6rlitz",
    "birth_place": "Weilheim, West Germany",
    "height": "1.79 m",
    "position": "Right-back",
    "totalcaps": "252",
    "totalgoals": "10",
    "senior": {
        "1860 Munich II": {
            "years": "2000\u20132003",
            "goals": "8",
            "caps": "59"
        },
        "1860 Munich": {
            "years": "2002\u20132004",
            "goals": "1",
            "caps": "37"
        },
        "Bayern Munich": {
            "years": "2004\u20132010",
            "goals": "0",
            "caps": "18"
        },
        "Bayern Munich II": {
            "years": "2005\u20132010",
            "goals": "0",
            "caps": "21"
        },
        "\u2192 Karlsruher SC (loan)": {
            "years": "2007\u20132009",
            "goals": "0",
            "caps": "49"
        },
        "FC Ingolstadt 04": {
            "years": "2010\u20132013",
            "goals": "1",
            "caps": "63"
        },
        "\u2192 FC Ingolstadt 04 II": {
            "years": "2012\u20132014",
            "goals": "0",
            "caps": "2"
        },
        "San Jose Earthquakes": {
            "years": "2014",
            "goals": "0",
            "caps": "3"
        }
    },
    "national": {
        "Germany U21": {
            "years": "2003\u20132004",
            "goals": "0",
            "caps": "9"
        },
        "Germany": {
            "years": "2004",
            "goals": "0 ",
            "caps": "2"
        }
    },
    "youth_career": {
        "TSV Rott/Lech": "1989\u20131996",
        "1860 Munich": "1996\u20132000"
    },
    "birth_date": "1982-1-31"
}