{
    "name": "Andrew Davies",
    "fullname": "Andrew John Davies",
    "birth_place": "Stockton-on-Tees, England",
    "height": "6 ft 3 in",
    "position": "Defender",
    "totalcaps": "342",
    "totalgoals": "17",
    "nationalyears1": "2007| nationalteam1 = England U21| nationalcaps1= 1",
    "nationalgoals1": "0",
    "club-update": "15:57, 19 December 2022 (UTC) ",
    "senior": {
        "Middlesbrough": {
            "years": "2002\u20132008",
            "goals": "0",
            "caps": "53"
        },
        "\u2192 Queens Park Rangers (loan)": {
            "years": "2005",
            "goals": "0",
            "caps": "9"
        },
        "\u2192 Derby County (loan)": {
            "years": "2005\u20132006",
            "goals": "3",
            "caps": "23"
        },
        "\u2192 Southampton (loan)": {
            "years": "2007\u20132008",
            "goals": "0",
            "caps": "12"
        },
        "Southampton": {
            "years": "2008",
            "goals": "0",
            "caps": "11"
        },
        "Stoke City": {
            "years": "2008\u20132012",
            "goals": "0",
            "caps": "2"
        },
        "\u2192 Preston North End (loan)": {
            "years": "2009",
            "goals": "0",
            "caps": "5"
        },
        "\u2192 Sheffield United (loan)": {
            "years": "2009",
            "goals": "0",
            "caps": "8"
        },
        "\u2192 Walsall (loan)": {
            "years": "2010",
            "goals": "0",
            "caps": "3"
        },
        "\u2192 Middlesbrough (loan)": {
            "years": "2011",
            "goals": "0",
            "caps": "6"
        },
        "\u2192 Crystal Palace (loan)": {
            "years": "2011",
            "goals": "0",
            "caps": "1"
        },
        "\u2192 Bradford City (loan)": {
            "years": "2011\u20132012",
            "goals": "2",
            "caps": "26"
        },
        "Bradford City": {
            "years": "2012\u20132015",
            "goals": "5",
            "caps": "84"
        },
        "Ross County": {
            "years": "2015\u20132018",
            "goals": "5",
            "caps": "87"
        },
        "Hartlepool United": {
            "years": "2018\u20132019",
            "goals": "2",
            "caps": "12"
        },
        "Dundee": {
            "years": "2019",
            "goals": "0",
            "caps": "0"
        }
    },
    "youth_career": {
        "Middlesbrough": "1998\u20132002"
    },
    "birth_date": "1984-12-17"
}