{
    "name": "Andr\u00e9s Iniesta",
    "full_name": "Andr\u00e9s Iniesta Luj\u00e1n url=https://www.fifa.com/mm/document/tournament/competition/01/22/85/78/fwc_2010_squadlists.pdf ",
    "birth_place": "Fuentealbilla, Spain",
    "height": "1.72 m",
    "position": "Midfielder",
    "currentclub": "Emirates",
    "clubnumber": "8",
    "club-update": "02:14, 21 April 2024 (UTC)",
    "senior": {
        "Barcelona B": {
            "years": "2000\u20132003",
            "goals": "5",
            "caps": "49"
        },
        "Barcelona": {
            "years": "2002\u20132018",
            "goals": "35",
            "caps": "442"
        },
        "Vissel Kobe": {
            "years": "2018\u20132023",
            "goals": "21",
            "caps": "114"
        },
        "Emirates": {
            "years": "2023\u2013",
            "goals": "4",
            "caps": "13"
        }
    },
    "national": {
        "Spain U15": {
            "years": "2000",
            "goals": "0",
            "caps": "2"
        },
        "Spain U16": {
            "years": "2000\u20132001",
            "goals": "1",
            "caps": "7"
        },
        "Spain U17": {
            "years": "2001",
            "goals": "0",
            "caps": "4"
        },
        "Spain U19": {
            "years": "2001\u20132002",
            "goals": "1",
            "caps": "7"
        },
        "Spain U20": {
            "years": "2003",
            "goals": "3",
            "caps": "7"
        },
        "Spain U21": {
            "years": "2003\u20132006",
            "goals": "6",
            "caps": "18"
        },
        "Catalonia": {
            "years": "2004",
            "goals": "0",
            "caps": "1"
        },
        "Spain": {
            "years": "2006\u20132018",
            "goals": "11",
            "caps": "131"
        }
    },
    "youth_career": {
        "Albacete": "1994\u20131996",
        "Barcelona": "1996\u20132001"
    },
    "birth_date": "1984-5-11",
    "medaltemplates": [
        "Sport: Men's football",
        "Country: {{ESP}}",
        "Competition: FIFA World Cup",
        "Competition: UEFA European Championship",
        "Competition: UEFA U-19 Championship",
        "Competition: UEFA U-17 Championship",
        "Competition: FIFA Confederations Cup",
        "Competition: FIFA U-20 World Cup"
    ]
}