{
    "name": "Andriy Voronin",
    "full_name": "Andriy Viktorovych Voronin",
    "birth_place": "Odesa, Ukrainian SSR, Soviet Union",
    "height": "1.78 m",
    "position": "Striker, attacking midfielder",
    "totalcaps": "339",
    "totalgoals": "104",
    "senior": {
        "Borussia M\u00f6nchengladbach": {
            "years": "1997\u20132000",
            "goals": "1",
            "caps": "9"
        },
        "Mainz 05": {
            "years": "2000\u20132003",
            "goals": "29",
            "caps": "75"
        },
        "1. FC K\u00f6ln": {
            "years": "2003\u20132004",
            "goals": "4",
            "caps": "19"
        },
        "Bayer Leverkusen": {
            "years": "2004\u20132007",
            "goals": "32",
            "caps": "92"
        },
        "Liverpool": {
            "years": "2007\u20132010",
            "goals": "5",
            "caps": "27"
        },
        "\u2192 Hertha BSC (loan)": {
            "years": "2008\u20132009",
            "goals": "11",
            "caps": "27"
        },
        "Dynamo Moscow": {
            "years": "2010\u20132014",
            "goals": "22",
            "caps": "80"
        },
        "\u2192 Fortuna D\u00fcsseldorf (loan)": {
            "years": "2012\u20132013",
            "goals": "0",
            "caps": "10"
        }
    },
    "national": {
        "Ukraine": {
            "years": "2002\u20132012",
            "goals": "8",
            "caps": "74"
        }
    },
    "manager_career": {
        "B\u00fcderich": "2017",
        "Dynamo Moscow (assistant) ": "2020\u20132022"
    },
    "youth_career": {
        "Chornomorets Odesa": "0000\u20131995",
        "Borussia M\u00f6nchengladbach": "1995\u20131997"
    },
    "birth_date": "1979-7-21"
}