{
    "name": "Andr\u00e9s Escobar",
    "fullname": "Andr\u00e9s Escobar Saldarriaga",
    "birth_place": "Medell\u00edn, Colombia",
    "death_date": "df=yes",
    "death_place": "Medell\u00edn, Colombia",
    "height": "1.84m",
    "position": "Centre-back",
    "totalcaps": "230",
    "totalgoals": "0",
    "senior": {
        "Atl\u00e9tico Nacional": {
            "years": "1990\u20131994",
            "goals": "0",
            "caps": "144"
        },
        "Young Boys": {
            "years": "1989\u20131990",
            "goals": "0",
            "caps": "8"
        }
    },
    "national": {
        "Colombia": {
            "years": "1988\u20131994",
            "goals": "1",
            "caps": "51"
        }
    },
    "youth_career": {
        "Atl\u00e9tico Nacional": "1985\u20131986"
    },
    "birth_date": "1967-3-13"
}