{
    "name": "Andrejs Prohorenkovs",
    "fullname": "Andrejs Prohorenkovs",
    "birth_place": "Ogre, Latvian SSR, Soviet Union   (now Republic of Latvia)",
    "height": "1.86 m",
    "position": "Midfielder",
    "years18": "2008\u20132013",
    "years19": "2013",
    "years20": "2014\u20132016",
    "clubs18": "Liep\u0101jas Metalurgs",
    "clubs19": "FC J\u016brmala",
    "clubs20": "FK Ogre",
    "caps18": "96",
    "caps19": "14",
    "goals18": "13",
    "goals19": "0",
    "senior": {
        "FK Interskonto": {
            "years": "1994",
            "goals": "1",
            "caps": "20"
        },
        "Olimpija R\u012bga": {
            "years": "1995",
            "goals": "0",
            "caps": "8"
        },
        "FK J\u016brnieks": {
            "years": "1996",
            "goals": "2",
            "caps": "25"
        },
        "Hutnik Warsaw": {
            "years": "1996\u20131998",
            "goals": "0",
            "caps": "0"
        },
        "Czuwaj Przemy\u015bl": {
            "years": "1998",
            "goals": "6",
            "caps": "16"
        },
        "Ceramika Opoczno": {
            "years": "1998\u20131999",
            "goals": "0",
            "caps": "0"
        },
        "Odra Opole": {
            "years": "1999\u20132001",
            "goals": "6",
            "caps": "23"
        },
        "G\u00f3rnik Zabrze": {
            "years": "2000\u20132001",
            "goals": "1",
            "caps": "12"
        },
        "Maccabi Kiryat Gat": {
            "years": "2001\u20132002",
            "goals": "7",
            "caps": "26"
        },
        "Maccabi Tel Aviv": {
            "years": "2004\u20132005",
            "goals": "2",
            "caps": "16"
        },
        "Dynamo Moscow": {
            "years": "2005",
            "goals": "0",
            "caps": "1"
        },
        "Meln\u0101 Roze": {
            "years": "2006",
            "goals": "4",
            "caps": "12"
        },
        "FK J\u016brmala": {
            "years": "2006",
            "goals": "3",
            "caps": "9"
        },
        "Racing de Ferrol": {
            "years": "2007",
            "goals": "0",
            "caps": "20"
        },
        "Ionikos": {
            "years": "2007\u20132008",
            "goals": "3",
            "caps": "14"
        }
    },
    "national": {
        "Latvia": {
            "years": "2002\u20132007",
            "goals": "4 ",
            "caps": "32"
        }
    },
    "birth_date": "1977-2-5"
}