{
    "name": "Andr\u00e9 Bergd\u00f8lmo",
    "fullname": "Andr\u00e9 Bergd\u00f8lmo",
    "birth_place": "Oslo, Norway",
    "height": "1.87 m",
    "position": "Defender",
    "totalcaps": "403",
    "totalgoals": "36",
    "senior": {
        "Lillestr\u00f8m": {
            "years": "1991\u20131996",
            "goals": "9",
            "caps": "119"
        },
        "Rosenborg": {
            "years": "1997\u20132000",
            "goals": "3",
            "caps": "83"
        },
        "Ajax": {
            "years": "2000\u20132003",
            "goals": "6",
            "caps": "69"
        },
        "Borussia Dortmund": {
            "years": "2003\u20132005",
            "goals": "0",
            "caps": "28"
        },
        "Copenhagen": {
            "years": "2005\u20132007",
            "goals": "3",
            "caps": "33"
        },
        "Str\u00f8msgodset": {
            "years": "2007\u20132008",
            "goals": "7",
            "caps": "43"
        }
    },
    "national": {
        "Norway": {
            "years": "1997\u20132005",
            "goals": "0",
            "caps": "63"
        }
    },
    "manager_career": {
        "Lillestr\u00f8m (assistant)": "2009\u20132010",
        "Lillestr\u00f8m (junior)": "2010\u20132013",
        "Kongsvinger IL Toppfotball ": "2014"
    },
    "youth_career": {
        "Skjetten": "0000\u20131990"
    },
    "birth_date": "1971-10-13"
}