{
    "name": "Andrea Fortunato",
    "birth_place": "Salerno, Italy",
    "death_date": "1995",
    "death_place": "Perugia, Italy",
    "height": "1.78 m",
    "position": "Left-back",
    "youthclubs1": "Como",
    "senior": {
        "Como": {
            "years": "1989\u20131991",
            "goals": "0",
            "caps": "43"
        },
        "Genoa": {
            "years": "1992\u20131993",
            "goals": "3",
            "caps": "35"
        },
        "\u2192 Pisa (loan)": {
            "years": "1991\u20131992",
            "goals": "0",
            "caps": "25"
        },
        "Juventus": {
            "years": "1993\u20131995",
            "goals": "1",
            "caps": "27"
        }
    },
    "national": {
        "Italy": {
            "years": "1993",
            "goals": "0 ",
            "caps": "1"
        }
    },
    "birth_date": "1971-7-26"
}