{
    "name": "Andreas Haddad",
    "fullname": "Andreas Daniel Gabriel Haddad",
    "birth_place": "Sp\u00e5nga, Sweden",
    "height": "m=1.89",
    "position": "Striker",
    "youthclubs1": "AIK",
    "youthclubs2": "Sp\u00e5rv\u00e4gens FF",
    "club-update": "30 November 2017",
    "manageryears1": "2018\u2013 |managerclubs1 = S\u00f6dert\u00e4lje FK ",
    "senior": {
        "Assyriska": {
            "years": "2017",
            "goals": "0",
            "caps": "2"
        },
        "\u2192 Lillestr\u00f8m SK (loan)": {
            "years": "2005",
            "goals": "0",
            "caps": "6"
        },
        "Lillestr\u00f8m SK": {
            "years": "2006",
            "goals": "0",
            "caps": "2"
        },
        "Vejle Boldklub": {
            "years": "2008",
            "goals": "0",
            "caps": "0"
        },
        "Qviding FIF": {
            "years": "2009",
            "goals": "1",
            "caps": "8"
        },
        "Al-Oruba SC": {
            "years": "2009\u20132010",
            "goals": "7",
            "caps": "8"
        },
        "\u00d6rebro SK": {
            "years": "2011\u20132012",
            "goals": "3",
            "caps": "8"
        },
        "Brommapojkarna": {
            "years": "2013",
            "goals": "5",
            "caps": "11"
        },
        "Hammarby IF": {
            "years": "2013\u20132014",
            "goals": "4",
            "caps": "20"
        }
    },
    "birth_date": "1982-05-05"
}