{
    "name": "Andreas K\u00f6pke",
    "birth_place": "Kiel, West Germany",
    "height": "1.82m",
    "position": "Goalkeeper",
    "currentclub": "South Korea (Goalkeeping coach)",
    "totalcaps": "620",
    "totalgoals": "2",
    "senior": {
        "Holstein Kiel": {
            "years": "1979\u20131983",
            "goals": "0",
            "caps": "72"
        },
        "SC Charlottenburg": {
            "years": "1983\u20131984",
            "goals": "0",
            "caps": "38"
        },
        "Hertha BSC": {
            "years": "1984\u20131986",
            "goals": "0",
            "caps": "71"
        },
        "1. FC N\u00fcrnberg": {
            "years": "1999\u20132001",
            "goals": "0",
            "caps": "74"
        },
        "Eintracht Frankfurt": {
            "years": "1994\u20131996",
            "goals": "0",
            "caps": "66"
        },
        "Marseille": {
            "years": "1996\u20131999",
            "goals": "0",
            "caps": "64"
        }
    },
    "national": {
        "West Germany Olympic": {
            "years": "1987\u20131988",
            "goals": "0",
            "caps": "8"
        },
        "Germany": {
            "years": "1990\u20131998",
            "goals": "0",
            "caps": "59"
        }
    },
    "manager_career": {
        "Germany (Goalkeeping coach)": "2004\u20132021",
        "South Korea (Goalkeeping coach)": "2023\u2013"
    },
    "youth_career": {
        "Holstein Kiel": "1967\u20131979"
    },
    "birth_date": "1962-3-12",
    "medaltemplates": [
        "Country: {{GER}}",
        "Competition: FIFA World Cup",
        "Competition: UEFA European Championship"
    ]
}