{
    "name": "Andreas Johansson",
    "fullname": "Roy Johan Andreas Johansson",
    "birth_place": "V\u00e4nersborg, Sweden",
    "height": "m=1.79",
    "position": "Midfielder",
    "totalcaps": "469",
    "totalgoals": "107",
    "senior": {
        "Melleruds IF": {
            "years": "1993\u20131995",
            "goals": "11",
            "caps": "38"
        },
        "Degerfors IF": {
            "years": "1996\u20131998",
            "goals": "10",
            "caps": "56"
        },
        "AIK": {
            "years": "1999",
            "goals": "1",
            "caps": "12"
        },
        "Djurg\u00e5rdens IF": {
            "years": "2013\u20132014",
            "goals": "5",
            "caps": "48"
        },
        "Wigan Athletic": {
            "years": "2005\u20132007",
            "goals": "4",
            "caps": "29"
        },
        "AaB": {
            "years": "2007\u20132010",
            "goals": "21",
            "caps": "93"
        },
        "OB": {
            "years": "2010\u20132012",
            "goals": "10",
            "caps": "69"
        }
    },
    "national": {
        "Sweden U17": {
            "years": "1993",
            "goals": "0",
            "caps": "2"
        },
        "Sweden U21": {
            "years": "1997\u20131999",
            "goals": "0",
            "caps": "5"
        },
        "Sweden": {
            "years": "2002\u20132008",
            "goals": "0",
            "caps": "16"
        }
    },
    "birth_date": "1978-7-5"
}