{
    "name": "Andr\u00e9s D'Alessandro",
    "fullname": "Andr\u00e9s Nicol\u00e1s D'Alessandro",
    "height": "1.74 m",
    "birth_place": "Buenos Aires, Argentina",
    "position": "Attacking midfielder",
    "totalcaps": "478",
    "totalgoals": "84",
    "senior": {
        "River Plate": {
            "years": "2000\u20132003",
            "goals": "20",
            "caps": "70"
        },
        "Wolfsburg": {
            "years": "2003\u20132007",
            "goals": "8",
            "caps": "61"
        },
        "\u2192 Portsmouth (loan)": {
            "years": "2006",
            "goals": "1",
            "caps": "13"
        },
        "\u2192 Zaragoza (loan)": {
            "years": "2006\u20132007",
            "goals": "2",
            "caps": "36"
        },
        "Zaragoza": {
            "years": "2007",
            "goals": "2",
            "caps": "4"
        },
        "San Lorenzo": {
            "years": "2008",
            "goals": "2",
            "caps": "15"
        },
        "Internacional": {
            "years": "2022",
            "goals": "1",
            "caps": "1"
        },
        "\u2192 River Plate (loan)": {
            "years": "2016",
            "goals": "2",
            "caps": "17"
        },
        "Nacional": {
            "years": "2021",
            "goals": "1",
            "caps": "14"
        }
    },
    "national": {
        "Argentina U20": {
            "years": "2001",
            "goals": "2",
            "caps": "7"
        },
        "Argentina U23": {
            "years": "2004",
            "goals": "1",
            "caps": "6"
        },
        "Argentina": {
            "years": "2003\u20132010",
            "goals": "3",
            "caps": "25"
        }
    },
    "youth_career": {
        "River Plate": "1991\u20131999"
    },
    "birth_date": "1981-4-15",
    "medaltemplates": [
        "Sport: Men's football",
        "Country: {{ARG}}",
        "Gold Medal: 2004 Athens Team",
        "Competition: FIFA U-20 World Cup",
        "Competition: Copa Am\u00e9rica"
    ]
}