{
    "name": "Andreas Ottl",
    "height": "1.86 m",
    "birth_place": "Munich, West Germany",
    "position": "Defensive midfielder",
    "accessdate": "10 April 2011",
    "totalcaps": "226",
    "totalgoals": "15",
    "date": "10 April 2011",
    "pcupdate": "05:14, 24 May 2013 (UTC)",
    "ntupdate": "1 January 2010",
    "senior": {
        "Bayern Munich II": {
            "years": "2003\u20132007",
            "goals": "9",
            "caps": "78"
        },
        "Bayern Munich": {
            "years": "2005\u20132011",
            "goals": "5",
            "caps": "92"
        },
        "\u2192 1. FC N\u00fcrnberg (loan)": {
            "years": "2010",
            "goals": "1",
            "caps": "17"
        },
        "Hertha BSC": {
            "years": "2011\u20132012",
            "goals": "0",
            "caps": "26"
        },
        "FC Augsburg": {
            "years": "2012\u20132014",
            "goals": "0",
            "caps": "13"
        }
    },
    "national": {
        "Germany U-20": {
            "years": "2004\u20132005",
            "goals": "2",
            "caps": "11"
        },
        "Team 2006": {
            "years": "2005",
            "goals": "0",
            "caps": "1"
        },
        "Germany U-21 |url=http://www.andreas-ottl.net/?221A0A1|": {
            "years": "2006",
            "goals": "0",
            "caps": "4"
        }
    },
    "youth_career": {
        "SV Nord Lerchenau |": "1991\u20131996",
        "Bayern Munich": "1996\u20132003"
    },
    "birth_date": "1985-3-1"
}