{
    "name": "Andy Ritchie",
    "fullname": "Andrew Ritchie",
    "birth_place": "Bellshill, Scotland",
    "position": "Forward",
    "senior": {
        "Celtic": {
            "years": "1973\u20131976",
            "goals": "1",
            "caps": "9"
        },
        "Morton": {
            "years": "1976\u20131983",
            "goals": "100",
            "caps": "213"
        },
        "Motherwell": {
            "years": "1983\u20131984",
            "goals": "1",
            "caps": "8"
        },
        "Clydebank": {
            "years": "1984",
            "goals": "0",
            "caps": "1"
        },
        "East Stirlingshire": {
            "years": "1984",
            "goals": "0",
            "caps": "1"
        },
        "Albion Rovers": {
            "years": "1984\u20131985",
            "goals": "2",
            "caps": "6"
        }
    },
    "national": {
        "Scotland under-21": {
            "years": "1979",
            "goals": "0",
            "caps": "1"
        },
        "Scottish League XI": {
            "years": "1980",
            "goals": "0 ",
            "caps": "1"
        }
    },
    "manager_career": {
        "Albion Rovers (player/manager)": "1984\u20131985"
    },
    "birth_date": "1956-2-23"
}