{
    "name": "Andy Awford",
    "fullname": "Andrew Terry Awford",
    "birth_place": "Worcester, England",
    "position": "Defender",
    "years1": "1987\u20131989",
    "clubs1": "Worcester City",
    "senior": {
        "Portsmouth": {
            "years": "1989\u20132000",
            "goals": "3",
            "caps": "313"
        }
    },
    "national": {
        "England U21": {
            "years": "1992\u20131993",
            "goals": "0",
            "caps": "10"
        }
    },
    "manager_career": {
        "Portsmouth Academy (scout)": "2000\u20132006",
        "Oxford United (Assistant coach)": "2006\u20132007",
        "Bognor Regis Town (Assistant coach)": "2008\u20132009",
        "Portsmouth Academy": "2011\u20132014",
        "Portsmouth (caretaker)": "2014",
        "Portsmouth": "2014\u20132015",
        "Luton Town (Development Manager)": "2015",
        "Luton Town (caretaker)": "2015\u20132016"
    },
    "birth_date": "1972-7-14"
}