{
    "name": "Andy King",
    "full_name": "Andrew Edward King 11027",
    "birth_place": "Luton,  Bedfordshire, England",
    "death_date": "2015",
    "death_place": "Luton,  England",
    "height": "ft=5 ",
    "position": "Midfielder",
    "totalcaps": "387",
    "totalgoals": "99",
    "senior": {
        "Luton Town": {
            "years": "1985\u20131986",
            "goals": "0",
            "caps": "3"
        },
        "Everton": {
            "years": "1982\u20131984",
            "goals": "11",
            "caps": "44"
        },
        "Queens Park Rangers": {
            "years": "1980\u20131981",
            "goals": "9",
            "caps": "30"
        },
        "West Bromwich Albion": {
            "years": "1981\u20131982",
            "goals": "4",
            "caps": "25"
        },
        "Cambuur Leeuwarden": {
            "years": "1984\u20131985",
            "goals": "1",
            "caps": "13"
        },
        "\u00d6rebro SK": {
            "years": "1985",
            "goals": "4",
            "caps": "11"
        },
        "Wolverhampton Wanderers": {
            "years": "1985",
            "goals": "10",
            "caps": "28"
        },
        "Aldershot": {
            "years": "1986\u20131987",
            "goals": "11",
            "caps": "36"
        },
        "Aylesbury United": {
            "years": "1987\u20131989",
            "goals": "0",
            "caps": "2"
        },
        "Waterford United": {
            "years": "1988\u20131989",
            "goals": "0",
            "caps": "2"
        },
        "Cobh Ramblers": {
            "years": "1988\u20131989",
            "goals": "1",
            "caps": "6"
        },
        "KePS": {
            "years": "1989",
            "goals": "0",
            "caps": "1"
        },
        "Southport": {
            "years": "1989\u20131990",
            "goals": "1",
            "caps": "2"
        }
    },
    "national": {
        "England U21": {
            "years": "1976\u20131978",
            "goals": "1",
            "caps": "2"
        }
    },
    "manager_career": {
        "Waterford United": "1989",
        "Mansfield Town": "1993\u20131996",
        "Swindon Town": "2001\u20132005",
        "Grays Athletic": "2006\u20132007",
        "Northampton Town (caretaker) ": "2013\u20132014"
    },
    "youth_career": {
        "Luton Town": "0000\u20131974"
    },
    "birth_date": "1956-8-14"
}