{
    "name": "Andy Dorman",
    "fullname": "Andrew Dorman",
    "birth_place": "Chester, England",
    "height": "ft=6",
    "position": "Midfielder",
    "collegeyears1": "2000\u20132003",
    "college1": "Boston University Terriers",
    "club-update": "7 March 2019",
    "ntupdate": "14 October 2014 ",
    "senior": {
        "New England Revolution": {
            "years": "2013\u20132015",
            "goals": "1",
            "caps": "46"
        },
        "St Mirren": {
            "years": "2008\u20132010",
            "goals": "19",
            "caps": "88"
        },
        "Crystal Palace": {
            "years": "2010\u20132012",
            "goals": "1",
            "caps": "21"
        },
        "\u2192 Bristol Rovers (loan)": {
            "years": "2011\u20132012",
            "goals": "2",
            "caps": "25"
        },
        "FC Boston": {
            "years": "2016\u20132018",
            "goals": "2",
            "caps": "22"
        }
    },
    "national": {
        "Wales": {
            "years": "2010\u20132011",
            "goals": "0",
            "caps": "3"
        }
    },
    "birth_date": "1982-5-1"
}