{
    "name": "Andy Townsend",
    "fullname": "Andrew David Townsend 15500",
    "birth_place": "Maidstone,  England",
    "height": "ft=5",
    "position": "Midfielder",
    "youthclubs1": "Welling United",
    "years1": "1980\u20131984| clubs1 = Welling United| caps1 = 105| goals1 =n/a",
    "years2": "1984\u20131985| clubs2 = Weymouth| caps2 = 40| goals2 = 16",
    "years3": "1985\u20131988| clubs3 = Southampton| caps3 = 83| goals3 = 5",
    "years4": "1988\u20131990| clubs4 = Norwich City| caps4 = 71| goals4 = 8",
    "years5": "1990\u20131993| clubs5 = Chelsea| caps5 = 110| goals5 = 12",
    "years6": "1993\u20131997| clubs6 = Aston Villa| caps6 = 134| goals6 = 8",
    "years7": "1997\u20131999| clubs7 = Middlesbrough| caps7 = 77| goals7 = 3",
    "years8": "1999\u20132000| clubs8 = West Bromwich Albion| caps8 = 18| goals8 = 0",
    "totalcaps": "638| totalgoals  = 52",
    "nationalyears1": "1994| nationalteam1 = Republic of Ireland B |nationalcaps1 = 1| nationalgoals1 = 0",
    "nationalyears2": "1989\u20131997| nationalteam2 = Republic of Ireland |nationalcaps2 = 70| nationalgoals2 = 7 ",
    "birth_date": "1963-7-23"
}