{
    "name": "Andy White",
    "birth_place": "Derby, England",
    "position": "Forward",
    "youthyears1": "1999\u20132000 |youthclubs1 = Hucknall Town",
    "years1": "1997\u20132004 |clubs1 =  Mansfield Town  |caps1 = 68 |goals1 = 7",
    "years2": "2002 |clubs2 = \u2192 Crewe Alexandra (loan)    |caps2 = 3  |goals2 = 0",
    "years3": "2003 |clubs3 = \u2192 Boston United (loan) |caps3 = 3   |goals3 = 0",
    "years4": "2003\u20132004 |clubs4 = \u2192 Kidderminster Harriers (loan) |caps4 = 7   |goals4 = 1",
    "years5": "2004 |clubs5 = \u2192 Burton Albion (loan) |caps5 = 3   |goals5 = 1",
    "years6": "2004\u20132005 |clubs6 = Crewe Alexandra          |caps6 = 22 |goals6 = 4",
    "years7": "2005\u20132006  |clubs7 = Notts County      |caps7 = 26   |goals7 = 2",
    "years8": "2006\u20132007     |clubs8 = Kidderminster Harriers      |caps8 = 27   |goals8 = 3",
    "years9": "2007 |clubs9 = \u2192 Stafford Rangers (loan) |caps9 = 6   |goals9 = 0",
    "years10": "2007     |clubs10 = Alfreton Town      |caps10 =    |goals10 =",
    "years11": "2007\u20132010     |clubs11 = Worksop Town      |caps11 =    |goals11 =",
    "birth_date": "1981-11-6"
}