{
    "name": "Andy Webster",
    "fullname": "Andrew Neil Webster",
    "birth_place": "Dundee, Scotland",
    "position": "Centre-back",
    "totalcaps": "394",
    "totalgoals": "18",
    "senior": {
        "Arbroath": {
            "years": "1999\u20132001",
            "goals": "1",
            "caps": "17"
        },
        "Heart of Midlothian": {
            "years": "2011\u20132013",
            "goals": "5",
            "caps": "73"
        },
        "Wigan Athletic": {
            "years": "2006\u20132008",
            "goals": "0",
            "caps": "4"
        },
        "\u2192 Rangers (loan)": {
            "years": "2007\u20132008",
            "goals": "1",
            "caps": "1"
        },
        "Rangers": {
            "years": "2008\u20132011",
            "goals": "0",
            "caps": "1"
        },
        "\u2192 Bristol City (loan)": {
            "years": "2008",
            "goals": "0",
            "caps": "5"
        },
        "\u2192 Dundee United (loan)": {
            "years": "2009\u20132010",
            "goals": "3",
            "caps": "26"
        },
        "Coventry City": {
            "years": "2013\u20132015",
            "goals": "2",
            "caps": "71"
        },
        "St Mirren": {
            "years": "2015\u20132017",
            "goals": "0",
            "caps": "47"
        }
    },
    "national": {
        "Scotland U21": {
            "years": "2003",
            "goals": "0",
            "caps": "2"
        },
        "Scotland B": {
            "years": "2003\u20132009",
            "goals": "1",
            "caps": "5"
        },
        "Scotland   ": {
            "years": "2003\u20132013",
            "goals": "1",
            "caps": "28"
        }
    },
    "birth_date": "1982-4-23"
}