{
    "name": "Andy Rhodes",
    "fullname": "Andrew Charles Rhodes 16587",
    "height": "ft=6",
    "birth_place": "Doncaster, England",
    "position": "Goalkeeper",
    "totalcaps": "437",
    "totalgoals": "0 ",
    "senior": {
        "Barnsley": {
            "years": "1983\u20131985",
            "goals": "0",
            "caps": "36"
        },
        "Doncaster Rovers": {
            "years": "1985\u20131988",
            "goals": "0",
            "caps": "106"
        },
        "Oldham Athletic": {
            "years": "1988\u20131990",
            "goals": "0",
            "caps": "69"
        },
        "Dunfermline Athletic": {
            "years": "1990\u20131992",
            "goals": "0",
            "caps": "79"
        },
        "St Johnstone": {
            "years": "1992\u20131995",
            "goals": "0",
            "caps": "107"
        },
        "\u2192 Norwich City (loan)": {
            "years": "1995",
            "goals": "0",
            "caps": "0"
        },
        "\u2192 Bolton Wanderers (loan)": {
            "years": "1995",
            "goals": "0",
            "caps": "0"
        },
        "Airdrieonians": {
            "years": "1995\u20131998",
            "goals": "0",
            "caps": "29"
        },
        "\u2192 Scarborough (loan)": {
            "years": "1997\u20131998",
            "goals": "0",
            "caps": "11"
        },
        "Ipswich Town": {
            "years": "2004\u20132008",
            "goals": "0",
            "caps": "0"
        }
    },
    "birth_date": "1964-8-23"
}