{
    "name": "Andy Welsh",
    "fullname": "Andrew Peter David Welsh",
    "birth_place": "Manchester, England",
    "position": "Midfielder",
    "years12": "2014\u20132016",
    "clubs12": "Farsley Celtic",
    "years13": "2017",
    "clubs13": "Ossett Albion",
    "totalcaps": "328",
    "totalgoals": "15",
    "nationalyears1": "0000",
    "nationalteam1": "Scotland U19",
    "senior": {
        "Stockport County": {
            "years": "2001\u20132004",
            "goals": "3",
            "caps": "85"
        },
        "\u2192 Macclesfield Town (loan)": {
            "years": "2002",
            "goals": "2",
            "caps": "6"
        },
        "Sunderland": {
            "years": "2004\u20132007",
            "goals": "2",
            "caps": "25"
        },
        "\u2192 Leicester City (loan)": {
            "years": "2006\u20132007",
            "goals": "0",
            "caps": "7"
        },
        "Toronto": {
            "years": "2007",
            "goals": "1",
            "caps": "20"
        },
        "Blackpool": {
            "years": "2007\u20132008",
            "goals": "0",
            "caps": "21"
        },
        "Yeovil Town": {
            "years": "2008\u20132011",
            "goals": "6",
            "caps": "113"
        },
        "Carlisle United": {
            "years": "2011\u20132013",
            "goals": "0",
            "caps": "33"
        },
        "Scunthorpe United": {
            "years": "2013\u20132014",
            "goals": "0",
            "caps": "8"
        },
        "United of Manchester": {
            "years": "2014",
            "goals": "0",
            "caps": "0"
        }
    },
    "manager_career": {
        "Ossett Albion (player-manager)": "2017\u20132018",
        "Ossett United": "2018\u20132019",
        "Bury": "2020\u20132023",
        "Guiseley ": "2023\u20132024"
    },
    "birth_date": "1983-1-24"
}