{
    "name": "Andy Todd",
    "fullname": "Andrew John James Todd",
    "birth_place": "Derby, England",
    "position": "Centre-back",
    "youthyears1": "|youthclubs1 = Middlesbrough",
    "years1": "1992\u20131995 |clubs1 = Middlesbrough                |caps1 = 8   |goals1 = 0",
    "years2": "1995      |clubs2 = \u2192 Swindon Town (loan)                           |caps2 = 13  |goals2 = 0",
    "years3": "1995\u20131999 |clubs3 = Bolton Wanderers                                |caps3 = 84  |goals3 = 2",
    "years4": "1999\u20132002 |clubs4 = Charlton Athletic        |caps4 = 40  |goals4 = 1",
    "years5": "2002      |clubs5 = \u2192 Grimsby Town (loan)                           |caps5 = 12  |goals5 = 3",
    "years6": "2002\u20132007 |clubs6 = Blackburn Rovers                                |caps6 = 88  |goals6 = 4",
    "years7": "2003      |clubs7 = \u2192 Burnley (loan)                   |caps7 = 7   |goals7 = 0",
    "years8": "2007\u20132009 |clubs8 = Derby County                  |caps8 = 30  |goals8 = 1",
    "years9": "2008\u20132009 |clubs9 = \u2192 Northampton Town (loan) |caps9 = 7   |goals9 = 0",
    "years10": "2009\u20132011 |clubs10 = Perth Glory                                    |caps10 = 40 |goals10 = 0",
    "years11": "2011      |clubs11 = Oldham Athletic         |caps11 = 6  |goals11 = 0",
    "years12": "2011      |clubs12 = Hereford United           |caps12 = 4  |goals12 = 0",
    "years13": "2013      |clubs13 = Armadale                           |caps13 = 2  |goals13 = 0",
    "totalcaps": "341",
    "totalgoals": "11",
    "manager_career": {
        "Linfield (assistant)": "2014\u20132016",
        "Newport County (assistant)": "2016",
        "Blackpool (first-team coach)": "2016\u20132018",
        "Bradford City (assistant manager) ": "2019"
    },
    "birth_date": "1974-9-21"
}