{
    "name": "Andy Ansah",
    "fullname": "Andrew Owusu Ansah",
    "height": "ft=5",
    "birth_place": "Lewisham, England",
    "position": "Midfielder",
    "youthclubs1": "Charlton Athletic",
    "youthclubs2": "Crystal Palace",
    "totalcaps": "393",
    "totalgoals": "127 ",
    "senior": {
        "Dorking": {
            "years": "1988\u20131989",
            "goals": "4",
            "caps": "10"
        },
        "Brentford": {
            "years": "1989\u20131990",
            "goals": "2",
            "caps": "8"
        },
        "Southend United": {
            "years": "1990\u20131996",
            "goals": "33",
            "caps": "157"
        },
        "\u2192 Brentford (loan)": {
            "years": "1995",
            "goals": "1",
            "caps": "6"
        },
        "Peterborough United": {
            "years": "1996",
            "goals": "1",
            "caps": "2"
        },
        "Gillingham": {
            "years": "1996",
            "goals": "0",
            "caps": "2"
        },
        "Leyton Orient": {
            "years": "1996\u20131997",
            "goals": "0",
            "caps": "2"
        },
        "Hayes": {
            "years": "1997",
            "goals": "45",
            "caps": "88"
        },
        "Bromley": {
            "years": "1997",
            "goals": "12",
            "caps": "24"
        },
        "Heybridge Swifts": {
            "years": "1997",
            "goals": "16",
            "caps": "32"
        },
        "Brighton & Hove Albion": {
            "years": "1997\u20131999",
            "goals": "3",
            "caps": "25"
        },
        "Farnborough Town": {
            "years": "1999\u20132000",
            "goals": "1",
            "caps": "14"
        },
        "Dulwich Hamlet": {
            "years": "2000\u20132001",
            "goals": "8",
            "caps": "20"
        }
    },
    "birth_date": "1969-3-19"
}