{
    "name": "Andy Beattie",
    "fullname": "Andrew Beattie",
    "birth_place": "Kintore, Aberdeenshire, Scotland",
    "death_date": "1983",
    "death_place": "Nottingham, England",
    "position": "Full back",
    "height": "5 ft 8 in",
    "years1": "1930\u20131935",
    "clubs1": "Inverurie Loco Works",
    "senior": {
        "Preston North End": {
            "years": "1935\u20131947",
            "goals": "5",
            "caps": "125"
        }
    },
    "national": {
        "Scotland": {
            "years": "1937\u20131939",
            "goals": "0",
            "caps": "7"
        },
        "Scotland (wartime)": {
            "years": "1941\u20131942",
            "goals": "0",
            "caps": "5"
        }
    },
    "manager_career": {
        "Barrow": "1947\u20131949",
        "Stockport County": "1949\u20131952",
        "Huddersfield Town": "1952\u20131956",
        "Scotland": "1959\u20131960",
        "Carlisle United": "1958\u20131960",
        "Nottingham Forest": "1960\u20131963",
        "Plymouth Argyle": "1963\u20131964",
        "Wolverhampton Wanderers": "1964\u20131965",
        "Notts County ": "1967"
    },
    "birth_date": "1913-8-11"
}