{
    "name": "Andy Barlow",
    "fullname": "Andrew John Barlow",
    "height": "5 ft 9 in",
    "birth_place": "Oldham, Lancashire, England",
    "position": "Left back",
    "totalcaps": "412",
    "totalgoals": "8 ",
    "senior": {
        "Oldham Athletic": {
            "years": "1984\u20131995",
            "goals": "5",
            "caps": "261"
        },
        "\u2192 Bradford City (loan)": {
            "years": "1993",
            "goals": "0",
            "caps": "2"
        },
        "Blackpool": {
            "years": "1995\u20131997",
            "goals": "2",
            "caps": "81"
        },
        "Rochdale": {
            "years": "1997\u20131999",
            "goals": "1",
            "caps": "68"
        }
    },
    "birth_date": "1965-11-24"
}