{
    "name": "Andrew Gray",
    "full_name": "Andrew Mullen Gray 7633",
    "birth_place": "Glasgow,  Scotland",
    "height": "ft=5",
    "position": "Striker",
    "totalcaps": "513",
    "totalgoals": "185",
    "nationalcaps2": "20",
    "nationalgoals2": "7",
    "senior": {
        "Dundee United": {
            "years": "1973\u20131975",
            "goals": "36",
            "caps": "62"
        },
        "Aston Villa": {
            "years": "1985\u20131987",
            "goals": "5",
            "caps": "54"
        },
        "Wolverhampton Wanderers": {
            "years": "1979\u20131983",
            "goals": "38",
            "caps": "133"
        },
        "Everton": {
            "years": "1983\u20131985",
            "goals": "14",
            "caps": "49"
        },
        "\u2192 Notts County (loan)": {
            "years": "1987",
            "goals": "0",
            "caps": "4"
        },
        "West Bromwich Albion": {
            "years": "1987\u20131988",
            "goals": "10",
            "caps": "35"
        },
        "Rangers": {
            "years": "1988\u20131989",
            "goals": "5",
            "caps": "14"
        },
        "Cheltenham Town": {
            "years": "1989\u20131990",
            "goals": "7",
            "caps": "20"
        }
    },
    "national": {
        "Scotland": {
            "years": "1975\u20131985",
            "goals": "7",
            "caps": "20"
        }
    },
    "youth_career": {
        "Clydebank Strollers": "1970\u20131973"
    },
    "birth_date": "1955-11-30"
}