{
    "name": "Andy O'Brien",
    "fullname": "Andrew James O'Brien",
    "birth_place": "Harrogate, England",
    "height": "1.91 ",
    "position": "Centre-back",
    "youthyears1": "youthclubs1 = Leeds Unit",
    "youthyears2": "1994\u20131996       |youthclubs2 = Bradford City",
    "years1": "1996\u20132001       |clubs1 = Bradford City      |caps1 = 133 |goals1 = 3",
    "years2": "2001\u20132005       |clubs2 = Newcastle United  |caps2 = 120 |goals2 = 6",
    "years3": "2005\u20132007       |clubs3 = Portsmouth              |caps3 = 32  |goals3 = 0",
    "years4": "2007\u20132011       |clubs4 = Bolton Wanderers  |caps4 = 74  |goals4 = 1",
    "years5": "2010\u20132011       |clubs5 = \u2192 Leeds United (loan) |caps5 = 11  |goals5 = 1",
    "years6": "2011\u20132012       |clubs6 = Leeds United          |caps6 = 23  |goals6 = 1",
    "years7": "2012\u20132014       |clubs7 = Vancouver Whitecaps FC                  |caps7 = 50  |goals7 = 0",
    "totalcaps": "443",
    "totalgoals": "12",
    "nationalyears1": "|nationalteam1 = England U18",
    "nationalcaps1": "1  |nationalgoals1 = 0",
    "nationalyears2": "1999            |nationalteam2 = Republic of Ireland U21 |nationalcaps2 = 8  |nationalgoals2 = 0",
    "nationalyears3": "2001\u20132006 |nationalteam3 = Republic of Ireland |nationalcaps3 = 26 |nationalgoals3 = 1 ",
    "birth_date": "1979-6-29"
}