{
    "name": "Andy Williams",
    "fullname": "Andrew Williams",
    "birth_place": "Toronto, Ontario, Canada",
    "height": "ft=5",
    "position": "Right midfielder",
    "years1": "1997",
    "clubs1": "Real Mona F.C.",
    "years2": "1998",
    "clubs2": "Harbour View",
    "senior": {
        "Columbus Crew": {
            "years": "1998\u20131999",
            "goals": "1",
            "caps": "41"
        },
        "Miami Fusion": {
            "years": "2000",
            "goals": "4",
            "caps": "20"
        },
        "New England Revolution": {
            "years": "2001\u20132002",
            "goals": "3",
            "caps": "25"
        },
        "MetroStars": {
            "years": "2002",
            "goals": "2",
            "caps": "19"
        },
        "Chicago Fire": {
            "years": "2003\u20132004",
            "goals": "6",
            "caps": "49"
        },
        "Real Salt Lake": {
            "years": "2005\u20132011",
            "goals": "14",
            "caps": "189"
        }
    },
    "national": {
        "Jamaica": {
            "years": "1997\u20132008",
            "goals": "22",
            "caps": "107"
        }
    },
    "youth_career": {
        "Rhode Island Rams": "1994\u20131997"
    },
    "birth_date": "1977-9-23"
}