{
    "name": "Andy van der Meyde",
    "full_name": "Andy van der Meyde",
    "birth_place": "Arnhem, Netherlands",
    "height": "1.77 m",
    "position": "Winger",
    "youthclubs1": "Vitesse 1892",
    "youthclubs2": "Ajax",
    "totalcaps": "181",
    "totalgoals": "21",
    "senior": {
        "Ajax": {
            "years": "1997\u20132003",
            "goals": "18",
            "caps": "91"
        },
        "\u2192 Twente (loan)": {
            "years": "1999\u20132000",
            "goals": "2",
            "caps": "32"
        },
        "Inter Milan": {
            "years": "2003\u20132005",
            "goals": "1",
            "caps": "32"
        },
        "Everton": {
            "years": "2005\u20132009",
            "goals": "0",
            "caps": "20"
        },
        "PSV": {
            "years": "2010",
            "goals": "0",
            "caps": "0"
        },
        "WKE": {
            "years": "2011\u20132012",
            "goals": "0",
            "caps": "6"
        }
    },
    "national": {
        "Netherlands": {
            "years": "2002\u20132004",
            "goals": "1",
            "caps": "17"
        }
    },
    "birth_date": "1979-9-30"
}