{
    "name": "Andy Johnson",
    "fullname": "Andrew James Johnson",
    "birth_place": "Bristol, England",
    "height": "ft=6",
    "position": "Midfielder",
    "totalcaps": "342+",
    "totalgoals": "31",
    "senior": {
        "Norwich City": {
            "years": "1992\u20131997",
            "goals": "14",
            "caps": "66"
        },
        "Nottingham Forest": {
            "years": "1997\u20132001",
            "goals": "9",
            "caps": "119"
        },
        "West Bromwich Albion": {
            "years": "2001\u20132006",
            "goals": "7",
            "caps": "131"
        },
        "Leicester City": {
            "years": "2006\u20132007",
            "goals": "1",
            "caps": "22"
        },
        "Barnsley": {
            "years": "2007\u20132009",
            "goals": "0",
            "caps": "4"
        },
        "King's Lynn": {
            "years": "2009",
            "goals": "0",
            "caps": "18"
        }
    },
    "national": {
        "Wales": {
            "years": "1998\u20132004",
            "goals": "0 ",
            "caps": "15"
        }
    },
    "birth_date": "1974-5-2"
}