{
    "name": "Andy Watson",
    "fullname": "Andrew Watson",
    "height": "ft=5",
    "position": "Midfielder",
    "birth_place": "Aberdeen, Scotland",
    "youthclubs1": "Sunnyside B.C.",
    "totalcaps": "225",
    "totalgoals": "29",
    "senior": {
        "Aberdeen": {
            "years": "1978\u20131983",
            "goals": "13",
            "caps": "99"
        },
        "Leeds United": {
            "years": "1983\u20131984",
            "goals": "7",
            "caps": "38"
        },
        "Heart of Midlothian": {
            "years": "1984\u20131987",
            "goals": "6",
            "caps": "57"
        },
        "Hibernian": {
            "years": "1987\u20131989",
            "goals": "3",
            "caps": "31"
        }
    },
    "national": {
        "Scotland U21": {
            "years": "1980\u20131982",
            "goals": "1",
            "caps": "4"
        }
    },
    "manager_career": {
        "Ilkeston": "2015\u20132016 "
    },
    "youth_career": {
        "Aberdeen": "1976\u20131979"
    },
    "birth_date": "1959-9-3"
}