{
    "name": "Andy Herron",
    "fullname": "Andy F. Herron",
    "birth_place": "Lim\u00f3n, Costa Rica",
    "height": "ft=5",
    "position": "Forward",
    "youthclubs1": "Limonense",
    "years5": "2006",
    "clubs5": "\u2192 Herediano (loan)",
    "pcupdate": "September 28, 2012",
    "ntupdate": "September 28, 2012 ",
    "senior": {
        "Limonense": {
            "years": "1996\u20132001",
            "goals": "23",
            "caps": "86"
        },
        "Santos de Gu\u00e1piles": {
            "years": "2001\u20132002",
            "goals": "15",
            "caps": "54"
        },
        "Herediano": {
            "years": "2009",
            "goals": "12",
            "caps": "29"
        },
        "Chicago Fire": {
            "years": "2008",
            "goals": "0",
            "caps": "17"
        },
        "Columbus Crew": {
            "years": "2007",
            "goals": "4",
            "caps": "18"
        },
        "Puntarenas": {
            "years": "2008",
            "goals": "1",
            "caps": "7"
        },
        "Ramonense": {
            "years": "2009\u20132010",
            "goals": "0",
            "caps": "6"
        },
        "USAC": {
            "years": "2010\u20132011",
            "goals": "15",
            "caps": "33"
        },
        "Lim\u00f3n": {
            "years": "2011\u20132012",
            "goals": "2",
            "caps": "14"
        },
        "Fort Lauderdale Strikers": {
            "years": "2012\u20132013",
            "goals": "8",
            "caps": "21"
        },
        "Atlanta Silverbacks": {
            "years": "2013",
            "goals": "0",
            "caps": "0"
        }
    },
    "national": {
        "Costa Rica": {
            "years": "2002\u20132009",
            "goals": "10",
            "caps": "25"
        }
    },
    "birth_date": "1978-2-3"
}