{
    "name": "Andy Gray",
    "fullname": "Andrew David Gray",
    "editor-last": "Hugman",
    "editor-first": "Barry J.",
    "year": "2008",
    "isbn": "978-1-84596-324-8",
    "birth_place": "Harrogate, England",
    "height": "ft=6",
    "position": "Striker, winger",
    "years1": "1995\u20131998| clubs1= Leeds United                    |caps1= 22  |goals1 = 0",
    "years2": "1997\u20131998| clubs2= \u2192 Bury (loan)                           |caps2= 6   |goals2 = 1",
    "years3": "1998\u20132002| clubs3= Nottingham Forest          |caps3= 64  |goals3 = 1",
    "years4": "1999",
    "clubs4": "\u2192 Preston North End (loan) |caps4= 5   |goals4 = 0",
    "years5": "1999",
    "clubs5": "\u2192 Oldham Athletic (loan)   |caps5= 4   |goals5 = 0",
    "years6": "2002\u20132004| clubs6= Bradford City                |caps6= 77  |goals6 = 20",
    "years7": "2004\u20132005| clubs7= Sheffield United            |caps7= 58  |goals7 = 25",
    "years8": "2005\u20132006| clubs8= Sunderland                      |caps8= 21  |goals8 = 1",
    "years9": "2006",
    "clubs9": "\u2192 Burnley (loan)                     |caps9= 9   |goals9 = 3",
    "years10": "2006\u20132008| clubs10= Burnley                             |caps10= 60 |goals10 = 25",
    "years11": "2008",
    "clubs11": "caps11= 1  |goals11 = 0",
    "years12": "2008\u20132009| clubs12= Charlton Athletic         |caps12= 44 |goals12 = 9",
    "years13": "2009\u20132012| clubs13= Barnsley                           |caps13= 96 |goals13 = 21",
    "years14": "2012\u20132013| clubs14= Leeds United                   |caps14= 8  |goals14 = 1",
    "years15": "2013\u20132014| clubs15= Bradford City               |caps15= 15 |goals15 = 1",
    "totalcaps": "490      |totalgoals = 108",
    "national": {
        "Scotland": {
            "years": "2003",
            "goals": "0 ",
            "caps": "2"
        }
    },
    "youth_career": {
        "Leeds United": "0000\u20131995"
    },
    "birth_date": "1977-11-15"
}