{
    "name": "Andy Linighan",
    "fullname": "Andrew Linighan",
    "birth_place": "Hartlepool, England",
    "height": "1.88m",
    "position": "Defender",
    "totalcaps": "591",
    "totalgoals": "42",
    "senior": {
        "Hartlepool United": {
            "years": "1980\u20131984",
            "goals": "4",
            "caps": "110"
        },
        "Leeds United": {
            "years": "1984\u20131986",
            "goals": "3",
            "caps": "66"
        },
        "Oldham Athletic": {
            "years": "1986\u20131988",
            "goals": "6",
            "caps": "87"
        },
        "Norwich City": {
            "years": "1988\u20131990",
            "goals": "6",
            "caps": "74"
        },
        "Arsenal": {
            "years": "1990\u20131997",
            "goals": "5",
            "caps": "119"
        },
        "Crystal Palace": {
            "years": "1997\u20132000",
            "goals": "5",
            "caps": "111"
        },
        "\u2192 Queen's Park Rangers (loan)": {
            "years": "1998\u20131999",
            "goals": "0",
            "caps": "7"
        },
        "Oxford United": {
            "years": "2000\u20132001",
            "goals": "0",
            "caps": "13"
        },
        "St Albans City": {
            "years": "2001",
            "goals": "0",
            "caps": "4"
        }
    },
    "youth_career": {
        "Smith's Dock": "1979\u20131980"
    },
    "birth_date": "1962-6-18"
}