{
    "name": "Andy Woodman",
    "fullname": "Andrew John Woodman",
    "editor-first": "Barry J.",
    "editor-last": "Hugman",
    "year": "2003",
    "isbn": "1-85291-651-6",
    "page": "461 ",
    "height": "ft=6",
    "birth_place": "Camberwell, England",
    "currentclub": "Bromley (manager)",
    "position": "Goalkeeper",
    "totalcaps": "438",
    "totalgoals": "0",
    "nationalgoals1": "|manageryears1 = 2017 |managerclubs1 = Whitehawk |manageryears2 = 2021\u2013 |managerclubs2 = Bromley  ",
    "senior": {
        "Crystal Palace": {
            "years": "1989\u20131994",
            "goals": "0",
            "caps": "0"
        },
        "Exeter City": {
            "years": "1994\u20131995",
            "goals": "0",
            "caps": "6"
        },
        "Northampton Town": {
            "years": "1995\u20131999",
            "goals": "0",
            "caps": "163"
        },
        "\u2192 Brentford (loan)": {
            "years": "1999",
            "goals": "0",
            "caps": "1"
        },
        "Brentford": {
            "years": "1999\u20132001",
            "goals": "0",
            "caps": "60"
        },
        "\u2192 Peterborough United (loan)": {
            "years": "2000",
            "goals": "0",
            "caps": "0"
        },
        "\u2192 Southend United (loan)": {
            "years": "2000",
            "goals": "0",
            "caps": "17"
        },
        "\u2192 Colchester United (loan)": {
            "years": "2000",
            "goals": "0",
            "caps": "6"
        },
        "Colchester United": {
            "years": "2001\u20132002",
            "goals": "0",
            "caps": "48"
        },
        "\u2192 Oxford United (loan)": {
            "years": "2002",
            "goals": "0",
            "caps": "12"
        },
        "Oxford United": {
            "years": "2002\u20132004",
            "goals": "0",
            "caps": "89"
        },
        "Stevenage Borough": {
            "years": "2004\u20132005",
            "goals": "0",
            "caps": "21"
        },
        "Redbridge": {
            "years": "2005",
            "goals": "0",
            "caps": "1"
        },
        "Thurrock": {
            "years": "2005",
            "goals": "0",
            "caps": "14"
        },
        "Rushden & Diamonds": {
            "years": "2005\u20132006",
            "goals": "0",
            "caps": "3"
        }
    },
    "youth_career": {
        "Crystal Palace": "000?\u20131989"
    },
    "birth_date": "1971-8-11"
}