{
    "name": "Andy Ducat",
    "fullname": "Andrew Ducat",
    "nickname": "Mac David Foot, ''Beyond Bat & Ball: Eleven Intimate Portraits'', Aurum, London, 1993, pp. 89\u2013104.",
    "birth_place": "Brixton, South London, England",
    "death_date": "1942",
    "death_place": "Lord's Cricket Ground, St John's Wood, London, England",
    "heightft": "5",
    "heightinch": "10",
    "batting": "Right-handed",
    "bowling": "Right-arm slow",
    "columns": "2",
    "column1": "Tests",
    "matches1": "1",
    "runs1": "5",
    "bat avg1": "2.50",
    "100s/50s1": "0/0",
    "top score1": "3",
    "deliveries1": "\u2013",
    "wickets1": "\u2013",
    "bowl avg1": "\u2013",
    "fivefor1": "\u2013",
    "tenfor1": "\u2013",
    "best bowling1": "\u2013",
    "catches/stumpings1": "1/-",
    "column2": "First-class",
    "matches2": "429",
    "runs2": "23373",
    "bat avg2": "38.31",
    "100s/50s2": "52/109",
    "top score2": "306*",
    "deliveries2": "1981",
    "wickets2": "21",
    "bowl avg2": "43.00",
    "fivefor2": "\u2013",
    "tenfor2": "\u2013",
    "best bowling2": "3/12",
    "catches/stumpings2": "206/-",
    "international": "true",
    "country": "England",
    "testdebutdate": "2 July",
    "testdebutyear": "1921",
    "lasttestdate": "2 July",
    "lasttestyear": "1921",
    "source": "http://www.espncricinfo.com/england/content/player/11943.html Cricinfo",
    "date": "17 December 2018 ",
    "birth_date": "1886-2-15"
}