{
    "name": "Andy Cole",
    "fullname": "Andrew Alexander Cole editor1-last=Hugman ",
    "birth_place": "Nottingham, England",
    "height": "ft=5",
    "position": "Striker",
    "youthyears1": "1988\u20131989 |youthclubs1 = Arsenal",
    "years1": "1989\u20131992 |clubs1  = Arsenal                          |caps1  = 1   |goals1  = 0",
    "years2": "1991      |clubs2  = \u2192 Fulham (loan)                |caps2  = 13  |goals2  = 3",
    "years3": "1992      |clubs3  = \u2192 Bristol City (loan)    |caps3  = 12  |goals3  = 8",
    "years4": "1992\u20131993 |clubs4  = Bristol City                |caps4  = 29  |goals4  = 12",
    "years5": "1993\u20131995 |clubs5  = Newcastle United        |caps5  = 70  |goals5  = 55",
    "years6": "1995\u20132001 |clubs6  = Manchester United      |caps6  = 195 |goals6  = 93",
    "years7": "2001\u20132004 |clubs7  = Blackburn Rovers        |caps7  = 83  |goals7  = 27",
    "years8": "2004\u20132005 |clubs8  = Fulham                            |caps8  = 31  |goals8  = 12",
    "years9": "2005\u20132006 |clubs9  = Manchester City          |caps9  = 22  |goals9  = 9",
    "years10": "2006\u20132007 |clubs10 = Portsmouth                    |caps10 = 18  |goals10 = 3",
    "years11": "2007      |clubs11 = \u2192 Birmingham City (loan) |caps11 = 5   |goals11 = 1",
    "years12": "2007\u20132008 |clubs12 = Sunderland                  |caps12 = 7   |goals12 = 0",
    "years13": "2008      |clubs13 = \u2192 Burnley (loan)              |caps13 = 13  |goals13 = 6",
    "years14": "2008      |clubs14 = Nottingham Forest      |caps14 = 10  |goals14 = 0",
    "totalcaps": "509 |totalgoals = 229",
    "nationalyears1": "1991      |nationalteam1 = England U20 |nationalcaps1 = 3  |nationalgoals1 = 0",
    "nationalyears2": "1992\u20131993 |nationalteam2 = England U21 |nationalcaps2 = 8  |nationalgoals2 = 4",
    "nationalyears3": "1994      |nationalteam3 = England B          |nationalcaps3 = 1  |nationalgoals3 = 1",
    "nationalyears4": "1995\u20132001 |nationalteam4 = England              |nationalcaps4 = 15 |nationalgoals4 = 1 ",
    "birth_date": "1971-10-15"
}