{
    "name": "Andy Duncan",
    "fullname": "Andrew Duncan 5536",
    "birth_place": "Hexham, England",
    "position": "Defender",
    "youthyears1": "|youthclubs1 =",
    "years1": "1997\u20131998 |clubs1 = Manchester United        |caps1 = 0   |goals1 = 0",
    "years2": "1998      |clubs2 = \u2192 Cambridge United (loan) |caps2 = 53  |goals2 = 1",
    "years3": "1998\u20132007 |clubs3 = Cambridge United          |caps3 = 266 |goals3 = 10",
    "years4": "2007\u20132009 |clubs4 = Chelmsford City            |caps4 =     |goals4 =",
    "club-update": "10 Jan 2007, 16:55 UTC ",
    "birth_date": "1977-10-20"
}