{
    "name": "Andy Reid",
    "full_name": "Andrew Matthew Reid",
    "birth_place": "Dublin, Ireland",
    "height": "ft=5",
    "position": "Midfielder",
    "youthyears1": "|youthclubs1 = Cherry Orchard",
    "youthyears2": "1998\u20132000 |youthclubs2          = Nottingham Forest",
    "years1": "2000\u20132005 |clubs1 = Nottingham Forest        |caps1 = 144 |goals1 = 21",
    "years2": "2005\u20132006 |clubs2 = Tottenham Hotspur        |caps2 = 26  |goals2 = 1",
    "years3": "2006\u20132008 |clubs3 = Charlton Athletic        |caps3 = 38  |goals3 = 8",
    "years4": "2008\u20132011 |clubs4 = Sunderland                    |caps4 = 68  |goals4 = 4",
    "years5": "2010      |clubs5 = \u2192 Sheffield United (loan) |caps5 = 9   |goals5 = 2",
    "years6": "2011      |clubs6 = Blackpool                        |caps6 = 5   |goals6 = 0",
    "years7": "2011\u20132016 |clubs7 = Nottingham Forest        |caps7 = 119 |goals7 = 16",
    "totalcaps": "409 |totalgoals = 52",
    "nationalyears1": "2002\u20132003 |nationalteam1 = Republic of Ireland U21 |nationalcaps1 = 15 |nationalgoals1 = 4",
    "nationalyears2": "2003\u20132013 |nationalteam2 = Republic of Ireland |nationalcaps2 = 29 |nationalgoals2 = 4",
    "birth_date": "1982-7-29",
    "medaltemplates": [
        "Country: {{IRL}}",
        "Competition: UEFA European Under-16 Championship"
    ]
}