{
    "name": "Andy Griffin",
    "fullname": "Andrew Griffin",
    "birth_place": "Higher End, Wigan, England",
    "height": "m=1.75",
    "position": "Right back",
    "years1": "1996\u20131998 |clubs1  = Stoke City             |caps1  = 57 |goals1  = 2",
    "years2": "1998\u20132004 |clubs2  = Newcastle United |caps2  = 76 |goals2  = 2",
    "years3": "2004\u20132007 |clubs3  = Portsmouth             |caps3  = 43 |goals3  = 0",
    "years4": "2006\u20132007 |clubs4  = \u2192 Stoke City (loan) |caps4  = 33 |goals4  = 2",
    "years5": "2007\u20132008 |clubs5  = Derby County         |caps5  = 15 |goals5  = 0",
    "years6": "2008\u20132010 |clubs6  = Stoke City             |caps6  = 35 |goals6  = 0",
    "years7": "2010      |clubs7  = \u2192 Reading (loan)       |caps7  = 21 |goals7  = 0",
    "years8": "2010\u20132012 |clubs8  = Reading                   |caps8  = 42 |goals8  = 0",
    "years9": "2012\u20132013 |clubs9  = Doncaster Rovers |caps9  = 16 |goals9  = 0",
    "years10": "2014      |clubs10 = Chester                   |caps10 = 4  |goals10 = 0",
    "totalcaps": "342",
    "totalgoals": "6",
    "nationalyears1": "1997\u20131998 |nationalteam1 = England U18",
    "nationalcaps1": "6",
    "nationalgoals1": "0",
    "nationalyears2": "1999\u20132001 |nationalteam2 = England U21",
    "nationalcaps2": "3",
    "nationalgoals2": "2 ",
    "youth_career": {
        "Stoke City": "1994\u20131996"
    },
    "birth_date": "1979-3-17"
}