{
    "name": "Angelos Charisteas, \u0386\u03b3\u03b3\u03b5\u03bb\u03bf\u03c2 \u03a7\u03b1\u03c1\u03b9\u03c3\u03c4\u03ad\u03b1\u03c2",
    "birth_place": "Strymoniko, Greece",
    "height": "1.91 m",
    "position": "Forward",
    "currentclub": "Aris (sporting director)",
    "totalcaps": "330",
    "totalgoals": "74",
    "senior": {
        "Aris": {
            "years": "1997\u20132002",
            "goals": "19",
            "caps": "87"
        },
        "\u2192 Athinaikos (loan)": {
            "years": "1998\u20131999",
            "goals": "1",
            "caps": "7"
        },
        "Werder Bremen": {
            "years": "2002\u20132005",
            "goals": "18",
            "caps": "66"
        },
        "Ajax": {
            "years": "2005\u20132006",
            "goals": "12",
            "caps": "31"
        },
        "Feyenoord": {
            "years": "2006\u20132007",
            "goals": "9",
            "caps": "28"
        },
        "1. FC N\u00fcrnberg": {
            "years": "2007\u20132010",
            "goals": "8",
            "caps": "57"
        },
        "\u2192 Bayer Leverkusen (loan)": {
            "years": "2009",
            "goals": "1",
            "caps": "13"
        },
        "Arles-Avignon": {
            "years": "2010",
            "goals": "0",
            "caps": "6"
        },
        "Schalke 04": {
            "years": "2011",
            "goals": "1",
            "caps": "4"
        },
        "Panetolikos": {
            "years": "2011\u20132012",
            "goals": "4",
            "caps": "24"
        },
        "Al-Nassr": {
            "years": "2013",
            "goals": "1",
            "caps": "7"
        }
    },
    "national": {
        "Greece": {
            "years": "2001\u20132011",
            "goals": "25",
            "caps": "88"
        }
    },
    "birth_date": "1980-2-9",
    "medaltemplates": [
        "Sport: Men's football",
        "Country: {{GRE}}",
        "Competition: UEFA European Championship"
    ]
}