{
    "name": "Angelos Basinas",
    "birth_place": "Chalkida, Greece",
    "height": "1.79 m",
    "position": "Defensive midfielder",
    "totalcaps": "307",
    "totalgoals": "28",
    "senior": {
        "Panathinaikos": {
            "years": "1995\u20132005",
            "goals": "27",
            "caps": "199"
        },
        "Mallorca": {
            "years": "2005\u20132008",
            "goals": "1",
            "caps": "75"
        },
        "AEK Athens": {
            "years": "2008\u20132009",
            "goals": "0",
            "caps": "14"
        },
        "Portsmouth": {
            "years": "2009\u20132010",
            "goals": "0",
            "caps": "15"
        },
        "Arles-Avignon": {
            "years": "2010\u20132011",
            "goals": "0",
            "caps": "4"
        }
    },
    "national": {
        "Greece": {
            "years": "1999\u20132009",
            "goals": "7",
            "caps": "100"
        }
    },
    "birth_date": "1976-1-3"
}