{
    "name": "Angelo Peruzzi",
    "fullname": "Angelo Peruzzi",
    "birth_place": "Blera, Viterbo, Italy",
    "height": "1.80 m",
    "position": "Goalkeeper",
    "totalcaps": "478",
    "totalgoals": "0",
    "senior": {
        "Roma": {
            "years": "1987\u20131991",
            "goals": "0",
            "caps": "16"
        },
        "\u2192 Hellas Verona (loan)": {
            "years": "1989\u20131990",
            "goals": "0",
            "caps": "29"
        },
        "Juventus": {
            "years": "1991\u20131999",
            "goals": "0",
            "caps": "208"
        },
        "Inter Milan": {
            "years": "1999\u20132000",
            "goals": "0",
            "caps": "33"
        },
        "Lazio": {
            "years": "2000\u20132007",
            "goals": "0",
            "caps": "192"
        }
    },
    "national": {
        "Italy U21": {
            "years": "1989\u20131992",
            "goals": "0",
            "caps": "10"
        },
        "Italy": {
            "years": "1995\u20132006",
            "goals": "0",
            "caps": "31"
        }
    },
    "birth_date": "1970-2-16",
    "medaltemplates": [
        "Sport: Men's football",
        "Country: {{ITA}}",
        "Competition: FIFA World Cup"
    ]
}