{
    "name": "Angelo Di Livio",
    "fullname": "Angelo Di Livio",
    "birth_place": "Rome, Italy",
    "height": "1.73 m",
    "position": "Midfielder, wing-back",
    "totalcaps": "609",
    "totalgoals": "29",
    "senior": {
        "Roma": {
            "years": "1984\u20131985",
            "goals": "0",
            "caps": "0"
        },
        "Reggiana": {
            "years": "1985\u20131986",
            "goals": "0",
            "caps": "13"
        },
        "Nocerina": {
            "years": "1986\u20131987",
            "goals": "1",
            "caps": "31"
        },
        "Perugia": {
            "years": "1987\u20131989",
            "goals": "4",
            "caps": "72"
        },
        "Padova": {
            "years": "1989\u20131993",
            "goals": "13",
            "caps": "138"
        },
        "Juventus": {
            "years": "1993\u20131999",
            "goals": "3",
            "caps": "186"
        },
        "Fiorentina": {
            "years": "1999\u20132005",
            "goals": "8",
            "caps": "169"
        }
    },
    "national": {
        "Italy": {
            "years": "1995\u20132002",
            "goals": "0",
            "caps": "40"
        }
    },
    "birth_date": "1966-7-26",
    "medaltemplates": [
        "Country: {{ITA}}",
        "Sport: Association football",
        "Competition: UEFA European Championship",
        "Silver Medal: 2000 "
    ]
}