{
    "name": "Angelo Costanzo",
    "fullname": "Angelo Francesco Antonio Costanzo",
    "height": "1.83 ",
    "birth_place": "Adelaide, Australia",
    "position": "Centre back Defensive midfielder",
    "youthclubs1": "Salisbury United",
    "youthclubs2": "Adelaide Blue Eagles",
    "totalcaps": "369",
    "totalgoals": "10",
    "nationalteam1": "Australia U-20",
    "pcupdate": "25 October 2011",
    "ntupdate": "18 December 2007 ",
    "senior": {
        "Salisbury United": {
            "years": "1993\u20131994",
            "goals": "4",
            "caps": "31"
        },
        "Adelaide City": {
            "years": "1995\u20132002",
            "goals": "0",
            "caps": "127"
        },
        "\u2192 Campbelltown City (loan)": {
            "years": "2000",
            "goals": "1",
            "caps": "2"
        },
        "Marconi Stallions": {
            "years": "2000\u20132004",
            "goals": "3",
            "caps": "90"
        },
        "Campbelltown City": {
            "years": "2004",
            "goals": "0",
            "caps": "12"
        },
        "Adelaide United": {
            "years": "2005\u20132009",
            "goals": "0",
            "caps": "73"
        },
        "Newcastle Jets": {
            "years": "2009\u20132010",
            "goals": "0",
            "caps": "16"
        },
        "Adelaide Cobras": {
            "years": "2010",
            "goals": "2",
            "caps": "18"
        }
    },
    "national": {
        "Australia": {
            "years": "2001\u20132002",
            "goals": "1",
            "caps": "6"
        }
    },
    "manager_career": {
        "Adelaide United Youth": "2010\u20132015",
        "Croydon Kings (assistant)": "2018",
        "Croydon Kings": "2018\u20132020"
    },
    "birth_date": "1976-5-9"
}