{
    "name": "Angelo Domenghini",
    "birth_place": "Lallio, Italy",
    "height": "1.75 m ",
    "position": "Forward, winger",
    "totalcaps": "417",
    "totalgoals": "109",
    "senior": {
        "Atalanta": {
            "years": "1960\u20131964",
            "goals": "17",
            "caps": "69"
        },
        "Inter": {
            "years": "1964\u20131969",
            "goals": "50",
            "caps": "134"
        },
        "Cagliari": {
            "years": "1969\u20131973",
            "goals": "18",
            "caps": "99"
        },
        "Roma": {
            "years": "1973\u20131974",
            "goals": "4",
            "caps": "30"
        },
        "Hellas Verona": {
            "years": "1974\u20131976",
            "goals": "3",
            "caps": "28"
        },
        "Foggia": {
            "years": "1976\u20131977",
            "goals": "4",
            "caps": "17"
        },
        "Olbia": {
            "years": "1977\u20131978",
            "goals": "10",
            "caps": "21"
        },
        "Trento": {
            "years": "1978\u20131979",
            "goals": "3",
            "caps": "19"
        }
    },
    "national": {
        "Italy": {
            "years": "1963\u20131972",
            "goals": "7",
            "caps": "33"
        }
    },
    "manager_career": {
        "Olbia": "1977\u20131978",
        "Asti": "1980\u20131981",
        "Derthona": "1990\u20131991",
        "Torres": "1983\u20131984",
        "Sambenedettese": "1987\u20131988",
        "Novara": "1989\u20131990"
    },
    "birth_date": "1941-8-25",
    "medaltemplates": [
        "Sport: Men's football",
        "Country: {{ITA}}",
        "Competition: UEFA European Championship",
        "Competition: FIFA World Cup"
    ]
}