{
    "name": "Anghel Iord\u0103nescu",
    "birth_place": "Bucharest, Romania",
    "height": "1.76",
    "position": "Forward",
    "totalcaps": "371",
    "totalgoals": "163",
    "manageryears13": "2014\u20132016  |managerclubs13  = Romania",
    "senior": {
        "Steaua Bucure\u0219ti": {
            "years": "1986",
            "goals": "0",
            "caps": "0"
        },
        "OFI": {
            "years": "1982\u20131984",
            "goals": "7",
            "caps": "54"
        }
    },
    "national": {
        "Romania": {
            "years": "1971\u20131981",
            "goals": "21",
            "caps": "57"
        }
    },
    "manager_career": {
        "Steaua Bucure\u0219ti (assistant)": "1984\u20131986",
        "Steaua Bucure\u0219ti": "1992\u20131993",
        "Anorthosis Famagusta": "1990\u20131992",
        "Romania": "2002\u20132004",
        "Greece": "1998\u20131999",
        "Al Hilal": "1999\u20132000",
        "Rapid Bucure\u0219ti": "2000",
        "Al Ain": "2006",
        "Al-Ittihad": "2005\u20132006"
    },
    "youth_career": {
        "Steaua Bucure\u0219ti": "1962\u20131968"
    },
    "birth_date": "1950-5-4"
}