{
    "name": "Angus Eve",
    "birth_place": "Carenage, Trinidad and Tobago",
    "height": "1.70 m",
    "position": "Midfielder",
    "years1": "1993\u20131994",
    "clubs1": "Joe Public",
    "years2": "1995\u20131996",
    "clubs2": "Defence Force",
    "years3": "1997\u20131998",
    "clubs3": "Joe Public",
    "years5": "2000",
    "clubs5": "Joe Public",
    "years6": "2001\u20132005",
    "clubs6": "San Juan Jabloteh",
    "senior": {
        "Chester City": {
            "years": "1999\u20132000",
            "goals": "4",
            "caps": "14"
        }
    },
    "national": {
        "Trinidad and Tobago": {
            "years": "1994\u20132005",
            "goals": "34",
            "caps": "117"
        }
    },
    "manager_career": {
        "Trinidad and Tobago": "2021\u2013",
        "Trinidad and Tobago U20 ": "2021-2023"
    },
    "birth_date": "1972-2-23"
}