{
    "name": "Anicet Adjamossi",
    "fullname": "Anicet Kayod\u00e9 Adjamossi",
    "birth_place": "Porto Novo, Benin",
    "height": "1.76 m",
    "position": "Defender",
    "years6": "2009\u20132010",
    "clubs6": "Mogas 90 FC",
    "years7": "2010",
    "clubs7": "MFK Topo\u013e\u010dany",
    "years8": "2010\u20132015",
    "clubs8": "Saint-Colomban Locmin\u00e9",
    "years9": "2015\u20132017",
    "clubs9": "La Vitr\u00e9enne",
    "senior": {
        "Pau FC": {
            "years": "2004\u20132005",
            "goals": "2",
            "caps": "28"
        },
        "L'Entente SSG": {
            "years": "2005\u20132006",
            "goals": "1",
            "caps": "27"
        },
        "Istres": {
            "years": "2006\u20132007",
            "goals": "1",
            "caps": "11"
        },
        "US Cr\u00e9teil": {
            "years": "2007\u20132008",
            "goals": "0",
            "caps": "25"
        },
        "Racing Ferrol": {
            "years": "2008\u20132009",
            "goals": "0",
            "caps": "10"
        }
    },
    "national": {
        "Benin": {
            "years": "2002\u20132013",
            "goals": "5 ",
            "caps": "48"
        }
    },
    "youth_career": {
        "Bordeaux": "2001\u20132004"
    },
    "birth_date": "1984-03-15"
}