{
    "name": "Anis Ayari",
    "fullname": "Anis Ayari",
    "birth_place": "Ezzahra, Tunisia",
    "height": "m=1.79",
    "position": "Defender",
    "years1": "2001\u20132004",
    "years4": "2007\u2013",
    "clubs1": "Stade Tunisien",
    "pcupdate": "September 15, 2008",
    "ntupdate": "17 November 2009",
    "senior": {
        "Samsunspor": {
            "years": "2004\u20132006",
            "goals": "0",
            "caps": "42"
        },
        "Lorient": {
            "years": "2006\u20132007",
            "goals": "0",
            "caps": "2"
        }
    },
    "national": {
        "Tunisia": {
            "years": "2002\u20132006",
            "goals": "1",
            "caps": "26"
        }
    },
    "birth_date": "1982-2-16",
    "medaltemplates": [
        "Sport: Men's football",
        "Country: {{TUN}}",
        "Competition: Africa Cup of Nations"
    ]
}