{
    "name": "Anis Boussaidi",
    "birth_place": "Le Bardo, Tunisia",
    "height": "m=1.79",
    "position": "Right back",
    "currentclub": "Tunisia (assistant manager)",
    "years1": "2001\u20132004",
    "clubs1": "Stade Tunisien",
    "senior": {
        "FC Metalurh Donetsk": {
            "years": "2004\u20132007",
            "goals": "2",
            "caps": "65"
        },
        "KV Mechelen": {
            "years": "2008",
            "goals": "1",
            "caps": "10"
        },
        "Red Bull Salzburg": {
            "years": "2008\u20132010",
            "goals": "3",
            "caps": "32"
        },
        "PAOK": {
            "years": "2010\u20132011",
            "goals": "0",
            "caps": "12"
        },
        "Rostov": {
            "years": "2011",
            "goals": "0",
            "caps": "15"
        },
        "Tavriya Simferopol": {
            "years": "2012\u20132014",
            "goals": "2",
            "caps": "56"
        }
    },
    "national": {
        "Tunisia": {
            "years": "2002\u20132013",
            "goals": "2",
            "caps": "37"
        }
    },
    "manager_career": {
        "Stade Tunisien": "2020\u20132021",
        "Esp\u00e9rance de Tunis (assistant)": "2021\u20132023",
        "Esp\u00e9rance de Tunis (caretaker)": "2023",
        "Tunisia U20": "2023",
        "Tunisia (assistant) ": "2023\u2013"
    },
    "birth_date": "1981-4-10"
}