{
    "name": "Annibale Frossi",
    "birth_place": "Muzzana del Turgnano, Italy",
    "death_date": "1999",
    "death_place": "Milan, Italy",
    "height": "1.70 m",
    "position": "Forward",
    "totalcaps": "323",
    "totalgoals": "90",
    "senior": {
        "Udinese": {
            "years": "1929\u20131931",
            "goals": "0",
            "caps": "32"
        },
        "Padova": {
            "years": "1934\u20131935",
            "goals": "14",
            "caps": "26"
        },
        "Bari": {
            "years": "1933\u20131934",
            "goals": "12",
            "caps": "30"
        },
        "L'Aquila": {
            "years": "1935\u20131936",
            "goals": "9",
            "caps": "34"
        },
        "Internazionale": {
            "years": "1936\u20131942",
            "goals": "40",
            "caps": "125"
        },
        "Pro Patria": {
            "years": "1942\u20131943",
            "goals": "3",
            "caps": "24"
        },
        "Como": {
            "years": "1945",
            "goals": "2",
            "caps": "5"
        }
    },
    "national": {
        "Italy B": {
            "years": "1937",
            "goals": "0",
            "caps": "1"
        },
        "Italy": {
            "years": "1936\u20131937",
            "goals": "8",
            "caps": "5"
        }
    },
    "manager_career": {
        "Luino": "1946\u20131948",
        "Mortara": "1948\u20131949",
        "Monza": "1949\u20131953",
        "Torino": "1954\u20131956",
        "Internazionale": "1956\u20131957",
        "Genoa": "1960\u20131961",
        "Napoli": "1959",
        "Modena": "1962\u20131964",
        "Triestina": "1964\u20131965"
    },
    "birth_date": "1911-7-6",
    "medaltemplates": [
        "Competition: Summer Olympics"
    ]
}