{
    "name": "Ant\u00f3nio Oliveira",
    "fullname": "Ant\u00f3nio Lu\u00eds Alves Ribeiro de Oliveira",
    "birth_place": "Penafiel, Portugal",
    "height": "m=1.72",
    "position": "Attacking midfielder",
    "totalcaps": "306",
    "totalgoals": "110",
    "senior": {
        "Porto": {
            "years": "1980",
            "goals": "1",
            "caps": "12"
        },
        "Betis": {
            "years": "1979",
            "goals": "1",
            "caps": "10"
        },
        "Penafiel": {
            "years": "1980\u20131981",
            "goals": "10",
            "caps": "22"
        },
        "Sporting CP": {
            "years": "1981\u20131985",
            "goals": "27",
            "caps": "67"
        },
        "Mar\u00edtimo": {
            "years": "1985\u20131986",
            "goals": "0",
            "caps": "7"
        }
    },
    "national": {
        "Portugal": {
            "years": "1974\u20131983",
            "goals": "7",
            "caps": "24"
        }
    },
    "manager_career": {
        "Penafiel (player-coach)": "1980\u20131981",
        "Sporting CP (player-coach)": "1982\u20131983",
        "Mar\u00edtimo (player-coach)": "1985\u20131986",
        "Vit\u00f3ria Guimar\u00e3es": "1987\u20131988",
        "Acad\u00e9mica": "1988",
        "Gil Vicente": "1991\u20131992",
        "Braga": "1993\u20131994",
        "Portugal": "1994\u20131996",
        "Porto": "1996\u20131998",
        "Betis": "1998",
        "Portugal ": "2000\u20132002"
    },
    "youth_career": {
        "Porto": "1968\u20131971"
    },
    "birth_date": "1952-6-10"
}