{
    "name": "Antar Yahia",
    "fullname": "Anther Yahia",
    "birth_place": "Mulhouse, France",
    "height": "1.84 m",
    "position": "Centre-back",
    "totalcaps": "304",
    "totalgoals": "12",
    "senior": {
        "Inter Milan": {
            "years": "2000\u20132002",
            "goals": "0",
            "caps": "0"
        },
        "\u2192 Bastia (loan)": {
            "years": "2001\u20132002",
            "goals": "0",
            "caps": "6"
        },
        "Bastia": {
            "years": "2002\u20132005",
            "goals": "2",
            "caps": "72"
        },
        "Nice": {
            "years": "2005\u20132007",
            "goals": "0",
            "caps": "30"
        },
        "\u2192 VfL Bochum (loan)": {
            "years": "2006\u20132007",
            "goals": "1",
            "caps": "16"
        },
        "VfL Bochum": {
            "years": "2007\u20132011",
            "goals": "6",
            "caps": "103"
        },
        "VfL Bochum II": {
            "years": "2009\u20132010",
            "goals": "0",
            "caps": "2"
        },
        "Al Nassr": {
            "years": "2011\u20132012",
            "goals": "1",
            "caps": "13"
        },
        "Kaiserslautern": {
            "years": "2012\u20132013",
            "goals": "0",
            "caps": "13"
        },
        "Esp\u00e9rance": {
            "years": "2013",
            "goals": "0",
            "caps": "7"
        },
        "Platanias": {
            "years": "2014",
            "goals": "0",
            "caps": "11"
        },
        "Angers B": {
            "years": "2015\u20132016",
            "goals": "1",
            "caps": "10"
        },
        "\u2192 Orl\u00e9ans (loan)": {
            "years": "2016",
            "goals": "1",
            "caps": "14"
        },
        "Orl\u00e9ans": {
            "years": "2016\u20132017",
            "goals": "0",
            "caps": "7"
        }
    },
    "national": {
        "France U16": {
            "years": "1998",
            "goals": "0",
            "caps": "1"
        },
        "France U18": {
            "years": "2000",
            "goals": "0",
            "caps": "2"
        },
        "Algeria U23": {
            "years": "2004",
            "goals": "1",
            "caps": "1"
        },
        "Algeria": {
            "years": "2004\u20132012",
            "goals": "6",
            "caps": "53"
        }
    },
    "manager_career": {
        "Orl\u00e9ans (sporting director)": "2017\u20132019",
        "USM Alger (sporting director)": "2020\u20132021",
        "FC Spartak Moscow (director of academy) ": "2022"
    },
    "youth_career": {
        "Racing Club de Belfort": "1993\u20131996",
        "Sochaux": "1996\u20132000",
        "Inter Milan": "2000\u20132001"
    },
    "birth_date": "1982-3-21"
}