{
    "name": "Ante Kovacevic",
    "fullname": "Ante Kovacevic",
    "birth_place": "Melbourne, Australia",
    "height": "1.86",
    "position": "Central defender",
    "youthclubs1": "St Albans Saints",
    "pcupdate": "19 September 2015",
    "senior": {
        "St Albans Saints": {
            "years": "1992\u20131994",
            "goals": "3",
            "caps": "41"
        },
        "Melbourne Knights": {
            "years": "1994\u20132000",
            "goals": "14",
            "caps": "134"
        },
        "Green Gully Cavaliers": {
            "years": "1998",
            "goals": "4",
            "caps": "22"
        },
        "Adelaide City Force": {
            "years": "2000\u20132003",
            "goals": "7",
            "caps": "80"
        },
        "\u2192 Adelaide Raiders (loan)": {
            "years": "2001",
            "goals": "0",
            "caps": "6"
        },
        "South Melbourne": {
            "years": "2003\u20132004",
            "goals": "2",
            "caps": "26"
        },
        "Selangor FA": {
            "years": "2004\u20132005",
            "goals": "0",
            "caps": "32"
        },
        "Perth Glory": {
            "years": "2005\u20132007",
            "goals": "0",
            "caps": "32"
        },
        "Floreat Athena": {
            "years": "2007\u20132011",
            "goals": "?",
            "caps": "?"
        },
        "Canning City": {
            "years": "2012",
            "goals": "3",
            "caps": "?"
        }
    },
    "manager_career": {
        "Floreat Athena": "2011"
    },
    "birth_date": "1974-06-13"
}