{
    "name": "Ante Jazi\u0107",
    "birth_place": "Bedford, Nova Scotia, Canada",
    "height": "1.80 m",
    "position": "Left back",
    "totalcaps": "345",
    "totalgoals": "6",
    "senior": {
        "Hrvatski Dragovoljac": {
            "years": "1996\u20131999",
            "goals": "4",
            "caps": "54"
        },
        "Hajduk Split": {
            "years": "1999\u20132000",
            "goals": "1",
            "caps": "40"
        },
        "Rapid Vienna": {
            "years": "2001\u20132004",
            "goals": "1",
            "caps": "107"
        },
        "Kuban Krasnodar": {
            "years": "2004\u20132005",
            "goals": "0",
            "caps": "11"
        },
        "Los Angeles Galaxy": {
            "years": "2006\u20132008",
            "goals": "0",
            "caps": "44"
        },
        "Chivas USA": {
            "years": "2009\u20132012",
            "goals": "0",
            "caps": "89"
        }
    },
    "national": {
        "Canada": {
            "years": "1998\u20132012",
            "goals": "1",
            "caps": "36"
        }
    },
    "youth_career": {
        "Scotia Soccer Club": "1995",
        "Dalhousie Tigers": "1996"
    },
    "birth_date": "1976-2-26"
}