{
    "name": "Ante Razov",
    "birth_place": "Whittier, California, United States",
    "height": "ft=6",
    "position": "Forward",
    "currentclub": "Los Angeles FC (assistant)",
    "collegeyears1": "1992\u20131995",
    "college1": "UCLA Bruins",
    "clubs2": "\u2192 Sacramento (loan)",
    "totalcaps": "262",
    "totalgoals": "114",
    "senior": {
        "LA Galaxy": {
            "years": "1996\u20131997",
            "goals": "1",
            "caps": "6"
        },
        "Chicago Fire": {
            "years": "2001\u20132004",
            "goals": "34",
            "caps": "72"
        },
        "Racing Ferrol": {
            "years": "2000\u20132001",
            "goals": "7",
            "caps": "19"
        },
        "Columbus Crew": {
            "years": "2005",
            "goals": "1",
            "caps": "7"
        },
        "MetroStars": {
            "years": "2005",
            "goals": "6",
            "caps": "18"
        },
        "Chivas USA": {
            "years": "2006\u20132009",
            "goals": "30",
            "caps": "76"
        }
    },
    "national": {
        "United States": {
            "years": "1995\u20132007",
            "goals": "6",
            "caps": "25"
        }
    },
    "manager_career": {
        "Seattle Sounders FC (assistant)": "2015\u20132016",
        "LA Galaxy (assistant)": "2017",
        "Los Angeles FC (assistant)": "2018\u2013"
    },
    "birth_date": "1974-3-2",
    "medaltemplates": [
        "Sport: Men's Soccer"
    ]
}