{
    "name": "Ante Milicic",
    "fullname": "Anthony Josip Milicic",
    "birth_place": "Sydney, New South Wales, Australia",
    "height": "m=1.81",
    "position": "Forward",
    "youthclubs1": "Sydney United",
    "youthclubs2": "Hurstville ZFC",
    "years10": "2004\u20132005",
    "years13": "2008",
    "years14": "2009",
    "years15": "2010",
    "clubs10": "Sydney United",
    "clubs13": "Shahzan Muda",
    "clubs14": "Sydney United",
    "clubs15": "Dandenong City",
    "goals13": "10",
    "goals15": "7",
    "nationalteam1": "Australia U-20",
    "nationalteam2": "Australia U-23",
    "pcupdate": "2 December 2007",
    "senior": {
        "Sydney United": {
            "years": "2001\u20132002",
            "goals": "8",
            "caps": "14"
        },
        "Canberra Deakin": {
            "years": "1993",
            "goals": "6",
            "caps": "13"
        },
        "NAC Breda": {
            "years": "1997\u20131999",
            "goals": "10",
            "caps": "47"
        },
        "NK Rijeka": {
            "years": "1999\u20132001",
            "goals": "15",
            "caps": "51"
        },
        "Sydney Olympic": {
            "years": "2002\u20132003",
            "goals": "30",
            "caps": "39"
        },
        "Parramatta Power": {
            "years": "2003\u20132004",
            "goals": "20",
            "caps": "26"
        },
        "Pahang": {
            "years": "2004",
            "goals": "9",
            "caps": "11"
        },
        "Newcastle Jets": {
            "years": "2005\u20132006",
            "goals": "7",
            "caps": "20"
        },
        "Queensland Roar": {
            "years": "2006\u20132008",
            "goals": "4",
            "caps": "24"
        }
    },
    "national": {
        "Australia": {
            "years": "2002\u20132005",
            "goals": "5",
            "caps": "6"
        }
    },
    "manager_career": {
        "Sydney United": "2009",
        "Melbourne Heart (Assistant)": "2010\u20132012",
        "Western Sydney Wanderers (Assistant)": "2012\u20132014",
        "Australia (Assistant)": "2014\u20132018",
        "Australia U23": "2017\u20132018",
        "Australia U23 (Assistant)": "2018\u20132019",
        "Australia U20": "2018\u20132019",
        "Australia Women": "2019\u20132020",
        "Macarthur FC ": "2020\u20132022"
    },
    "youth_career": {
        "AIS": "1990\u20131991"
    },
    "birth_date": "1974-4-4"
}