{
    "name": "Anthony Barness",
    "fullname": "Anthony Barness last=Hugman",
    "birth_place": "Lewisham, London, England",
    "height": "ft=5",
    "position": "Defender",
    "totalcaps": "385",
    "totalgoals": "4",
    "club-update": "12:41, 23 October 2010 (UTC) ",
    "senior": {
        "Charlton Athletic": {
            "years": "1996\u20132000",
            "goals": "3",
            "caps": "93"
        },
        "Chelsea": {
            "years": "1992\u20131996",
            "goals": "0",
            "caps": "14"
        },
        "\u2192 Middlesbrough (loan)": {
            "years": "1993",
            "goals": "0",
            "caps": "0"
        },
        "\u2192 Southend United (loan)": {
            "years": "1996",
            "goals": "0",
            "caps": "5"
        },
        "Bolton Wanderers": {
            "years": "2000\u20132005",
            "goals": "0",
            "caps": "93"
        },
        "Plymouth Argyle": {
            "years": "2005\u20132007",
            "goals": "0",
            "caps": "37"
        },
        "\u2192 Grays Athletic (loan)": {
            "years": "2007",
            "goals": "0",
            "caps": "6"
        },
        "Lewes": {
            "years": "2007\u20132011",
            "goals": "0",
            "caps": "110"
        }
    },
    "birth_date": "1973-02-25"
}