{
    "name": "Anthony Vanden Borre",
    "fullname": "Anthony Henri Vanden Borre",
    "birth_place": "Likasi, Zaire",
    "height": "1.85 m",
    "position": "Right back / right winger",
    "totalcaps": "225",
    "totalgoals": "5",
    "senior": {
        "Anderlecht": {
            "years": "2020\u20132021",
            "goals": "0",
            "caps": "0"
        },
        "Fiorentina": {
            "years": "2007\u20132008",
            "goals": "0",
            "caps": "2"
        },
        "Genoa": {
            "years": "2008\u20132010",
            "goals": "0",
            "caps": "31"
        },
        "\u2192 Portsmouth (loan)": {
            "years": "2009\u20132010",
            "goals": "0",
            "caps": "19"
        },
        "Genk": {
            "years": "2010\u20132012",
            "goals": "1",
            "caps": "42"
        },
        "\u2192 Montpellier (loan)": {
            "years": "2016\u20132017",
            "goals": "0",
            "caps": "10"
        },
        "TP Mazembe": {
            "years": "2017",
            "goals": "0",
            "caps": "5"
        }
    },
    "national": {
        "Belgium U16": {
            "years": "2001\u20132003",
            "goals": "5",
            "caps": "19"
        },
        "Belgium U17": {
            "years": "2003\u20132004",
            "goals": "3",
            "caps": "12"
        },
        "Belgium U21": {
            "years": "2004\u20132008",
            "goals": "3",
            "caps": "11"
        },
        "Belgium": {
            "years": "2004\u20132014",
            "goals": "1 ",
            "caps": "28"
        }
    },
    "youth_career": {
        "Anderlecht": "1995\u20132003"
    },
    "birth_date": "1987-10-24"
}