{
    "name": "Anthony Costa",
    "fullname": "Anthony Costa",
    "birth_place": "Adelaide, Australia",
    "position": "Striker",
    "youthclubs1": "Adelaide City",
    "club-update": "10 October 2023",
    "nationalteam-update": "3 January 2014 ",
    "senior": {
        "Adelaide City": {
            "years": "2011\u20132019",
            "goals": "95",
            "caps": "166"
        },
        "Adelaide United": {
            "years": "2013\u20132015",
            "goals": "0",
            "caps": "2"
        },
        "Marconi Stallions": {
            "years": "2020\u20132021",
            "goals": "1",
            "caps": "13"
        },
        "Bonnyrigg White Eagles": {
            "years": "2021",
            "goals": "0",
            "caps": "6"
        },
        "Hakoah Sydney City East": {
            "years": "2022",
            "goals": "1",
            "caps": "16"
        }
    },
    "youth_career": {
        "Adelaide United": "2013\u20132014"
    },
    "birth_date": "1994-5-1"
}