{
    "name": "Anthony Danze",
    "fullname": "Anthony Danze",
    "birth_place": "Perth, Western Australia",
    "height": "1.86",
    "position": "Attacking midfielder, central midfielder",
    "youthclubs2": "Southampton",
    "years2": "2004",
    "years5": "2006",
    "years7": "2011",
    "clubs2": "Inglewood United",
    "clubs5": "Inglewood United",
    "clubs7": "Balcatta SC",
    "nationalyears4": "2004",
    "pcupdate": "16 April 2018",
    "ntupdate": "4 December 2007 ",
    "senior": {
        "Perth Glory": {
            "years": "2007",
            "goals": "0",
            "caps": "8"
        },
        "Crystal Palace": {
            "years": "2004\u20132006",
            "goals": "0",
            "caps": "0"
        },
        "\u2192 Milton Keynes Dons (loan)": {
            "years": "2004\u20132005",
            "goals": "0",
            "caps": "2"
        },
        "Perth SC": {
            "years": "2016",
            "goals": "0",
            "caps": "4"
        }
    },
    "national": {
        "Australia U17": {
            "years": "2000\u20132001",
            "goals": "5",
            "caps": "15"
        },
        "Australia U20": {
            "years": "2003",
            "goals": "3",
            "caps": "10"
        },
        "Australia U23": {
            "years": "2003",
            "goals": "0",
            "caps": "6"
        }
    },
    "youth_career": {
        "ECU Joondalup": "1999",
        "AIS": "2000\u20132001"
    },
    "birth_date": "1984-03-15"
}