{
    "name": "Anthony Gardner",
    "fullname": "Anthony Derek Gardner editor-first = Barry J. ",
    "birth_place": "Stafford, England title=The Anthony Gardner Interview ",
    "height": "ft=6",
    "position": "Centre back",
    "totalcaps": "285",
    "totalgoals": "7",
    "senior": {
        "Port Vale": {
            "years": "1998\u20132000",
            "goals": "4",
            "caps": "41"
        },
        "Tottenham Hotspur": {
            "years": "2000\u20132008",
            "goals": "2",
            "caps": "114"
        },
        "\u2192 Everton (loan)": {
            "years": "2008",
            "goals": "0",
            "caps": "0"
        },
        "\u2192 Hull City (loan)": {
            "years": "2008",
            "goals": "0",
            "caps": "0"
        },
        "Hull City": {
            "years": "2008\u20132011",
            "goals": "0",
            "caps": "32"
        },
        "\u2192 Crystal Palace (loan)": {
            "years": "2010\u20132011",
            "goals": "1",
            "caps": "28"
        },
        "Crystal Palace": {
            "years": "2011\u20132012",
            "goals": "0",
            "caps": "28"
        },
        "Sheffield Wednesday": {
            "years": "2012\u20132014",
            "goals": "0",
            "caps": "42"
        }
    },
    "national": {
        "England U21": {
            "years": "2001",
            "goals": "0",
            "caps": "1"
        },
        "England": {
            "years": "2004",
            "goals": "0 ",
            "caps": "1"
        }
    },
    "youth_career": {
        "Port Vale": "1997\u20131998"
    },
    "birth_date": "1980-9-19"
}