{
    "name": "Anthony Le Tallec",
    "birth_place": "Hennebont, France",
    "height": "1.85 m",
    "position": "Forward",
    "totalcaps": "478| totalgoals = 88",
    "senior": {
        "Liverpool": {
            "years": "2001\u20132008",
            "goals": "0",
            "caps": "17"
        },
        "\u2192 Le Havre (loan)": {
            "years": "2001\u20132003",
            "goals": "7",
            "caps": "54"
        },
        "\u2192 Saint-\u00c9tienne (loan)": {
            "years": "2005",
            "goals": "1",
            "caps": "7"
        },
        "\u2192 Sunderland (loan)": {
            "years": "2005\u20132006",
            "goals": "4",
            "caps": "27"
        },
        "\u2192 Sochaux (loan)": {
            "years": "2006\u20132007",
            "goals": "4",
            "caps": "25"
        },
        "\u2192 Le Mans (loan)": {
            "years": "2007\u20132008",
            "goals": "5",
            "caps": "26"
        },
        "Le Mans": {
            "years": "2008\u20132010",
            "goals": "14",
            "caps": "70"
        },
        "Auxerre": {
            "years": "2010\u20132012",
            "goals": "8",
            "caps": "52"
        },
        "Auxerre B": {
            "years": "2011\u20132012",
            "goals": "0",
            "caps": "2"
        },
        "Valenciennes": {
            "years": "2012\u20132015",
            "goals": "20",
            "caps": "71"
        },
        "Valenciennes B": {
            "years": "2014",
            "goals": "1",
            "caps": "2"
        },
        "Atromitos": {
            "years": "2015\u20132017",
            "goals": "13",
            "caps": "53"
        },
        "Astra Giurgiu": {
            "years": "2017",
            "goals": "1",
            "caps": "18"
        },
        "Orl\u00e9ans": {
            "years": "2018\u20132019",
            "goals": "8",
            "caps": "37"
        },
        "Annecy": {
            "years": "2019\u20132021",
            "goals": "2",
            "caps": "17"
        }
    },
    "national": {
        "France U17": {
            "years": "2001",
            "goals": "3",
            "caps": "6"
        },
        "France U21": {
            "years": "2005\u20132008",
            "goals": "5",
            "caps": "4"
        }
    },
    "youth_career": {
        "Le Havre": "1992\u20132001"
    },
    "birth_date": "1984-10-3"
}