{
    "name": "Anthony Pulis",
    "fullname": "Anthony James Pulis  last = Hugman",
    "birth_place": "Bristol, England",
    "height": "5 ft 10 in",
    "position": "Midfielder",
    "years12": "2012\u20132014",
    "clubs12": "Orlando City| caps12 = 44",
    "goals12": "4",
    "totalcaps": "90",
    "totalgoals": "5",
    "manageryears1": "managerclubs1= Orlando City B",
    "manageryears2": "managerclubs2= Saint Louis FC",
    "manageryears3": "2020 |managerclubs3= Inter Miami CF (assistant)",
    "manageryears4": "managerclubs4= Miami FC",
    "manageryears5": "2024\u2013 |managerclubs5= Real Salt Lake (assistant) ",
    "senior": {
        "Portsmouth": {
            "years": "2002\u20132004",
            "goals": "0",
            "caps": "0"
        },
        "Stoke City": {
            "years": "2004\u20132008",
            "goals": "0",
            "caps": "2"
        },
        "\u2192 Torquay United (loan)": {
            "years": "2004\u20132005",
            "goals": "0",
            "caps": "3"
        },
        "\u2192 Plymouth Argyle (loan)": {
            "years": "2006",
            "goals": "0",
            "caps": "5"
        },
        "\u2192 Grimsby Town (loan)": {
            "years": "2006\u20132007",
            "goals": "0",
            "caps": "9"
        },
        "\u2192 Bristol Rovers (loan)": {
            "years": "2008",
            "goals": "0",
            "caps": "1"
        },
        "Southampton": {
            "years": "2008\u20132011",
            "goals": "0",
            "caps": "0"
        },
        "\u2192 Lincoln City (loan)": {
            "years": "2009\u20132010",
            "goals": "0",
            "caps": "7"
        },
        "\u2192 Stockport County (loan)": {
            "years": "2010\u20132011",
            "goals": "1",
            "caps": "10"
        },
        "\u2192 Barnet (loan)": {
            "years": "2011",
            "goals": "0",
            "caps": "4"
        },
        "Aldershot Town": {
            "years": "2011\u20132012",
            "goals": "0",
            "caps": "5"
        }
    },
    "national": {
        "Wales U21": {
            "years": "2005",
            "goals": "0",
            "caps": "4"
        }
    },
    "youth_career": {
        "Portsmouth": "000?\u20132002"
    },
    "birth_date": "1984-7-21"
}