{
    "name": "Antonio Barrag\u00e1n",
    "full_name": "Antonio Juan Barrag\u00e1n Fern\u00e1ndez",
    "birth_place": "Pontedeume, Spain",
    "height": "1.82 m",
    "position": "Right-back",
    "totalcaps": "301",
    "totalgoals": "3",
    "senior": {
        "Liverpool": {
            "years": "2005\u20132006",
            "goals": "0",
            "caps": "0"
        },
        "Deportivo La Coru\u00f1a": {
            "years": "2006\u20132009",
            "goals": "2",
            "caps": "26"
        },
        "Valladolid": {
            "years": "2009\u20132011",
            "goals": "0",
            "caps": "41"
        },
        "Valencia": {
            "years": "2011\u20132016",
            "goals": "1",
            "caps": "110"
        },
        "Middlesbrough": {
            "years": "2016\u20132018",
            "goals": "0",
            "caps": "26"
        },
        "\u2192 Betis (loan)": {
            "years": "2017\u20132018",
            "goals": "0",
            "caps": "29"
        },
        "Betis": {
            "years": "2018\u20132020",
            "goals": "0",
            "caps": "26"
        },
        "Elche": {
            "years": "2020\u20132022",
            "goals": "0",
            "caps": "43"
        }
    },
    "national": {
        "Spain U17": {
            "years": "2005",
            "goals": "0",
            "caps": "4"
        },
        "Spain U19": {
            "years": "2005\u20132006",
            "goals": "0",
            "caps": "11"
        },
        "Spain U20": {
            "years": "2007",
            "goals": "0",
            "caps": "1"
        },
        "Spain U21": {
            "years": "2007",
            "goals": "0",
            "caps": "5"
        },
        "Galicia": {
            "years": "2006",
            "goals": "0",
            "caps": "1"
        }
    },
    "youth_career": {
        "Sevilla": "2002\u20132005"
    },
    "birth_date": "1987-6-12"
}