{
    "name": "Antonio Murray",
    "fullname": "Antonio James Murray",
    "birth_place": "Cambridge, England",
    "currentclub": "Rochedale Rovers",
    "position": "Striker",
    "youthclubs1": "Chelsea",
    "club-update": "11 November 2021 ",
    "senior": {
        "Ipswich Town": {
            "years": "2003\u20132005",
            "goals": "0",
            "caps": "1"
        },
        "Hibernian": {
            "years": "2005\u20132006",
            "goals": "0",
            "caps": "13"
        },
        "Histon": {
            "years": "2010\u20132011",
            "goals": "7",
            "caps": "16"
        },
        "Chelmsford City": {
            "years": "2009\u20132010",
            "goals": "3",
            "caps": "14"
        },
        "Cambridge United": {
            "years": "2010",
            "goals": "1",
            "caps": "12"
        },
        "Brisbane City": {
            "years": "2011\u20132016",
            "goals": "81",
            "caps": "90"
        },
        "Mitchelton FC": {
            "years": "2017\u20132018",
            "goals": "13",
            "caps": "23"
        },
        "Grange Thistle": {
            "years": "2019\u20132020",
            "goals": "3",
            "caps": "16"
        },
        "Wynnum District": {
            "years": "2021",
            "goals": "0",
            "caps": "3"
        },
        "Rochedale Rovers": {
            "years": "2021\u2013",
            "goals": "0",
            "caps": "5"
        }
    },
    "birth_date": "1984-09-15"
}