{
    "name": "Antonio Angelillo",
    "fullname": "Antonio Valent\u00edn Angelillo",
    "height": "1.78 m",
    "birth_place": "Buenos Aires, Argentina",
    "death_date": "df=yes",
    "death_place": "Siena, Italy",
    "position": "Inside forward, midfielder",
    "senior": {
        "Racing": {
            "years": "1955",
            "goals": "3",
            "caps": "9"
        },
        "Boca Juniors": {
            "years": "1956\u20131957",
            "goals": "16",
            "caps": "34"
        },
        "Internazionale": {
            "years": "1957\u20131961",
            "goals": "68",
            "caps": "113"
        },
        "Roma": {
            "years": "1961\u20131965",
            "goals": "27",
            "caps": "106"
        },
        "A.C. Milan": {
            "years": "1967\u20131968",
            "goals": "1",
            "caps": "3"
        },
        "Lecco": {
            "years": "1966\u20131967",
            "goals": "1",
            "caps": "12"
        },
        "Genoa": {
            "years": "1968\u20131969",
            "goals": "5",
            "caps": "22"
        },
        "Angelana": {
            "years": "1969\u20131971",
            "goals": "\u2013",
            "caps": "\u2013"
        }
    },
    "national": {
        "Argentina": {
            "years": "1955\u20131957",
            "goals": "11",
            "caps": "11"
        },
        "Italy": {
            "years": "1960\u20131962",
            "goals": "1",
            "caps": "2"
        }
    },
    "manager_career": {
        "Montevarchi": "1971\u20131972",
        "Chieti": "1972\u20131973",
        "Campobasso": "1973\u20131974",
        "Rimini": "1974\u20131975",
        "Brescia": "1975\u20131977",
        "Reggina": "1977\u20131978",
        "Pescara": "1978\u20131979",
        "Arezzo": "1988",
        "Avellino": "1988\u20131989",
        "Palermo": "1985",
        "Mantova": "1987",
        "AS FAR": "1988\u20131990",
        "Morocco": "1989\u20131990",
        "Torres": "1991\u20131992",
        "Provincial Osorno ": "1994"
    },
    "youth_career": {
        "Arsenal de Llavallol": "1952\u20131955"
    },
    "birth_date": "1937-9-13"
}