{
    "name": "Anton Ferdinand",
    "fullname": "Anton Julian Ferdinand",
    "birth_place": "Peckham, England",
    "height": "1.83",
    "position": "Centre back",
    "totalcaps": "381",
    "totalgoals": "7",
    "senior": {
        "West Ham United": {
            "years": "2003\u20132008",
            "goals": "5",
            "caps": "138"
        },
        "Sunderland": {
            "years": "2008\u20132011",
            "goals": "0",
            "caps": "85"
        },
        "Queens Park Rangers": {
            "years": "2011\u20132013",
            "goals": "0",
            "caps": "44"
        },
        "\u2192 Bursaspor (loan)": {
            "years": "2013",
            "goals": "0",
            "caps": "7"
        },
        "Antalyaspor": {
            "years": "2013\u20132014",
            "goals": "0",
            "caps": "3"
        },
        "Police United": {
            "years": "2014",
            "goals": "0",
            "caps": "0"
        },
        "Reading": {
            "years": "2014\u20132016",
            "goals": "0",
            "caps": "21"
        },
        "Southend United": {
            "years": "2016\u20132018",
            "goals": "2",
            "caps": "65"
        },
        "St Mirren": {
            "years": "2018\u20132019",
            "goals": "0",
            "caps": "18"
        }
    },
    "national": {
        "England U18": {
            "years": "2003",
            "goals": "0",
            "caps": "2"
        },
        "England U20": {
            "years": "2005",
            "goals": "0",
            "caps": "4"
        },
        "England U21": {
            "years": "2004\u20132007",
            "goals": "0",
            "caps": "17"
        }
    },
    "youth_career": {
        "West Ham United": "1994\u20132003"
    },
    "birth_date": "1985-2-18",
    "medaltemplates": [
        "Competition: UEFA European U-21 Championship"
    ]
}