{
    "name": "Antonio Mart\u00ednez",
    "fullname": "Antonio Mart\u00ednez",
    "height": "ft=5",
    "birth_place": "Jalisco, Mexico",
    "position": "Midfielder",
    "youthclubs1": "Cal State Fullerton",
    "senior": {
        "Dallas Burn": {
            "years": "2000\u20132003",
            "goals": "9",
            "caps": "65"
        },
        "\u2192 MLS Pro-40 (loan)": {
            "years": "2000",
            "goals": "1",
            "caps": "2"
        },
        "Los Angeles Galaxy": {
            "years": "2003",
            "goals": "1",
            "caps": "4"
        },
        "Salamanca": {
            "years": "2004",
            "goals": "0",
            "caps": "3"
        },
        "Necaxa": {
            "years": "2004",
            "goals": "0",
            "caps": "1"
        },
        "Chivas USA": {
            "years": "2005",
            "goals": "2",
            "caps": "25"
        }
    },
    "birth_date": "1977-7-09"
}