{
    "name": "Anton\u00edn Kinsk\u00fd",
    "fullname": "Anton\u00edn Kinsk\u00fd",
    "birth_place": "Prague, Czechoslovakia",
    "height": "1.87 m",
    "position": "Goalkeeper",
    "youthyears1": "1981\u20131984 |youthclubs1 = Dukla Prague",
    "youthyears2": "1985\u20131992 |youthclubs2 = Bohemians 1905",
    "youthyears3": "1993\u20131994 |youthclubs3 = Motorlet Prague",
    "youthyears4": "1994\u20131995 |youthclubs4 = EM\u011a M\u011bln\u00edk",
    "years1": "1995\u20131996 |clubs1 = FC P\u0159\u00edbram |caps1 = 30 |goals1 = 0",
    "years2": "1996\u20131998 |clubs2 = FC Dukla |caps2 = 42 |goals2 = 0",
    "years3": "1998\u20132003 |clubs3 = Slovan Liberec |caps3 = 115 |goals3 = 0",
    "years4": "2004\u20132010 |clubs4 = Saturn Ramenskoye |caps4 = 182 |goals4 = 0",
    "totalcaps": "369",
    "totalgoals": "0",
    "nationalyears1": "1992 |nationalteam1 = Czechoslovakia U17 |nationalcaps1 = 2 |nationalgoals1 = 0",
    "nationalyears2": "1997 |nationalteam2 = Czech Republic U21 |nationalcaps2 = 3 |nationalgoals2 = 0",
    "nationalyears3": "2002\u20132004 |nationalteam3 = Czech Republic |nationalcaps3 = 5 |nationalgoals3 = 0",
    "nationalyears4": "2006 |nationalteam4 = Czech Republic A2 |nationalcaps4 = 1 |nationalgoals4 = 0",
    "birth_date": "1975-5-31"
}