{
    "name": "Antonis Nikopolidis",
    "fullname": "Antonios Nikopolidis",
    "birth_place": "Arta, Greece",
    "height": "1.87 m",
    "position": "Goalkeeper",
    "totalcaps": "418",
    "totalgoals": "0",
    "senior": {
        "Anagennisi Arta": {
            "years": "1987\u20131989",
            "goals": "0",
            "caps": "49"
        },
        "Panathinaikos": {
            "years": "1989\u20132004",
            "goals": "0",
            "caps": "189"
        },
        "Olympiacos": {
            "years": "2004\u20132011",
            "goals": "0",
            "caps": "180"
        }
    },
    "national": {
        "Greece": {
            "years": "1999\u20132008",
            "goals": "0",
            "caps": "90"
        }
    },
    "manager_career": {
        "Olympiacos (assistant)": "2014\u20132015",
        "Olympiacos (caretaker)": "2013",
        "Greece U21": "2015\u20132019",
        "Olympiacos U19": "2019\u20132020",
        "Proodeftiki": "2022\u20132023"
    },
    "youth_career": {
        "Anagennisi Arta": "1985\u20131989"
    },
    "birth_date": "1971-01-14"
}