{
    "name": "Anton\u00edn Pu\u010d",
    "birth_place": "Jinonice, Austria-Hungary",
    "death_date": "df=y",
    "death_place": "Prague, Czechoslovakia",
    "position": "Winger, Striker",
    "years1": "1925",
    "clubs1": "SK Sm\u00edchov",
    "years4": "1940\u20131941",
    "clubs4": "SK Sm\u00edchov",
    "totalcaps": "166",
    "totalgoals": "123",
    "senior": {
        "Slavia Prague": {
            "years": "1925\u20131938",
            "goals": "112",
            "caps": "146"
        },
        "Viktoria \u017di\u017ekov": {
            "years": "1938\u20131940",
            "goals": "11",
            "caps": "20"
        }
    },
    "national": {
        "Czechoslovakia": {
            "years": "1926\u20131938 title=Antonin Puc \u2013 Goals in International Matches ",
            "goals": "34",
            "caps": "60"
        },
        "Bohemia and Moravia": {
            "years": "1939",
            "goals": "1",
            "caps": "1"
        }
    },
    "manager_career": {
        "SK Nusle": "1943\u20131944",
        "\u010cechie Karl\u00edn": "1945\u20131946"
    },
    "youth_career": {
        "\u010cechie Sm\u00edchov": "1913\u20131920",
        "SK Sm\u00edchov": "1920\u20131925"
    },
    "birth_date": "1907-5-16",
    "medaltemplates": [
        "Country: {{TCH}}",
        "Sport: Men's Football",
        "Competition: FIFA World Cup"
    ]
}