{
    "name": "Antoine Sibierski",
    "birth_place": "Lille, France",
    "height": "1.87 m",
    "position": "Midfielder",
    "totalcaps": "519",
    "totalgoals": "107",
    "senior": {
        "Lille": {
            "years": "1992\u20131996",
            "goals": "17",
            "caps": "89"
        },
        "Auxerre": {
            "years": "1996\u20131998",
            "goals": "8",
            "caps": "58"
        },
        "Nantes": {
            "years": "1998\u20132000",
            "goals": "27",
            "caps": "68"
        },
        "Lens": {
            "years": "2000\u20132003",
            "goals": "25",
            "caps": "107"
        },
        "Manchester City": {
            "years": "2003\u20132006",
            "goals": "15",
            "caps": "107"
        },
        "Newcastle United": {
            "years": "2006\u20132007",
            "goals": "8",
            "caps": "39"
        },
        "Wigan Athletic": {
            "years": "2007\u20132009",
            "goals": "5",
            "caps": "35"
        },
        "\u2192 Norwich City (loan)": {
            "years": "2008",
            "goals": "2",
            "caps": "16"
        }
    },
    "national": {
        "France Olympic": {
            "years": "1996",
            "goals": "1 ",
            "caps": "3"
        }
    },
    "birth_date": "1974-8-5"
}