{
    "name": "Antonio Cassano",
    "fullname": "Antonio Cassano",
    "birth_place": "Bari, Italy",
    "height": "1.75 m",
    "position": "Forward",
    "totalcaps": "419",
    "totalgoals": "115",
    "nationalyears4": "2000",
    "nationalteam4": "Italy U20",
    "nationalcaps4": "8 |nationalgoals4   = 2",
    "nationalyears5": "2000\u20132002",
    "nationalteam5": "Italy U21",
    "nationalcaps5": "9 |nationalgoals5   = 3",
    "nationalyears6": "2003\u20132014",
    "nationalteam6": "Italy",
    "nationalcaps6": "39 |nationalgoals6   = 10 ",
    "senior": {
        "Bari": {
            "years": "1999\u20132001",
            "goals": "6",
            "caps": "48"
        },
        "Roma": {
            "years": "2001\u20132006",
            "goals": "39",
            "caps": "118"
        },
        "Real Madrid": {
            "years": "2006\u20132008",
            "goals": "2",
            "caps": "19"
        },
        "\u2192 Sampdoria (loan)": {
            "years": "2007\u20132008",
            "goals": "10",
            "caps": "22"
        },
        "Sampdoria": {
            "years": "2015\u20132017",
            "goals": "2",
            "caps": "24"
        },
        "AC Milan": {
            "years": "2011\u20132012",
            "goals": "7",
            "caps": "33"
        },
        "Inter Milan": {
            "years": "2012\u20132013",
            "goals": "7",
            "caps": "28"
        },
        "Parma": {
            "years": "2013\u20132015",
            "goals": "17",
            "caps": "53"
        },
        "Verona": {
            "years": "2017",
            "goals": "0",
            "caps": "0"
        }
    },
    "national": {
        "Italy U15": {
            "years": "1998",
            "goals": "2",
            "caps": "9"
        },
        "Italy U16": {
            "years": "1998",
            "goals": "0",
            "caps": "2"
        },
        "Italy U18": {
            "years": "1999",
            "goals": "0",
            "caps": "2"
        }
    },
    "youth_career": {
        "Bari": "1997\u20131998"
    },
    "birth_date": "1982-7-12"
}