{
    "name": "Antonio N\u00fa\u00f1ez",
    "full_name": "Antonio N\u00fa\u00f1ez Tena AS.com",
    "birth_place": "Madrid, Spain",
    "height": "m=1.83",
    "position": "Midfielder",
    "years1": "1998\u20131999",
    "years2": "1999\u20132001",
    "clubs1": "San Federico",
    "clubs2": "Las Rozas",
    "totalcaps": "497",
    "totalgoals": "48",
    "senior": {
        "Real Madrid B": {
            "years": "2001\u20132003",
            "goals": "12",
            "caps": "64"
        },
        "Real Madrid": {
            "years": "2003\u20132004",
            "goals": "1",
            "caps": "11"
        },
        "Liverpool": {
            "years": "2004\u20132005",
            "goals": "0",
            "caps": "18"
        },
        "Celta": {
            "years": "2005\u20132008",
            "goals": "7",
            "caps": "96"
        },
        "Murcia": {
            "years": "2008\u20132009",
            "goals": "1",
            "caps": "35"
        },
        "Apollon Limassol": {
            "years": "2009\u20132012",
            "goals": "7",
            "caps": "60"
        },
        "Huesca": {
            "years": "2012\u20132013",
            "goals": "6",
            "caps": "55"
        },
        "Deportivo La Coru\u00f1a": {
            "years": "2013\u20132014",
            "goals": "0",
            "caps": "22"
        },
        "Recreativo": {
            "years": "2014\u20132018",
            "goals": "14",
            "caps": "136"
        }
    },
    "birth_date": "1979-1-15"
}