{
    "fullname": "Anthony Gerard Patrick Rogan",
    "birth_place": "Belfast, Northern Ireland",
    "height": "m=1.80",
    "position": "Defender",
    "youthclubs1": "Red Star",
    "youthclubs2": "St Oliver Plunkett FC",
    "clubs1": "Distillery",
    "senior": {
        "Celtic": {
            "years": "1986\u20131991",
            "goals": "3",
            "caps": "127"
        },
        "Sunderland": {
            "years": "1991\u20131993",
            "goals": "1",
            "caps": "46"
        },
        "Oxford United": {
            "years": "1993\u20131995",
            "goals": "3",
            "caps": "58"
        },
        "Millwall": {
            "years": "1995\u20131997",
            "goals": "8",
            "caps": "36"
        },
        "Blackpool": {
            "years": "1997\u20131999",
            "goals": "0",
            "caps": "15"
        }
    },
    "national": {
        "Northern Ireland": {
            "years": "1987\u20131996",
            "goals": "0 ",
            "caps": "18"
        }
    },
    "birth_date": "1966-3-25"
}