{
    "name": "Anton\u00edn Panenka",
    "fullname": "Anton\u00edn Panenka",
    "height": "1.78",
    "birth_place": "Prague, Czechoslovakia",
    "position": "Attacking midfielder",
    "currentclub": "Bohemians Prague (chairman)",
    "years3": "1985\u20131987",
    "years4": "1987\u20131989",
    "years5": "1989\u20131991",
    "years6": "1991\u20131993",
    "clubs3": "VSE St. P\u00f6lten",
    "clubs4": "SK Slovan Wien",
    "clubs5": "ASV Hohenau",
    "clubs6": "Kleinwiesendorf",
    "totalcaps": "357",
    "totalgoals": "139",
    "senior": {
        "Bohemians Prague": {
            "years": "1967\u20131981",
            "goals": "76",
            "caps": "230"
        },
        "Rapid Wien": {
            "years": "1981\u20131985",
            "goals": "63",
            "caps": "127"
        }
    },
    "national": {
        "Czechoslovakia": {
            "years": "1973\u20131982",
            "goals": "17",
            "caps": "59"
        }
    },
    "youth_career": {
        "Bohemians Prague": "1958\u20131967"
    },
    "birth_date": "1948-12-2",
    "medaltemplates": [
        "Country: {{Czechoslovakia}}",
        "Competition: UEFA European Championship"
    ]
}