{
    "name": "Antony de \u00c1vila",
    "fullname": "Antony William de \u00c1vila Charris",
    "height": "1.60",
    "birth_place": "Santa Marta, Colombia",
    "position": "Striker",
    "years3": "1988\u20131996",
    "clubs3": "Am\u00e9rica de Cali",
    "caps3": "(see above)",
    "senior": {
        "Am\u00e9rica de Cali": {
            "years": "2009",
            "goals": "2",
            "caps": "9"
        },
        "Uni\u00f3n de Santa Fe": {
            "years": "1987\u20131988",
            "goals": "17",
            "caps": "37"
        },
        "MetroStars": {
            "years": "1996\u20131997",
            "goals": "15",
            "caps": "31"
        },
        "Barcelona SC": {
            "years": "1997\u20131999",
            "goals": "27",
            "caps": "52"
        }
    },
    "national": {
        "Colombia": {
            "years": "1983\u20131998",
            "goals": "13",
            "caps": "54"
        }
    },
    "birth_date": "1962-12-21"
}