{
    "name": "Antonio Carbajal",
    "fullname": "Antonio F\u00e9lix Carbajal Rodr\u00edguez",
    "birth_place": "Mexico City, Mexico",
    "death_date": "2023",
    "death_place": "Le\u00f3n, Guanajuato, Mexico",
    "height": "1.81 m",
    "position": "Goalkeeper",
    "totalcaps": "409",
    "totalgoals": "0",
    "senior": {
        "Club Espa\u00f1a": {
            "years": "1948\u20131950",
            "goals": "0",
            "caps": "45"
        },
        "Le\u00f3n": {
            "years": "1950\u20131966",
            "goals": "0",
            "caps": "364"
        }
    },
    "national": {
        "Mexico": {
            "years": "1950\u20131966",
            "goals": "0",
            "caps": "48"
        }
    },
    "manager_career": {
        "Le\u00f3n": "1978\u20131979",
        "Uni\u00f3n de Curtidores": "1974\u20131977",
        "Mexico (assistant coach)": "1979\u20131981",
        "Atletas Campesinos": "1980",
        "Atl\u00e9tico Morelia ": "1985\u20131995"
    },
    "birth_date": "1929-6-7"
}