{
    "name": "Antti Sumiala",
    "fullname": "Antti Markus Sumiala",
    "birth_place": "Pori, Finland",
    "height": "m=1.84",
    "position": "Forward",
    "totalcaps": "452",
    "totalgoals": "179",
    "senior": {
        "PPT": {
            "years": "1989\u20131991",
            "goals": "7",
            "caps": "24"
        },
        "FC Jazz": {
            "years": "2001",
            "goals": "8",
            "caps": "14"
        },
        "Ikast FS": {
            "years": "1994",
            "goals": "4",
            "caps": "14"
        },
        "FC Emmen": {
            "years": "1994\u20131995",
            "goals": "9",
            "caps": "17"
        },
        "NEC Nijmegen": {
            "years": "1995\u20131997",
            "goals": "17",
            "caps": "66"
        },
        "FC Twente": {
            "years": "1997\u20131999",
            "goals": "6",
            "caps": "32"
        },
        "FC Jokerit": {
            "years": "1999\u20132000",
            "goals": "16",
            "caps": "52"
        },
        "SSV Reutlingen": {
            "years": "2000\u20132001",
            "goals": "2",
            "caps": "13"
        },
        "Yimpa\u015f Yozgatspor": {
            "years": "2001\u20132002",
            "goals": "6",
            "caps": "15"
        },
        "IFK Norrk\u00f6ping": {
            "years": "2002\u20132003",
            "goals": "20",
            "caps": "33"
        },
        "Ak\u00e7aabat Sebatspor": {
            "years": "2003\u20132004",
            "goals": "1",
            "caps": "13"
        },
        "FC Vaduz": {
            "years": "2004\u20132005",
            "goals": "9",
            "caps": "27"
        },
        "Kansas City Wizards": {
            "years": "2005",
            "goals": "0",
            "caps": "2"
        },
        "PoPa": {
            "years": "2006\u20132010",
            "goals": "54",
            "caps": "100"
        },
        "MuSa": {
            "years": "2010",
            "goals": "0",
            "caps": "1"
        }
    },
    "national": {
        "Finland": {
            "years": "1992\u20132004",
            "goals": "9 ",
            "caps": "36"
        }
    },
    "birth_date": "1974-2-20"
}