{
    "name": "Antti Niemi",
    "fullname": "Antti Mikko Niemi",
    "birth_place": "Oulu, Finland",
    "height": "1.85 m",
    "position": "Goalkeeper",
    "currentclub": "Finland (goalkeeping coach)",
    "totalcaps": "418",
    "totalgoals": "0",
    "senior": {
        "OLS": {
            "years": "1989",
            "goals": "0",
            "caps": "15"
        },
        "Rauman Pallo": {
            "years": "1990",
            "goals": "0",
            "caps": "15"
        },
        "HJK": {
            "years": "1991\u20131995",
            "goals": "0",
            "caps": "101"
        },
        "FC Copenhagen": {
            "years": "1995\u20131997",
            "goals": "0",
            "caps": "47"
        },
        "Rangers": {
            "years": "1997\u20131999",
            "goals": "0",
            "caps": "13"
        },
        "\u2192 Charlton Athletic (loan)": {
            "years": "1999",
            "goals": "0",
            "caps": "0"
        },
        "Heart of Midlothian": {
            "years": "1999\u20132002",
            "goals": "0",
            "caps": "89"
        },
        "Southampton": {
            "years": "2002\u20132006",
            "goals": "0",
            "caps": "106"
        },
        "Fulham": {
            "years": "2006\u20132008",
            "goals": "0",
            "caps": "62"
        },
        "Portsmouth": {
            "years": "2009\u20132010",
            "goals": "0",
            "caps": "0"
        }
    },
    "national": {
        "Finland": {
            "years": "1992\u20132007",
            "goals": "0 ",
            "caps": "67"
        }
    },
    "manager_career": {
        "Finland (goalkeeping coach)": "2010\u2013",
        "HJK (goalkeeping coach) https://www.hjk.fi/artikkelit/miehet/antti-niemi-maalivahtivalmentajaksi/ Antti Niemi maalivahtivalmentajaksi, hjk.fi, 3 January 2013": "2013",
        "Honka (goalkeeping coach)": "2014",
        "Brighton & Hove Albion (goalkeeping coach)": "2014\u20132015",
        "HIFK (goalkeeping coach) https://hifkfotboll.fi/en/2021/01/antti-niemi-joins-hifk-first-team-staff/ Antti Niemi joins HIFK first team staff, hifkfotboll.fi, 26 January 2021": "2021"
    },
    "birth_date": "1972-5-31"
}