{
    "name": "April Heinrichs",
    "fullname": "April Dawn Heinrichs",
    "birth_place": "Denver, Colorado, U.S.",
    "height": "5",
    "position": "Forward",
    "collegeyears1": "1983\u20131986",
    "college1": "North Carolina Tar Heels",
    "years1": "1987",
    "clubs1": "FCF Juventus",
    "years2": "1988\u20131989",
    "clubs2": "Prato Wonder",
    "national": {
        "United States": {
            "years": "1986\u20131991",
            "goals": "37",
            "caps": "47"
        }
    },
    "manager_career": {
        "Princeton University": "1990",
        "University of Maryland": "1991\u20131995",
        "University of Virginia": "1996\u20131999",
        "United States ''(assistant)''": "1995\u20132000",
        "United States": "2000\u20132005",
        "UC Irvine": "2006",
        "USSF Technical Director ": "2011\u20132012"
    },
    "birth_date": "1964-2-27"
}