{
    "name": "Arash Borhani",
    "full_name": "Arash Borhani",
    "birth_place": "Kerman, Iran",
    "height": "m=1.75",
    "position": "Striker",
    "currentclub": "Shahrdari astara fc",
    "totalcaps": "346",
    "totalgoals": "228",
    "senior": {
        "PAS Tehran": {
            "years": "2002\u20132006",
            "goals": "33",
            "caps": "94"
        },
        "Al Nasr Dubai SC": {
            "years": "2006\u20132007",
            "goals": "1",
            "caps": "7"
        },
        "\u2192 PAS Tehran (loan)": {
            "years": "2007",
            "goals": "2",
            "caps": "11"
        },
        "Esteghlal": {
            "years": "2007\u20132016",
            "goals": "143",
            "caps": "229"
        },
        "Paykan Tehran": {
            "years": "2016\u20132017",
            "goals": "0",
            "caps": "5"
        }
    },
    "national": {
        "Iran U23": {
            "years": "2003\u20132006",
            "goals": "12",
            "caps": "16"
        },
        "Iran": {
            "years": "2003\u20132010",
            "goals": "10",
            "caps": "37"
        }
    },
    "manager_career": {
        "Esteghlal (youth)": "2018\u20132020",
        "Esteghlal (assistant)": "2020\u2013",
        "Esteghlal Youth": "2020\u2013"
    },
    "youth_career": {
        "Kerman FC": "1997\u20132001",
        "PAS Tehran": "2001\u20132002"
    },
    "birth_date": "1983-9-14",
    "medaltemplates": [
        "Country: {{IRN}}",
        "Sport: Men's Football",
        "Competition: West Asian Games",
        "Bronze Medal: 2006 Qatar Team Competition"
    ]
}