{
    "name": "Archie Hunter",
    "fullname": "Archibald Hunter",
    "birth_place": "Joppa, Ayrshire, Scotland",
    "death_date": "df=y",
    "death_place": "Aston, Birmingham, England",
    "position": "Forward",
    "years1": "1877-1878",
    "clubs1": "Ayr Thistle",
    "years2": "1878",
    "clubs2": "Third Lanark",
    "senior": {
        "Aston Villa": {
            "years": "1878\u20131890",
            "goals": "8 ",
            "caps": "32"
        }
    },
    "birth_date": "1859-9-23"
}