{
    "name": "Archie Thompson",
    "fullname": "Archie Gerald Thompson",
    "birth_place": "\u014ctorohanga, New Zealand",
    "height": "1.74",
    "access-date": "17 January 2014",
    "archive-date": "16 October 2013",
    "archive-url": "https://web.archive.org/web/20131016054744/http://www.footballaustralia.com.au/socceroos/players/Archibald-Thompson/17",
    "position": "Striker / Winger",
    "youthclubs1": "Lithgow Rangers",
    "youthclubs2": "Twin City Wanderers",
    "totalcaps": "482",
    "totalgoals": "179",
    "senior": {
        "Bathurst '75": {
            "years": "1995\u20131996",
            "goals": "9",
            "caps": "16"
        },
        "Gippsland Falcons": {
            "years": "1996\u20131999",
            "goals": "10",
            "caps": "43"
        },
        "Carlton SC": {
            "years": "1999\u20132000",
            "goals": "23",
            "caps": "53"
        },
        "Marconi Stallions": {
            "years": "2001",
            "goals": "6",
            "caps": "13"
        },
        "Lierse": {
            "years": "2001\u20132005",
            "goals": "28",
            "caps": "90"
        },
        "Melbourne Victory": {
            "years": "2005\u20132016",
            "goals": "90",
            "caps": "224"
        },
        "\u2192 PSV (loan)": {
            "years": "2006",
            "goals": "0",
            "caps": "2"
        },
        "Heidelberg United": {
            "years": "2016",
            "goals": "0",
            "caps": "2"
        },
        "Murray United": {
            "years": "2017\u20132019",
            "goals": "12",
            "caps": "38"
        },
        "Racing Murcia": {
            "years": "2019",
            "goals": "1",
            "caps": "1"
        },
        "Essendon Royals": {
            "years": "2020",
            "goals": "0",
            "caps": "0"
        }
    },
    "national": {
        "Australia U-23": {
            "years": "1998\u20132001",
            "goals": "1",
            "caps": "8"
        },
        "Australia Olympic (O.P.)": {
            "years": "2008",
            "goals": "0",
            "caps": "2"
        },
        "Australia": {
            "years": "2001\u20132013",
            "goals": "28",
            "caps": "54"
        }
    },
    "youth_career": {
        "NSWIS": "1994\u20131995"
    },
    "birth_date": "1978-10-23",
    "medaltemplates": [
        "Sport: Men's football",
        "Country: {{AUS}}",
        "Competition: OFC Nations Cup"
    ]
}