{
    "name": "Archie Gemmill",
    "fullname": "Archibald Gemmill 7138",
    "birth_place": "Paisley,  Scotland",
    "height": "m=1.65",
    "position": "Midfielder",
    "totalcaps": "686",
    "totalgoals": "65",
    "senior": {
        "St Mirren": {
            "years": "1964\u20131967",
            "goals": "9",
            "caps": "65"
        },
        "Preston North End": {
            "years": "1967\u20131970",
            "goals": "13",
            "caps": "99"
        },
        "Derby County": {
            "years": "1982\u20131984",
            "goals": "8",
            "caps": "63"
        },
        "Nottingham Forest": {
            "years": "1977\u20131979",
            "goals": "4",
            "caps": "58"
        },
        "Birmingham City": {
            "years": "1979\u20131982",
            "goals": "12",
            "caps": "97"
        },
        "Jacksonville Tea Men": {
            "years": "1982",
            "goals": "2",
            "caps": "32"
        },
        "Wigan Athletic": {
            "years": "1982",
            "goals": "0",
            "caps": "11"
        }
    },
    "national": {
        "Scotland": {
            "years": "1971\u20131981",
            "goals": "8",
            "caps": "43"
        }
    },
    "manager_career": {
        "Rotherham United": "1994\u20131996",
        "Scotland U19 ": "2005\u20132009"
    },
    "birth_date": "1947-3-24"
}