{
    "name": "Arda Turan",
    "full_name": "Arda Turan",
    "access-date": "26 September 2017",
    "birth_place": "Fatih, Istanbul, Turkey",
    "height": "1.77 m",
    "position": "Midfielder",
    "currentclub": "Ey\u00fcpspor (manager)",
    "totalcaps": "384",
    "totalgoals": "55",
    "senior": {
        "Galatasaray": {
            "years": "2020\u20132022",
            "goals": "4",
            "caps": "39"
        },
        "\u2192 Manisaspor (loan)": {
            "years": "2006",
            "goals": "2",
            "caps": "15"
        },
        "Atl\u00e9tico Madrid": {
            "years": "2011\u20132015",
            "goals": "13",
            "caps": "127"
        },
        "Barcelona": {
            "years": "2015\u20132020",
            "goals": "5",
            "caps": "36"
        },
        "\u2192 Istanbul Ba\u015fak\u015fehir (loan)": {
            "years": "2018\u20132020",
            "goals": "2",
            "caps": "37"
        }
    },
    "national": {
        "Turkey U16": {
            "years": "2002",
            "goals": "2",
            "caps": "10"
        },
        "Turkey U17": {
            "years": "2003\u20132004",
            "goals": "3",
            "caps": "30"
        },
        "Turkey U18": {
            "years": "2003\u20132005",
            "goals": "2",
            "caps": "11"
        },
        "Turkey U19": {
            "years": "2004\u20132006",
            "goals": "6",
            "caps": "17"
        },
        "Turkey U20": {
            "years": "2005",
            "goals": "0",
            "caps": "2"
        },
        "Turkey U21": {
            "years": "2006",
            "goals": "0",
            "caps": "2"
        },
        "Turkey": {
            "years": "2006\u20132017",
            "goals": "17",
            "caps": "100"
        }
    },
    "manager_career": {
        "Ey\u00fcpspor": "2023\u2013"
    },
    "youth_career": {
        "Alt\u0131ntepsi Makelspor": "1999\u20132000",
        "Galatasaray": "2000\u20132005"
    },
    "birth_date": "1987-1-30"
}