{
    "name": "Ardian Gashi",
    "birth_place": "\u0110akovica, Kosovo, SFR Yugoslavia , (now Gjakova, Kosovo)",
    "height": "1.72 m",
    "position": "Midfielder",
    "youthclubs1": "KIL/Hemne",
    "totalcaps": "367",
    "totalgoals": "38",
    "senior": {
        "Molde": {
            "years": "2001",
            "goals": "0",
            "caps": "4"
        },
        "\u00d8rn-Horten": {
            "years": "2017\u20132018",
            "goals": "0",
            "caps": "13"
        },
        "V\u00e5lerenga (loan)": {
            "years": "2003",
            "goals": "1",
            "caps": "14"
        },
        "V\u00e5lerenga": {
            "years": "2004\u20132006",
            "goals": "10",
            "caps": "62"
        },
        "Brann": {
            "years": "2006\u20132007",
            "goals": "0",
            "caps": "18"
        },
        "Fredrikstad": {
            "years": "2007\u20132009",
            "goals": "10",
            "caps": "64"
        },
        "Helsingborg": {
            "years": "2010\u20132014",
            "goals": "8",
            "caps": "124"
        },
        "Odd": {
            "years": "2014\u20132017",
            "goals": "0",
            "caps": "29"
        }
    },
    "national": {
        "Norway U21": {
            "years": "2002\u20132003",
            "goals": "2",
            "caps": "18"
        },
        "Norway": {
            "years": "2004\u20132013",
            "goals": "0",
            "caps": "14"
        },
        "Kosovo": {
            "years": "2014",
            "goals": "0 ",
            "caps": "2"
        }
    },
    "birth_date": "1981-6-20"
}