{
    "name": "Ari Hjelm",
    "fullname": "Ari Juhani Hjelm",
    "birth_place": "Tampere, Finland",
    "height": "1.81 m",
    "currentclub": "Tampere United (manager)",
    "position": "Forward",
    "totalcaps": "397",
    "totalgoals": "160",
    "senior": {
        "FC Ilves": {
            "years": "1994",
            "goals": "6",
            "caps": "18"
        },
        "Stuttgarter Kickers": {
            "years": "1988\u20131990",
            "goals": "10",
            "caps": "55"
        },
        "FC St. Pauli": {
            "years": "1993\u20131994",
            "goals": "3",
            "caps": "27"
        },
        "HJK Helsinki": {
            "years": "1995\u20131996",
            "goals": "12",
            "caps": "31"
        }
    },
    "national": {
        "Finland": {
            "years": "1983\u20131996",
            "goals": "20",
            "caps": "100"
        }
    },
    "manager_career": {
        "Tampere United ": "2001\u20132010"
    },
    "birth_date": "1962-2-24"
}