{
    "name": "Arie van Lent",
    "birth_place": "Opheusden, Netherlands",
    "height": "1.90 m",
    "position": "Striker",
    "totalcaps": "436",
    "totalgoals": "199",
    "senior": {
        "Werder Bremen (A)": {
            "years": "1989\u20131998",
            "goals": "101",
            "caps": "162"
        },
        "Werder Bremen": {
            "years": "1990\u20131998",
            "goals": "6",
            "caps": "32"
        },
        "\u2192 VfB Oldenburg (loan)": {
            "years": "1992\u20131993",
            "goals": "0",
            "caps": "1"
        },
        "Greuther F\u00fcrth": {
            "years": "1998\u20131999",
            "goals": "16",
            "caps": "34"
        },
        "Borussia M\u00f6nchengladbach": {
            "years": "1999\u20132004",
            "goals": "54",
            "caps": "145"
        },
        "Eintracht Frankfurt": {
            "years": "2004\u20132006",
            "goals": "16",
            "caps": "43"
        },
        "Rot-Weiss Essen": {
            "years": "2006",
            "goals": "6",
            "caps": "19"
        }
    },
    "manager_career": {
        "1. FC Kleve": "2007\u20132009",
        "Rot Weiss Ahlen": "2010\u20132011",
        "Kickers Offenbach": "2011\u20132013",
        "Borussia M\u00f6nchengladbach II": "2015\u20132020",
        "SpVgg Unterhaching ": "2020\u20132021"
    },
    "youth_career": {
        "Sparta 57 Opheusden": "1984\u20131989"
    },
    "birth_date": "1970-8-31"
}