{
    "name": "Ariel Ortega",
    "upright": "0.9",
    "fullname": "Ariel Arnaldo Ortega",
    "birth_place": "Ledesma, Jujuy, Argentina",
    "height": "m=1.70",
    "position": "Attacking midfielder, winger",
    "totalcaps": "480",
    "totalgoals": "109",
    "senior": {
        "River Plate": {
            "years": "2006\u20132012",
            "goals": "12",
            "caps": "82"
        },
        "Valencia": {
            "years": "1997\u20131998",
            "goals": "9",
            "caps": "32"
        },
        "Sampdoria": {
            "years": "1998\u20131999",
            "goals": "8",
            "caps": "27"
        },
        "Parma": {
            "years": "1999\u20132000",
            "goals": "3",
            "caps": "18"
        },
        "Fenerbah\u00e7e": {
            "years": "2002\u20132003",
            "goals": "5",
            "caps": "14"
        },
        "Newell's Old Boys": {
            "years": "2004\u20132006",
            "goals": "11",
            "caps": "53"
        },
        "\u2192 Independiente (Riv) (loan)": {
            "years": "2008\u20132009",
            "goals": "4",
            "caps": "25"
        },
        "\u2192 All Boys (loan)": {
            "years": "2011",
            "goals": "0",
            "caps": "12"
        },
        "\u2192 Def. Belgrano (loan)": {
            "years": "2011\u20132012",
            "goals": "4",
            "caps": "27"
        }
    },
    "national": {
        "Argentina": {
            "years": "1993\u20132010",
            "goals": "17",
            "caps": "88"
        }
    },
    "youth_career": {
        "Atl\u00e9tico Ledesma": "1988\u20131990"
    },
    "birth_date": "1974-3-4",
    "medaltemplates": [
        "Sport: Men's football",
        "Country: {{ARG}}",
        "Competition: Pan American Games",
        "Gold Medal: 1995 Mar del Plata Team",
        "Competition: Olympic Games",
        "Silver Medal: 1996 Atlanta Team"
    ]
}