{
    "name": "Ariel Graziani",
    "fullname": "Ariel Jos\u00e9 Graziani Lentini",
    "birth_place": "Empalme Villa Constituci\u00f3n, Argentina",
    "height": "m=1.82",
    "position": "Striker",
    "senior": {
        "Newell's Old Boys": {
            "years": "1993",
            "goals": "0",
            "caps": "0"
        },
        "Sport Boys": {
            "years": "1993\u20131994",
            "goals": "9",
            "caps": "33"
        },
        "Aucas": {
            "years": "1995",
            "goals": "19",
            "caps": "30"
        },
        "Ciclista Lima": {
            "years": "1995",
            "goals": "5",
            "caps": "10"
        },
        "Emelec": {
            "years": "1999",
            "goals": "0",
            "caps": "5"
        },
        "Veracruz": {
            "years": "1997\u20131998",
            "goals": "6",
            "caps": "17"
        },
        "Monarcas Morelia": {
            "years": "1998\u20131999",
            "goals": "17",
            "caps": "38"
        },
        "New England Revolution": {
            "years": "1998",
            "goals": "0",
            "caps": "3"
        },
        "Dallas Burn": {
            "years": "2000\u20132001",
            "goals": "26",
            "caps": "48"
        },
        "San Jose Earthquakes": {
            "years": "2002",
            "goals": "14",
            "caps": "28"
        },
        "Barcelona SC": {
            "years": "2003",
            "goals": "26",
            "caps": "40"
        },
        "Lan\u00fas": {
            "years": "2004",
            "goals": "4",
            "caps": "17"
        },
        "LDU Quito": {
            "years": "2005\u20132006",
            "goals": "27",
            "caps": "49"
        }
    },
    "national": {
        "Ecuador": {
            "years": "1997\u20132000",
            "goals": "15",
            "caps": "34"
        }
    },
    "manager_career": {
        "Olmedo ": "2010"
    },
    "birth_date": "1971-6-7"
}