{
    "name": "Arif Erdem",
    "fullname": "Arif Erdem",
    "birth_place": "Istanbul, Turkey",
    "height": "1.80 m",
    "position": "Forward",
    "totalcaps": "349",
    "totalgoals": "106",
    "senior": {
        "Galatasaray": {
            "years": "2000\u20132005",
            "goals": "41",
            "caps": "103"
        },
        "Real Sociedad": {
            "years": "2000",
            "goals": "1",
            "caps": "2"
        }
    },
    "national": {
        "Turkey U21": {
            "years": "1991\u20131993",
            "goals": "1",
            "caps": "10"
        },
        "Turkey Olympic": {
            "years": "1993",
            "goals": "1",
            "caps": "5"
        },
        "Turkey": {
            "years": "1994\u20132003",
            "goals": "11",
            "caps": "60"
        }
    },
    "manager_career": {
        "\u0130stanbul B.B. (Assistant)": "2006\u20132011",
        "\u0130stanbul B.B.": "2011\u20132012"
    },
    "youth_career": {
        "Ye\u015fil\u0131lgazspor": "1986\u201319??",
        "Zeytinburnuspor": "19??\u20131991"
    },
    "birth_date": "1972-1-2"
}