{
    "name": "Arild Sundgot",
    "fullname": "Arild Gilbert Sundgot",
    "birth_place": "Ulsteinvik, Norway",
    "height": "1.90 m",
    "position": "Striker",
    "youthclubs1": "H\u00f8dd",
    "years1": "1995\u20131996",
    "clubs1": "H\u00f8dd",
    "manageryears3": "2016\u20132017| managerclubs3 = H\u00f8dd (assistant)",
    "manageryears4": "2017\u20132019| managerclubs4 = Lillestr\u00f8m (assistant)",
    "pcupdate": "15 March 2009 ",
    "senior": {
        "Lillestr\u00f8m": {
            "years": "1997\u20132012",
            "goals": "108",
            "caps": "312"
        }
    },
    "national": {
        "Norway U-18": {
            "years": "1995",
            "goals": "1",
            "caps": "4"
        },
        "Norway U-19": {
            "years": "1996",
            "goals": "1",
            "caps": "2"
        },
        "Norway U-20": {
            "years": "1996\u20131997",
            "goals": "2",
            "caps": "3"
        },
        "Norway U-21": {
            "years": "1997\u20131999",
            "goals": "3",
            "caps": "10"
        }
    },
    "manager_career": {
        "Lillestr\u00f8m (coach)": "2012\u2013",
        "Lillestr\u00f8m (assistant)": "\u20132016",
        "Ull/Kisa (assistant)": "2021",
        "Ull/Kisa": "2021"
    },
    "birth_date": "1978-4-17"
}