{
    "name": "Arjan de Zeeuw",
    "fullname": "Adrianus Johannes de Zeeuw",
    "editor-last": "Hugman",
    "editor-first": "Barry J.",
    "year": "2008",
    "isbn": "978-1-84596-324-8",
    "height": "ft=6",
    "birth_place": "Castricum, Netherlands",
    "position": "Centre back",
    "youthclubs1": "Vitesse '22",
    "totalcaps": "557",
    "totalgoals": "23 ",
    "senior": {
        "Telstar": {
            "years": "1992\u20131995",
            "goals": "5",
            "caps": "102"
        },
        "Barnsley": {
            "years": "1995\u20131999",
            "goals": "7",
            "caps": "138"
        },
        "Wigan Athletic": {
            "years": "2005\u20132007",
            "goals": "0",
            "caps": "52"
        },
        "Portsmouth": {
            "years": "2002\u20132005",
            "goals": "5",
            "caps": "106"
        },
        "Coventry City": {
            "years": "2007\u20132008",
            "goals": "0",
            "caps": "17"
        },
        "ADO '20": {
            "years": "2008\u20132009",
            "goals": "0",
            "caps": "12"
        }
    },
    "birth_date": "1970-4-16"
}