{
    "name": "Arjen Robben",
    "full_name": "Arjen Robben",
    "birth_place": "Bedum, Netherlands",
    "height": "1.80 m",
    "position": "Winger",
    "totalcaps": "426",
    "totalgoals": "150",
    "senior": {
        "Groningen": {
            "years": "2020\u20132021",
            "goals": "0",
            "caps": "6"
        },
        "PSV": {
            "years": "2002\u20132004",
            "goals": "17",
            "caps": "56"
        },
        "Chelsea": {
            "years": "2004\u20132007",
            "goals": "15",
            "caps": "67"
        },
        "Real Madrid": {
            "years": "2007\u20132009",
            "goals": "11",
            "caps": "50"
        },
        "Bayern Munich": {
            "years": "2009\u20132019",
            "goals": "99",
            "caps": "201"
        }
    },
    "national": {
        "Netherlands U15": {
            "years": "1999",
            "goals": "0",
            "caps": "1"
        },
        "Netherlands U16": {
            "years": "1999\u20132000",
            "goals": "4",
            "caps": "11"
        },
        "Netherlands U17": {
            "years": "2000",
            "goals": "1",
            "caps": "3"
        },
        "Netherlands U19": {
            "years": "2001\u20132002",
            "goals": "2",
            "caps": "8"
        },
        "Netherlands U21": {
            "years": "2001\u20132003",
            "goals": "1",
            "caps": "8"
        },
        "Netherlands": {
            "years": "2003\u20132017",
            "goals": "37",
            "caps": "96"
        }
    },
    "youth_career": {
        "VV Bedum": "1989\u20131996",
        "Groningen": "1996\u20132000"
    },
    "birth_date": "1984-1-23",
    "medaltemplates": [
        "Country: {{NED}}",
        "Sport: Men's football",
        "Competition: FIFA World Cup"
    ]
}