{
    "name": "Arkadiusz Baran",
    "fullname": "Arkadiusz Baran",
    "birth_place": "Jaros\u0142aw, Poland",
    "height": "1.85",
    "position": "Midfielder",
    "youthclubs1": "JKS 1909 Jaros\u0142aw",
    "years1": "1998\u20132002| clubs1 = Stal Rzesz\u00f3w| caps1 =",
    "years2": "2002| clubs2 = \u2192 Polonia Przemy\u015bl (loan)| caps2 =",
    "years3": "2003\u20132010| clubs3 = Cracovia| caps3 = 180| goals3 = 4",
    "years4": "2010\u20132012| clubs4 = Termalica Bruk-Bet| caps4 = 55| goals4 = 0",
    "years5": "2012\u20132016| clubs5 = Stal Rzesz\u00f3w| caps5 = 112| goals5 = 2",
    "years6": "2017\u20132018| clubs6 = Iskra Zg\u0142obie\u0144| caps6 =",
    "years7": "2018",
    "clubs7": "Crasnovia Krasne| caps7 =",
    "years8": "2019\u20132020| clubs8 = Polonia Rzesz\u00f3w| caps8 =",
    "manager_career": {
        "JKS 1909 Jaros\u0142aw": "2020\u20132022",
        "Crasnovia Krasne (player-manager)": "2018",
        "JKS 1909 Jaros\u0142aw (assistant)": "2019\u20132020",
        "Sok\u00f3\u0142 Sieniawa": "2022\u20132023"
    },
    "birth_date": "1979-11-9"
}