{
    "name": "Armando",
    "upright": "0.8",
    "fullname": "Armando Ribeiro de Aguiar Malda",
    "birth_place": "Sopelana, Spain",
    "height": "1.80 m",
    "position": "Goalkeeper",
    "totalcaps": "388",
    "totalgoals": "0",
    "senior": {
        "Logro\u00f1\u00e9s B": {
            "years": "1990\u20131992",
            "goals": "0",
            "caps": "34"
        },
        "Sporting Gij\u00f3n B": {
            "years": "1992\u20131994",
            "goals": "0",
            "caps": "9"
        },
        "Alav\u00e9s": {
            "years": "1994\u20131998",
            "goals": "0",
            "caps": "5"
        },
        "\u2192 Bermeo (loan)": {
            "years": "1994\u20131995",
            "goals": "0",
            "caps": "36"
        },
        "Barakaldo": {
            "years": "1998\u20131999",
            "goals": "0",
            "caps": "18"
        },
        "C\u00e1diz": {
            "years": "1999\u20132008",
            "goals": "0",
            "caps": "267"
        },
        "\u2192 Athletic Bilbao (loan)": {
            "years": "2008",
            "goals": "0",
            "caps": "16"
        },
        "Athletic Bilbao": {
            "years": "2008\u20132010",
            "goals": "0",
            "caps": "3"
        }
    },
    "national": {
        "Basque Country": {
            "years": "2005",
            "goals": "0 ",
            "caps": "1"
        }
    },
    "youth_career": {
        "Ugeraga": "1986\u20131988",
        "Logro\u00f1\u00e9s": "1988\u20131990"
    },
    "birth_date": "1971-1-16"
}