{
    "name": "Armando Begines",
    "fullname": "Armando Efr\u00e9n Begines \u00c1valos",
    "birth_place": "Guadalajara, Mexico",
    "height": "1.80",
    "position": "Defender",
    "currentclub": "Laredo Heat",
    "clubnumber": "23",
    "years3": "2007\u20132008",
    "clubs3": "Club Celaya",
    "years5": "2010\u20132011",
    "clubs5": "Guerreros",
    "senior": {
        "Chivas USA": {
            "years": "2005",
            "goals": "0",
            "caps": "10"
        },
        "Quer\u00e9taro": {
            "years": "2006",
            "goals": "0",
            "caps": "1"
        },
        "La Piedad": {
            "years": "2008\u20132009",
            "goals": "0",
            "caps": "9"
        },
        "Laredo Heat": {
            "years": "2011\u2013",
            "goals": "3",
            "caps": "11"
        }
    },
    "youth_career": {
        "Guadalajara": "1999\u20132005"
    },
    "birth_date": "1983-3-26"
}