{
    "name": "Armenak Petrosyan",
    "fullname": "Armenak Petrosyan",
    "birth_place": "Yerevan, Soviet Union",
    "height": "1.80",
    "position": "Goalkeeper",
    "pcupdate": "16 February 2007",
    "ntupdate": "12 May 2007 ",
    "senior": {
        "Ararat Yerevan": {
            "years": "1993&ndash;1996",
            "goals": "0",
            "caps": "89"
        },
        "Sepahan": {
            "years": "2005&ndash;2007",
            "goals": "0",
            "caps": "42"
        },
        "Zob Ahan": {
            "years": "2003&ndash;2005",
            "goals": "0",
            "caps": "72"
        },
        "Shahrdari Bandar Abbas": {
            "years": "2007&ndash;2008",
            "goals": "0",
            "caps": "26"
        }
    },
    "national": {
        "Armenia": {
            "years": "1994&ndash;1996",
            "goals": "0",
            "caps": "7"
        }
    },
    "birth_date": "1973-11-13"
}