{
    "name": "Arminas Narbekovas",
    "fullname": "Arminas Narbekovas",
    "birth_place": "Garg\u017edai, Lithuanian SSR, Soviet Union",
    "height": "1.75",
    "position": "Attacking midfielder",
    "years5": "1998\u20131999",
    "years7": "2000\u20132001",
    "clubs5": "FCN St. P\u00f6lten",
    "clubs7": "SV Hundsheim",
    "senior": {
        "\u017dalgiris Vilnius": {
            "years": "1983\u20131990",
            "goals": "51",
            "caps": "155"
        },
        "Lokomotiv Moscow": {
            "years": "1990",
            "goals": "2",
            "caps": "14"
        },
        "Austria Wien": {
            "years": "1990\u20131996",
            "goals": "32",
            "caps": "115"
        },
        "VfB Admira Wacker M\u00f6dling": {
            "years": "1999\u20132000",
            "goals": "4",
            "caps": "20"
        },
        "Wiener SK": {
            "years": "2001\u20132003",
            "goals": "0",
            "caps": "11"
        },
        "White Star Brigittenau": {
            "years": "2003\u20132004",
            "goals": "2",
            "caps": "11"
        },
        "SV Weikersdorf": {
            "years": "2004\u20132005",
            "goals": "9",
            "caps": "23"
        }
    },
    "national": {
        "Soviet Union Olympic": {
            "years": "1988",
            "goals": "2",
            "caps": "7"
        },
        "Lithuania": {
            "years": "1990\u20132001",
            "goals": "4",
            "caps": "13"
        }
    },
    "manager_career": {
        "SV Weikersdorf": "2004\u20132005",
        "\u017dalgiris Vilnius": "2006\u20132007",
        "SV Donau Langlebarn": "2007\u20132009",
        "FK Banga Garg\u017edai": "2009\u20132012",
        "Lithuania (assistant coach)": "2010\u20132012",
        "FK Spartaks J\u016brmala": "2012",
        "Lithuania U-21": "2013\u20132015"
    },
    "birth_date": "1965-1-28",
    "medaltemplates": [
        "Sport: Men's football",
        "Gold Medal: 1988 Seoul Team"
    ]
}