{
    "name": "Arn\u00f3r Gu\u00f0johnsen",
    "birth_place": "Reykjav\u00edk, Iceland",
    "height": "1.78 m",
    "position": "Striker",
    "totalcaps": "524",
    "totalgoals": "136",
    "senior": {
        "V\u00edkingur": {
            "years": "1978",
            "goals": "7",
            "caps": "12"
        },
        "Lokeren": {
            "years": "1978\u20131983",
            "goals": "26",
            "caps": "138"
        },
        "Anderlecht": {
            "years": "1983\u20131990",
            "goals": "40",
            "caps": "139"
        },
        "Bordeaux": {
            "years": "1990\u20131992",
            "goals": "8",
            "caps": "52"
        },
        "H\u00e4cken": {
            "years": "1993",
            "goals": "4",
            "caps": "24"
        },
        "\u00d6rebro": {
            "years": "1994\u20131998",
            "goals": "24",
            "caps": "100"
        },
        "Valur": {
            "years": "1998\u20132000",
            "goals": "22",
            "caps": "41"
        },
        "Stjarnan": {
            "years": "2001",
            "goals": "5",
            "caps": "18"
        }
    },
    "national": {
        "Iceland U19": {
            "years": "1978",
            "goals": "0",
            "caps": "2"
        },
        "Iceland U21": {
            "years": "1978",
            "goals": "0",
            "caps": "1"
        },
        "Iceland": {
            "years": "1979\u20131997",
            "goals": "14 ",
            "caps": "73"
        }
    },
    "youth_career": {
        "V\u00edkingur": "0000\u20131978"
    },
    "birth_date": "1961-7-30"
}