{
    "name": "Arnar Gr\u00e9tarsson",
    "fullname": "Arnar Gr\u00e9tarsson",
    "birth_place": "Reykjav\u00edk, Iceland",
    "height": "1.80",
    "position": "Midfielder",
    "caps3": "0",
    "goals3": "0",
    "manageryears1": "2009      |managerclubs1 = Brei\u00f0ablik (assistant)",
    "manageryears2": "2010\u20132012 |managerclubs2 = AEK Athens (Director of Football)",
    "manageryears3": "2013\u20132014 |managerclubs3 = Club Brugge (sporting Director)",
    "manageryears4": "2015\u20132017 |managerclubs4 = Brei\u00f0ablik",
    "manageryears5": "2019      |managerclubs5 = Roeselare",
    "manageryears6": "managerclubs6 = KA Akureyri",
    "manageryears7": "2022\u2013     |managerclubs7 = Valur ",
    "senior": {
        "Brei\u00f0ablik": {
            "years": "2006\u20132009",
            "goals": "5",
            "caps": "60"
        },
        "\u2192 Rangers ''(loan)''": {
            "years": "1989\u20131990",
            "goals": "0",
            "caps": "0"
        },
        "Leiftur": {
            "years": "1997",
            "goals": "0",
            "caps": "6"
        },
        "AEK Athens": {
            "years": "1997\u20132000",
            "goals": "2",
            "caps": "67"
        },
        "Lokeren": {
            "years": "2000\u20132006",
            "goals": "36",
            "caps": "157"
        },
        "Augnablik": {
            "years": "2015",
            "goals": "1",
            "caps": "1"
        }
    },
    "national": {
        "Iceland U16": {
            "years": "1987",
            "goals": "4",
            "caps": "6"
        },
        "Iceland U18": {
            "years": "1988\u20131990",
            "goals": "2",
            "caps": "12"
        },
        "Iceland U21": {
            "years": "1991",
            "goals": "0",
            "caps": "4"
        },
        "Iceland": {
            "years": "1991\u20132004",
            "goals": "2",
            "caps": "71"
        }
    },
    "youth_career": {
        "Brei\u00f0ablik": "1987"
    },
    "birth_date": "1972-2-20"
}