{
    "name": "Arnar Vi\u00f0arsson",
    "full_name": "Arnar \u00de\u00f3r Vi\u00f0arsson",
    "birth_place": "Reykjav\u00edk, Iceland",
    "height": "1.77 m",
    "position": "Midfielder",
    "totalcaps": "480",
    "totalgoals": "10",
    "senior": {
        "FH": {
            "years": "1996\u20131997",
            "goals": "3",
            "caps": "35"
        },
        "Lokeren": {
            "years": "1997\u20132006",
            "goals": "6",
            "caps": "235"
        },
        "\u2192 Lillestr\u00f8m (loan)": {
            "years": "1997",
            "goals": "0",
            "caps": "6"
        },
        "\u2192 FH (loan)": {
            "years": "1998",
            "goals": "0",
            "caps": "4"
        },
        "\u2192 Genk (trial)": {
            "years": "1998",
            "goals": "0",
            "caps": "0"
        },
        "Twente": {
            "years": "2006\u20132008",
            "goals": "0",
            "caps": "11"
        },
        "\u2192 De Graafschap (loan)": {
            "years": "2007\u20132008",
            "goals": "1",
            "caps": "32"
        },
        "Cercle Brugge": {
            "years": "2008\u20132014",
            "goals": "0",
            "caps": "157"
        }
    },
    "national": {
        "Iceland U16": {
            "years": "1993",
            "goals": "0",
            "caps": "8"
        },
        "Iceland U17": {
            "years": "1993\u20131994",
            "goals": "0",
            "caps": "7"
        },
        "Iceland U19": {
            "years": "1995\u20131996",
            "goals": "0",
            "caps": "11"
        },
        "Iceland U21": {
            "years": "1996\u20131999",
            "goals": "0",
            "caps": "17"
        },
        "Iceland": {
            "years": "1998\u20132007",
            "goals": "2",
            "caps": "52"
        }
    },
    "manager_career": {
        "Cercle Brugge (assistant)": "2014",
        "Cercle Brugge": "2014\u20132015",
        "Lokeren (assistant and U21)": "2018\u20132019",
        "Lokeren (caretaker)": "2018",
        "Iceland U21": "2019\u20132020",
        "Iceland  ": "2020\u20132023"
    },
    "birth_date": "1978-3-15"
}