{
    "name": "Arne Friedrich",
    "fullname": "Arne Friedrich",
    "birth_place": "Bad Oeynhausen, West Germany",
    "height": "1.85 m",
    "position": "Defender",
    "currentclub": "Hertha BSC (sporting director)",
    "totalcaps": "347",
    "totalgoals": "15",
    "nationalyears1": "2000\u20132001 |nationalteam1 = Germany U21 |nationalcaps1 = 5  |nationalgoals1 = 0",
    "nationalyears2": "2002      |nationalteam2 = Germany Team 2006  |nationalcaps2 = 1  |nationalgoals2 = 0",
    "nationalyears3": "2002\u20132011 |nationalteam3 = Germany              |nationalcaps3 = 82 |nationalgoals3 = 1",
    "senior": {
        "SC Verl": {
            "years": "1999\u20132000",
            "goals": "0",
            "caps": "31"
        },
        "Arminia Bielefeld": {
            "years": "2000\u20132002",
            "goals": "1",
            "caps": "47"
        },
        "Hertha BSC": {
            "years": "2002\u20132010",
            "goals": "13",
            "caps": "231"
        },
        "VfL Wolfsburg": {
            "years": "2010\u20132011",
            "goals": "0",
            "caps": "15"
        },
        "Chicago Fire": {
            "years": "2012\u20132013",
            "goals": "1",
            "caps": "23"
        }
    },
    "manager_career": {
        "Germany U18 (assistant)": "2014\u20132015"
    },
    "youth_career": {
        "FC Bad Oeynhausen": "1985\u20131987",
        "TuS Lohe": "1987\u20131992",
        "SC Herford": "1992\u20131995",
        "FC G\u00fctersloh": "1995\u20131999"
    },
    "birth_date": "1979-05-29",
    "medaltemplates": [
        "Sport: Men's Football",
        "Competition: FIFA World Cup"
    ]
}