{
    "name": "Arne Erlandsen",
    "fullname": "Arne Erlandsen",
    "birth_place": "Kl\u00f8fta, Norway",
    "position": "Midfielder",
    "currentclub": "Skeid (manager)",
    "totalcaps": "270 |totalgoals = 49",
    "managerclubs1": "B\u00e6rum",
    "senior": {
        "Lillestr\u00f8m": {
            "years": "1992",
            "goals": "2",
            "caps": "22"
        },
        "Djurg\u00e5rdens IF": {
            "years": "1981\u20131982",
            "goals": "6",
            "caps": "40"
        },
        "Str\u00f8msgodset": {
            "years": "1990\u20131991",
            "goals": "5",
            "caps": "44"
        }
    },
    "national": {
        "Norway": {
            "years": "1978\u20131987",
            "goals": "1",
            "caps": "22"
        }
    },
    "manager_career": {
        "Lillestr\u00f8m": "2016\u20132018",
        "IFK G\u00f6teborg": "2005\u20132006",
        "Ham-Kam": "2007\u20132009",
        "Ull/Kisa": "2010\u20132012",
        "Moss": "2013\u20132014",
        "Fredrikstad": "2015",
        "KuPS": "2019\u20132020",
        "Kvik Halden": "2023",
        "Skeid ": "2023\u2013"
    },
    "birth_date": "1959-12-20"
}