{
    "name": "Arne Nyberg",
    "fullname": "Arne Gustav Julius Nyberg",
    "birth_place": "S\u00e4ffle, Sweden",
    "death_date": "1970",
    "death_place": "Stockholm, Sweden",
    "position": "Forward",
    "totalcaps": "497",
    "totalgoals": "171",
    "senior": {
        "SK Sifh\u00e4lla": {
            "years": "1930\u20131932",
            "goals": "23",
            "caps": "65"
        },
        "IFK G\u00f6teborg": {
            "years": "1932\u20131950",
            "goals": "148",
            "caps": "432"
        }
    },
    "national": {
        "Sweden": {
            "years": "1935\u20131946",
            "goals": "18",
            "caps": "31"
        }
    },
    "birth_date": "1913-6-20"
}