{
    "name": "Arnold Hills",
    "fullname": "Arnold Frank Hills",
    "birth_place": "Denmark Hill, England",
    "death_date": "df=y",
    "death_place": "Penshurst, England",
    "position": "Forward",
    "youthclubs1": "Harrow School",
    "clubs1": "Oxford University",
    "clubs2": "Old Harrovians",
    "clubs3": "Wanderers",
    "national": {
        "England": {
            "years": "1879",
            "goals": "0 ",
            "caps": "1"
        }
    },
    "birth_date": "1857-3-12"
}