{
    "name": "Arnold M\u00fchren",
    "fullname": "Arnold Johannes Hyacinthus M\u00fchren",
    "birth_place": "Volendam, Netherlands",
    "currentclub": "Ajax (youth coach)",
    "height": "1.78 m",
    "position": "Midfielder",
    "years1": "1970\u20131971 |clubs1 = Volendam                     |caps1 = 26  |goals1 = 2",
    "years2": "1971\u20131974 |clubs2 = Ajax                            |caps2 = 62  |goals2 = 16",
    "years3": "1974\u20131978 |clubs3 = Twente                         |caps3 = 108 |goals3 = 39",
    "years4": "1978\u20131982 |clubs4 = Ipswich Town           |caps4 = 161 |goals4 = 21",
    "years5": "1982\u20131985 |clubs5 = Manchester United |caps5 = 70  |goals5 = 13",
    "years6": "1985\u20131989 |clubs6 = Ajax                            |caps6 = 99  |goals6 = 14",
    "totalcaps": "516",
    "totalgoals": "105",
    "nationalyears1": "1978\u20131988 |nationalteam1 = Netherlands nationalcaps1 = 23 |nationalgoals1 =",
    "manageryears1": "|managerclubs1 = Volendam (youth coach)",
    "manageryears2": "|managerclubs2 = Ajax (youth coach)",
    "birth_date": "1951-6-2",
    "medaltemplates": [
        "Country: {{NED}}",
        "Competition: UEFA European Championship"
    ]
}