{
    "name": "Aron Winter",
    "birth_place": "Paramaribo, Suriname url=http://www.torontofc.ca/news/2011/01/introducing-aron-winter ",
    "height": "1.76 m",
    "position": "Defensive midfielder / Central midfielder",
    "currentclub": "Suriname",
    "totalcaps": "469",
    "totalgoals": "73",
    "senior": {
        "Ajax": {
            "years": "1999\u20132003",
            "goals": "4",
            "caps": "51"
        },
        "Lazio": {
            "years": "1992\u20131996",
            "goals": "21",
            "caps": "123"
        },
        "Inter Milan": {
            "years": "1996\u20131999",
            "goals": "1",
            "caps": "77"
        },
        "\u2192 Sparta Rotterdam (loan)": {
            "years": "2001\u20132002",
            "goals": "1",
            "caps": "32"
        }
    },
    "national": {
        "Netherlands id=14067": {
            "years": "1987\u20132000",
            "goals": "6",
            "caps": "84"
        }
    },
    "manager_career": {
        "Ajax A1 (assistant)": "2005\u20132009",
        "Ajax A2": "2007\u20132009",
        "Toronto FC": "2011\u20132012",
        "Netherlands U-19": "2014\u20132016",
        "Ajax (U-19)": "2016\u20132017",
        "Ajax (assistant)": "2017\u20132019",
        "Greece (assistant)": "2019\u20132021",
        "Suriname": "2022\u2013"
    },
    "youth_career": {
        "VV Unicum": "1975\u20131978",
        "SV Lelystad": "1978\u20131983",
        "Ajax": "1983\u20131986"
    },
    "birth_date": "1967-3-1",
    "medaltemplates": [
        "Country: {{NED}}",
        "Competition: UEFA European Championship"
    ]
}