{
    "name": "Arouna Kon\u00e9",
    "fullname": "Arouna Kon\u00e9",
    "birth_place": "Anyama, Ivory Coast",
    "height": "1.81",
    "position": "Striker",
    "youthclubs1": "Rio Sport",
    "years12": "2022\u20132023",
    "clubs12": "VK Weerde",
    "pcupdate": "28 January, 2024",
    "ntupdate": "28 January, 2024 ",
    "senior": {
        "Rio Sport": {
            "years": "2001\u20132002",
            "goals": "17",
            "caps": "30"
        },
        "Lierse": {
            "years": "2002\u20132003",
            "goals": "11",
            "caps": "32"
        },
        "Roda JC": {
            "years": "2003\u20132005",
            "goals": "27",
            "caps": "63"
        },
        "PSV": {
            "years": "2005\u20132007",
            "goals": "21",
            "caps": "53"
        },
        "Sevilla": {
            "years": "2007\u20132012",
            "goals": "1",
            "caps": "40"
        },
        "\u2192 Hannover 96 (loan)": {
            "years": "2010",
            "goals": "2",
            "caps": "8"
        },
        "\u2192 Levante (loan)": {
            "years": "2011\u20132012",
            "goals": "15",
            "caps": "34"
        },
        "Levante": {
            "years": "2012",
            "goals": "0",
            "caps": "0"
        },
        "Wigan Athletic": {
            "years": "2012\u20132013",
            "goals": "11",
            "caps": "34"
        },
        "Everton": {
            "years": "2013\u20132017",
            "goals": "6",
            "caps": "47"
        },
        "Sivasspor": {
            "years": "2017\u20132022",
            "goals": "32",
            "caps": "109"
        }
    },
    "national": {
        "Ivory Coast": {
            "years": "2004\u20132013",
            "goals": "9",
            "caps": "39"
        }
    },
    "birth_date": "1983-11-11"
}