{
    "name": "Arsenio Iglesias",
    "fullname": "Arsenio Iglesias Pardo",
    "birth_place": "Arteixo, Spain",
    "death_date": "2023",
    "death_place": "A Coru\u00f1a, Spain",
    "height": "m=1.69",
    "position": "Forward",
    "youthclubs1": "Penouqueira",
    "youthclubs2": "Ciudad Jard\u00edn",
    "youthclubs3": "Berganti\u00f1os",
    "youthclubs4": "Deportivo La Coru\u00f1a",
    "years1": "1950\u20131951",
    "clubs1": "Deportivo Fabril",
    "years6": "1965\u20131966",
    "clubs6": "Albacete",
    "totalcaps": "291",
    "totalgoals": "62",
    "senior": {
        "Deportivo La Coru\u00f1a": {
            "years": "1951\u20131957",
            "goals": "32",
            "caps": "135"
        },
        "Sevilla": {
            "years": "1957\u20131958",
            "goals": "2",
            "caps": "8"
        },
        "Granada": {
            "years": "1958\u20131964",
            "goals": "22",
            "caps": "111"
        },
        "Oviedo": {
            "years": "1964\u20131965",
            "goals": "6",
            "caps": "37"
        }
    },
    "manager_career": {
        "Deportivo Fabril": "1967\u20131970",
        "Deportivo La Coru\u00f1a": "1992\u20131995",
        "H\u00e9rcules": "1973\u20131977",
        "Zaragoza": "1977\u20131978",
        "Burgos": "1978\u20131979",
        "Elche": "1979\u20131980",
        "Almer\u00eda": "1980",
        "Compostela": "1986\u20131987",
        "Real Madrid": "1996",
        "Galicia ": "2005\u20132008"
    },
    "birth_date": "1930-12-24"
}