{
    "name": "Art\u016brs Zakre\u0161evskis",
    "fullname": "Art\u016brs Zakre\u0161evskis",
    "birth_place": "Riga, Soviet Union",
    "position": "Defender",
    "totalcaps": "301",
    "totalgoals": "35",
    "senior": {
        "Vidus Riga": {
            "years": "1993\u20131994",
            "goals": "1",
            "caps": "18"
        },
        "RAF Jelgava": {
            "years": "1995",
            "goals": "1",
            "caps": "22"
        },
        "Daugava Riga": {
            "years": "1996\u20131998",
            "goals": "13",
            "caps": "71"
        },
        "Liep\u0101jas Metalurgs": {
            "years": "1999\u20132000",
            "goals": "7",
            "caps": "50"
        },
        "Skonto Riga": {
            "years": "2001\u20132006",
            "goals": "10",
            "caps": "102"
        },
        "FK R\u012bga": {
            "years": "2007",
            "goals": "1",
            "caps": "17"
        },
        "FK J\u016brmala": {
            "years": "2008",
            "goals": "2",
            "caps": "21"
        }
    },
    "national": {
        "Latvia": {
            "years": "1995\u20132007",
            "goals": "1 ",
            "caps": "55"
        }
    },
    "birth_date": "1971-8-7"
}