{
    "name": "Arthur G\u00f3mez",
    "birth_place": "Banjul, Gambia",
    "height": "1.78 m",
    "position": "Striker",
    "years1": "2000\u20132001 |clubs1 = Banjul Hawks    |caps1 = 12 |goals1 = 6",
    "years2": "2001\u20132005 |clubs2 = Manchester United   |caps2 = 0  |goals2 = 0",
    "years3": "2002\u20132005 |clubs3 = \u2192 Royal Antwerp (loan)    |caps3 = 44 |goals3 = 12",
    "years4": "2005\u20132006 |clubs4 = Dessel Sport           |caps4 = 0  |goals4 = 0",
    "years5": "2006\u20132007 |clubs5 = Henan Construction |caps5 = 25 |goals5 = 8",
    "years6": "2009\u20132011 |clubs6 = Engordany                     |caps6 =    |goals6 =",
    "nationalyears1": "2002      |nationalteam1 = Gambia U20 |nationalcaps1 = 3 |nationalgoals1 = 2",
    "nationalyears2": "2001\u20132003 |nationalteam2 = Gambia              |nationalcaps2 = 9 |nationalgoals2 = 2",
    "pcupdate": "30 August 2009 ",
    "birth_date": "1984-2-12"
}