{
    "name": "Arthur Rowley",
    "fullname": "George Arthur Rowley Jr.",
    "birth_place": "Wolverhampton, England",
    "death_date": "2002",
    "death_place": "Shrewsbury, England",
    "position": "Inside left",
    "totalcaps": "619",
    "totalgoals": "434",
    "senior": {
        "West Bromwich Albion": {
            "years": "1946\u20131948",
            "goals": "4",
            "caps": "24"
        },
        "Fulham": {
            "years": "1948\u20131950",
            "goals": "27",
            "caps": "56"
        },
        "Leicester City": {
            "years": "1950\u20131958",
            "goals": "251",
            "caps": "303"
        },
        "Shrewsbury Town": {
            "years": "1958\u20131965",
            "goals": "152",
            "caps": "236"
        }
    },
    "manager_career": {
        "Shrewsbury Town": "1958\u20131968",
        "Sheffield United": "1968\u20131969",
        "Southend United": "1970\u20131976",
        "Knighton Town ": "c.1976"
    },
    "youth_career": {
        "Manchester United": "1941\u20131944"
    },
    "birth_date": "1926-4-21"
}