{
    "name": "Arthur Albiston",
    "fullname": "Arthur Richard Albiston 140",
    "birth_place": "Edinburgh,  Scotland",
    "height": "ft=5",
    "position": "Left-back",
    "youthyears1": "1972\u20131974 |youthclubs1 = Manchester United",
    "years10": "1994",
    "clubs10": "Witton Albion",
    "years11": "1994",
    "clubs11": "Droylsden",
    "totalcaps": "528",
    "totalgoals": "12",
    "senior": {
        "Manchester United": {
            "years": "1974\u20131988",
            "goals": "6",
            "caps": "379"
        },
        "West Bromwich Albion": {
            "years": "1988\u20131989",
            "goals": "2",
            "caps": "43"
        },
        "Dundee": {
            "years": "1989\u20131990",
            "goals": "0",
            "caps": "10"
        },
        "Chesterfield": {
            "years": "1990\u20131991",
            "goals": "1",
            "caps": "3"
        },
        "Chester City": {
            "years": "1991\u20131993",
            "goals": "0",
            "caps": "68"
        },
        "\u2192 Molde (loan)": {
            "years": "1992",
            "goals": "3",
            "caps": "15"
        },
        "Molde": {
            "years": "1993",
            "goals": "0",
            "caps": "9"
        },
        "Ayr United": {
            "years": "1993\u20131994",
            "goals": "0",
            "caps": "1"
        },
        "Sittingbourne": {
            "years": "1994",
            "goals": "0",
            "caps": "0"
        }
    },
    "national": {
        "Scotland U21": {
            "years": "1976\u20131977",
            "goals": "0",
            "caps": "5"
        },
        "Scotland": {
            "years": "1982\u20131986",
            "goals": "0",
            "caps": "14"
        }
    },
    "manager_career": {
        "Droylsden ": "1996\u20131997"
    },
    "birth_date": "1957-7-14"
}