{
    "name": "Arthur Friedenreich",
    "height": "1.70 m",
    "birth_place": "S\u00e3o Paulo, Brazil",
    "death_date": "1969",
    "death_place": "S\u00e3o Paulo, Brazil",
    "position": "Striker",
    "years10": "1933",
    "clubs10": "Atl\u00e9tico Mineiro",
    "clubs11": "S\u00e3o Paulo",
    "caps13": "4",
    "goals13": "0",
    "totalcaps": "451",
    "totalgoals": "448",
    "senior": {
        "Germ\u00e2nia": {
            "years": "1911",
            "goals": "6",
            "caps": "13"
        },
        "Ypiranga": {
            "years": "1917",
            "goals": "15",
            "caps": "6"
        },
        "Mackenzie College": {
            "years": "1912",
            "goals": "12",
            "caps": "11"
        },
        "Paysandu Foot-Ball Club": {
            "years": "1916",
            "goals": "4",
            "caps": "6"
        },
        "Paulistano": {
            "years": "1918\u20131929",
            "goals": "288",
            "caps": "252"
        },
        "S\u00e3o Paulo": {
            "years": "1930\u20131935",
            "goals": "102",
            "caps": "124"
        },
        "Flamengo": {
            "years": "1935",
            "goals": "0",
            "caps": "4"
        }
    },
    "national": {
        "Brazil": {
            "years": "1914\u20131925",
            "goals": "10",
            "caps": "23"
        },
        "S\u00e3o Paulo": {
            "years": "1922\u2013?",
            "goals": "?",
            "caps": "?"
        }
    },
    "birth_date": "1892-7-18",
    "medaltemplates": [
        "Sport: Men's football",
        "Country: {{Brazil}}"
    ]
}