{
    "name": "Arthur Numan",
    "fullname": "Arthur Numan",
    "birth_place": "Heemskerk, Netherlands",
    "height": "1.82 m",
    "currentclub": "Netherlands B: Manager, Aston Villa FC: Scout",
    "position": "Full back",
    "youthclubs1": "SV Beverwijk",
    "totalcaps": "436",
    "totalgoals": "40",
    "senior": {
        "Haarlem": {
            "years": "1987\u20131991",
            "goals": "5",
            "caps": "91"
        },
        "Twente": {
            "years": "1991\u20131992",
            "goals": "7",
            "caps": "49"
        },
        "PSV Eindhoven": {
            "years": "1992\u20131998",
            "goals": "25",
            "caps": "178"
        },
        "Rangers": {
            "years": "1998\u20132003",
            "goals": "3",
            "caps": "118"
        }
    },
    "national": {
        "Netherlands": {
            "years": "1992\u20132002",
            "goals": "0",
            "caps": "45"
        }
    },
    "manager_career": {
        "Netherlands B (team manager)": "2008\u2013"
    },
    "birth_date": "1969-12-14"
}