{
    "name": "Arthur Wharton",
    "birth_place": "Jamestown, Gold Coast",
    "death_date": "1930",
    "death_place": "Edlington, Yorkshire, England",
    "position": "Goalkeeper/Winger",
    "years1": "1885\u20131886",
    "years2": "1886\u20131888",
    "years6": "1896\u20131897",
    "years7": "1897\u20131899",
    "years8": "1899\u20131901",
    "clubs1": "Darlington",
    "clubs2": "Preston North End",
    "clubs6": "Stalybridge Rovers",
    "clubs7": "Ashton North End",
    "clubs8": "Stalybridge Rovers",
    "senior": {
        "Rotherham Town": {
            "years": "1895\u20131896",
            "goals": "0",
            "caps": "15"
        },
        "Sheffield United": {
            "years": "1894\u20131895",
            "goals": "0",
            "caps": "1"
        },
        "Stockport County": {
            "years": "1901\u20131902",
            "goals": "0",
            "caps": "6"
        }
    },
    "birth_date": "1865-10-28"
}