{
    "name": "Arthur Lochhead",
    "fullname": "Arthur William Lochhead",
    "birth_place": "Busby,  Scotland",
    "death_date": "1966",
    "death_place": "Edinburgh,  Scotland",
    "height": "ft=5",
    "position": "Centre forward",
    "senior": {
        "Heart of Midlothian": {
            "years": "1919\u20131921",
            "goals": "17",
            "caps": "25"
        },
        "Manchester United": {
            "years": "1921\u20131925",
            "goals": "50",
            "caps": "147"
        },
        "Leicester City": {
            "years": "1925\u20131934",
            "goals": "106",
            "caps": "303"
        }
    },
    "manager_career": {
        "Leicester City ": "1934\u20131936"
    },
    "birth_date": "1897-12-8"
}