{
    "name": "Artim \u0160akiri",
    "birth_place": "Livada, Struga, SR Macedonia,, SFR Yugoslavia (modern North Macedonia)",
    "height": "1.77",
    "position": "Midfielder",
    "youthclubs1": "Dinamo Livad\u0430",
    "youthclubs2": "Karaorman",
    "years1": "1991\u20131994",
    "clubs1": "Karaorman",
    "totalcaps": "318",
    "totalgoals": "64",
    "senior": {
        "Vardar": {
            "years": "1994\u20132000",
            "goals": "21",
            "caps": "87"
        },
        "\u2192 Halmstad (loan)": {
            "years": "1997\u20131998",
            "goals": "8",
            "caps": "43"
        },
        "\u2192 TeBe Berlin (loan)": {
            "years": "2000",
            "goals": "0",
            "caps": "14"
        },
        "FC HIT": {
            "years": "2000\u20132001",
            "goals": "3",
            "caps": "19"
        },
        "Korotan": {
            "years": "2000\u20132001",
            "goals": "2",
            "caps": "2"
        },
        "Malatyaspor": {
            "years": "2001\u20132002",
            "goals": "3",
            "caps": "23"
        },
        "CSKA Sofia": {
            "years": "2002\u20132003",
            "goals": "5",
            "caps": "20"
        },
        "West Bromwich Albion": {
            "years": "2003\u20132005",
            "goals": "1",
            "caps": "28"
        },
        "AaB Aalborg": {
            "years": "2005\u20132006",
            "goals": "3",
            "caps": "12"
        },
        "Inter Turku": {
            "years": "2006",
            "goals": "3",
            "caps": "5"
        },
        "FC Vaduz": {
            "years": "2007",
            "goals": "0",
            "caps": "10"
        },
        "Shk\u00ebndija": {
            "years": "2007",
            "goals": "7",
            "caps": "25"
        },
        "Besa": {
            "years": "2008",
            "goals": "1",
            "caps": "8"
        },
        "Qaraba\u011f": {
            "years": "2008\u20132009",
            "goals": "7",
            "caps": "22"
        }
    },
    "national": {
        "Macedonia": {
            "years": "1996\u20132006",
            "goals": "15",
            "caps": "73"
        }
    },
    "manager_career": {
        "Shk\u00ebndija": "2012\u20132013",
        "Kuk\u00ebsi": "2014\u20132015",
        "Pembroke Athleta": "2016\u20132019",
        "Flamurtari": "2019\u20132020",
        "Schaffhausen": "2021",
        "Shk\u00ebndija ": "2022"
    },
    "birth_date": "1973-9-23"
}