{
    "name": "Arturo Lupoli",
    "birth_place": "Brescia, Italy",
    "height": "1.73",
    "position": "Striker, Winger",
    "currentclub": "Borgo San Donnino",
    "years18": "2021\u20132022",
    "clubs18": "Borgo San Donnino",
    "caps18": "5",
    "goals18": "0",
    "totalcaps": "377",
    "totalgoals": "63",
    "club-update": "14 November 2021",
    "senior": {
        "Arsenal": {
            "years": "2005\u20132007",
            "goals": "0",
            "caps": "1"
        },
        "\u2192 Derby County (loan)Sbase": {
            "years": "2006\u20132007",
            "goals": "7",
            "caps": "35"
        },
        "Fiorentina": {
            "years": "2007\u20132009",
            "goals": "0",
            "caps": "0"
        },
        "\u2192 Treviso (loan)": {
            "years": "2008",
            "goals": "1",
            "caps": "17"
        },
        "\u2192 Norwich City (loan)": {
            "years": "2008\u20132009",
            "goals": "4",
            "caps": "17"
        },
        "\u2192 Sheffield United (loan)": {
            "years": "2009",
            "goals": "2",
            "caps": "11"
        },
        "Ascoli": {
            "years": "2009\u20132011",
            "goals": "11",
            "caps": "66"
        },
        "Grosseto": {
            "years": "2011\u20132013",
            "goals": "8",
            "caps": "45"
        },
        "Varese": {
            "years": "2013\u20132015",
            "goals": "6",
            "caps": "23"
        },
        "\u2192 Budapest Honv\u00e9d (loan)": {
            "years": "2014",
            "goals": "0",
            "caps": "4"
        },
        "Frosinone": {
            "years": "2015",
            "goals": "1",
            "caps": "11"
        },
        "Pisa": {
            "years": "2015\u20132017",
            "goals": "2",
            "caps": "10"
        },
        "\u2192 Catania (loan)": {
            "years": "2016",
            "goals": "0",
            "caps": "10"
        },
        "S\u00fcdtirol": {
            "years": "2017",
            "goals": "0",
            "caps": "12"
        },
        "Fermana": {
            "years": "2017\u20132019",
            "goals": "11",
            "caps": "72"
        },
        "Virtus Verona": {
            "years": "2019\u20132020",
            "goals": "2",
            "caps": "17"
        },
        "Montegiorgio": {
            "years": "2020\u20132021",
            "goals": "8",
            "caps": "21"
        }
    },
    "national": {
        "Italy U-16": {
            "years": "2003",
            "goals": "11",
            "caps": "9"
        },
        "Italy U-17": {
            "years": "2003\u20132004",
            "goals": "4",
            "caps": "10"
        },
        "Italy U-18": {
            "years": "2005",
            "goals": "1",
            "caps": "2"
        },
        "Italy U-19": {
            "years": "2005",
            "goals": "0",
            "caps": "6"
        },
        "Italy U-21": {
            "years": "2006\u20132007",
            "goals": "2",
            "caps": "5"
        }
    },
    "youth_career": {
        "Parma": "2003\u20132004",
        "Arsenal": "2004\u20132005"
    },
    "birth_date": "1987-6-24"
}