{
    "name": "Arturo Torres",
    "fullname": "Arturo Torres",
    "birth_place": "Harbor City, California, United States",
    "height": "ft=6",
    "position": "Defender",
    "collegeyears1": "1999\u20132002",
    "college1": "Loyola Marymount Lions",
    "senior": {
        "Los Angeles Galaxy": {
            "years": "2003\u20132004",
            "goals": "1",
            "caps": "27"
        },
        "Chivas USA": {
            "years": "2005",
            "goals": "2",
            "caps": "23"
        },
        "Bakersfield Brigade": {
            "years": "2007",
            "goals": "0",
            "caps": "1"
        }
    },
    "birth_date": "1980-12-11"
}