{
    "name": "Pinga",
    "fullname": "Artur de Sousa",
    "birth_place": "Funchal, Portugal",
    "death_date": "1963",
    "death_place": "Porto, Portugal",
    "position": "Forward",
    "youthclubs1": "Mar\u00edtimo",
    "managerclubs3": "Sanjoanense",
    "managerclubs4": "Gouveia",
    "senior": {
        "Mar\u00edtimo": {
            "years": "1929\u20131930",
            "goals": "0",
            "caps": "2"
        },
        "Porto": {
            "years": "1930\u20131946",
            "goals": "146",
            "caps": "221"
        }
    },
    "national": {
        "Portugal": {
            "years": "1930\u20131942",
            "goals": "9",
            "caps": "21"
        }
    },
    "manager_career": {
        "Tirsense": "1948\u20131949",
        "Porto": "1949\u20131950",
        "Porto youth team ": "0000\u20131963"
    },
    "birth_date": "1909-07-30"
}