{
    "name": "Arturo \u00c1lvarez",
    "fullname": "Jos\u00e9 Arturo \u00c1lvarez Hern\u00e1ndez",
    "birth_place": "Houston, Texas, United States",
    "height": "ft=5",
    "position": "Winger, forward",
    "totalcaps": "330",
    "totalgoals": "43",
    "pcupdate": "October 31, 2018 (UTC)",
    "nationalteam1": "United States U17",
    "nationalteam2": "United States U18",
    "nationalteam3": "United States U20",
    "nationalteam4": "United States U23",
    "senior": {
        "San Jose Earthquakes": {
            "years": "2008\u20132010",
            "goals": "11",
            "caps": "54"
        },
        "FC Dallas": {
            "years": "2005\u20132008",
            "goals": "11",
            "caps": "88"
        },
        "Real Salt Lake": {
            "years": "2011",
            "goals": "0",
            "caps": "20"
        },
        "Pa\u00e7os de Ferreira": {
            "years": "2012\u20132013",
            "goals": "3",
            "caps": "13"
        },
        "\u2192 Videoton (loan)": {
            "years": "2013",
            "goals": "2",
            "caps": "11"
        },
        "Videoton": {
            "years": "2013\u20132015",
            "goals": "6",
            "caps": "45"
        },
        "Chicago Fire": {
            "years": "2016\u20132017",
            "goals": "8",
            "caps": "55"
        },
        "Houston Dynamo": {
            "years": "2018",
            "goals": "0",
            "caps": "18"
        }
    },
    "national": {
        "El Salvador": {
            "years": "2009\u20132018",
            "goals": "4",
            "caps": "46"
        }
    },
    "birth_date": "1985-06-28"
}