{
    "name": "Artur Jorge",
    "fullname": "Artur Jorge Braga de Melo Teixeira",
    "birth_place": "Porto, Portugal",
    "death_date": "df=yes",
    "death_place": "Lisbon, Portugal",
    "position": "Striker",
    "totalcaps": "288",
    "totalgoals": "194",
    "manageryears18": "2003\u20132004",
    "managerclubs18": "CSKA Moscow",
    "manageryears19": "2004\u20132006",
    "managerclubs19": "Cameroon",
    "manageryears20": "2006",
    "managerclubs20": "Al-Nassr",
    "manageryears21": "2006\u20132007",
    "managerclubs21": "Cr\u00e9teil",
    "manageryears22": "2014\u20132015",
    "managerclubs22": "MC Alger ",
    "senior": {
        "Porto": {
            "years": "1964\u20131965",
            "goals": "1",
            "caps": "4"
        },
        "Acad\u00e9mica": {
            "years": "1965\u20131969",
            "goals": "72",
            "caps": "96"
        },
        "Benfica": {
            "years": "1969\u20131975",
            "goals": "105",
            "caps": "130"
        },
        "Belenenses": {
            "years": "1975\u20131978",
            "goals": "14",
            "caps": "51"
        },
        "\u2192 Rochester Lancers (loan)": {
            "years": "1977",
            "goals": "2",
            "caps": "7"
        }
    },
    "national": {
        "Portugal": {
            "years": "1967\u20131977",
            "goals": "1",
            "caps": "16"
        }
    },
    "manager_career": {
        "Vit\u00f3ria de Guimar\u00e3es": "1980\u20131981",
        "Belenenses": "1981",
        "Portimonense": "1981\u20131983",
        "Porto": "1989\u20131991",
        "Racing Paris": "1987\u20131989",
        "Portugal": "1996\u20131997",
        "Paris Saint-Germain": "1998\u20131999",
        "Benfica": "1994\u20131995",
        "Switzerland": "1995\u20131996",
        "Tenerife": "1997\u20131998",
        "Vitesse": "1998",
        "Al-Nassr": "2000\u20132001",
        "Al-Hilal": "2001\u20132002",
        "Acad\u00e9mica": "2002\u20132003"
    },
    "birth_date": "1946-02-13"
}