{
    "name": "Artur Wichniarek",
    "birth_place": "Pozna\u0144, Poland",
    "height": "1.83 m",
    "position": "Forward",
    "youthclubs2": "Lech Pozna\u0144",
    "years1": "1992\u20131997",
    "clubs1": "Lech Pozna\u0144           |caps1 = 65  |goals1 = 4",
    "years2": "1996",
    "clubs2": "\u2192 G\u00f3rnik Konin (loan) |caps2 =     |goals2 =",
    "years3": "1997\u20131999",
    "clubs3": "Widzew \u0141\u00f3d\u017a           |caps3 = 57  |goals3 = 28",
    "years4": "1999\u20132003",
    "clubs4": "Arminia Bielefeld     |caps4 = 101 |goals4 = 50",
    "years5": "2003\u20132006",
    "clubs5": "Hertha BSC            |caps5 = 44  |goals5 = 4",
    "years6": "2006\u20132009",
    "clubs6": "Arminia Bielefeld     |caps6 = 111 |goals6 = 33",
    "years7": "2009\u20132010",
    "clubs7": "Hertha BSC            |caps7 = 19  |goals7 = 0",
    "years8": "2010",
    "clubs8": "Lech Pozna\u0144           |caps8 = 7   |goals8 = 0",
    "totalcaps": "404",
    "totalgoals": "119",
    "national": {
        "Poland": {
            "years": "1999\u20132008",
            "goals": "4 ",
            "caps": "17"
        }
    },
    "youth_career": {
        "SKS 13 Pozna\u0144": "1988\u20131992"
    },
    "birth_date": "1977-2-28"
}