{
    "name": "Artur Boruc",
    "fullname": "Artur Boruc",
    "birth_place": "Siedlce, Poland",
    "height": "1.93 m",
    "position": "Goalkeeper",
    "totalcaps": "524",
    "totalgoals": "1",
    "senior": {
        "Pogo\u0144 Siedlce": {
            "years": "1998\u20131999",
            "goals": "0",
            "caps": "12"
        },
        "Legia Warsaw": {
            "years": "2020\u20132022",
            "goals": "0",
            "caps": "38"
        },
        "\u2192 Dolcan Z\u0105bki (loan)": {
            "years": "2000",
            "goals": "0",
            "caps": "16"
        },
        "\u2192 Celtic (loan)": {
            "years": "2005",
            "goals": "0",
            "caps": "9"
        },
        "Celtic": {
            "years": "2005\u20132010",
            "goals": "0",
            "caps": "153"
        },
        "Fiorentina": {
            "years": "2010\u20132012",
            "goals": "0",
            "caps": "62"
        },
        "Southampton": {
            "years": "2012\u20132015",
            "goals": "0",
            "caps": "49"
        },
        "\u2192 AFC Bournemouth (loan)": {
            "years": "2014\u20132015",
            "goals": "0",
            "caps": "37"
        },
        "AFC Bournemouth": {
            "years": "2015\u20132020",
            "goals": "0",
            "caps": "79"
        }
    },
    "national": {
        "Poland": {
            "years": "2004\u20132017",
            "goals": "0 ",
            "caps": "65"
        }
    },
    "birth_date": "1980-2-20"
}