{
    "name": "Artur Petrosyan",
    "birth_place": "Gyumri, Armenian SSR, Soviet Union",
    "height": "1.79 m",
    "position": "Midfielder",
    "currentclub": "FC Thalwil (manager)",
    "totalcaps": "431",
    "totalgoals": "170",
    "senior": {
        "Shirak Gyumri": {
            "years": "1999\u20132000",
            "goals": "28",
            "caps": "42"
        },
        "Maccabi Petah Tikva": {
            "years": "1998\u20131999",
            "goals": "0",
            "caps": "14"
        },
        "Lokomotiv NN": {
            "years": "1999",
            "goals": "0",
            "caps": "6"
        },
        "Young Boys Berne": {
            "years": "2000\u20132003",
            "goals": "15",
            "caps": "70"
        },
        "FC Z\u00fcrich": {
            "years": "2003\u20132006",
            "goals": "15",
            "caps": "45"
        }
    },
    "national": {
        "Armenia": {
            "years": "1992\u20132004",
            "goals": "11",
            "caps": "69"
        }
    },
    "manager_career": {
        "FC Z\u00fcrich (youth)": "2020\u20132022",
        "Armenia (assistant)": "2014\u20132016",
        "Armenia": "2016\u20132018",
        "Lori": "2018\u20132019",
        "Grasshopper Club Z\u00fcrich U18": "2022",
        "FC Thalwil": "2022\u2013"
    },
    "birth_date": "1971-12-17"
}