{
    "name": "Aruna Dindane",
    "fullname": "Aruna Dindane",
    "editor-first": "Barry J.",
    "editor-last": "Hugman",
    "year": "2010",
    "isbn": "978-1-84596-601-0",
    "page": "119 ",
    "birth_place": "Abidjan, Ivory Coast",
    "height": "ft=5",
    "position": "Striker",
    "totalcaps": "341",
    "totalgoals": "102",
    "senior": {
        "ASEC Mimosas": {
            "years": "1998\u20132000",
            "goals": "9",
            "caps": "22"
        },
        "Anderlecht": {
            "years": "2000\u20132005",
            "goals": "50",
            "caps": "131"
        },
        "Lens": {
            "years": "2005\u20132010",
            "goals": "27",
            "caps": "102"
        },
        "\u2192 Portsmouth (loan)": {
            "years": "2009\u20132010",
            "goals": "8",
            "caps": "19"
        },
        "Lekhwiya": {
            "years": "2010\u20132012",
            "goals": "5",
            "caps": "23"
        },
        "Al-Gharafa": {
            "years": "2012",
            "goals": "1",
            "caps": "26"
        },
        "Al-Sailiya": {
            "years": "2012\u20132013",
            "goals": "2",
            "caps": "18"
        },
        "Crystal Palace": {
            "years": "2013\u20132014",
            "goals": "0",
            "caps": "0"
        }
    },
    "national": {
        "Ivory Coast": {
            "years": "2000\u20132010",
            "goals": "18 ",
            "caps": "64"
        }
    },
    "youth_career": {
        "Inconditionnel D'Adjam\u00e9": "1994\u20131995",
        "ASEC Mimosas": "1995\u20131998"
    },
    "birth_date": "1980-11-26"
}