{
    "name": "Asa Hall",
    "fullname": "Asa Philip Hall editor-first=Barry J. ",
    "birth_place": "Dudley, England",
    "height": "ft=6",
    "position": "Midfielder",
    "currentclub": "Torquay United",
    "clubnumber": "8",
    "youthclubs1": "Wolverhampton Wanderers",
    "club-update": "13:46, 26 April 2024 (UTC)",
    "senior": {
        "Birmingham City": {
            "years": "2004\u20132008",
            "goals": "0",
            "caps": "0"
        },
        "\u2192 Boston United (loan)": {
            "years": "2006",
            "goals": "0",
            "caps": "12"
        },
        "\u2192 Ashford Town (Kent) (loan)": {
            "years": "2007",
            "goals": "1",
            "caps": "10"
        },
        "\u2192 Shrewsbury Town (loan)": {
            "years": "2008",
            "goals": "3",
            "caps": "15"
        },
        "Luton Town": {
            "years": "2008\u20132010",
            "goals": "15",
            "caps": "74"
        },
        "Oxford United": {
            "years": "2010\u20132012",
            "goals": "11",
            "caps": "75"
        },
        "Shrewsbury Town": {
            "years": "2012\u20132014",
            "goals": "2",
            "caps": "32"
        },
        "\u2192 Aldershot Town (loan)": {
            "years": "2013",
            "goals": "0",
            "caps": "16"
        },
        "\u2192 Oxford United (loan)": {
            "years": "2013",
            "goals": "3",
            "caps": "19"
        },
        "Cheltenham Town": {
            "years": "2014\u20132017",
            "goals": "3",
            "caps": "45"
        },
        "\u2192 York City (loan)": {
            "years": "2017",
            "goals": "1",
            "caps": "13"
        },
        "Barrow": {
            "years": "2017\u20132018",
            "goals": "3",
            "caps": "37"
        },
        "Torquay United": {
            "years": "2018\u2013",
            "goals": "39",
            "caps": "174"
        }
    },
    "national": {
        "England U19": {
            "years": "2005",
            "goals": "0",
            "caps": "1"
        },
        "England U20": {
            "years": "2005",
            "goals": "0",
            "caps": "1"
        }
    },
    "youth_career": {
        "Birmingham City": "0000\u20132004"
    },
    "birth_date": "1986-11-29"
}