{
    "fullname": "Asamoah Gyan",
    "page": "17",
    "date": "11 June 2014",
    "access-date": "11 June 2014",
    "archive-url": "https://web.archive.org/web/20190404045541/http://www.fifadata.com/document/fwc/2014/pdf/fwc_2014_squadlists.pdf",
    "archive-date": "4 April 2019",
    "birth_place": "Accra, Greater Accra, Ghana",
    "height": "1.86 m 624",
    "position": "Striker",
    "totalcaps": "347",
    "totalgoals": "177",
    "senior": {
        "Liberty Professionals": {
            "years": "2003",
            "goals": "10",
            "caps": "16"
        },
        "Udinese": {
            "years": "2003\u20132008",
            "goals": "11",
            "caps": "39"
        },
        "\u2192 Modena (loan)": {
            "years": "2004\u20132006",
            "goals": "15",
            "caps": "53"
        },
        "Rennes": {
            "years": "2008\u20132010",
            "goals": "14",
            "caps": "48"
        },
        "Sunderland": {
            "years": "2010\u20132012",
            "goals": "10",
            "caps": "34"
        },
        "\u2192 Al Ain (loan)": {
            "years": "2011\u20132012",
            "goals": "22",
            "caps": "18"
        },
        "Al Ain": {
            "years": "2012\u20132015",
            "goals": "73",
            "caps": "65"
        },
        "Shanghai SIPG": {
            "years": "2015\u20132017",
            "goals": "7",
            "caps": "20"
        },
        "\u2192 Shabab Al Ahli (loan)": {
            "years": "2016\u20132017",
            "goals": "6",
            "caps": "14"
        },
        "Kayserispor": {
            "years": "2017\u20132019",
            "goals": "5",
            "caps": "26"
        },
        "NorthEast United": {
            "years": "2019\u20132020",
            "goals": "4",
            "caps": "8"
        },
        "Legon Cities": {
            "years": "2020\u20132021",
            "goals": "0",
            "caps": "6"
        }
    },
    "national": {
        "Ghana": {
            "years": "2003\u20132019",
            "goals": "51",
            "caps": "109"
        }
    },
    "birth_date": "1985-11-22",
    "medaltemplates": [
        "Country: {{Ghana}}"
    ]
}