{
    "name": "Ashley Nicholls",
    "fullname": "Ashley Joseph Nicholls 14579",
    "birth_place": "Ipswich,  England",
    "height": "ft=5",
    "currentclub": "Maidenhead United",
    "position": "Midfielder",
    "youthclubs1": "Ipswich Town",
    "club-update": "8:33, 25 June 2014 (UTC) ",
    "senior": {
        "Ipswich Town": {
            "years": "2000\u20132002",
            "goals": "0",
            "caps": "0"
        },
        "\u2192 Canvey Island (loan)": {
            "years": "2002",
            "goals": "1",
            "caps": "2"
        },
        "Darlington": {
            "years": "2002\u20132004",
            "goals": "6",
            "caps": "67"
        },
        "\u2192 Cambridge United (loan)": {
            "years": "2004",
            "goals": "1",
            "caps": "16"
        },
        "Cambridge United": {
            "years": "2004\u20132006",
            "goals": "0",
            "caps": "32"
        },
        "\u2192 Rushden & Diamonds (loan)": {
            "years": "2006",
            "goals": "0",
            "caps": "19"
        },
        "Grays Athletic": {
            "years": "2006\u20132007",
            "goals": "0",
            "caps": "35"
        },
        "Boston United": {
            "years": "2007\u20132008",
            "goals": "4",
            "caps": "16"
        },
        "Maidenhead United": {
            "years": "2014\u2013",
            "goals": "0",
            "caps": "0"
        },
        "Bishop's Stortford": {
            "years": "2009\u20132010",
            "goals": "3",
            "caps": "16"
        },
        "\u2192 Newport County (loan)": {
            "years": "2009\u20132010",
            "goals": "0",
            "caps": "6"
        },
        "Eastleigh": {
            "years": "2010",
            "goals": "0",
            "caps": "4"
        },
        "Dorchester Town": {
            "years": "2011\u20132013",
            "goals": "3",
            "caps": "72"
        },
        "Bromley": {
            "years": "2013\u20132014",
            "goals": "2",
            "caps": "33"
        }
    },
    "birth_date": "1981-10-30"
}