{
    "name": "Ashley Cole",
    "fullname": "Ashley Cole",
    "birth_place": "Stepney, England",
    "height": "1.76",
    "position": "Left-back",
    "currentclub": "England U21 (assistant coach)",
    "youthyears1": "1997\u20131999 |youthclubs1 = Arsenal",
    "years1": "1999\u20132006 |clubs1 = Arsenal                        |caps1 = 156 |goals1 = 8",
    "years2": "2000      |clubs2 = \u2192 Crystal Palace (loan) |caps2 = 14  |goals2 = 1",
    "years3": "2006\u20132014 |clubs3 = Chelsea                        |caps3 = 229 |goals3 = 7",
    "years4": "2014\u20132016 |clubs4 = Roma                              |caps4 = 11  |goals4 = 0",
    "years5": "2016\u20132018 |clubs5 = LA Galaxy                                   |caps5 = 89  |goals5 = 3",
    "years6": "2019     |clubs6 = Derby County               |caps6 = 9   |goals6 = 0",
    "totalcaps": "508 |totalgoals = 19",
    "nationalyears1": "1999  |nationalteam1 = England U20 |nationalcaps1 = 2  |nationalgoals1 = 0",
    "nationalyears2": "2002  |nationalteam2 = England U21 |nationalcaps2 = 5  |nationalgoals2 = 1",
    "nationalyears3": "nationalgoals3 = 0 ",
    "birth_date": "1980-12-20"
}