{
    "name": "Ashley Ward",
    "fullname": "Ashley Stuart Ward",
    "birth_place": "Middleton, Lancashire, England",
    "position": "Forward",
    "youthclubs1": "Cheadle Town",
    "totalcaps": "388",
    "totalgoals": "110 ",
    "senior": {
        "Manchester City": {
            "years": "1989\u20131991",
            "goals": "0",
            "caps": "1"
        },
        "\u2192 Wrexham (loan)": {
            "years": "1991",
            "goals": "2",
            "caps": "4"
        },
        "Leicester City": {
            "years": "1991\u20131992",
            "goals": "0",
            "caps": "10"
        },
        "\u2192 Blackpool (loan)": {
            "years": "1992",
            "goals": "1",
            "caps": "2"
        },
        "Crewe Alexandra": {
            "years": "1992\u20131994",
            "goals": "25",
            "caps": "61"
        },
        "Norwich City": {
            "years": "1994\u20131996",
            "goals": "18",
            "caps": "53"
        },
        "Derby County": {
            "years": "1996\u20131997",
            "goals": "9",
            "caps": "40"
        },
        "Barnsley": {
            "years": "1997\u20131998",
            "goals": "20",
            "caps": "46"
        },
        "Blackburn Rovers": {
            "years": "1998\u20132000",
            "goals": "13",
            "caps": "54"
        },
        "Bradford City": {
            "years": "2000\u20132003",
            "goals": "17",
            "caps": "84"
        },
        "Sheffield United": {
            "years": "2003\u20132005",
            "goals": "5",
            "caps": "33"
        }
    },
    "birth_date": "1970-11-24"
}