{
    "name": "Asier del Horno",
    "fullname": "Asier del Horno Cosgaya",
    "birth_place": "Barakaldo, Spain",
    "height": "1.83 m",
    "position": "Left back",
    "totalcaps": "238",
    "totalgoals": "17",
    "senior": {
        "Bilbao Athletic": {
            "years": "1999\u20132000",
            "goals": "1",
            "caps": "26"
        },
        "Athletic Bilbao": {
            "years": "2000\u20132005",
            "goals": "13",
            "caps": "108"
        },
        "Chelsea": {
            "years": "2005\u20132006",
            "goals": "1",
            "caps": "25"
        },
        "Valencia": {
            "years": "2006\u20132011",
            "goals": "0",
            "caps": "15"
        },
        "\u2192 Athletic Bilbao (loan)": {
            "years": "2007\u20132008",
            "goals": "0",
            "caps": "16"
        },
        "\u2192 Valladolid (loan)": {
            "years": "2010",
            "goals": "0",
            "caps": "13"
        },
        "\u2192 Levante (loan)": {
            "years": "2010\u20132011",
            "goals": "2",
            "caps": "22"
        },
        "Levante": {
            "years": "2011\u20132012",
            "goals": "0",
            "caps": "13"
        }
    },
    "national": {
        "Spain U18": {
            "years": "1999\u20132000",
            "goals": "2",
            "caps": "14"
        },
        "Spain U21": {
            "years": "2000\u20132003",
            "goals": "1",
            "caps": "16"
        },
        "Spain": {
            "years": "2004\u20132005",
            "goals": "2",
            "caps": "10"
        },
        "Basque Country": {
            "years": "2003\u20132007",
            "goals": "0 ",
            "caps": "4"
        }
    },
    "youth_career": {
        "Gallarta": "1992\u20131993",
        "Athletic Bilbao": "1993\u20131999"
    },
    "birth_date": "1981-1-19"
}