{
    "name": "Asim Ferhatovi\u0107",
    "birth_place": "Sarajevo, Kingdom of Yugoslavia",
    "death_date": "1987",
    "death_place": "Sarajevo, SFR Yugoslavia",
    "position": "Striker",
    "totalcaps": "235",
    "totalgoals": "99",
    "senior": {
        "Sarajevo": {
            "years": "1963\u20131967",
            "goals": "32",
            "caps": "70"
        },
        "Fenerbah\u00e7e": {
            "years": "1963",
            "goals": "1",
            "caps": "7"
        }
    },
    "national": {
        "Yugoslavia": {
            "years": "1961",
            "goals": "0 ",
            "caps": "1"
        }
    },
    "youth_career": {
        "Vratnik": "1945\u20131948",
        "Sarajevo": "1948\u20131950"
    },
    "birth_date": "1933-01-24"
}