{
    "name": "Atiba Hutchinson",
    "birth_name": "Atiba Hutchinson",
    "birth_place": "Brampton, Ontario, Canada",
    "height": "1.87 m",
    "position": "Midfielder",
    "youthclubs1": "Brampton YSC",
    "youthclubs2": "North Scarborough SC",
    "youthclubs3": "Woodbridge Strikers",
    "totalcaps": "568",
    "totalgoals": "62",
    "senior": {
        "York Region Shooters": {
            "years": "2002",
            "goals": "0",
            "caps": "2"
        },
        "Toronto Lynx": {
            "years": "2002\u20132003",
            "goals": "3",
            "caps": "4"
        },
        "\u00d6ster": {
            "years": "2003\u20132004",
            "goals": "6",
            "caps": "24"
        },
        "Helsingborg": {
            "years": "2004\u20132006",
            "goals": "6",
            "caps": "49"
        },
        "Copenhagen": {
            "years": "2006\u20132010",
            "goals": "22",
            "caps": "139"
        },
        "PSV": {
            "years": "2010\u20132013",
            "goals": "4",
            "caps": "80"
        },
        "Be\u015fikta\u015f": {
            "years": "2013\u20132023",
            "goals": "24",
            "caps": "270"
        }
    },
    "national": {
        "Canada U20": {
            "years": "2001\u20132003",
            "goals": "0",
            "caps": "19"
        },
        "Canada U23": {
            "years": "2002\u20132004",
            "goals": "0",
            "caps": "10"
        },
        "Canada": {
            "years": "2003\u20132023",
            "goals": "9",
            "caps": "105"
        }
    },
    "birth_date": "1983-2-8",
    "medaltemplates": [
        "Sport: Men's soccer",
        "Country: {{CAN}}",
        "Competition: CONCACAF Nations League"
    ]
}