{
    "name": "Attilio Demar\u00eda",
    "fullname": "Atilio Jos\u00e9 Demar\u00eda",
    "birth_place": "Buenos Aires, Argentina",
    "death_date": "1990",
    "death_place": "Haedo, Argentina",
    "position": "Striker",
    "totalcaps": "377",
    "totalgoals": "138",
    "senior": {
        "Estudiantil Porte\u00f1o": {
            "years": "1937-1938",
            "goals": "14",
            "caps": "21"
        },
        "Gimnasia La Plata": {
            "years": "1931",
            "goals": "0",
            "caps": "1"
        },
        "Ambrosiana-Inter": {
            "years": "1938\u20131943",
            "goals": "26",
            "caps": "113"
        },
        "Independiente": {
            "years": "1936",
            "goals": "1",
            "caps": "3"
        },
        "Novara": {
            "years": "1943\u20131944",
            "goals": "5",
            "caps": "16"
        },
        "Legnano": {
            "years": "1944\u20131946",
            "goals": "5",
            "caps": "16"
        },
        "Cosenza": {
            "years": "1946\u20131948",
            "goals": "0",
            "caps": "44"
        }
    },
    "national": {
        "Argentina": {
            "years": "1930\u20131931",
            "goals": "0",
            "caps": "3"
        },
        "Italy": {
            "years": "1932\u20131940",
            "goals": "3",
            "caps": "13"
        }
    },
    "manager_career": {
        "Legnano": "1945\u20131946",
        "Cosenza": "1946\u20131948",
        "Gimnasia La Plata": "1951",
        "Sportivo Italiano": "1965",
        "Almirante Brown": "1973"
    },
    "medaltemplates": [
        "Sport: Men's football",
        "Competition: FIFA World Cup",
        "Competition: Central European International Cup",
        "Competition: FIFA World Cup"
    ]
}