{
    "name": "Au Wai Lun",
    "fullname": "Au Wai Lun",
    "height": "1.81 m",
    "birth_place": "Hong Kong",
    "position": "Striker",
    "years1": "1988\u20131989",
    "clubs1": "Tin Tin",
    "goals1": "0",
    "years2": "1989\u20131990",
    "clubs2": "Eastern",
    "goals2": "3",
    "years3": "1990\u20131993",
    "clubs3": "Ernest Borel",
    "goals3": "13",
    "years4": "1993\u20131999",
    "clubs4": "South China",
    "goals4": "52",
    "pcupdate": "23 January 2010 ",
    "senior": {
        "Rangers (HKG)": {
            "years": "1999",
            "goals": "0",
            "caps": "0"
        },
        "South China": {
            "years": "1999\u20132007",
            "goals": "80",
            "caps": "114"
        },
        "Eastern": {
            "years": "2009\u20132013",
            "goals": "26",
            "caps": "47"
        }
    },
    "national": {
        "Hong Kong": {
            "years": "1989\u20132005",
            "goals": "26",
            "caps": "50"
        },
        "Hong Kong (futsal)": {
            "years": "1992",
            "goals": "3",
            "caps": "3"
        }
    },
    "manager_career": {
        "Dreams FC (technical director)": "2017\u20132019"
    },
    "birth_date": "1971-8-14"
}