{
    "name": "Augustine Eguavoen",
    "fullname": "Augustine Owen Eguavoen",
    "height": "1.91 m",
    "birth_place": "Sapele, Nigeria",
    "currentclub": "Nigeria (Technical Director)",
    "position": "Right wingback",
    "years1": "1985\u20131986",
    "clubs1": "ACB Lagos",
    "years6": "1996",
    "clubs6": "Sacramento Scorpions",
    "senior": {
        "Gent": {
            "years": "1986\u20131990",
            "goals": "10",
            "caps": "77"
        },
        "Kortrijk": {
            "years": "1995\u20131996",
            "goals": "1",
            "caps": "27"
        },
        "Ourense": {
            "years": "1994\u20131995",
            "goals": "0",
            "caps": "10"
        },
        "Torpedo Moscow": {
            "years": "1997\u20131998",
            "goals": "1",
            "caps": "25"
        },
        "Sliema Wanderers": {
            "years": "1999\u20132001",
            "goals": "0",
            "caps": "5"
        }
    },
    "national": {
        "Nigeria": {
            "years": "1987\u20131998",
            "goals": "1",
            "caps": "49"
        }
    },
    "manager_career": {
        "Sliema Wanderers (player-coach)": "1999",
        "Bendel Insurance": "2014",
        "Nigeria U20": "2002\u20132003",
        "Nigeria": "2005\u20132007",
        "Black Leopards": "2008",
        "Enyimba International": "2008\u20132009",
        "Nigeria (caretaker)": "2010",
        "Nigeria U23": "2010\u20132011",
        "Sharks": "2012\u20132013",
        "COD United": "2013",
        "Gombe United": "2014\u20132016",
        "Sunshine Stars": "2017",
        "Zakynthos": "2018",
        "Stade Malien": "2020\u20132021",
        "Nigeria (Technical Director)": "2020\u2013",
        "Nigeria (interim)": "2021\u20132022"
    },
    "birth_date": "1965-8-19",
    "medaltemplates": [
        "Bronze Medal: 2006 "
    ]
}