{
    "name": "Aulis Rytk\u00f6nen",
    "birth_place": "Karttula, Finland",
    "death_date": "2014",
    "death_place": "Helsinki, Finland",
    "position": "Striker",
    "senior": {
        "KuPS": {
            "years": "1945\u20131952",
            "goals": "66",
            "caps": "126"
        },
        "Toulouse": {
            "years": "1952\u20131960",
            "goals": "33",
            "caps": "120"
        },
        "HJK Helsinki": {
            "years": "1960\u20131966",
            "goals": "28",
            "caps": "85"
        }
    },
    "national": {
        "Finland": {
            "years": "1948\u20131964",
            "goals": "7",
            "caps": "37"
        }
    },
    "manager_career": {
        "HJK Helsinki": "1960\u20131971",
        "Finland ": "1975\u20131978"
    },
    "youth_career": {
        "Kuopion ty\u00f6v\u00e4en urheilijat": "\u20131945"
    },
    "birth_date": "1929-1-5"
}