{
    "name": "Aureliano Torres",
    "fullname": "Aureliano Torres Rom\u00e1n",
    "birth_place": "Luque, Paraguay",
    "height": "1.78 m",
    "position": "Left-back",
    "currentclub": "General Caballero JLM (manager)",
    "years11": "2015",
    "clubs11": "12 de Octubre",
    "years12": "2016",
    "clubs12": "Caacup\u00e9 Football Club",
    "senior": {
        "Irapuato": {
            "years": "2001",
            "goals": "0",
            "caps": "0"
        },
        "Kyoto Purple Sanga": {
            "years": "2002",
            "goals": "0",
            "caps": "4"
        },
        "Deportivo Recoleta": {
            "years": "2002\u20132003",
            "goals": "5",
            "caps": "68"
        },
        "Sol de Am\u00e9rica": {
            "years": "2014",
            "goals": "3",
            "caps": "40"
        },
        "Guaran\u00ed": {
            "years": "2004\u20132006",
            "goals": "7",
            "caps": "55"
        },
        "\u2192 Real Murcia (loan)": {
            "years": "2005\u20132006",
            "goals": "0",
            "caps": "3"
        },
        "San Lorenzo": {
            "years": "2007\u20132011",
            "goals": "9",
            "caps": "126"
        },
        "Toluca": {
            "years": "2011\u20132012",
            "goals": "2",
            "caps": "28"
        },
        "Pe\u00f1arol": {
            "years": "2012\u20132013",
            "goals": "1",
            "caps": "16"
        }
    },
    "national": {
        "Paraguay U23": {
            "years": "2004",
            "goals": "2",
            "caps": "13"
        },
        "Paraguay": {
            "years": "2004\u20132011",
            "goals": "2",
            "caps": "47"
        }
    },
    "birth_date": "1982-6-16",
    "medaltemplates": [
        "Sport: Men's Football",
        "Country: {{PAR}}",
        "Competition: Olympic Games",
        "Silver Medal: 2004 Athens Team Competition",
        "Competition: Copa Am\u00e9rica"
    ]
}