{
    "name": "Aurelio Vidmar",
    "birth_place": "Adelaide, Australia",
    "height": "1.80 m",
    "position": "Attacking midfielder",
    "youthyears2": "|youthclubs2 =",
    "years1": "1985\u20131991 |clubs1  = Adelaide City     |caps1  = 157 |goals1  = 29",
    "years2": "1991\u20131992 |clubs2  = Kortrijk             |caps2  = 30  |goals2  = 10",
    "years3": "1992\u20131994 |clubs3  = Waregem             |caps3  = 57  |goals3  = 25",
    "years4": "1994\u20131995 |clubs4  = Standard Li\u00e8ge                     |caps4  = 32  |goals4  = 22",
    "years5": "1995\u20131996 |clubs5  = Feyenoord                          |caps5  = 15  |goals5  = 2",
    "years6": "1996      |clubs6  = Sion                       |caps6  = 14  |goals6  = 7",
    "years7": "1997\u20131998 |clubs7  = Tenerife               |caps7  = 25  |goals7  = 1",
    "years8": "1998\u20131999 |clubs8  = Sanfrecce Hiroshima                |caps8  = 24  |goals8  = 6",
    "years9": "1999\u20132003 |clubs9  = Adelaide City                            |caps9  = 110 |goals9  = 21",
    "years10": "2001      |clubs10 = \u2192 Croydon Kings (loan)             |caps10 = 3   |goals10 = 0",
    "years11": "2003\u20132004 |clubs11 = Adelaide United |caps11 = 27  |goals11 = 2",
    "totalcaps": "494",
    "totalgoals": "125",
    "nationalyears1": "1996      |nationalteam1 = Australia Olympic |nationalcaps1 = 4 |nationalgoals1 = 3",
    "nationalyears2": "1991\u20132001 |nationalteam2 = Australia               |nationalcaps2 = 44 |nationalgoals2 = 17",
    "manageryears1": "2005\u20132006 |managerclubs1 = Adelaide United (assistant)",
    "manageryears2": "2007\u20132010 |managerclubs2 = Adelaide United",
    "manageryears3": "2010\u20132016 |managerclubs3 = Australia (assistant)",
    "manageryears4": "2010\u20132016 |managerclubs4 = Australia U-23",
    "manageryears5": "2012      |managerclubs5 = Australia U-20",
    "manageryears6": "2013      |managerclubs6 = Australia (caretaker)",
    "manageryears7": "2016\u20132017 |managerclubs7 = Bangkok Glass",
    "manageryears8": "2019\u20132021 |managerclubs8 = Lion City Sailors",
    "manageryears9": "2021      |managerclubs9 = BG Pathum United",
    "manageryears10": "2022    |managerclubs10 = Bangkok United",
    "manageryears11": "2023\u2013 |managerclubs11 = Melbourne City ",
    "birth_date": "1967-2-3"
}