{
    "name": "Auri Skarbalius",
    "fullname": "Aurelijus Skarbalius",
    "birth_place": "Vilnius, Lithuanian SSR, Soviet Union",
    "height": "1.76 m",
    "position": "Full-back",
    "currentclub": "HB K\u00f8ge (head coach)",
    "youthclubs1": "\u017dalgiris Vilnius",
    "totalcaps": "311",
    "totalgoals": "12",
    "senior": {
        "\u017dalgiris Vilnius": {
            "years": "1992\u20131994",
            "goals": "6",
            "caps": "43"
        },
        "Inkaras Kaunas": {
            "years": "1994\u20131995",
            "goals": "4",
            "caps": "27"
        },
        "Br\u00f8ndby": {
            "years": "1995\u20132005",
            "goals": "2",
            "caps": "194"
        },
        "\u2192 Herf\u00f8lge (loan)": {
            "years": "2005",
            "goals": "0",
            "caps": "8"
        },
        "Herf\u00f8lge": {
            "years": "2006\u20132008",
            "goals": "0",
            "caps": "39"
        }
    },
    "national": {
        "Lithuania": {
            "years": "1991\u20132005",
            "goals": "5",
            "caps": "65"
        }
    },
    "birth_date": "1973-5-12"
}