{
    "name": "Avery John ,  CM",
    "fullname": "Emery Avery John",
    "birth_place": "Point Fortin, Trinidad and Tobago",
    "height": "ft=6",
    "position": "Defender",
    "collegeyears1": "1994\u20131995",
    "college1": "Yavapai Roughriders",
    "collegeyears2": "1996\u20131999",
    "college2": "American Eagles",
    "years2": "1999",
    "clubs2": "Maryland Mania",
    "senior": {
        "New Orleans Storm": {
            "years": "1998",
            "goals": "0",
            "caps": "0"
        },
        "Bohemians": {
            "years": "2001\u20132002",
            "goals": "1",
            "caps": "19"
        },
        "Boston Bulldogs": {
            "years": "2000",
            "goals": "0",
            "caps": "11"
        },
        "Shelbourne": {
            "years": "2000\u20132001",
            "goals": "0",
            "caps": "10"
        },
        "Longford Town": {
            "years": "2002\u20132003",
            "goals": "1",
            "caps": "25"
        },
        "New England Revolution": {
            "years": "2004\u20132008",
            "goals": "0",
            "caps": "75"
        },
        "Miami FC": {
            "years": "2008",
            "goals": "0",
            "caps": "15"
        },
        "D.C. United": {
            "years": "2009",
            "goals": "0",
            "caps": "6"
        }
    },
    "national": {
        "Trinidad and Tobago": {
            "years": "1996\u20132009",
            "goals": "0",
            "caps": "65"
        }
    },
    "birth_date": "1975-6-18"
}