{
    "name": "Avi Cohen \u05d0\u05d1\u05d9 \u05db\u05d4\u05df",
    "fullname": "Avraham Cohen",
    "birth_place": "Cairo, Egypt",
    "death_date": "2010 title=Israeli soccer giant Avi Cohen dies of injuries after motorcycle crash",
    "death_place": "Tel Aviv, Israel",
    "position": "Defender",
    "totalcaps": "360",
    "totalgoals": "16",
    "senior": {
        "Maccabi Tel Aviv": {
            "years": "1988\u20131990",
            "goals": "1",
            "caps": "40"
        },
        "Liverpool": {
            "years": "1979\u20131981",
            "goals": "1",
            "caps": "18"
        },
        "Rangers": {
            "years": "1987\u20131988",
            "goals": "0",
            "caps": "7"
        },
        "Maccabi Netanya": {
            "years": "1991",
            "goals": "0",
            "caps": "3"
        }
    },
    "national": {
        "Israel": {
            "years": "1976\u20131988",
            "goals": "3 He played another 12 games against International Olympic teams and 1 against Amateurs team.",
            "caps": "51"
        }
    },
    "manager_career": {
        "Maccabi Netanya": "1990\u20131992",
        "Beitar Tel Aviv": "1992\u20131993",
        "Maccabi Yavne": "1993\u20131994",
        "Ironi Ashdod": "1994\u20131995",
        "Hapoel Kfar Saba": "1999\u20132000",
        "Hapoel Ashkelon": "1998\u20131999",
        "Maccabi Herzliya  ": "2001"
    },
    "youth_career": {
        "Maccabi Tel Aviv": "1966\u20131974"
    },
    "birth_date": "1956-11-14"
}