{
    "name": "Avi Ran",
    "fullname": "Avi Ran",
    "height": "1.85",
    "birth_place": "Haifa, Israel",
    "death_date": "1987",
    "death_place": "Tiberias, Israel",
    "position": "Goalkeeper",
    "senior": {
        "Maccabi Haifa": {
            "years": "1981\u20131987",
            "goals": "0",
            "caps": "165"
        }
    },
    "national": {
        "Israel": {
            "years": "1986\u20131987",
            "goals": "0 ",
            "caps": "9"
        }
    },
    "birth_date": "1963-8-25"
}