{
    "name": "Avi Nimni",
    "upright": "0.9",
    "full_name": "Aviyahu Nimni",
    "birth_place": "Holon, Israel",
    "height": "1.88 m",
    "position": "Midfielder, second striker",
    "totalcaps": "416",
    "totalgoals": "195",
    "senior": {
        "Maccabi Tel Aviv": {
            "years": "2005\u20132008",
            "goals": "22",
            "caps": "32"
        },
        "Atl\u00e9tico Madrid": {
            "years": "1997\u20131998",
            "goals": "0",
            "caps": "7"
        },
        "Nice": {
            "years": "1998\u20132003",
            "goals": "77",
            "caps": "116"
        },
        "\u2192 Rostov (loan)": {
            "years": "1999\u20132000",
            "goals": "1",
            "caps": "4"
        },
        "Beitar Jerusalem": {
            "years": "2003\u20132005",
            "goals": "20",
            "caps": "50"
        }
    },
    "national": {
        "Israel U21": {
            "years": "1990\u20131993",
            "goals": "2",
            "caps": "4"
        },
        "Israel": {
            "years": "1992\u20132006",
            "goals": "17",
            "caps": "80"
        }
    },
    "manager_career": {
        "Maccabi Tel Aviv (general manager) ": "2008\u20132011"
    },
    "youth_career": {
        "Maccabi Tel Aviv": "1980\u20131990"
    },
    "birth_date": "1972-4-26"
}