{
    "name": "Avram Grant",
    "upright": "1.2",
    "fullname": "Avraham Grant url=http://www.bdfutbol.com/en/l/l95067.html ",
    "birth_name": "Avraham Granat",
    "birth_place": "Petah Tikva, Israel",
    "manager_career": {
        "Hapoel Petah Tikva (youth)": "1972\u20131986",
        "Hapoel Petah Tikva": "1986\u20131991",
        "Maccabi Tel Aviv": "1996\u20132000",
        "Hapoel Haifa": "1995\u20131996",
        "Maccabi Haifa": "2000\u20132002",
        "Israel": "2002\u20132006",
        "Chelsea": "2007\u20132008",
        "Portsmouth": "2009\u20132010",
        "West Ham United": "2010\u20132011",
        "Partizan Belgrade": "2012",
        "BEC Tero Sasana (technical director)": "2014",
        "Ghana": "2014\u20132017",
        "NorthEast United (interim)": "2018"
    },
    "birth_date": "1955-5-6",
    "medaltemplates": [
        "Sport: Men's football"
    ]
}