{
    "name": "Ayhan Akman",
    "fullname": "Ayhan Akman",
    "birth_place": "\u0130neg\u00f6l, Turkey",
    "height": "1.73",
    "position": "Midfielder",
    "currentclub": "Galatasaray (assistant)",
    "totalcaps": "427",
    "totalgoals": "53",
    "date": "9 July 2015",
    "senior": {
        "\u0130neg\u00f6lspor": {
            "years": "1993\u20131994",
            "goals": "4",
            "caps": "21"
        },
        "Gaziantepspor": {
            "years": "1994\u20131998",
            "goals": "23",
            "caps": "98"
        },
        "Be\u015fikta\u015f": {
            "years": "1998\u20132001",
            "goals": "16",
            "caps": "71"
        },
        "Galatasaray": {
            "years": "2001\u20132012",
            "goals": "10",
            "caps": "237"
        }
    },
    "national": {
        "Turkey U15": {
            "years": "1991\u20131992",
            "goals": "0",
            "caps": "4"
        },
        "Turkey U16": {
            "years": "1992\u20131993",
            "goals": "0",
            "caps": "8"
        },
        "Turkey U17": {
            "years": "1993",
            "goals": "0",
            "caps": "5"
        },
        "Turkey U18": {
            "years": "1994\u20131995",
            "goals": "2",
            "caps": "15"
        },
        "Turkey U21": {
            "years": "1995\u20131998",
            "goals": "1",
            "caps": "12"
        }
    },
    "manager_career": {
        "Galatasaray A2 (assistant)": "2013\u20132014",
        "Kayseri Erciyesspor (assistant)": "2014",
        "Kar\u015f\u0131yaka ||": "2015",
        "Sar\u0131yer ||": "2015\u20132016",
        "Galatasaray (assistants)": "2016\u20132017",
        "Antalyaspor (assistant)": "2019\u20132019"
    },
    "youth_career": {
        "\u0130neg\u00f6lspor": "1987\u20131993"
    },
    "birth_date": "1977-2-23"
}