{
    "name": "Aykut Kocaman",
    "full_name": "Aykut Kocaman",
    "birth_place": "Geyve, Sakarya, Turkey",
    "height": "1.74 m",
    "position": "Striker",
    "totalcaps": "360",
    "totalgoals": "200",
    "senior": {
        "Sakaryaspor": {
            "years": "1984\u20131988",
            "goals": "23",
            "caps": "68"
        },
        "Fenerbah\u00e7e": {
            "years": "1988\u20131996",
            "goals": "140",
            "caps": "215"
        },
        "\u0130stanbulspor": {
            "years": "1996\u20132000",
            "goals": "37",
            "caps": "82"
        }
    },
    "national": {
        "Turkey": {
            "years": "1992\u20131995",
            "goals": "1",
            "caps": "15"
        }
    },
    "manager_career": {
        "\u0130stanbulspor": "2000\u20132004",
        "Malatyaspor": "2004\u20132005",
        "Konyaspor": "2018\u20132020",
        "Ankaraspor": "2008\u20132009",
        "Fenerbah\u00e7e  (director of football)": "2009\u20132010",
        "Fenerbah\u00e7e": "2017\u20132018",
        "Ba\u015fak\u015fehir ": "2021"
    },
    "birth_date": "1965-4-5"
}