{
    "name": "Aykut Er\u00e7etin",
    "fullname": "Aykut Er\u00e7etin",
    "birth_place": "G\u00f6ppingen, West Germany",
    "height": "1.87",
    "position": "Goalkeeper",
    "senior": {
        "VfB Stuttgart II": {
            "years": "2002",
            "goals": "0",
            "caps": "2"
        },
        "Galatasaray": {
            "years": "2003\u20132014",
            "goals": "0",
            "caps": "39"
        },
        "\u00c7aykur Rizespor": {
            "years": "2014\u20132015",
            "goals": "0",
            "caps": "1"
        }
    },
    "youth_career": {
        "VfB Stuttgart": "2001\u20132003"
    },
    "birth_date": "1982-9-14"
}