{
    "youthclubs1": "Eid IL |years1 = 1999\u20132001",
    "clubs1": "Brann",
    "caps1": "50",
    "goals1": "12 |years2 = 2002\u20132004",
    "clubs2": "Rosenborg",
    "caps2": "60",
    "goals2": "13 |years3 = 2004\u20132007",
    "clubs3": "Benfica",
    "caps3": "27",
    "goals3": "4 |years4 = 2005\u20132006",
    "clubs4": "\u2192 Portsmouth (loan)",
    "caps4": "20",
    "goals4": "1 |years5 = 2006\u20132007",
    "clubs5": "\u2192 Kaiserslautern (loan)",
    "caps5": "11",
    "goals5": "1 |years6 = 2007\u20132009",
    "clubs6": "Brann",
    "caps6": "48",
    "goals6": "10 |years7 = 2009\u20132012",
    "clubs7": "Kas\u0131mpa\u015fa",
    "caps7": "36",
    "goals7": "2 |years8 = 2012\u20132014",
    "clubs8": "Sogndal",
    "caps8": "44",
    "goals8": "4 |years9 = 2014\u20132019",
    "clubs9": "Brann",
    "caps9": "107",
    "goals9": "10 |nationalyears1 = 1999\u20132000",
    "nationalteam1": "Norway U21",
    "nationalcaps1": "33",
    "nationalgoals1": "12 |nationalyears2 = 2001\u20132008",
    "nationalteam2": "Norway",
    "nationalcaps2": "10",
    "nationalgoals2": "1",
    "manager_career": {
        "Brann 2 (assistant)": "2020",
        "Brann 2": "2021\u20132023",
        "Stab\u00e6k (assistant)": "2023\u20132024",
        "Start ": "2024\u2013"
    }
}