{
    "name": "B\u00e8b\u00e8 Kambou",
    "fullname": "Rom\u00e9o B\u00e9b\u00e9 Kambou",
    "birth_place": "Peni-Houet, Upper Volta",
    "height": "1.87 m",
    "position": "Midfielder",
    "currentclub": "FC Montceau",
    "years1": "1999\u20132000",
    "clubs1": "ASFA Ouagadougou",
    "years2": "2000\u20132002",
    "clubs2": "Racing Club de Bobo",
    "years3": "2002\u20132003",
    "clubs3": "Rail Club du Kadiogo",
    "senior": {
        "CS Louhans-Cuiseaux": {
            "years": "2003\u20132004",
            "goals": "0",
            "caps": "21"
        },
        "FC Rouen": {
            "years": "2004\u20132006",
            "goals": "3",
            "caps": "41"
        },
        "FC Montceau": {
            "years": "2010\u20132015",
            "goals": "6",
            "caps": "88"
        },
        "AS Cherbourg": {
            "years": "2007\u20132009",
            "goals": "1",
            "caps": "65"
        },
        "FC Martigues": {
            "years": "2009\u20132010",
            "goals": "1",
            "caps": "11"
        }
    },
    "national": {
        "Burkina Faso": {
            "years": "2004\u20132009",
            "goals": "0 ",
            "caps": "15"
        }
    },
    "youth_career": {
        "US Fran": "1997\u20131999"
    },
    "birth_date": "1982-7-1"
}