{
    "name": "B\u00e9la Kopl\u00e1rovics",
    "fullname": "B\u00e9la Kopl\u00e1rovics",
    "birth_place": "Kaposv\u00e1r, Hungary",
    "height": "m=1.84",
    "position": "Midfielder",
    "years5": "2010",
    "years8": "2011\u20132015",
    "years9": "2015\u2013",
    "clubs5": "Shensa Arak",
    "clubs8": "TSV Utzenaich",
    "clubs9": "FC Taischkirchen",
    "pcupdate": "3 August 2015",
    "ntupdate": "16 August 2011 ",
    "senior": {
        "H\u00e9v\u00edz FC": {
            "years": "2010",
            "goals": "0",
            "caps": "8"
        },
        "Zalaegerszegi TE": {
            "years": "2002\u20132008",
            "goals": "13",
            "caps": "122"
        },
        "P\u00e9csi MFC": {
            "years": "2008\u20132009",
            "goals": "3",
            "caps": "22"
        },
        "NK Nafta Lendava": {
            "years": "2009",
            "goals": "3",
            "caps": "11"
        },
        "Koz\u00e1rmisleny SE": {
            "years": "2010\u20132011",
            "goals": "5",
            "caps": "29"
        }
    },
    "national": {
        "Hungary": {
            "years": "2004",
            "goals": "0",
            "caps": "2"
        }
    },
    "birth_date": "1981-06-07"
}