{
    "name": "B\u00fclent Korkmaz",
    "fullname": "B\u00fclent Korkmaz title=FIFA Player Statistics: B\u00fclent Korkmaz -FIFA.com",
    "birth_place": "Malatya, Turkey",
    "height": "ft=5",
    "position": "Defender",
    "totalcaps": "430",
    "totalgoals": "15",
    "senior": {
        "Galatasaray": {
            "years": "1987\u20132005",
            "goals": "15",
            "caps": "430"
        }
    },
    "national": {
        "Turkey U21": {
            "years": "1988",
            "goals": "0",
            "caps": "3"
        },
        "Turkey": {
            "years": "1990\u20132005",
            "goals": "3",
            "caps": "102"
        }
    },
    "manager_career": {
        "Kayseri Erciyesspor": "2014\u20132015",
        "Bursaspor": "2007",
        "Gen\u00e7lerbirli\u011fi": "2007\u20132008",
        "Galatasaray": "2009",
        "Baku": "2009\u20132010",
        "Karab\u00fckspor": "2011\u20132012",
        "\u0130stanbul BB": "2012\u20132013",
        "Mersin \u0130dman Yurdu": "2015\u20132016",
        "Antalyaspor": "2018\u20132019",
        "Konyaspor": "2020",
        "Alanyaspor": "2021",
        "\u00c7aykur Rizespor": "2022\u20132023"
    },
    "youth_career": {
        "Galatasaray": "1979\u20131985"
    },
    "birth_date": "1968-11-24",
    "medaltemplates": [
        "Country: {{TUR}}",
        "Sport: Men's football",
        "Competition: FIFA World Cup"
    ]
}