{
    "name": "Badr El Kaddouri",
    "fullname": "Badr El Kaddouri",
    "birth_place": "Casablanca, Morocco",
    "height": "m=1.77",
    "position": "Left back",
    "years1": "2000\u20132002 |clubs1 = Wydad Casablanca                 |caps1 = 38  |goals1 = 0",
    "years2": "2002\u20132013 |clubs2 = Dynamo Kyiv       |caps2 = 269 |goals2 = 14",
    "years3": "2002\u20132003 |clubs3 = \u2192 Dynamo-2 Kyiv |caps3 = 19  |goals3 = 0",
    "years4": "2011\u20132012 |clubs4 = \u2192 Celtic (loan)      |caps4 = 6   |goals4 = 1",
    "years5": "2012      |clubs5 = \u2192 Dynamo-2 Kyiv |caps5 = 9   |goals5 = 0",
    "nationalyears1": "2004",
    "nationalteam1": "Morocco U23",
    "club-update": "31 January 2013",
    "nationalteam-update": "31 January 2012 ",
    "national": {
        "Morocco": {
            "years": "2002\u20132012",
            "goals": "0",
            "caps": "46"
        }
    },
    "youth_career": {
        "Wydad Casablanca": "000?\u20132000"
    },
    "birth_date": "1981-01-31"
}