{
    "name": "Baffour Gyan",
    "birth_place": "Accra, Ghana",
    "height": "1.80 m",
    "position": "Striker",
    "youthclubs1": "Liberty Professionals",
    "years3": "1998\u20131999",
    "clubs3": "Liberty Professionals",
    "senior": {
        "Liberty Professionals": {
            "years": "2000",
            "goals": "1",
            "caps": "22"
        },
        "AO Kalamata": {
            "years": "1997\u20131998",
            "goals": "1",
            "caps": "16"
        },
        "Anagennisi Karditsas": {
            "years": "1999\u20132000",
            "goals": "0",
            "caps": "8"
        },
        "Slovan Liberec": {
            "years": "2000\u20132004",
            "goals": "11",
            "caps": "62"
        },
        "Dynamo Moscow": {
            "years": "2004\u20132006",
            "goals": "3",
            "caps": "40"
        },
        "Saturn Moscow": {
            "years": "2006\u20132009",
            "goals": "2",
            "caps": "37"
        },
        "Asante Kotoko": {
            "years": "2010\u20132011",
            "goals": "15",
            "caps": "33"
        },
        "Al-Nasr Benghazi": {
            "years": "2011\u20132013",
            "goals": "23",
            "caps": "56"
        }
    },
    "national": {
        "Ghana": {
            "years": "2001\u20132008",
            "goals": "4 ",
            "caps": "25"
        }
    },
    "birth_date": "1980-7-2"
}