{
    "name": "Bakari Kon\u00e9",
    "upright": "1.1",
    "full_name": "Bakari Kon\u00e9",
    "birth_place": "Abidjan, Ivory Coast",
    "height": "1.67 m",
    "position": "Winger",
    "youthyears1": "1994\u20131999 |youthclubs1 = ASEC Mimosas",
    "years1": "1999\u20132002 |clubs1 = ASEC Mimosas                      |caps1 = 84 |goals1 = 29",
    "years2": "2002\u20132003 |clubs2 = Al-Ittihad |caps2 = 28 |goals2 = 11",
    "years3": "2003\u20132005 |clubs3 = Lorient                |caps3 = 68 |goals3 = 34",
    "years4": "2005\u20132008 |clubs4 = Nice                     |caps4 = 95 |goals4 = 29",
    "years5": "2008\u20132010 |clubs5 = Marseille  |caps5 = 55 |goals5 = 13",
    "years6": "2010\u20132012 |clubs6 = Lekhwiya             |caps6 = 37 |goals6 = 14",
    "years7": "2012\u20132013 |clubs7 = Qatar SC                          |caps7 = 21 |goals7 = 5",
    "years8": "2013\u20132014 |clubs8 = Umm Salal            |caps8 = 13 |goals8 = 3",
    "years9": "2014\u20132016 |clubs9 = Ajman                  |caps9 = 13 |goals9 = 7",
    "years10": "2016      |clubs10 = Paris FC                         |caps10 = 7 |goals10 = 0",
    "totalcaps": "421",
    "totalgoals": "145",
    "nationalyears1": "2003\u20132010 |nationalteam1 = Ivory Coast |nationalcaps1 = 42   |nationalgoals1 = 9 ",
    "birth_date": "1981-9-17"
}