{
    "name": "Barry Wilson",
    "fullname": "Barry John Wilson",
    "height": "ft=5",
    "birth_place": "Kirkcaldy, Scotland",
    "position": "Midfielder",
    "totalcaps": "478",
    "totalgoals": "106",
    "club-update": "6 April 2013 (UTC) ",
    "senior": {
        "Southampton": {
            "years": "1992",
            "goals": "0",
            "caps": "0"
        },
        "Ross County": {
            "years": "1992\u20131994",
            "goals": "1",
            "caps": "3"
        },
        "Raith Rovers": {
            "years": "1994\u20131996",
            "goals": "5",
            "caps": "39"
        },
        "Inverness CT": {
            "years": "2003\u20132008",
            "goals": "32",
            "caps": "170"
        },
        "Livingston": {
            "years": "2000\u20132003",
            "goals": "25",
            "caps": "101"
        },
        "\u2192 St Johnstone (loan)": {
            "years": "2008",
            "goals": "1",
            "caps": "6"
        },
        "Queen of the South": {
            "years": "2008\u20132010",
            "goals": "5",
            "caps": "28"
        },
        "Peterhead": {
            "years": "2010",
            "goals": "5",
            "caps": "16"
        },
        "Elgin City": {
            "years": "2010\u20132012",
            "goals": "4",
            "caps": "28"
        },
        "Wick Academy": {
            "years": "2013",
            "goals": "0",
            "caps": "4"
        }
    },
    "manager_career": {
        "Wick Academy": "2012\u20132014",
        "Elgin City": "2014"
    },
    "birth_date": "1972-2-16"
}