{
    "name": "Barry Fry",
    "upright": "0.7",
    "fullname": "Barry Francis Fry",
    "birth_place": "Bedford, England",
    "position": "Inside forward",
    "currentclub": "Peterborough United (Director of football)",
    "youthyears1": "1960\u20131962 |youthclubs1 = Manchester United",
    "years1": "1962\u20131964 |clubs1  = Manchester United     |caps1  = 0  |goals1  = 0",
    "years2": "1964\u20131965 |clubs2  = Bolton Wanderers       |caps2  = 3  |goals2  = 1",
    "years3": "1965\u20131966 |clubs3  = Luton Town                   |caps3  = 6  |goals3  = 0",
    "years4": "1966\u20131967 |clubs4  = Leyton Orient             |caps4  = 13 |goals4  = 0",
    "years5": "1967\u20131968 |clubs5  = Gravesend & Northfleet |caps5  =    |goals5  =",
    "years6": "1968      |clubs6  = Leyton Orient             |caps6  =    |goals6  =",
    "years7": "1967\u20131969 |clubs7  = Romford                         |caps7  = 50 |goals7  = 8",
    "years8": "1969\u20131972 |clubs8  = Bedford Town               |caps8  =    |goals8  =",
    "years9": "1972\u2013197? |clubs9  = Dunstable Town           |caps9  =    |goals9  =",
    "years10": "1973\u20131974 |clubs10 = St Albans City           |caps10 = 23 |goals10 = 1",
    "manageryears1": "1974\u20131976 |managerclubs1  = Dunstable Town",
    "manageryears2": "1976\u20131977 |managerclubs2  = Hillingdon Borough",
    "manageryears3": "1977\u20131978 |managerclubs3  = Bedford Town",
    "manageryears4": "1978\u20131985 |managerclubs4  = Barnet",
    "manageryears5": "1985\u20131986 |managerclubs5  = Maidstone United",
    "manageryears6": "1986\u20131993 |managerclubs6  = Barnet",
    "manageryears7": "1993      |managerclubs7  = Southend United",
    "manageryears8": "1993\u20131996 |managerclubs8  = Birmingham City",
    "manageryears9": "1996\u20132005 |managerclubs9  = Peterborough United",
    "manageryears10": "2006      |managerclubs10 = Peterborough United (joint caretaker) ",
    "birth_date": "1945-4-7"
}