{
    "name": "Barry van Galen",
    "fullname": "Bart van Galen",
    "birth_place": "Haarlem, Netherlands",
    "height": "1.80 m",
    "position": "Midfielder",
    "youthyears1": "|youthclubs1 = DSC '74",
    "youthyears2": "|youthclubs2 = RCH",
    "years1": "1991\u20131993 |clubs1  = Haarlem   |caps1  = 57  |goals1  = 26",
    "years2": "1993\u20131996 |clubs2  = Roda JC               |caps2  = 77  |goals2  = 17",
    "years3": "1996\u20131997 |clubs3  = NAC         |caps3  = 28  |goals3  = 3",
    "years4": "1997\u20132006 |clubs4  = AZ |caps4  = 246 |goals4  = 54",
    "totalcaps": "408",
    "totalgoals": "100",
    "nationalyears1": "2004 |nationalteam1 = Netherlands |nationalcaps1 = 1 |nationalgoals1 = 0 ",
    "birth_date": "1970-4-4"
}