{
    "name": "Barry Hunter",
    "full_name": "Barry Victor Hunter url=https://www.worldfootball.net/player_summary/barry-hunter/ ",
    "birth_place": "Coleraine, Northern Ireland",
    "height": "ft=6",
    "position": "Defender",
    "currentclub": "Liverpool (Scout)",
    "years7": "2007\u20132009",
    "totalcaps": "371",
    "totalgoals": "19",
    "senior": {
        "Crusaders": {
            "years": "1988\u20131993",
            "goals": "3",
            "caps": "74"
        },
        "Wrexham": {
            "years": "1993\u20131996",
            "goals": "4",
            "caps": "91"
        },
        "Reading": {
            "years": "1996\u20132001",
            "goals": "4",
            "caps": "84"
        },
        "\u2192 Southend United (loan)": {
            "years": "1999",
            "goals": "2",
            "caps": "5"
        },
        "Rushden & Diamonds": {
            "years": "2001\u20132006",
            "goals": "6",
            "caps": "112"
        },
        "Portadown": {
            "years": "2006",
            "goals": "0",
            "caps": "5"
        },
        "116 Exiles": {
            "years": "2014",
            "goals": "12",
            "caps": "45"
        }
    },
    "national": {
        "Northern Ireland": {
            "years": "1995\u20131999",
            "goals": "1",
            "caps": "14"
        }
    },
    "manager_career": {
        "Rushden & Diamonds": "2005\u20132006",
        "Swindon Town (assistant) ": "2006"
    },
    "birth_date": "1968-11-18"
}