{
    "name": "Barry Ferguson ,  country=GBR",
    "upright": "0.8",
    "full_name": "Barry Ferguson",
    "birth_place": "Hamilton, Scotland",
    "height": "ft=5 ",
    "position": "Midfielder",
    "youthclubs1": "Rangers SABC",
    "totalcaps": "484",
    "totalgoals": "48",
    "senior": {
        "Rangers": {
            "years": "2005\u20132009",
            "goals": "20",
            "caps": "137"
        },
        "Blackburn Rovers": {
            "years": "2003\u20132005",
            "goals": "3",
            "caps": "36"
        },
        "Birmingham City": {
            "years": "2009\u20132011",
            "goals": "0",
            "caps": "72"
        },
        "Blackpool": {
            "years": "2011\u20132014",
            "goals": "1",
            "caps": "80"
        },
        "\u2192 Fleetwood Town (loan)": {
            "years": "2012",
            "goals": "0",
            "caps": "6"
        },
        "Clyde": {
            "years": "2014\u20132015",
            "goals": "0",
            "caps": "1"
        }
    },
    "national": {
        "Scotland U21": {
            "years": "1997\u20131998",
            "goals": "1",
            "caps": "12"
        },
        "Scotland": {
            "years": "1998\u20132009",
            "goals": "3",
            "caps": "45"
        }
    },
    "manager_career": {
        "Blackpool (caretaker)": "2014",
        "Clyde": "2014\u20132017",
        "Kelty Hearts": "2018\u20132021",
        "Alloa Athletic ": "2021\u20132022"
    },
    "youth_career": {
        "Rangers": "1994\u20131997"
    },
    "birth_date": "1978-2-2"
}