{
    "name": "Barry Venison title=England players: Barry Venison",
    "fullname": "Barry Venison",
    "birth_place": "Consett,  County Durham, England",
    "height": "ft=5",
    "position": "Defender",
    "totalcaps": "424",
    "totalgoals": "4",
    "senior": {
        "Sunderland": {
            "years": "1981\u20131986",
            "goals": "2",
            "caps": "173"
        },
        "Liverpool": {
            "years": "1986\u20131992",
            "goals": "1",
            "caps": "110"
        },
        "Newcastle United": {
            "years": "1992\u20131995",
            "goals": "1",
            "caps": "109"
        },
        "Galatasaray": {
            "years": "1995",
            "goals": "0",
            "caps": "8"
        },
        "Southampton": {
            "years": "1995\u20131997",
            "goals": "0",
            "caps": "24"
        }
    },
    "national": {
        "England U21": {
            "years": "1982\u20131986",
            "goals": "0",
            "caps": "10"
        },
        "England": {
            "years": "1994\u20131995",
            "goals": "0",
            "caps": "2"
        }
    },
    "manager_career": {
        "Orange County Blues ": "2016"
    },
    "birth_date": "1964-8-16"
}