{
    "name": "Barry Fuller",
    "fullname": "Barry Marc Fuller",
    "editor-first": "Barry J.",
    "editor-last": "Hugman |title=The PFA Footballers' Who's Who 2009\u201310 |year=2009 |publisher=Mainstream Publishing |isbn=978-1-84596-474-0",
    "birth_place": "Ashford, Kent, England",
    "height": "1.78",
    "currentclub": "Dorking Wanderers",
    "clubnumber": "22",
    "position": "Defender",
    "club-update": "21:45, 14 November 2023 (UTC) ",
    "senior": {
        "Charlton Athletic": {
            "years": "2004\u20132006",
            "goals": "0",
            "caps": "0"
        },
        "\u2192 Barnet (loan)": {
            "years": "2006",
            "goals": "1",
            "caps": "15"
        },
        "Stevenage Borough": {
            "years": "2006\u20132008",
            "goals": "1",
            "caps": "61"
        },
        "Gillingham": {
            "years": "2018\u20132020",
            "goals": "1",
            "caps": "69"
        },
        "Barnet": {
            "years": "2012\u20132013",
            "goals": "0",
            "caps": "39"
        },
        "AFC Wimbledon": {
            "years": "2013\u20132018",
            "goals": "1",
            "caps": "205"
        },
        "Dorking Wanderers": {
            "years": "2020\u2013",
            "goals": "2",
            "caps": "75"
        }
    },
    "national": {
        "England C": {
            "years": "2007",
            "goals": "0",
            "caps": "1"
        }
    },
    "youth_career": {
        "Stanhope Rangers FC": "1994\u20131997",
        "Kennington Juniors FC": "1997",
        "Charlton Athletic": "1997\u20132004"
    },
    "birth_date": "1984-9-25"
}