{
    "name": "Barry Nicholson",
    "fullname": "Barry Nicholson",
    "height": "m=1.73",
    "birth_place": "Dumfries, Scotland",
    "position": "Attacking midfielder",
    "youthclubs1": "Maxwelltown Thistle",
    "totalcaps": "429",
    "totalgoals": "47",
    "senior": {
        "Rangers": {
            "years": "1995\u20132000",
            "goals": "0",
            "caps": "7"
        },
        "Dunfermline Athletic": {
            "years": "2000\u20132005",
            "goals": "21",
            "caps": "174"
        },
        "Aberdeen": {
            "years": "2005\u20132008",
            "goals": "13",
            "caps": "102"
        },
        "Preston North End": {
            "years": "2008\u20132012",
            "goals": "9",
            "caps": "93"
        },
        "Fleetwood Town": {
            "years": "2012\u20132013",
            "goals": "2",
            "caps": "30"
        },
        "Kilmarnock": {
            "years": "2013\u20132014",
            "goals": "2",
            "caps": "23"
        }
    },
    "national": {
        "Scotland": {
            "years": "2001\u20132004",
            "goals": "0",
            "caps": "3"
        }
    },
    "manager_career": {
        "Fleetwood Town (Development Manager) ": "2015\u20132023"
    },
    "youth_career": {
        "Rangers url=http://qosfc.com/new_newsview.aspx?newsid=615 ": "1992\u20131996"
    },
    "birth_date": "1978-8-24"
}