{
    "name": "Bart Goor",
    "birth_place": "Neerpelt, Belgium",
    "height": "1.83 m",
    "position": "Left winger",
    "years1": "1991\u20131996",
    "clubs1": "Verbroedering Geel |caps1 = 142 |goals1 = 27",
    "years2": "1996\u20131997",
    "clubs2": "Genk                             |caps2 = 33  |goals2 = 18",
    "years3": "1997\u20132001",
    "clubs3": "Anderlecht                 |caps3 = 131 |goals3 = 32",
    "years4": "2001\u20132004",
    "clubs4": "Hertha BSC                                   |caps4 = 87  |goals4 = 13",
    "years5": "2004\u20132005",
    "clubs5": "Feyenoord                                    |caps5 = 34  |goals5 = 7",
    "years6": "2005\u20132008",
    "clubs6": "Anderlecht                 |caps6 = 97  |goals6 = 10",
    "years7": "2009\u20132011",
    "clubs7": "Germinal Beerschot |caps7 = 61  |goals7 = 7",
    "years8": "2011\u20132013",
    "clubs8": "Westerlo                     |caps8 = 50  |goals8 = 16",
    "years9": "2013\u20132014",
    "clubs9": "Dessel Sport             |caps9 = 31   |goals9 = 10",
    "totalcaps": "666",
    "totalgoals": "140",
    "national": {
        "Belgium": {
            "years": "1999\u20132008",
            "goals": "13",
            "caps": "78"
        }
    },
    "manager_career": {
        "Westerlo (assistant)": "2023\u20132024",
        "Westerlo (caretaker)": "2023",
        "Westerlo (caretaker) ": "2024\u2013"
    },
    "youth_career": {
        "Buul": "1981\u20131986",
        "Verbroedering Geel": "1986\u20131991"
    },
    "birth_date": "1973-4-9"
}