{
    "name": "Bartosz Bia\u0142kowski",
    "fullname": "Bartosz Marek Bia\u0142kowski",
    "birth_place": "Braniewo, Poland",
    "height": "1.94 m",
    "currentclub": "Millwall",
    "clubnumber": "33",
    "position": "Goalkeeper",
    "club-update": "21 January 2024",
    "senior": {
        "G\u00f3rnik Zabrze": {
            "years": "2004\u20132006",
            "goals": "0",
            "caps": "7"
        },
        "Southampton": {
            "years": "2006\u20132012",
            "goals": "0",
            "caps": "22"
        },
        "\u2192 Ipswich Town (loan)": {
            "years": "2009",
            "goals": "0",
            "caps": "0"
        },
        "\u2192 Barnsley (loan)": {
            "years": "2009",
            "goals": "0",
            "caps": "2"
        },
        "Notts County": {
            "years": "2012\u20132014",
            "goals": "0",
            "caps": "84"
        },
        "Ipswich Town": {
            "years": "2014\u20132020",
            "goals": "0",
            "caps": "168"
        },
        "\u2192 Millwall (loan)": {
            "years": "2019\u20132020",
            "goals": "0",
            "caps": "28"
        },
        "Millwall": {
            "years": "2020\u2013",
            "goals": "0",
            "caps": "134"
        }
    },
    "national": {
        "Poland U20": {
            "years": "2007",
            "goals": "0",
            "caps": "4"
        },
        "Poland U21": {
            "years": "2007\u20132008",
            "goals": "0",
            "caps": "5"
        },
        "Poland": {
            "years": "2018",
            "goals": "0",
            "caps": "1"
        }
    },
    "youth_career": {
        "Olimpia Elbl\u0105g": "2002\u20132004",
        "G\u00f3rnik Zabrze": "2004"
    },
    "birth_date": "1987-7-6"
}