{
    "name": "Baruch Dego",
    "birth_place": "Addis Ababa, Ethiopia",
    "height": "m=1.69",
    "position": "Right winger",
    "youthclubs1": "Maccabi Ironi Ashdod",
    "senior": {
        "Maccabi Ironi Ashdod": {
            "years": "2017\u20132019",
            "goals": "15",
            "caps": "58"
        },
        "F.C. Ashdod": {
            "years": "2008\u20132010",
            "goals": "1",
            "caps": "36"
        },
        "Maccabi Tel Aviv": {
            "years": "2000\u20132005",
            "goals": "26",
            "caps": "137"
        },
        "Hapoel Tel Aviv": {
            "years": "2005\u20132008",
            "goals": "11",
            "caps": "90"
        },
        "Maccabi Netanya": {
            "years": "2008",
            "goals": "0",
            "caps": "1"
        },
        "Nea Salamis Famagusta": {
            "years": "2010",
            "goals": "0",
            "caps": "7"
        },
        "Apollon Limassol": {
            "years": "2010\u20132011",
            "goals": "0",
            "caps": "5"
        },
        "Ironi Ramat HaSharon": {
            "years": "2011\u20132013",
            "goals": "6",
            "caps": "43"
        },
        "Hapoel Rishon LeZion": {
            "years": "2013",
            "goals": "1",
            "caps": "11"
        },
        "Hapoel Ashkelon": {
            "years": "2013\u20132017",
            "goals": "9",
            "caps": "97"
        }
    },
    "national": {
        "Israel U-21": {
            "years": "1999\u20132002",
            "goals": "2",
            "caps": "12"
        },
        "Israel": {
            "years": "2003",
            "goals": "0",
            "caps": "2"
        }
    },
    "manager_career": {
        "Maccabi Ironi Ashdod (caretaker manager)": "2023\u2013"
    },
    "birth_date": "1982-03-28"
}