{
    "name": "Bashar Abdullah",
    "fullname": "Bashar Abdullah Salem Abdulaziz",
    "birth_place": "Kuwait City, Kuwait",
    "height": "m=1.74",
    "years2": "1998\u20131999",
    "years3": "2000",
    "years5": "2002\u20132003",
    "years6": "2004\u20132005",
    "years7": "2010\u20132011",
    "clubs2": "\u2192 Al-Hilal (loan)",
    "clubs3": "\u2192 Al-Arabi SC (Qatar) (loan)",
    "clubs5": "\u2192 Al Ain FC (loan)",
    "clubs6": "\u2192 Al Kuwait (loan)",
    "clubs7": "Al Kuwait",
    "position": "Striker",
    "goals2": "2",
    "caps5": "1",
    "goals6": "5",
    "goals7": "2",
    "senior": {
        "Al-Salmiyah": {
            "years": "1994\u20132010",
            "goals": "97",
            "caps": "543"
        },
        "\u2192 Al Rayyan (loan)": {
            "years": "2001\u20132002",
            "goals": "8",
            "caps": "16"
        }
    },
    "national": {
        "Kuwait": {
            "years": "1996\u20132018",
            "goals": "75 ",
            "caps": "134"
        }
    },
    "youth_career": {
        "Al-Salmiyah": "1987\u20131994"
    },
    "birth_date": "1977-10-12"
}