{
    "name": "Bastian Schweinsteiger",
    "full_name": "Bastian Schweinsteiger url=https://www.fifadata.com/document/FWC/2014/pdf/FWC_2014_SQUADLISTS.PDF ",
    "birth_place": "Kolbermoor, West Germany",
    "height": "1.83 m ",
    "position": "Midfielder",
    "totalcaps": "479",
    "totalgoals": "56",
    "senior": {
        "Bayern Munich II": {
            "years": "2001\u20132005",
            "goals": "2",
            "caps": "34"
        },
        "Bayern Munich": {
            "years": "2002\u20132015",
            "goals": "45",
            "caps": "342"
        },
        "Manchester United": {
            "years": "2015\u20132017",
            "goals": "1",
            "caps": "18"
        },
        "Chicago Fire": {
            "years": "2017\u20132019",
            "goals": "8",
            "caps": "85"
        }
    },
    "national": {
        "Germany U16": {
            "years": "2000",
            "goals": "0",
            "caps": "1"
        },
        "Germany U18": {
            "years": "2001\u20132002",
            "goals": "2",
            "caps": "11"
        },
        "Germany U19": {
            "years": "2002\u20132003",
            "goals": "2",
            "caps": "7"
        },
        "Germany U21": {
            "years": "2004",
            "goals": "2",
            "caps": "7"
        },
        "Germany": {
            "years": "2004\u20132016",
            "goals": "24",
            "caps": "121"
        }
    },
    "youth_career": {
        "FV Oberaudorf": "1990\u20131992",
        "TSV 1860 Rosenheim": "1992\u20131998",
        "Bayern Munich": "1998\u20132002"
    },
    "birth_date": "1984-8-1",
    "medaltemplates": [
        "Country: {{GER}}",
        "Sport: Men's football",
        "Competition: FIFA World Cup",
        "Competition: UEFA European Championship",
        "Competition: FIFA Confederations Cup"
    ]
}