{
    "name": "Bebeto",
    "office": "Member of the Legislative Assembly of Rio de Janeiro",
    "term_start": "1 February 2011",
    "party": "PODE (2017\u2013present)",
    "otherparty": [
        "PDT (2009\u201313; 2016\u201317)",
        "SD (2013\u201316)"
    ],
    "birth_name": "Jos\u00e9 Roberto Gama de Oliveira",
    "birth_place": "Salvador, Bahia, Brazil",
    "height": "1.78",
    "spouse": "Denise de Oliveira",
    "children": "3, including Mattheus",
    "profession": "Former football player and coach",
    "position": "Forward",
    "years1": "1982",
    "clubs1": "Vit\u00f3ria",
    "goals1": "7",
    "totalcaps": "341",
    "totalgoals": "178",
    "senior": {
        "Flamengo": {
            "years": "1996",
            "goals": "7",
            "caps": "15"
        },
        "Vasco da Gama": {
            "years": "2001",
            "goals": "2",
            "caps": "8"
        },
        "Deportivo La Coru\u00f1a": {
            "years": "1992\u20131996",
            "goals": "86",
            "caps": "131"
        },
        "Sevilla": {
            "years": "1996\u20131997",
            "goals": "0",
            "caps": "5"
        },
        "Vit\u00f3ria": {
            "years": "2000",
            "goals": "0",
            "caps": "3"
        },
        "Cruzeiro": {
            "years": "1997",
            "goals": "0",
            "caps": "0"
        },
        "Botafogo": {
            "years": "1998\u20131999",
            "goals": "9",
            "caps": "17"
        },
        "Toros Neza": {
            "years": "1999",
            "goals": "2",
            "caps": "8"
        },
        "Kashima Antlers": {
            "years": "2000",
            "goals": "1",
            "caps": "8"
        },
        "Al-Ittihad": {
            "years": "2002",
            "goals": "1",
            "caps": "5"
        }
    },
    "national": {
        "Brazil Olympic (O.P.)": {
            "years": "1996",
            "goals": "6",
            "caps": "6"
        },
        "Brazil": {
            "years": "1985\u20131998",
            "goals": "39",
            "caps": "75"
        }
    },
    "manager_career": {
        "America (RJ)": "2009\u20132010"
    },
    "youth_career": {
        "Bahia": "1981",
        "Vit\u00f3ria": "1981\u20131982"
    },
    "birth_date": "1964-02-16",
    "medaltemplates": [
        "Sport: Men's Football",
        "Country: {{Brazil}}",
        "Competition: FIFA World Cup",
        "Competition: FIFA Confederations Cup",
        "Competition: Copa Am\u00e9rica",
        "Competition: Olympic Games",
        "Silver Medal: 1988 Seoul Team",
        "Bronze Medal: 1996 Atlanta Team",
        "Competition: FIFA U\u201320 World Cup"
    ]
}