{
    "name": "Bedford Jezzard",
    "fullname": "Bedford Alfred George Jezzard",
    "birth_place": "Clerkenwell, England",
    "death_date": "2005",
    "death_place": "Alton, England",
    "position": "Forward",
    "youthclubs1": "Croxley Boys",
    "senior": {
        "Watford": {
            "years": "1944\u20131945",
            "goals": "0",
            "caps": "0"
        },
        "Fulham": {
            "years": "1948\u20131957",
            "goals": "154",
            "caps": "306"
        }
    },
    "national": {
        "England": {
            "years": "1954\u20131955",
            "goals": "0",
            "caps": "2"
        },
        "England B": {
            "years": "1954\u20131955",
            "goals": "6",
            "caps": "3"
        }
    },
    "manager_career": {
        "Fulham ": "1958\u20131964"
    },
    "birth_date": "1927-10-19"
}