{
    "name": "Benedict Iroha",
    "birth_place": "Aba, Nigeria",
    "height": "1.73 m",
    "position": "Left-back, left midfielder",
    "years1": "1989",
    "clubs1": "Bendel Insurance",
    "years2": "1990",
    "clubs2": "Iwuanyanwu Nationale",
    "totalcaps": "82",
    "totalgoals": "7",
    "senior": {
        "ASEC Mimosas": {
            "years": "1991\u20131992",
            "goals": "?",
            "caps": "?"
        },
        "Vitesse Arnhem": {
            "years": "1992\u20131996",
            "goals": "1",
            "caps": "21"
        },
        "San Jose Clash": {
            "years": "1996\u20131997",
            "goals": "2",
            "caps": "33"
        },
        "D.C. United": {
            "years": "1997",
            "goals": "4",
            "caps": "17"
        },
        "Elche": {
            "years": "1997\u20131998",
            "goals": "0",
            "caps": "1"
        },
        "Watford": {
            "years": "1998\u20132000",
            "goals": "0",
            "caps": "10"
        }
    },
    "national": {
        "Nigeria": {
            "years": "1990\u20131998",
            "goals": "1",
            "caps": "50"
        }
    },
    "manager_career": {
        "FC Dallas (Youth Coach)": "2000\u20132006",
        "Nigeria U-17 (assistant coach)": "2007",
        "Dolphins FC": "2007\u20132008",
        "Heartland F.C. (Chief Trainer) ": "2009\u20132010"
    },
    "birth_date": "1969-11-29"
}