{
    "name": "Bengt Andersson",
    "fullname": "Bengt Evert Andersson",
    "height": "1.91m",
    "birth_place": "Kungsbacka, Sweden",
    "position": "Goalkeeper",
    "totalcaps": "573",
    "totalgoals": "6",
    "senior": {
        "GAIS": {
            "years": "1984\u20131985",
            "goals": "0",
            "caps": "4"
        },
        "IK Brage": {
            "years": "1986\u20131992",
            "goals": "3",
            "caps": "114"
        },
        "\u00d6rgryte IS": {
            "years": "2013",
            "goals": "0",
            "caps": "0"
        },
        "Tenerife": {
            "years": "1996\u20131998",
            "goals": "0",
            "caps": "20"
        },
        "IFK G\u00f6teborg": {
            "years": "1998\u20132007",
            "goals": "0",
            "caps": "246"
        },
        "T\u00f6l\u00f6 IF": {
            "years": "2008",
            "goals": "0",
            "caps": "11"
        },
        "\u2192 Fredrikstad FK (loan)": {
            "years": "2008",
            "goals": "0",
            "caps": "0"
        },
        "\u2192 Moss FK (loan)": {
            "years": "2008",
            "goals": "0",
            "caps": "13"
        },
        "\u00d6nnereds IK": {
            "years": "2011\u20132013",
            "goals": "0",
            "caps": "36"
        },
        "\u2192 Kristbergs IF (loan)": {
            "years": "2012",
            "goals": "0",
            "caps": "1"
        },
        "\u00c5sa IF": {
            "years": "2014",
            "goals": "0",
            "caps": "1"
        },
        "P\u00e5lsboda GoIF": {
            "years": "2015",
            "goals": "0",
            "caps": "8"
        },
        "\u2192 \u00c4lv\u00e4ngens IK (loan)": {
            "years": "2015",
            "goals": "0",
            "caps": "4"
        },
        "S\u00e4r\u00f6 IK": {
            "years": "2016",
            "goals": "0",
            "caps": "1"
        }
    },
    "national": {
        "Sweden U18": {
            "years": "1983\u20131985",
            "goals": "0",
            "caps": "15"
        },
        "Sweden B": {
            "years": "1997",
            "goals": "0",
            "caps": "1"
        },
        "Sweden": {
            "years": "1995\u20131996",
            "goals": "0",
            "caps": "11"
        }
    },
    "manager_career": {
        "K\u00e5llered SK ": "2013\u20132014"
    },
    "youth_career": {
        "Hanhals BK": "1975\u20131979",
        "GAIS": "1979\u20131984"
    },
    "birth_date": "1966-08-11"
}