{
    "name": "Bengt S\u00e6ternes",
    "fullname": "Bengt Henning S\u00e6ternes",
    "birth_place": "Egersund, Norway",
    "height": "1.87 m",
    "position": "Striker",
    "youthclubs1": "Egersund",
    "totalcaps": "478",
    "totalgoals": "226",
    "senior": {
        "Egersund": {
            "years": "1991\u20131994",
            "goals": "36",
            "caps": "82"
        },
        "Eiger": {
            "years": "1994\u20131996",
            "goals": "46",
            "caps": "40"
        },
        "Viking": {
            "years": "2010\u20132011",
            "goals": "4",
            "caps": "21"
        },
        "Odd Grenland": {
            "years": "1997\u20131998",
            "goals": "14",
            "caps": "28"
        },
        "Bod\u00f8/Glimt": {
            "years": "1998\u20132002",
            "goals": "61",
            "caps": "113"
        },
        "Club Brugge": {
            "years": "2002\u20132004",
            "goals": "13",
            "caps": "40"
        },
        "Brann": {
            "years": "2004\u20132007",
            "goals": "28",
            "caps": "61"
        },
        "OB": {
            "years": "2007\u20132008",
            "goals": "1",
            "caps": "9"
        },
        "V\u00e5lerenga": {
            "years": "2008\u20132010",
            "goals": "23",
            "caps": "78"
        }
    },
    "national": {
        "Norway U-21": {
            "years": "1996\u20131997",
            "goals": "0",
            "caps": "3"
        },
        "Norway": {
            "years": "2002\u20132007",
            "goals": "0",
            "caps": "7"
        }
    },
    "manager_career": {
        "UD Vecindario (''assistant'')": "2012\u20132013",
        "Egersund": "2013\u20132014",
        "Sandnes Ulf  ": "2014\u20132019"
    },
    "birth_date": "1975-1-1"
}