{
    "name": "Bengt Berndtsson",
    "fullname": "Bengt Ryno Berndtsson",
    "birth_place": "Gothenburg, Sweden",
    "death_date": "2015",
    "death_place": "Gothenburg, Sweden",
    "position": "Winger",
    "youthclubs1": "Hisingstads IS",
    "youthclubs2": "Lundby IF",
    "senior": {
        "IFK G\u00f6teborg": {
            "years": "1951\u20131968",
            "goals": "69",
            "caps": "348"
        }
    },
    "national": {
        "Sweden": {
            "years": "1956\u20131964",
            "goals": "6",
            "caps": "29"
        }
    },
    "birth_date": "1933-1-26",
    "medaltemplates": [
        "Sport: Men's Football",
        "Country: {{SWE}}",
        "Competition: FIFA World Cup"
    ]
}