{
    "name": "Benjam\u00edn Galindo",
    "fullname": "Benjam\u00edn Galindo Marentes",
    "birth_place": "Tierra Blanca, Zacatecas, Mexico",
    "height": "meter=1.70",
    "position": "Midfielder",
    "totalcaps": "703",
    "totalgoals": "163 |nationalyears1= 1983\u20131997 |nationalteam1= Mexico |nationalcaps1= 65",
    "nationalgoals1": "28",
    "senior": {
        "Tampico Madero": {
            "years": "1979\u20131986",
            "goals": "26",
            "caps": "205"
        },
        "Guadalajara": {
            "years": "2000\u20132001",
            "goals": "7",
            "caps": "34"
        },
        "Santos Laguna": {
            "years": "1994\u20131997",
            "goals": "24",
            "caps": "101"
        },
        "Cruz Azul": {
            "years": "1997\u20131999",
            "goals": "19",
            "caps": "72"
        },
        "Pachuca": {
            "years": "1999",
            "goals": "3",
            "caps": "20"
        }
    },
    "manager_career": {
        "Guadalajara": "2013",
        "Santos Laguna": "2011\u20132012",
        "Cruz Azul (assistant)": "2007\u20132008",
        "Cruz Azul": "2008\u20132009",
        "Atlas": "2010\u20132011",
        "Corinthians FC of San Antonio": "2016",
        "Santos Laguna (assistant)": "2016\u20132017",
        "San Jose Earthquakes (assistant)": "2018\u20132022"
    },
    "birth_date": "1960-12-11"
}