{
    "name": "Benjani Mwaruwari",
    "fullname": "Mpenjani Mwaruwari",
    "birth_place": "Bulawayo, Zimbabwe",
    "height": "1.82 m",
    "position": "Striker",
    "totalcaps": "303",
    "totalgoals": "68",
    "senior": {
        "Jomo Cosmos": {
            "years": "1999\u20132002",
            "goals": "20",
            "caps": "45"
        },
        "\u2192 Grasshoppers (loan)": {
            "years": "2001\u20132002",
            "goals": "1",
            "caps": "25"
        },
        "Auxerre": {
            "years": "2002\u20132006",
            "goals": "19",
            "caps": "72"
        },
        "Portsmouth": {
            "years": "2011\u20132012",
            "goals": "1",
            "caps": "18"
        },
        "Manchester City": {
            "years": "2008\u20132010",
            "goals": "4",
            "caps": "23"
        },
        "\u2192 Sunderland (loan)": {
            "years": "2010",
            "goals": "0",
            "caps": "8"
        },
        "Blackburn Rovers": {
            "years": "2010\u20132011",
            "goals": "3",
            "caps": "18"
        },
        "Chippa United": {
            "years": "2012\u20132013",
            "goals": "1",
            "caps": "9"
        },
        "Bidvest Wits": {
            "years": "2013\u20132014",
            "goals": "0",
            "caps": "15"
        }
    },
    "national": {
        "Zimbabwe": {
            "years": "1999\u20132010",
            "goals": "10 ",
            "caps": "42"
        }
    },
    "youth_career": {
        "Air Zimbabwe Jets": "1996\u20131999"
    },
    "birth_date": "1978-8-13"
}