{
    "name": "Benjam\u00edn Mayorga",
    "fullname": "Benjam\u00edn Joel Mayorga Mora",
    "birth_place": "Talamanca, Costa Rica",
    "position": "Midfielder",
    "senior": {
        "Saprissa": {
            "years": "1984\u20131997",
            "goals": "11",
            "caps": "343"
        },
        "Herediano": {
            "years": "1997-1998",
            "goals": "1",
            "caps": "44"
        },
        "USAC": {
            "years": "1998\u20131999",
            "goals": "0",
            "caps": "25"
        },
        "Carmelita": {
            "years": "1999\u20132001",
            "goals": "1",
            "caps": "47"
        }
    },
    "national": {
        "Costa Rica": {
            "years": "1991\u20131997",
            "goals": "1",
            "caps": "21"
        }
    },
    "manager_career": {
        "Bel\u00e9n": "2004\u20132006",
        "Turrialba": "2006\u20132008"
    },
    "youth_career": {
        "Saprissa": "1980\u20131984"
    },
    "birth_date": "1966-10-15"
}