{
    "name": "Benni McCarthy",
    "full_name": "Benedict Saul McCarthy",
    "birth_place": "Cape Town, South Africa",
    "height": "1.83 m",
    "currentclub": "Manchester United (first-team coach)",
    "position": "Forward",
    "youthclubs1": "Young Pirates",
    "youthclubs2": "Crusaders",
    "totalcaps": "387",
    "totalgoals": "161",
    "nationalteam1": "South Africa U23",
    "nationalcaps1": "13",
    "senior": {
        "Seven Stars": {
            "years": "1995\u20131997",
            "goals": "39",
            "caps": "49"
        },
        "\u2192 Cape Town Spurs (loan)": {
            "years": "1996\u20131997",
            "goals": "3",
            "caps": "7"
        },
        "Ajax": {
            "years": "1997\u20131999",
            "goals": "20",
            "caps": "36"
        },
        "Celta Vigo": {
            "years": "1999\u20132002",
            "goals": "10",
            "caps": "66"
        },
        "Porto": {
            "years": "2002\u20132006",
            "goals": "46",
            "caps": "85"
        },
        "Blackburn Rovers": {
            "years": "2006\u20132010",
            "goals": "37",
            "caps": "109"
        },
        "West Ham United": {
            "years": "2010\u20132011",
            "goals": "0",
            "caps": "11"
        },
        "Orlando Pirates": {
            "years": "2011\u20132013",
            "goals": "10",
            "caps": "24"
        }
    },
    "national": {
        "South Africa": {
            "years": "1997\u20132012",
            "goals": "31",
            "caps": "79"
        }
    },
    "manager_career": {
        "Sint-Truiden (assistant)": "2015\u20132016",
        "Cape Town City": "2017\u20132019",
        "AmaZulu": "2020\u20132022"
    },
    "birth_date": "1977-11-12",
    "medaltemplates": [
        "Sport: Men's football",
        "Country: {{RSA}}",
        "Competition: Africa Cup of Nations"
    ]
}