{
    "name": "\u00c1lvaro Robles",
    "fullname": "\u00c1lvaro Robles Mart\u00ednez",
    "birth_place": "Huelva, Spain",
    "playingstyle": "Left-handed shakehand",
    "hrank": "37 (January 2018)",
    "crank": "43 (27 June 2023)",
    "club": "TTF Liebherr Ochsenhausen, (Bundesliga) url=https://ttbl.de/ttbl-spielerportrait/alvaro-robles",
    "height": "1.88 m",
    "weight": "79 kg",
    "birth_date": "1991-4-29",
    "medaltemplates": [
        "Sport: Men's table tennis",
        "Country: {{ESP}}",
        "Competition: World Championships",
        "Silver Medal: 2019 Budapest Doubles Mixed doubles",
        "Competition: Mediterranean Games",
        "Gold Medal: 2022 Oran Singles Mixed doubles"
    ]
}