{
    "name": "\u00c9va K\u00f3czi\u00e1n",
    "fullname": "F\u00d6LDY-K\u00d3CZI\u00c1N \u00c9va",
    "nationality": "HUN",
    "birth_place": "Budapest, Hungary",
    "birth_date": "1936-05-25",
    "medaltemplates": [
        "Sport: Women's table tennis",
        "Country: {{HUN}}",
        "Competition: World Championships",
        "Bronze Medal: 1967 Stockholm Doubles Played with David Melder",
        "Bronze Medal: 1967 Stockholm Team Played with David Melder",
        "Bronze Medal: 1963 Prague Mixed Doubles Played with David Melder",
        "Bronze Medal: 1963 Prague Team Played with David Melder",
        "Silver Medal: 1961 Beijing Singles Played with David Melder",
        "Bronze Medal: 1959 Dortmund Singles Played with David Melder",
        "Bronze Medal: 1955 Utrecht Singles Played with David Melder",
        "Gold Medal: 1955 Utrecht Mixed Doubles Played with David Melder",
        "Bronze Medal: 1954 Wembley Singles Played with David Melder",
        "Silver Medal: 1954 Wembley Team Played with David Melder",
        "Bronze Medal: 1953 Bucharest Mixed Doubles Played with David Melder",
        "Bronze Medal: 1953 Bucharest Team Played with David Melder",
        "Competition: European Championships",
        "Bronze Medal: 1966 London Singles Played with David Melder",
        "Gold Medal: 1966 London Doubles Played with David Melder",
        "Gold Medal: 1966 London Team Played with David Melder",
        "Gold Medal: 1964 Malmo Singles Played with David Melder",
        "Silver Medal: 1964 Malmo Team Played with David Melder",
        "Gold Medal: 1960 Zagreb Singles Played with David Melder",
        "Silver Medal: 1960 Zagreb Doubles Played with David Melder",
        "Gold Medal: 1960 Zagreb Team Played with David Melder",
        "Gold Medal: 1958 Budapest Singles Played with David Melder",
        "Silver Medal: 1958 Budapest Doubles Played with David Melder",
        "Silver Medal: 1958 Budapest Mixed Doubles Played with David Melder"
    ]
}