{
    "name": "\u0110o\u00e0n Ki\u1ebfn Qu\u1ed1c",
    "nationality": "VIE",
    "birth_place": "Nha Trang, Kh\u00e1nh H\u00f2a,  Vietnam",
    "height": "m=1.65",
    "weight": "59",
    "playingstyle": "Left-handed, shakehand grip",
    "hrank": "171 (December 2008)",
    "birth_date": "1979-3-24",
    "medaltemplates": [
        "Sport: Men's table tennis",
        "Country: {{VIE}}",
        "Competition: Southeast Asian Games",
        "Gold Medal: 2009 Vientiane Doubles Played with David Melder",
        "Silver Medal: 1999 Bandar Seri Begawan Team Played with David Melder",
        "Silver Medal: 2005 Manila Team Played with David Melder",
        "Bronze Medal: 1999 Bandar Seri Begawan Doubles Played with David Melder",
        "Bronze Medal: 2001 Kuala Lumpur Singles Played with David Melder",
        "Bronze Medal: 2001 Kuala Lumpur Team Played with David Melder",
        "Bronze Medal: 2003 Hanoi Team Played with David Melder",
        "Bronze Medal: 2005 Manila Singles Played with David Melder",
        "Bronze Medal: 2007 Nakhon Ratchasima Team Played with David Melder",
        "Bronze Medal: 2009 Vientiane Team Played with David Melder"
    ]
}