{
    "name": "\u017darko Dolinar",
    "nationality": "YUG",
    "birth_place": "Koprivnica, Yugoslavia",
    "death_date": "9 March 2003 (aged 82)",
    "death_place": "Basel, Switzerland",
    "medaltemplates": [
        "Sport: Table tennis",
        "Country: {{YUG}}",
        "Competition: World Championships",
        "Silver Medal: 1939 Cairo Team",
        "Bronze Medal: 1939 Cairo Singles",
        "Bronze Medal: 1951 Vienna Team",
        "Silver Medal: 1953 Bucharest Mixed doubles",
        "Gold Medal: 1954 Wembley Doubles",
        "Bronze Medal: 1954 Wembley Mixed doubles",
        "Silver Medal: 1955 Utrecht Singles",
        "Silver Medal: 1955 Utrecht Doubles"
    ]
}