{
    "name": "Adam Hmam",
    "native_name": "\u0622\u062f\u0645 \u062d\u0645\u0627\u0645",
    "native_name_lang": "Tunisian",
    "birth_place": "Tunis",
    "residence": "Tunisia Tunisia",
    "club": "Tunisian Federation of Sports, Gab\u00e8s",
    "birth_date": "1994-11-11",
    "medaltemplates": [
        "Sport: Table tennis",
        "Country: {{{{flagicon}} Mixed-NOCs}}",
        "Competition: Youth Olympic Games",
        "Bronze Medal: 2010 Singapore Mixed team Played with David Melder"
    ]
}