{
    "name": "Adina Diaconu",
    "full_name": "Adina Mihaela Diaconu",
    "birth_place": "Slatina, Olt, Romania",
    "playingstyle": "Right-handed, shakehand grip",
    "hrank": "47 (30 January 2024)",
    "crank": "47 (20 February 2024)",
    "birth_date": "1999-10-14",
    "medaltemplates": [
        "Sport: Women's table tennis",
        "Country: {{ROU}}",
        "Competition: European Games",
        "Gold Medal: 2023 Krak\u00f3w\u2013Ma\u0142opolska Team Mixed doubles",
        "Competition: European Championships",
        "Gold Medal: 2019 Nantes Team Mixed doubles",
        "Silver Medal: 2021 Cluj-Napoca Team Mixed doubles",
        "Silver Medal: 2023 Malm\u00f6 Team Mixed doubles",
        "Bronze Medal: 2022 Munich Doubles Mixed doubles"
    ]
}