{
    "name": "Adriana D\u00edaz",
    "fullname": "Adriana Yamila D\u00edaz Gonz\u00e1lez",
    "nationality": "PUR",
    "residence": "Utuado, Puerto Rico",
    "birth_place": "Arecibo, Puerto Rico",
    "playingstyle": "All-around attacker",
    "equipment": [
        "Viscaria Super ALC",
        "Tenergy 64",
        "Tenergy 05"
    ],
    "hrank": "'''Senior''': 9 (March 2022) url= https://www.ittf.com/wp-content/uploads/2022/03/2022_12_SEN_WS.html , '''U21''': 2 (August 2019)  , '''U18''': 4 (December 2018)  , '''U15''': 4 (December 2015)",
    "crank": "11 (November 2022)",
    "height": "5 ft 4 in",
    "weight": "141 lb",
    "birth_date": "2000-10-31",
    "medaltemplates": [
        "Sport: Women's table tennis",
        "Country: {{PUR}}",
        "Competition: Pan American Games",
        "Gold Medal: 2019 Lima Singles Mixed doubles",
        "Gold Medal: 2019 Lima Doubles Mixed doubles",
        "Gold Medal: 2019 Lima Team Mixed doubles",
        "Gold Medal: 2023 Santiago Singles Mixed doubles",
        "Bronze Medal: 2015 Toronto Team Mixed doubles",
        "Bronze Medal: 2019 Lima Mixed doubles Mixed doubles",
        "Bronze Medal: 2023 Santiago Doubles Mixed doubles",
        "Competition: Pan American Championship",
        "Gold Medal: 2017 Cartagena de Indias Singles Mixed doubles",
        "Gold Medal: 2018 Santiago Singles Mixed doubles",
        "Gold Medal: 2018 Santiago Mixed doubles Mixed doubles",
        "Gold Medal: 2019 Asunci\u00f3n Singles Mixed doubles",
        "Gold Medal: 2019 Asunci\u00f3n Doubles Mixed doubles",
        "Gold Medal: 2021 Lima Singles Mixed doubles",
        "Gold Medal: 2021 Lima Doubles Mixed doubles",
        "Gold Medal: 2022 Santiago Singles Mixed doubles",
        "Bronze Medal: 2017 Cartagena de Indias Doubles Mixed doubles",
        "Bronze Medal: 2022 Santiago Doubles Mixed doubles",
        "Bronze Medal: 2022 Santiago Team Mixed doubles",
        "Competition: Pan American Cup",
        "Gold Medal: 2020 Guaynabo Singles Mixed doubles",
        "Gold Medal: 2019 Guaynabo Singles Mixed doubles",
        "Competition: Central American and Caribbean Games",
        "Gold Medal: 2014 Veracruz Team Mixed doubles",
        "Gold Medal: 2014 Veracruz Mixed doubles Mixed doubles",
        "Gold Medal: 2018 Barranquilla Singles Mixed doubles",
        "Gold Medal: 2018 Barranquilla Doubles Mixed doubles",
        "Gold Medal: 2018 Barranquilla Mixed doubles Mixed doubles",
        "Gold Medal: 2018 Barranquilla Team Mixed doubles",
        "Gold Medal: 2023 San Salvador Singles Mixed doubles",
        "Silver Medal: 2014 Veracruz Doubles Mixed doubles",
        "Bronze Medal: 2014 Veracruz Singles Mixed doubles",
        "Bronze Medal: 2023 San Salvador Doubles Mixed doubles",
        "Silver Medal: 2023 San Salvador Team Mixed doubles",
        "Bronze Medal: 2023 San Salvador Mixed doubles Mixed doubles",
        "Competition: Latin American Championship",
        "Silver Medal: 2016 San Juan Team Mixed doubles",
        "Bronze Medal: 2016 San Juan Mixed doubles Mixed doubles"
    ]
}