{
    "name": "Adrien Mattenet",
    "fullname": "Adrien Mattenet",
    "nationality": "FRA",
    "playingstyle": "Shakehand",
    "hrank": "19 (December 2011)",
    "club": "AS Pontoise-Cergy TT",
    "birth_place": "Eaubonne, France",
    "height": " m=1.87",
    "weight": " 73",
    "birth_date": "1987-10-15",
    "medaltemplates": [
        "Sport: Men's table tennis",
        "Country: {{FRA}}",
        "Competition: European Games",
        "Silver Medal: 2015 Baku Team Mixed doubles",
        "Competition: European Championships",
        "Bronze Medal: 2010 Ostrava Team Mixed doubles",
        "Competition: Mediterranean Games",
        "Gold Medal: 2009 Pescara Team Mixed doubles"
    ]
}