{
    "name": "Adrian Cri\u0219an",
    "nickname": "''Crisi''",
    "nationality": "ROM",
    "playingstyle": "Right-handed, shakehand grip",
    "hrank": "10 (January 2006)",
    "club": "SV Werder Bremen (Germany)",
    "birth_place": "Bistri\u0163a, Romania",
    "height": "m=1.85",
    "weight": "86",
    "birth_date": "1980-05-7",
    "medaltemplates": [
        "Sport: Men's table tennis",
        "Country: {{ROM}}",
        "Competition: European Championships",
        "Bronze Medal: 2005 Aarhus Team",
        "Bronze Medal: 2007 Belgrade Team",
        "Bronze Medal: 2009 Stuttgart Team",
        "Bronze Medal: 2012 Herning Singles"
    ]
}