{
    "name": "Adrian Haydon",
    "fullname": "Arthur 'Adrian' Haydon",
    "nationality": "ENG",
    "playingstyle": "Left-hander",
    "death_date": "1973",
    "medaltemplates": [
        "Sport: Men's table tennis",
        "Country: {{ENG}}",
        "Competition: World Championships",
        "Bronze Medal: 1953 Bucharest Doubles Played with David Melder",
        "Gold Medal: 1953 Bucharest Team Played with David Melder",
        "Bronze Medal: 1952 Bombay Doubles Played with David Melder",
        "Silver Medal: 1952 Bombay Team Played with David Melder",
        "Silver Medal: 1948 Wembley Doubles Played with David Melder",
        "Bronze Medal: 1947 Paris Doubles Played with David Melder",
        "Silver Medal: 1935 Wembley Doubles Played with David Melder",
        "Bronze Medal: 1935 Wembley Mixed Played with David Melder",
        "Bronze Medal: 1933 Baden Singles Played with David Melder",
        "Bronze Medal: 1933 Baden Team Played with David Melder",
        "Silver Medal: 1931 Budapest Team Played with David Melder",
        "Bronze Medal: 1929 Budapest Singles Played with David Melder",
        "Bronze Medal: 1929 Budapest Team Played with David Melder",
        "Bronze Medal: 1928 Stockholm Team Played with David Melder"
    ]
}