{
    "name": "Afshin Noroozi",
    "fullname": "Afshin Noroozi",
    "nickname": "Afshin",
    "nationality": "Iran",
    "residence": "Ahvaz, Iran",
    "hrank": "187 (May 2015)",
    "birth_place": "Ahvaz, Iran",
    "height": "179cm / 5'10\"",
    "weight": "80 kg / 176 lbs",
    "birth_date": "1985-04-22",
    "medaltemplates": [
        "Sport: Men's table tennis",
        "Country: {{IRI}}",
        "Competition: Islamic Solidarity Games",
        "Gold Medal: 2017 Baku Team",
        "Silver Medal: 2005 Ta'if Doubles",
        "Silver Medal: 2005 Ta'if Team"
    ]
}