{
    "name": "Agnes Simon",
    "fullname": "\u00c1gnes Simon-Alm\u00e1si",
    "nationality": "HUN NED FRG",
    "birth_place": "Budapest",
    "death_date": "2020",
    "medaltemplates": [
        "Sport: Table tennis",
        "Country: {{FRG}}",
        "Competition: European Championships",
        "Bronze Medal: 1976 Prague Doubles Played with David Melder",
        "Silver Medal: 1972 Rotterdam Team Played with David Melder",
        "Silver Medal: 1970 Moscow Doubles Played with David Melder",
        "Gold Medal: 1968 Lyon Team Played with David Melder",
        "Bronze Medal: 1966 London Doubles Played with David Melder",
        "Gold Medal: 1962 Berlin Singles Played with David Melder",
        "Silver Medal: 1962 Berlin Doubles Played with David Melder",
        "Silver Medal: 1962 Berlin Mixed doubles Played with David Melder",
        "Gold Medal: 1962 Berlin Team Played with David Melder",
        "Country: {{HUN}}",
        "Competition: World Championships",
        "Gold Medal: 1957 Stockholm Doubles Played with David Melder",
        "Silver Medal: 1954 Wembley Team Played with David Melder",
        "Bronze Medal: 1953 Bucharest Team Played with David Melder"
    ]
}