{
    "name": "Ahmet Li",
    "nationality": "TUR",
    "playingstyle": "All round player",
    "hrank": "40 (April 2016)",
    "crank": "44 (August 2016)",
    "birth_place": "CHN",
    "height": "185 cm",
    "weight": "80 kg",
    "club": "Be\u015fikta\u015f J.K.",
    "birth_date": "1991-01-12",
    "medaltemplates": [
        "Sport: table tennis",
        "Country: {{TUR}}",
        "Competition: Mediterranean Games",
        "Bronze Medal: 2013 Mersin Single Mixed doubles",
        "Gold Medal: 2013 Mersin Team Mixed doubles"
    ]
}