{
    "name": "Ai Fukuhara",
    "nickname": "Ai-chan",
    "birth_place": "Sendai, Japan",
    "playingstyle": "Right-handed, shakehand grip",
    "hrank": "4 (October 2015) url=https://ranking.ittf.com/#/rankings/progress/102876/SEN/W;SINGLES",
    "height": "155 cm",
    "birth_date": "1988-11-1",
    "medaltemplates": [
        "Sport: Women's table tennis",
        "Country: {{JPN}}",
        "Competition: Olympic Games",
        "Silver Medal: 2012 London Team",
        "Bronze Medal: 2016 Rio de Janeiro Team",
        "Competition: World Championships",
        "Silver Medal: 2016 Kuala Lumpur Team",
        "Bronze Medal: 2004 Doha Team",
        "Bronze Medal: 2006 Bremen Team",
        "Bronze Medal: 2008 Guangzhou Team",
        "Bronze Medal: 2010 Moscow Team",
        "Bronze Medal: 2011 Rotterdam Mixed doubles",
        "Competition: Asian Games",
        "Silver Medal: 2014 Incheon Team",
        "Bronze Medal: 2002 Busan Team",
        "Bronze Medal: 2010 Guangzhou Singles",
        "Bronze Medal: 2010 Guangzhou Doubles",
        "Bronze Medal: 2010 Guangzhou Mixed doubles",
        "Bronze Medal: 2014 Incheon Mixed doubles",
        "Competition: Asian Championships",
        "Silver Medal: 2003 Bangkok Doubles",
        "Bronze Medal: 2005 Jeju-do Doubles",
        "Bronze Medal: 2009 Lucknow Mixed doubles",
        "Bronze Medal: 2012 Macau Team",
        "Bronze Medal: 2013 Busan Team"
    ]
}