{
    "name": "Aleksandar Karaka\u0161evi\u0107",
    "full_name": "Aleksandar Karaka\u0161evi\u0107",
    "nationality": "FR-YUG SCG SRB",
    "playingstyle": "Left-handed, All round player",
    "birth_place": "Zemun, SR Serbia, SFR Yugoslavia",
    "height": "5 ft 10 in",
    "birth_date": "1975-12-09",
    "medaltemplates": [
        "Sport: Men's table tennis",
        "Country: {{FR-YUG}} / {{SCG}} / {{SRB}}",
        "Competition: ITTF World Tour Grand Finals",
        "Bronze Medal: 1996 Tianjin Doubles",
        "Bronze Medal: 2001 Hainan Doubles",
        "Bronze Medal: 2003 Guangzhou Doubles",
        "Competition: European Championships",
        "Gold Medal: 2000 Bremen Mixed Doubles",
        "Gold Medal: 2005 Aarhus Mixed Doubles",
        "Gold Medal: 2007 Belgrade Mixed Doubles",
        "Gold Medal: 2009 Subotica Mixed Doubles",
        "Silver Medal: 2002 Zagreb Mixed Doubles",
        "Silver Medal: 2011 Istanbul Mixed Doubles",
        "Bronze Medal: 2003 Courmayeur Doubles",
        "Bronze Medal: 2009 Stuttgart Doubles",
        "Bronze Medal: 2010 Subotica Mixed Doubles",
        "Bronze Medal: 2011 Gda\u0144sk\u2013Sopot Singles",
        "Bronze Medal: 2011 Gda\u0144sk\u2013Sopot Doubles",
        "Bronze Medal: 2016 Budapest Mixed Doubles",
        "Bronze Medal: 2018 Alicante Mixed Doubles",
        "Competition: {{European Nations Cup (table tennis)}}",
        "Bronze Medal: 1996 Bayreuth Team",
        "Competition: Mediterranean Games",
        "Gold Medal: 2001 Tunis Doubles",
        "Gold Medal: 2005 Almer\u00eda Doubles",
        "Silver Medal: 1997 Bari Doubles",
        "Bronze Medal: 2009 Pescara Team"
    ]
}