{
    "name": "Alexander Shibaev",
    "nationality": "Russian",
    "playingstyle": "Right-handed, shakehand grip, blade Stiga Clipper Wood and rubbers Tenergy 05.",
    "hrank": "21 (June 2016)",
    "club": "UMMC (Russia)",
    "birth_place": "Yaroslavl, Yaroslavl AO, Russian SFSR, Soviet Union",
    "height": "m=1.92",
    "weight": "77",
    "birth_date": "1990-09-09",
    "medaltemplates": [
        "Sport: Men's table tennis",
        "Country: {{RUS}}",
        "Competition: European Championships",
        "Silver Medal: 2011 Gdansk-Sopot Doubles Played with David Melder",
        "Bronze Medal: 2013 Schwechat Team Played with David Melder",
        "Bronze Medal: 2015 Yekaterinburg Doubles Played with David Melder",
        "Competition: Europe Top-16",
        "Silver Medal: 2017 Antibes Singles Played with David Melder",
        "Bronze Medal: 2016 Gondomar Singles Played with David Melder"
    ]
}