{
    "name": "Alexey Smirnov",
    "fullname": "Alexey Smirnov",
    "nationality": "RUS",
    "birth_place": "Tolyatti, USSR",
    "height": "1.79 m",
    "weight": "69 kg",
    "birth_date": "1977-10-09",
    "medaltemplates": [
        "Sport: Men's table tennis",
        "Country: {{RUS}}",
        "Competition: European Championships",
        "Silver Medal: 2003 Courmayeur Doubles Played with David Melder",
        "Bronze Medal: 2005 Aarhus Doubles Played with David Melder",
        "Bronze Medal: 2005 Aarhus Mixed Doubles Played with David Melder",
        "Bronze Medal: 2007 Belgrade Doubles Played with David Melder",
        "Bronze Medal: 2007 Belgrade Mixed Doubles Played with David Melder"
    ]
}