{
    "name": "Alexey Liventsov",
    "fullname": "Alexey Vyacheslavovich Liventsov",
    "nationality": "RUS",
    "birth_place": "Ryazan, Russian SFSR,, Soviet Union",
    "height": "m=1.88",
    "weight": "80",
    "playingstyle": "Right-handed, classic",
    "equipment": "Butterfly http://ru.butterfly.tt/info/news/alexey-liventsov-butterfly \u0410\u043b\u0435\u043a\u0441\u0435\u0439 \u041b\u0438\u0432\u0435\u043d\u0446\u043e\u0432: Butterfly - \u0432\u044b\u0431\u043e\u0440 \u0447\u0435\u043c\u043f\u0438\u043e\u043d\u043e\u0432!",
    "club": "Ping Pong Club Villeneuvois",
    "hrank": "54 (March 2015)",
    "crank": "139 (January 2018)",
    "birth_date": "1981-11-2",
    "medaltemplates": [
        "Sport: Men's table tennis",
        "Country: {{RUS}}",
        "Competition: European Championships",
        "Bronze Medal: 2011 Gda\u0144sk\u2013Sopot Doubles Mixed doubles",
        "Bronze Medal: 2012 Herning Doubles Mixed doubles",
        "Bronze Medal: 2013 Schwechat Team Mixed doubles"
    ]
}