{
    "name": "Alexis Lebrun",
    "birth_place": "Montpellier, France",
    "playingstyle": "Right-handed shakehand",
    "equipment": "A. Lebrun Krypto Carbon (blade), Hybrid K3 max (rubber)",
    "hrank": "14 (18 July 2023)",
    "crank": "22 (19 March 2024)",
    "birth_date": "2003-08-27",
    "medaltemplates": [
        "Sport: Men's table tennis",
        "Country: {{FRA}}",
        "Competition: World Championships",
        "Silver Medal: 2024 Busan Team Mixed doubles",
        "Competition: European Games",
        "Bronze Medal: 2023 Krak\u00f3w\u2013Ma\u0142opolska Singles Mixed doubles",
        "Bronze Medal: 2023 Krak\u00f3w\u2013Ma\u0142opolska Team Mixed doubles",
        "Competition: European Championships",
        "Bronze Medal: 2022 Munich Doubles Mixed doubles",
        "Bronze Medal: 2023 Malm\u00f6 Team Mixed doubles",
        "Competition: Europe Top-16",
        "Bronze Medal: 2024 Montreux Singles Mixed doubles"
    ]
}