{
    "name": "Alfred Peter Liebster",
    "fullname": "Liebster Alfred",
    "nationality": "AUT",
    "birth_place": "Vienna, Austria",
    "death_date": "2000 https://www.familysearch.org/ark:/61903/1:1:QVZF-XR9Z England and Wales Death Registration Index: Alfred Peter Liebster",
    "death_place": "Camden, London, England",
    "birth_date": "1910-3-14",
    "medaltemplates": [
        "Sport: Men's table tennis",
        "Country: {{AUT}}",
        "Competition: World Championships",
        "Bronze Medal: 1938 Wembley Mixed Played with David Melder",
        "Silver Medal: 1938 Wembley Team Played with David Melder",
        "Gold Medal: 1936 Prague Team Played with David Melder",
        "Silver Medal: 1935 London Doubles Played with David Melder",
        "Bronze Medal: 1935 London Team Played with David Melder",
        "Silver Medal: 1934 Paris Team Played with David Melder",
        "Bronze Medal: 1933 Baden Doubles Played with David Melder",
        "Bronze Medal: 1933 Baden Team Played with David Melder",
        "Bronze Medal: 1932 Prague Team Played with David Melder",
        "Bronze Medal: 1931 Budapest Doubles Played with David Melder",
        "Silver Medal: 1930 Berlin Doubles Played with David Melder",
        "Bronze Medal: 1929 Budapest Mixed Played with David Melder",
        "Silver Medal: 1929 Budapest Team Played with David Melder",
        "Bronze Medal: 1928 Budapest Singles Played with David Melder",
        "Gold Medal: 1928 Budapest Doubles Played with David Melder",
        "Silver Medal: 1928 Budapest Team Played with David Melder"
    ]
}