{
    "name": "Alojzy Ehrlich",
    "fullname": "Aloizy Ehrlich",
    "nationality": "POL",
    "death_date": "1992",
    "birth_date": "1914-1-1",
    "medaltemplates": [
        "Sport: Men's table tennis",
        "Country: {{POL}}",
        "Competition: World Championships",
        "Silver Medal: 1939 Cairo Singles",
        "Silver Medal: 1937 Baden Singles",
        "Silver Medal: 1936 Prague Singles",
        "Bronze Medal: 1936 Prague Team",
        "Bronze Medal: 1935 Wembley Singles",
        "Bronze Medal: 1935 Wembley Team"
    ]
}