{
    "name": "An Jae-hyun",
    "birth_place": "Daejeon, South Korea",
    "height": "167 cm",
    "weight": "60 kg",
    "playingstyle": "Right-handed shakehand hold",
    "equipment": "XIOM An Jaehyun TMXi Pro (blade), DHS Hurricane III (FH, black), XIOM Omega VII (BH, red)",
    "hrank": "33 (28 November 2023)",
    "crank": "34 (20 February 2024)",
    "birth_date": "1999-12-25",
    "medaltemplates": [
        "Sport: Men's table tennis",
        "Country: {{KOR}}",
        "Competition: World Championships",
        "Bronze Medal: 2019 Budapest Singles Mixed doubles",
        "Bronze Medal: 2022 Chengdu Team Mixed doubles",
        "Bronze Medal: 2024 Busan Team Mixed doubles",
        "Competition: World Cup",
        "Silver Medal: 2023 Chengdu Mixed team Mixed doubles",
        "Competition: Asian Games",
        "Silver Medal: 2022 Hangzhou Team Mixed doubles",
        "Competition: Asian Championships",
        "Gold Medal: 2021 Doha Team Mixed doubles",
        "Silver Medal: 2019 Yogyakarta Team Mixed doubles",
        "Bronze Medal: 2023 Pyeongchang Doubles Mixed doubles",
        "Bronze Medal: 2023 Pyeongchang Team Mixed doubles"
    ]
}