{
    "name": "Andrew Baggaley",
    "residence": "Milton Keynes, Buckinghamshire, England",
    "nationality": "ENG",
    "playingstyle": "Shakehand grip",
    "height": "m=1.80",
    "weight": "75",
    "birth_date": "1983-2-26",
    "medaltemplates": [
        "Competition: Commonwealth Games",
        "Gold Medal: 2002 Manchester Men's Team",
        "Gold Medal: 2002 Manchester Men's Doubles",
        "Silver Medal: 2006 Melbourne Men's Doubles",
        "Silver Medal: 2010 Delhi Men's Team",
        "Silver Medal: 2014 Glasgow Men's Team",
        "Bronze Medal: 2010 Delhi Men's Doubles Played with David Melder",
        "Competition: World Championship of Ping Pong",
        "Gold Medal: 2015 London Singles Played with David Melder",
        "Gold Medal: 2016 London Singles Played with David Melder",
        "Gold Medal: 2019 London Singles Played with David Melder",
        "Gold Medal: 2020 London Singles Played with David Melder"
    ]
}