{
    "name": "Andrzej Grubba",
    "fullname": "Andrzej Grubba",
    "nationality": "POL",
    "hrank": "3 (Jun 1989\u201319 Dec 1991)",
    "birth_place": "Brze\u017ano Wielkie, Poland",
    "death_date": "2005",
    "death_place": "Sopot, Poland",
    "birth_date": "1958-05-14",
    "medaltemplates": [
        "Sport: Men's table tennis",
        "Country: {{POL}}",
        "Competition: Olympic Games",
        "Gold Medal: 0",
        "Silver Medal: 0",
        "Bronze Medal: 0",
        "Competition: World Championships",
        "Gold Medal: 0",
        "Silver Medal: 0",
        "Bronze Medal: 3",
        "Competition: World Cup",
        "Gold Medal: 1",
        "Silver Medal: 2",
        "Bronze Medal: 2",
        "Competition: World Championships",
        "Bronze Medal: 1985 Gothenburg team",
        "Bronze Medal: 1987 New Delhi doubles",
        "Bronze Medal: 1989 Dortmund singles",
        "Competition: World Cup",
        "Gold Medal: 1988 Guangzhou singles",
        "Silver Medal: 1985 Foshan singles",
        "Silver Medal: 1989 Nairobi singles",
        "Bronze Medal: 1987 Macao singles",
        "Bronze Medal: 1990 Seoul doubles",
        "Competition: European Championships",
        "Gold Medal: 1982 Budapest mixed doubles",
        "Silver Medal: 1984 Moscow singles",
        "Silver Medal: 1984 Moscow team",
        "Silver Medal: 1988 Paris mixed doubles",
        "Silver Medal: 1990 Gothenburg singles",
        "Silver Medal: 1996 Bratislava doubles",
        "Bronze Medal: 1984 Moscow mixed doubles",
        "Bronze Medal: 1986 Prague singles",
        "Bronze Medal: 1986 Prague team",
        "Bronze Medal: 1988 Paris doubles",
        "Bronze Medal: 1992 Stuttgart singles",
        "Bronze Medal: 1996 Bratislava team"
    ]
}