{
    "name": "Andrej Ga\u0107ina",
    "nationality": "CRO",
    "playingstyle": "Attacker",
    "crank": "48 (21 September 2021) author1=ITTF ",
    "hrank": "18 (February 2016)",
    "club": "GRE Olympiacos",
    "birth_place": "Zadar, SR Croatia, SFR Yugoslavia",
    "height": "1.86 m",
    "weight": "82 kg",
    "birth_date": "1986-05-21",
    "medaltemplates": [
        "Competition: European Championships",
        "Gold Medal: 2011 Gdansk-Sopot Doubles Played with David Melder",
        "Silver Medal: 2007 Belgrade Team Played with David Melder",
        "Competition: Mediterranean Games",
        "Silver Medal: 2009 Pescara Singles Played with David Melder",
        "Silver Medal: 2009 Pescara Team Played with David Melder"
    ]
}