{
    "name": "Angelica Rozeanu",
    "fullname": "Angelica Rozeanu-Adelstein",
    "nationality": "ROU/ISR",
    "birth_place": "Bucharest, Romania",
    "death_date": "2006",
    "death_place": "Haifa, Israel",
    "birth_date": "1921-10-15",
    "medaltemplates": [
        "Country: {{ROM}}",
        "Competition: World Championships",
        "Bronze Medal: 1957 Stockholm Doubles",
        "Silver Medal: 1957 Stockholm Team",
        "Gold Medal: 1956 Tokyo Doubles",
        "Gold Medal: 1956 Tokyo Team",
        "Gold Medal: 1955 Utrecht Singles",
        "Gold Medal: 1955 Utrecht Doubles",
        "Gold Medal: 1955 Utrecht Team",
        "Gold Medal: 1954 Wembley Singles",
        "Bronze Medal: 1954 Wembley Doubles",
        "Gold Medal: 1953 Bucharest Singles",
        "Gold Medal: 1953 Bucharest Doubles",
        "Gold Medal: 1953 Bucharest Mixed doubles",
        "Gold Medal: 1953 Bucharest Team",
        "Gold Medal: 1952 Bombay Singles",
        "Gold Medal: 1952 Bombay Mixed doubles",
        "Silver Medal: 1952 Bombay Team",
        "Gold Medal: 1951 Vienna Singles",
        "Silver Medal: 1951 Vienna Doubles",
        "Gold Medal: 1951 Vienna Mixed doubles",
        "Gold Medal: 1951 Vienna Team",
        "Gold Medal: 1950 Budapest Singles",
        "Silver Medal: 1950 Budapest Doubles",
        "Bronze Medal: 1950 Budapest Mixed doubles",
        "Gold Medal: 1950 Budapest Team",
        "Bronze Medal: 1948 Wembley Singles",
        "Bronze Medal: 1948 Wembley Mixed doubles",
        "Bronze Medal: 1948 Wembley Team",
        "Silver Medal: 1939 Cairo Doubles",
        "Bronze Medal: 1939 Cairo Team",
        "Bronze Medal: 1937 Baden Mixed doubles",
        "Competition: European Championships",
        "Gold Medal: 1960 Zagreb Doubles",
        "Silver Medal: 1960 Zagreb Mixed doubles",
        "Bronze Medal: 1958 Budapest Singles",
        "Gold Medal: 1958 Budapest Doubles",
        "Bronze Medal: 1958 Budapest Mixed doubles",
        "Silver Medal: 1958 Budapest Team"
    ]
}