{
    "name": "Anita Felguth",
    "fullname": "Felguth Anita",
    "nationality": "GER",
    "death_date": "2003",
    "birth_date": "1909-5-13",
    "medaltemplates": [
        "Sport: Women's table tennis",
        "Country: {{GER}}",
        "Competition: World Championships",
        "Silver Medal: 1936 Prague Team Played with David Melder",
        "Bronze Medal: 1935 Wembley Doubles Played with David Melder",
        "Bronze Medal: 1935 Wembley Team Played with David Melder",
        "Silver Medal: 1934 Paris Doubles Played with David Melder",
        "Gold Medal: 1934 Paris Team Played with David Melder",
        "Bronze Medal: 1933 Baden Doubles Played with David Melder",
        "Bronze Medal: 1932 Prague Doubles Played with David Melder"
    ]
}