{
    "name": "Anna Sipos",
    "fullname": "SIPOS Anna",
    "nationality": "Hungarian",
    "birth_place": "Hungary",
    "death_date": "1988",
    "birth_date": "1908-04-03",
    "medaltemplates": [
        "Sport: Women's table tennis",
        "Country: {{HUN}}",
        "Competition: World Championships",
        "Gold Medal: 1935 Wembley Doubles",
        "Gold Medal: 1935 Wembley Mixed Doubles",
        "Silver Medal: 1935 Wembley Team",
        "Gold Medal: 1934 Paris Doubles",
        "Silver Medal: 1934 Paris Mixed Doubles",
        "Silver Medal: 1934 Paris Team",
        "Gold Medal: 1933 Baden Singles",
        "Gold Medal: 1933 Baden Doubles",
        "Bronze Medal: 1933 Baden Mixed Doubles",
        "Gold Medal: 1932 Prague Singles",
        "Gold Medal: 1932 Prague Doubles",
        "Gold Medal: 1932 Prague Mixed Doubles",
        "Bronze Medal: 1931 Budapest Singles",
        "Gold Medal: 1931 Budapest Doubles",
        "Silver Medal: 1931 Budapest Mixed Doubles",
        "Silver Medal: 1930 Berlin Singles",
        "Gold Medal: 1930 Berlin Doubles",
        "Silver Medal: 1930 Berlin Mixed Doubles",
        "Bronze Medal: 1929 Budapest Singles",
        "Bronze Medal: 1929 Budapest Doubles",
        "Gold Medal: 1929 Budapest Mixed Doubles"
    ]
}