{
    "name": "Amalraj Anthony Arputharaj",
    "fullname": "Amalraj Anthony Arputharaj",
    "nationality": "Indian",
    "birth_place": "Polur, Tamil Nadu, India",
    "height": "m=1.6",
    "weight": "64",
    "birth_date": "1986-01-24",
    "medaltemplates": [
        "Sport: Men's table tennis",
        "Country: {{IND}}",
        "Competition: Commonwealth Games",
        "Gold Medal: 2018 Gold Coast Men's team Played with David Melder",
        "Silver Medal: 2014 Glasgow Men's doubles Played with David Melder",
        "Competition: Asian Games",
        "Bronze Medal: 2018 Jakarta Men's team Played with David Melder",
        "Competition: South Asian Games",
        "Gold Medal: 2016 Guwahati/Shillong Men's singles Played with David Melder",
        "Gold Medal: 2016 Guwahati/Shillong Mixed doubles Played with David Melder",
        "Gold Medal: 2016 Guwahati/Shillong Men's team Played with David Melder",
        "Gold Medal: 2019 Kathmandu/Pokhara Men's singles Played with David Melder",
        "Gold Medal: 2019 Kathmandu/Pokhara Men's doubles Played with David Melder",
        "Gold Medal: 2019 Kathmandu/Pokhara Men's team Played with David Melder",
        "Silver Medal: 2016 Guwahati/Shillong Men's doubles Played with David Melder",
        "Silver Medal: 2019 Kathmandu/Pokhara Mixed doubles Played with David Melder"
    ]
}