{
    "name": "Anton K\u00e4llberg",
    "birth_place": "Sollentuna, Stockholm County, Sweden",
    "playingstyle": "Right-handed shakehand",
    "hrank": "15 (21 June 2022)",
    "crank": "17 (20 February 2024)",
    "club": "Borussia D\u00fcsseldorf (Bundesliga) url=https://ttbl.de/ttbl-spielerportrait/anton-kaellberg",
    "height": "183 cm",
    "birth_date": "1997-8-17",
    "medaltemplates": [
        "Sport: Men's table tennis",
        "Country: {{SWE}}",
        "Competition: World Championships",
        "Bronze Medal: 2018 Halmstad Team Mixed doubles",
        "Competition: European Games",
        "Silver Medal: 2023 Krak\u00f3w\u2013Ma\u0142opolska Team Mixed doubles",
        "Competition: European Championships",
        "Gold Medal: 2023 Malm\u00f6 Team Mixed doubles",
        "Bronze Medal: 2019 Nantes Team Mixed doubles",
        "Bronze Medal: 2021 Cluj-Napoca Team Mixed doubles",
        "Bronze Medal: 2022 Munich Doubles Mixed doubles"
    ]
}