{
    "name": "Anton Suseno",
    "nationality": "Indonesian",
    "birth_place": "Indramayu, Indonesia title=Biographical information Anton Suseno ",
    "playingstyle": "Right-hand shakehand grip",
    "height": "1.78",
    "weight": "70",
    "birth_date": "1971-12-15",
    "medaltemplates": [
        "Sport: Men's Table Tennis",
        "Country: {{INA}}",
        "Competition: Southeast Asian Games",
        "Gold Medal: 1991 Manila Singles Mixed doubles",
        "Gold Medal: 1999 Bandar Seri Begawan Doubles Mixed doubles",
        "Silver Medal: 1999 Bandar Seri Begawan Singles Mixed doubles",
        "Bronze Medal: 1989 Kuala Lumpur Singles Mixed doubles",
        "Bronze Medal: 1991 Manila Doubles Mixed doubles",
        "Bronze Medal: 1999 Bandar Seri Begawan Team Mixed doubles"
    ]
}