{
    "name": "Antun Stipan\u010di\u0107",
    "nickname": "Tova",
    "nationality": "YUG",
    "birth_place": "Duga Resa, SFR Yugoslavia",
    "death_date": "1991",
    "death_place": "Zagreb, Croatia",
    "birth_date": "1949-05-18",
    "medaltemplates": [
        "Sport: Men's table tennis",
        "Country: {{YUG}}",
        "Competition: World Championships",
        "Bronze Medal: 1981 Novi Sad Doubles",
        "Gold Medal: 1979 Pyongyang Doubles",
        "Bronze Medal: 1977 Birmingham Doubles",
        "Silver Medal: 1975 Calcutta Singles",
        "Silver Medal: 1975 Calcutta Doubles",
        "Silver Medal: 1975 Calcutta Team",
        "Bronze Medal: 1973 Sarajevo Singles",
        "Bronze Medal: 1973 Sarajevo Doubles",
        "Silver Medal: 1971 Nagoya Mixed Doubles",
        "Bronze Medal: 1971 Nagoya Team",
        "Bronze Medal: 1969 Munich Team",
        "Competition: European Championships",
        "Silver Medal: 1980 Berne Doubles",
        "Bronze Medal: 1980 Berne Mixed Doubles",
        "Bronze Medal: 1978 Duisburg Doubles",
        "Bronze Medal: 1976 Prague Doubles",
        "Gold Medal: 1976 Prague Mixed Doubles",
        "Gold Medal: 1976 Prague Team",
        "Bronze Medal: 1974 Novi Sad Doubles",
        "Bronze Medal: 1974 Novi Sad Mixed Doubles",
        "Bronze Medal: 1972 Rotterdam Singles",
        "Silver Medal: 1972 Rotterdam Team",
        "Gold Medal: 1970 Moscow Doubles",
        "Silver Medal: 1970 Moscow Team",
        "Gold Medal: 1968 Lyon Doubles"
    ]
}