{
    "name": "Ariel Hsing",
    "fullname": "Ariel Yenhua Hsing",
    "club": "Jinhua Bank (China)",
    "nationality": "American",
    "playingstyle": "Shakehand",
    "hrank": "73 (October 2012) url=http://www.ittf.com/ittf_ranking/world_ranking_per_name.asp?Player_ID=111120&U18=0&U21=0&Siniors=1& ",
    "birth_place": "Fremont, California",
    "residence": "San Jose, California",
    "height": "5",
    "weight": "117",
    "birth_date": "1995-11-29",
    "medaltemplates": [
        "Sport: Women's table tennis",
        "Country: {{USA}}",
        "Competition: Intercontinental Cup",
        "Gold Medal: 2012 Huangshi Singles  {{url=http://www.old.ittf.com/_front_page/ittf_full_story2.asp?ID=29251&Category= }}{{date=May 2019 }}  Played with David Melder",
        "Competition: Pan American Games",
        "Bronze Medal: 2011 Guadalajara Team {{title=XVI Pan-American Games Results Book }}  Played with David Melder",
        "Bronze Medal: 2011 Guadalajara Singles  Played with David Melder",
        "Competition: North American Championships",
        "Gold Medal: 2013 Vancouver Singles {{url=http://www.old.ittf.com/_front_page/ittf_full_story1.asp?Year=&General_Catigory=&ID=32721&Category=&Competition_ID=&Player_ID=111120& }}{{date=May 2019 }}  Played with David Melder",
        "Competition: North America Cup",
        "Gold Medal: 2012 Mississauga Singles {{url=http://www.old.ittf.com/_front_page/ittf_full_story1.asp?ID=28123&Competition_ID=2155& }}{{date=May 2019 }}  Played with David Melder",
        "Gold Medal: 2011 Mississauga Singles {{url=http://www.old.ittf.com/_front_page/ittf_full_story1.asp?ID=23868&Competition_ID=2031& }}{{date=May 2019 }}  Played with David Melder"
    ]
}