{
    "name": "Audrey Zarif",
    "birth_place": "Saint-Denis, France url=https://www.ettu.org/en/events/europe-cup-women/draws-participants/",
    "height": "1.64 m",
    "playingstyle": "Right-handed shakehand",
    "hrank": "69 (23 January 2024)",
    "crank": "96 (20 February 2024)",
    "birth_date": "1998-7-23",
    "medaltemplates": [
        "Sport: Women's table tennis",
        "Country: {{FRA}}",
        "Competition: World Championships",
        "Bronze Medal: 2024 Busan Team Mixed doubles",
        "Competition: European Championships",
        "Bronze Medal: 2021 Warsaw Team Mixed doubles",
        "Bronze Medal: 2023 Malm\u00f6 Team Mixed doubles",
        "Competition: Mediterranean Games"
    ]
}