{
    "name": "Ayhika Mukherjee",
    "birth_place": "Naihati, West Bengal, India",
    "height": "1.60 m",
    "playingstyle": "Right-handed shakehand",
    "hrank": "95 (October 2019)",
    "crank": "177 (26 September 2023)",
    "birth_date": "1997-6-10",
    "medaltemplates": [
        "Sport: Women's table tennis",
        "Country: {{IND}}",
        "Competition: Asian Games",
        "Bronze Medal: 2022 Hangzhou Doubles Mixed doubles",
        "Competition: South Asian Games",
        "Gold Medal: 2019 Kathmandu/Pokhara Team Mixed doubles",
        "Silver Medal: 2019 Kathmandu/Pokhara Singles Mixed doubles",
        "Silver Medal: 2019 Kathmandu/Pokhara Doubles Mixed doubles",
        "Silver Medal: 2019 Kathmandu/Pokhara Mixed doubles Mixed doubles"
    ]
}