{
    "name": "Barbora Bal\u00e1\u017eov\u00e1",
    "nationality": "SVK",
    "birth_place": "Topo\u013e\u010dany, Czechoslovakia",
    "height": "169 cm",
    "weight": "73 kg",
    "birth_date": "1992-03-18",
    "medaltemplates": [
        "Sport: Women's table tennis",
        "Country: {{SVK}}",
        "Competition: European Championships",
        "Silver Medal: 2013 Buz\u0103u Mixed doubles Mixed doubles",
        "Silver Medal: 2020 Warsaw Mixed doubles Mixed doubles",
        "Bronze Medal: 2022 Munich Mixed doubles Mixed doubles",
        "Competition: European Youth Summer Olympic Festival",
        "Silver Medal: 2007 Belgrade Girls' singles Mixed doubles",
        "Silver Medal: 2007 Belgrade Girls' doubles Mixed doubles"
    ]
}