{
    "name": "Barbara Chiu",
    "fullname": "Chiu Barbara",
    "nationality": "CAN",
    "birth_place": "Canton, China",
    "birth_date": "July 14, 1964",
    "medaltemplates": [
        "Sport: Women's table tennis",
        "Country: {{CAN}}",
        "Competition: Pan American Games",
        "Gold Medal: 1995 Mar del Plata Team Played with David Melder",
        "Bronze Medal: 1995 Mar del Plata Singles Played with David Melder",
        "Bronze Medal: 1995 Mar del Plata Mixed Doubles Played with David Melder"
    ]
}