{
    "name": "Bastian Steger",
    "nationality": "German",
    "birth_place": "Oberviechtach, West Germany",
    "playingstyle": "Right-handed, shakehand grip",
    "equipment": "Butterfly Innerforce Layer ZLF blade; Butterfly Tenergy 05 (Red, FH), Butterfly Tenergy 05 (Black, BH)",
    "hrank": "18 (October 2014)",
    "crank": "35 (August 2018)",
    "height": "1.70 m",
    "weight": "65 kg",
    "birth_date": "1981-3-19",
    "medaltemplates": [
        "Sport: Men's table tennis",
        "Country: {{GER}}",
        "Competition: Olympic Games",
        "Bronze Medal: 2012 London Team Played with David Melder",
        "Bronze Medal: 2016 Rio de Janeiro Team Played with David Melder",
        "Competition: World Championships",
        "Silver Medal: 2018 Halmstad Team Played with David Melder",
        "Competition: European Championships",
        "Bronze Medal: 2012 Herning Singles Played with David Melder"
    ]
}