{
    "name": "Beh Lee Wei",
    "native_name": "\u9a6c\u8389\u8587",
    "native_name_lang": "zhi",
    "birth_place": "Kedah, Malaysia",
    "playingstyle": "Right-hand shakehand grip",
    "height": "1.68",
    "weight": "85",
    "birth_date": "1983-04-12",
    "medaltemplates": [
        "Sport: Women's Table Tennis",
        "Country: {{MAS}}",
        "Competition: Commonwealth Games",
        "Bronze Medal: 2010 Delhi Team Mixed doubles",
        "Bronze Medal: 2014 Glasgow Team Mixed doubles",
        "Competition: Southeast Asian Games",
        "Bronze Medal: 2001 Kuala Lumpur Doubles Mixed doubles",
        "Bronze Medal: 2001 Kuala Lumpur Team Mixed doubles",
        "Bronze Medal: 2003 Vietnam Singles Mixed doubles",
        "Bronze Medal: 2005 Manila Mixed doubles Mixed doubles",
        "Bronze Medal: 2007 Nakhon Ratchasima Team Mixed doubles",
        "Bronze Medal: 2009 Vientiane Singles Mixed doubles",
        "Bronze Medal: 2009 Vientiane Doubles Mixed doubles",
        "Bronze Medal: 2009 Vientiane Mixed doubles Mixed doubles",
        "Bronze Medal: 2009 Vientiane Team Mixed doubles",
        "Bronze Medal: 2013 Naypyitaw Singles Mixed doubles",
        "Bronze Medal: 2013 Naypyitaw Team Mixed doubles"
    ]
}