{
    "name": "Benedikt Duda",
    "birth_place": "Gummersbach, Germany",
    "playingstyle": "Right-handed shakehand",
    "hrank": "26 (11 April 2023)",
    "crank": "46 (9 April 2024)",
    "birth_date": "1994-4-4",
    "medaltemplates": [
        "Sport: Men's table tennis",
        "Country: {{GER}}",
        "Competition: Olympic Games",
        "Silver Medal: 2020 Tokyo Team Mixed doubles",
        "Competition: World Championships",
        "Silver Medal: 2022 Busan Team Mixed doubles",
        "Competition: European Championships",
        "Gold Medal: 2019 Nantes Team Mixed doubles",
        "Gold Medal: 2021 Cluj-Napoca Team Mixed doubles"
    ]
}