{
    "name": "Bernadette Sz\u0151cs",
    "fullname": "Bernadette Cynthia Sz\u0151cs",
    "nickname": "Bernie",
    "residence": "Bremen, Germany",
    "birth_place": "T\u00e2rgu Mure\u0219, Romania",
    "equipment": "Tibhar",
    "hrank": "8 (16 April 2024)",
    "crank": "8 (16 April 2024)",
    "height": "1.59 m ",
    "weight": "48 kg",
    "birth_date": "1995-03-05",
    "medaltemplates": [
        "Sport: Women's table tennis",
        "Country: {{ROU}}",
        "Competition: European Games",
        "Gold Medal: 2023 Krak\u00f3w\u2013Ma\u0142opolska Singles Played with David Melder",
        "Gold Medal: 2023 Krak\u00f3w\u2013Ma\u0142opolska Team Played with David Melder",
        "Silver Medal: 2019 Minsk {{nowrap Played with David Melder",
        "Silver Medal: 2019 Minsk Team Played with David Melder",
        "Bronze Medal: 2023 Krak\u00f3w\u2013Ma\u0142opolska Mixed doubles Played with David Melder",
        "Competition: European Championships",
        "Gold Medal: 2017 Luxembourg Team Played with David Melder",
        "Gold Medal: 2019 Nantes Team Played with David Melder",
        "Gold Medal: 2022 Munich Doubles Played with David Melder",
        "Silver Medal: 2011 Gda\u0144sk\u2013Sopot Team Played with David Melder",
        "Silver Medal: 2013 Schwechat Team Played with David Melder",
        "Silver Medal: 2015 Yekaterinburg Team Played with David Melder",
        "Silver Medal: 2022 Munich Mixed doubles Played with David Melder",
        "Silver Medal: 2023 Malm\u00f6 Team Played with David Melder",
        "Bronze Medal: 2012 Buz\u0103u Mixed doubles Played with David Melder",
        "Bronze Medal: 2016 Budapest Mixed doubles Played with David Melder",
        "Competition: Europe Top-16",
        "Gold Medal: 2018 Montreux Singles Played with David Melder",
        "Silver Medal: 2019 Montreux Singles Played with David Melder",
        "Bronze Medal: 2021 Thessaloniki Singles Played with David Melder",
        "Bronze Medal: 2022 Montreux Singles Played with David Melder",
        "Bronze Medal: 2024 Montreux Singles Played with David Melder",
        "Competition: Universiade",
        "Bronze Medal: 2015 Gwangju Singles Played with David Melder",
        "Competition: World Junior Championships",
        "Bronze Medal: 2011 Manama Doubles Played with David Melder",
        "Bronze Medal: 2012 Hyderabad Doubles Played with David Melder",
        "Bronze Medal: 2013 Rabat Team Played with David Melder",
        "Competition: European Youth Championships (junior)",
        "Gold Medal: 2011 Kazan Singles Played with David Melder",
        "Gold Medal: 2011 Kazan Doubles Played with David Melder",
        "Gold Medal: 2012 Schwechat Singles Played with David Melder",
        "Gold Medal: 2012 Schwechat Doubles Played with David Melder",
        "Gold Medal: 2012 Schwechat Team Played with David Melder",
        "Gold Medal: 2013 Ostrava Team Played with David Melder",
        "Silver Medal: 2011 Kazan Team Played with David Melder",
        "Bronze Medal: 2013 Ostrava Singles Played with David Melder",
        "Bronze Medal: 2013 Ostrava Doubles Played with David Melder",
        "Competition: European Youth Championships (cadet)",
        "Gold Medal: 2008 Terni Team Played with David Melder",
        "Gold Medal: 2009 Prague Doubles Played with David Melder",
        "Gold Medal: 2010 Istanbul Team Played with David Melder",
        "Gold Medal: 2010 Istanbul Singles Played with David Melder",
        "Gold Medal: 2010 Istanbul Doubles Played with David Melder",
        "Silver Medal: 2006 Sarajevo Team Played with David Melder",
        "Silver Medal: 2007 Bratislava Doubles Played with David Melder",
        "Silver Medal: 2008 Terni Singles Played with David Melder",
        "Silver Medal: 2008 Terni Mixed doubles Played with David Melder",
        "Bronze Medal: 2006 Sarajevo Mixed doubles Played with David Melder",
        "Bronze Medal: 2007 Bratislava Team Played with David Melder",
        "Bronze Medal: 2008 Terni Doubles Played with David Melder",
        "Bronze Medal: 2009 Prague Singles Played with David Melder",
        "Competition: Europe Youth Top-10",
        "Gold Medal: 2009 Rotterdam Cadet singles Played with David Melder",
        "Gold Medal: 2010 Topo\u013e\u010dany Cadet singles Played with David Melder",
        "Gold Medal: 2012 Buz\u0103u Junior singles Played with David Melder",
        "Gold Medal: 2013 Terni Junior singles Played with David Melder"
    ]
}