{
    "name": "Biba Goli\u0107",
    "fullname": "Biljana Goli\u0107",
    "nationality": "SRB",
    "playingstyle": "Right-handed, all round player",
    "birth_place": "Senta, Serbia, SFR Yugoslavia",
    "height": "1.70 m",
    "birth_date": "1977-11-09",
    "medaltemplates": [
        "Sport: Women's table tennis",
        "Country: {{SRB}}",
        "Competition: Mediterranean Games",
        "Gold Medal: 2001 Tunis Women's doubles",
        "Competition: European Youth Championships",
        "Bronze Medal: 1991 Granada Cadet girls' team"
    ]
}