{
    "name": "Bojan Toki\u0107",
    "fullname": "Bojan Toki\u0107",
    "nickname": "Toko",
    "nationality": "Slovenian",
    "playingstyle": "Shakehand, Offensive",
    "hrank": "25 (November 2011)",
    "crank": "62 (21 September 2021)",
    "birth_place": "Jajce, SR Bosnia and Herzegovina, SFR Yugoslavia",
    "birth_date": "1981-01-13",
    "medaltemplates": [
        "Sport: Men's table tennis",
        "Country: {{SVN}}",
        "Competition: European Championships",
        "Bronze Medal: 2009 Stuttgart Doubles Played with David Melder",
        "Bronze Medal: 2011 Gda\u0144sk-Sopot Singles Played with David Melder",
        "Bronze Medal: 2011 Gda\u0144sk-Sopot Doubles Played with David Melder"
    ]
}