{
    "name": "Bora Vang",
    "nationality": "TUR",
    "playingstyle": "All round player",
    "birth_place": "Shijiazhuang, CHN",
    "height": "1.77",
    "weight": "82",
    "club": "Adana Table Tennis Club",
    "birth_date": "1987-04-09",
    "medaltemplates": [
        "Sport: Men's table tennis",
        "Country: {{TUR}}",
        "Competition: European Championships",
        "Gold Medal: 2010 Subotica Mixed Doubles Played with David Melder",
        "Silver Medal: 2012 Buzau Mixed Doubles Played with David Melder",
        "Competition: Mediterranean Games",
        "Gold Medal: 2013 Mersin Team Played with David Melder",
        "Silver Medal: 2013 Mersin Singles Played with David Melder"
    ]
}