{
    "name": "Brian Afanador",
    "fullname": "Brian O'Neill Afanador P\u00e9rez",
    "nationality": "PUR",
    "equipment": "Butterfly",
    "hrank": "'''Senior''': 67 (January 2022) url=https://www.ittf.com/wp-content/uploads/2022/01/2022_5_SEN_MS.html , '''U21''': 25 (March 2018)  , '''U18''': 13 (August 2015)  , '''U15''': 17 (May 2012)",
    "crank": "67 (January 2022)",
    "club": "Alliance Montpellier - Nimes",
    "birth_place": "Utuado, Puerto Rico",
    "residence": "Puerto Rico",
    "height": "5 ft 9 in",
    "weight": "140 lb",
    "birth_date": "1997-3-6",
    "medaltemplates": [
        "Sport: Men's table tennis",
        "Country: {{PUR}}",
        "Competition: Pan American Games",
        "Bronze Medal: 2019 Lima Doubles Mixed doubles",
        "Bronze Medal: 2019 Lima Mixed doubles Mixed doubles",
        "Bronze Medal: 2015 Toronto Team Mixed doubles",
        "Competition: Central American and Caribbean Games",
        "Gold Medal: 2014 Veracruz Mixed doubles Mixed doubles",
        "Gold Medal: 2014 Veracruz Team Mixed doubles",
        "Gold Medal: 2018 Barranquilla Mixed doubles Mixed doubles",
        "Silver Medal: 2014 Veracruz Singles Mixed doubles",
        "Silver Medal: 2014 Veracruz Doubles Mixed doubles",
        "Silver Medal: 2018 Barranquilla Team Mixed doubles",
        "Bronze Medal: 2018 Barranquilla Singles Mixed doubles",
        "Bronze Medal: 2018 Barranquilla Doubles Mixed doubles",
        "Competition: Latin American Championships",
        "Gold Medal: 2016 San Juan Singles U21 Mixed doubles",
        "Silver Medal: 2016 San Juan Doubles Mixed doubles",
        "Bronze Medal: 2016 San Juan Mixed doubles Mixed doubles"
    ]
}