{
    "name": "Bruna Takahashi",
    "birth_place": "S\u00e3o Bernardo do Campo, S\u00e3o Paulo, Brazil",
    "highest_rank": "17 (21 June 2022)",
    "current_rank": "19 (25 March 2024)",
    "club": "TTC 1946 Weinheim",
    "height": "1.70 m",
    "weight": "54 kg",
    "birth_date": "2000-7-19",
    "medaltemplates": [
        "Sport: Women's table tennis",
        "Country: {{BRA}}",
        "Competition: Pan American Games",
        "Silver Medal: 2019 Lima Mixed doubles Mixed doubles",
        "Silver Medal: 2019 Lima Team Mixed doubles",
        "Silver Medal: 2023 Santiago Singles Mixed doubles",
        "Silver Medal: 2023 Santiago Doubles Mixed doubles",
        "Silver Medal: 2023 Santiago Mixed doubles Mixed doubles",
        "Bronze Medal: 2019 Lima Singles Mixed doubles",
        "Bronze Medal: 2019 Lima Doubles Mixed doubles",
        "Bronze Medal: 2023 Santiago Team Mixed doubles",
        "Competition: Pan American Championships",
        "Gold Medal: 2017 Cartagena de Indias Mixed doubles Mixed doubles",
        "Gold Medal: 2017 Cartagena de Indias Team Mixed doubles",
        "Gold Medal: 2018 Santiago Team Mixed doubles",
        "Gold Medal: 2021 Lima Mixed doubles Mixed doubles",
        "Gold Medal: 2021 Lima Team Mixed doubles",
        "Gold Medal: 2022 Santiago Mixed doubles Mixed doubles",
        "Gold Medal: 2022 Santiago Team Mixed doubles",
        "Silver Medal: 2019 Asunci\u00f3n Singles Mixed doubles",
        "Silver Medal: 2019 Asunci\u00f3n Team Mixed doubles",
        "Silver Medal: 2021 Lima Singles Mixed doubles",
        "Silver Medal: 2023 Havana Singles Mixed doubles",
        "Silver Medal: 2023 Havana Mixed doubles Mixed doubles",
        "Bronze Medal: 2017 Cartagena de Indias Singles Mixed doubles",
        "Bronze Medal: 2017 Cartagena de Indias Doubles Mixed doubles",
        "Bronze Medal: 2018 Santiago Singles Mixed doubles",
        "Bronze Medal: 2023 Havana Doubles Mixed doubles",
        "Competition: Pan American Cup",
        "Gold Medal: 2024 Corpus Christi Singles Mixed doubles",
        "Bronze Medal: 2018 Asunci\u00f3n Singles Mixed doubles",
        "Competition: Latin American Championships",
        "Gold Medal: 2016 San Juan Team Mixed doubles",
        "Gold Medal: 2018 Havana Singles Mixed doubles",
        "Gold Medal: 2018 Havana Team Mixed doubles",
        "Bronze Medal: 2016 San Juan Singles Mixed doubles",
        "Bronze Medal: 2018 Havana Doubles Mixed doubles",
        "Bronze Medal: 2018 Havana Mixed doubles Mixed doubles"
    ]
}