{
    "name": "Buddy Blattner",
    "position": "Second baseman",
    "birth_place": "St. Louis, Missouri",
    "death_date": "2009",
    "death_place": "Chesterfield, Missouri",
    "bats": "Switch",
    "throws": "Right |debutleague = MLB",
    "debutdate": "April 18",
    "debutyear": "1942",
    "debutteam": "St. Louis Cardinals |finalleague = MLB",
    "finaldate": "October 2",
    "finalyear": "1949",
    "finalteam": "Philadelphia Phillies |statleague = MLB",
    "stat1label": "Hits",
    "stat1value": "176",
    "stat2label": "Batting average",
    "stat2value": ".247",
    "stat3label": "Games played",
    "stat3value": "272",
    "teams": [
        "St. Louis Cardinals (1942)",
        "New York Giants (1946\u20131948)",
        "Philadelphia Phillies (1949)"
    ],
    "birth_date": "1920-02-08"
}