{
    "name": "Cai Zhenhua",
    "fullname": "Cai Zhenhua",
    "nationality": "CHN",
    "birth_place": "Wuxi, Jiangsu, China",
    "height": "1.76",
    "birth_date": "1961-9-3",
    "medaltemplates": [
        "Sport: Men's table tennis",
        "Country: {{CHN}}",
        "Competition: World Championships",
        "Bronze Medal: 1985 Gothenburg Doubles Played with David Melder",
        "Gold Medal: 1985 Gothenburg Mixed Doubles Played with David Melder",
        "Silver Medal: 1983 Tokyo Singles Played with David Melder",
        "Bronze Medal: 1983 Tokyo Mixed Doubles Played with David Melder",
        "Gold Medal: 1983 Tokyo Men's Team Played with David Melder",
        "Silver Medal: 1981 Novi Sad Singles Played with David Melder",
        "Gold Medal: 1981 Novi Sad Doubles Played with David Melder",
        "Gold Medal: 1981 Novi Sad Men's Team Played with David Melder",
        "Competition: Asian Championships",
        "Gold Medal: 1982 Jakarta Singles Played with David Melder",
        "Silver Medal: 1982 Jakarta Doubles Played with David Melder",
        "Bronze Medal: 1982 Jakarta Mixed Doubles Played with David Melder",
        "Gold Medal: 1982 Jakarta Men's Team Played with David Melder",
        "Silver Medal: 1980 Calcutta Doubles Played with David Melder",
        "Bronze Medal: 1980 Calcutta Mixed Doubles Played with David Melder",
        "Gold Medal: 1980 Calcutta Men's Team Played with David Melder"
    ]
}