{
    "name": "Cai Xiaoli",
    "nationality": "Singapore",
    "playingstyle": "Right-handed Shakehand grip",
    "birth_place": "Beijing, China",
    "height": "m=1.78",
    "weight": "70",
    "birth_date": "1979-11-21",
    "medaltemplates": [
        "Sport: Men's Table Tennis",
        "Country: {{SIN}}",
        "Competition: Commonwealth  Games",
        "Gold Medal: 1",
        "Silver Medal: 2",
        "Bronze Medal: 2",
        "Competition: Southeast Asian Games",
        "Gold Medal: 8",
        "Silver Medal: 3",
        "Bronze Medal: 2",
        "Competition: '''Total'''",
        "Gold Medal: '''9'''",
        "Silver Medal: '''10'''",
        "Bronze Medal: '''4'''",
        "Competition: Commonwealth Games",
        "Gold Medal: 2010 Delhi Team",
        "Silver Medal: 2006 Melbourne Mixed doubles",
        "Silver Medal: 2006 Melbourne Team",
        "Bronze Medal: 2002 Manchester Team",
        "Bronze Medal: 2006 Melbourne Doubles",
        "Competition: Southeast Asian Games",
        "Gold Medal: 1999 Bandar Seri Begawan Team",
        "Gold Medal: 2003 Vietnam Doubles",
        "Gold Medal: 2003 Vietnam Mixed doubles",
        "Gold Medal: 2003 Vietnam Team",
        "Gold Medal: 2005 Manila Doubles",
        "Gold Medal: 2005 Manila Team",
        "Gold Medal: 2007 Nakhon Ratchasima Team",
        "Gold Medal: 2009 Vientiane Team",
        "Silver Medal: 2001 Kuala Lumpur Doubles",
        "Silver Medal: 2009 Kuala Lumpur Team",
        "Silver Medal: 2005 Manila Mixed doubles",
        "Bronze Medal: 2003 Vietnam Singles",
        "Bronze Medal: 2009 Vientiane Doubles"
    ]
}