{
    "name": "Can Akkuzu",
    "birth_place": "Haguenau, France",
    "playingstyle": "Right-handed shakehand",
    "hrank": "40 (25 July 2023)",
    "crank": "139 (2 April 2024)",
    "birth_date": "1997-05-23",
    "medaltemplates": [
        "Sport: Men's table tennis",
        "Country: {{FRA}}",
        "Competition: European Games",
        "Bronze Medal: 2023 Krak\u00f3w\u2013Ma\u0142opolska Team Mixed doubles",
        "Competition: European Championships",
        "Bronze Medal: 2023 Malm\u00f6 Team Mixed doubles"
    ]
}