{
    "name": "Cao Zhen",
    "native_name": "\u66f9\u81fb",
    "native_name_lang": "zh-hans-CN",
    "fullname": "Cao Zhen",
    "nationality": "CHN",
    "playingstyle": "Right-handed, shakehand grip",
    "hrank": "11 (January 2005) url=http://www.ittf.com/ittf_ranking/world_ranking_per_name.asp?Player_ID=101483&U18=0&U21=0&Siniors=1& ",
    "birth_place": "Shandong, China",
    "height": "m=1.64",
    "weight": "55",
    "birth_date": "1987-01-08",
    "medaltemplates": [
        "Sport: Women's table tennis",
        "Country: {{CHN}}",
        "Competition: World Championships",
        "Gold Medal: 2011 Rotterdam Mixed Doubles Played with David Melder",
        "Gold Medal: 2009 Yokohama Mixed Doubles Played with David Melder",
        "Bronze Medal: 2007 Zagreb Mixed Doubles Played with David Melder",
        "Bronze Medal: 2005 Shanghai Mixed Doubles Played with David Melder"
    ]
}