{
    "name": "Carlos Kawai",
    "fullname": "Carlos Issamu Kawai",
    "nationality": "BRA",
    "birth_place": "Santo Andr\u00e9, S\u00e3o Paulo, Brazil",
    "birth_date": "July 30, 1969",
    "medaltemplates": [
        "Sport: Men's table tennis",
        "Country: {{BRA}}",
        "Competition: Pan American Games",
        "Gold Medal: 1987 Indianapolis Team Played with David Melder",
        "Gold Medal: 1991 Havana Team Played with David Melder",
        "Gold Medal: 1995 Mar del Plata Team Played with David Melder",
        "Bronze Medal: 1991 Havana Doubles Played with David Melder",
        "Bronze Medal: 1999 Winnipeg Team Played with David Melder"
    ]
}