{
    "name": "Cazuo Matsumoto",
    "nationality": "BRA",
    "birth_place": "S\u00e3o Paulo, S\u00e3o Paulo",
    "hrank": "45 (1 April 2013)",
    "birth_date": "1985-8-2",
    "medaltemplates": [
        "Sport: Men's table tennis",
        "Country: {{BRA}}",
        "Competition: Latin American Championships",
        "Gold Medal: 2009 San Salvador Singles Mixed doubles",
        "Gold Medal: 2009 San Salvador Doubles Mixed doubles",
        "Gold Medal: 2009 San Salvador Mixed Doubles Mixed doubles",
        "Gold Medal: 2009 San Salvador Team Mixed doubles",
        "Gold Medal: 2010 Canc\u00fan Doubles Mixed doubles",
        "Gold Medal: 2010 Canc\u00fan Mixed Doubles Mixed doubles",
        "Gold Medal: 2010 Canc\u00fan Team Mixed doubles",
        "Gold Medal: 2011 Guadalajara Mixed Doubles Mixed doubles",
        "Gold Medal: 2011 Guadalajara Team Mixed doubles",
        "Gold Medal: 2012 Rio Team Mixed doubles",
        "Gold Medal: 2013 San Salvador Team Mixed doubles",
        "Gold Medal: 2014 Santo Domingo Team Mixed doubles",
        "Gold Medal: 2015 Buenos Aires Team Mixed doubles",
        "Competition: Latin American Table Tennis Cup",
        "Gold Medal: 2014 Asunci\u00f3n Singles Mixed doubles",
        "Silver Medal: 2015 Havana Singles Mixed doubles",
        "Bronze Medal: 2011 Rio Singles Mixed doubles",
        "Bronze Medal: 2012 San Jos\u00e9 Singles Mixed doubles",
        "Competition: South American Games",
        "Gold Medal: 2006 B.Aires Team Mixed doubles",
        "Gold Medal: 2014 Santiago Doubles Mixed doubles",
        "Silver Medal: 2006 B.Aires Doubles Mixed doubles",
        "Silver Medal: 2014 Santiago Singles Mixed doubles",
        "Silver Medal: 2014 Santiago Team Mixed doubles"
    ]
}