{
    "name": "Cecilia Offiong",
    "fullname": "Cecilia Otu Offiong",
    "nationality": "NGR",
    "birth_place": "Calabar, Cross River, Nigeria",
    "height": "m=1.58",
    "weight": "56",
    "playingstyle": "Right-handed, shakehand",
    "club": "Calabar Sports Club",
    "hrank": "333 (June 2009)",
    "crank": "452 (February 2013)",
    "birth_date": "1986-6-13",
    "medaltemplates": [
        "Sport: Women's table tennis",
        "Country: {{NGR}}",
        "Competition: All-Africa Games",
        "Gold Medal: 2007 Algiers Doubles Played with David Melder",
        "Gold Medal: 2007 Algiers Team Played with David Melder",
        "Gold Medal: 2011 Maputo Doubles Played with David Melder",
        "Silver Medal: 2011 Maputo Team Played with David Melder",
        "Bronze Medal: 2007 Algiers Singles Played with David Melder"
    ]
}