{
    "name": "Cedric Nuytinck",
    "nationality": "BEL",
    "playingstyle": "Left-handed, shakehand grip",
    "hrank": "38 (March 2018)",
    "crank": "87 (9 April 2024)",
    "club": "FC Sarrebruck",
    "birth_place": "Gand, Belgium",
    "height": "180 cm",
    "weight": "80 kg",
    "birth_date": "1993-12-6",
    "medaltemplates": [
        "Sport: Table tennis",
        "Country: {{BEL}}",
        "Competition: European Championships",
        "Silver Medal: 2020 Warsaw Doubles Mixed doubles"
    ]
}