{
    "name": "Cha Hyo-sim",
    "birth_place": "North Korea",
    "playingstyle": "Left-handed shakehand grip",
    "highest_rank": "44 (June 2019)",
    "current_rank": "68 (January 2020)",
    "height": "165 cm",
    "weight": "60 kg",
    "birth_date": "1994-7-15",
    "medaltemplates": [
        "Country: {{PRK}}",
        "Competition: World Championships",
        "Bronze Medal: 2016 Selangor Team Mixed doubles",
        "Bronze Medal: 2018 Halmstad Team Mixed doubles",
        "Competition: Asian Games",
        "Silver Medal: 2018 Jakarta Team Mixed doubles",
        "Competition: Universiade",
        "Silver Medal: 2017 Taipei Women's doubles Mixed doubles"
    ]
}