{
    "name": "Chan Tan Lui",
    "fullname": "Chan Tan Lui",
    "nationality": "CHN HKG",
    "birth_date": "1969-4-12",
    "medaltemplates": [
        "Sport: Women's table tennis",
        "Country: {{HKG}}",
        "Competition: World Championships",
        "Bronze Medal: 1989 Dortmund Team Played with David Melder",
        "Bronze Medal: 1991 Chiba City Singles Played with David Melder",
        "Bronze Medal: 1993 Gothenburg Doubles Played with David Melder",
        "Bronze Medal: 1995 Tianjin Team Played with David Melder",
        "Competition: Asian Championships",
        "Gold Medal: 1992 New Delhi Team Played with David Melder",
        "Silver Medal: 1994 Tianjin Team Played with David Melder",
        "Silver Medal: 1996 Tianjin Team Played with David Melder"
    ]
}