{
    "name": "Charlotte Lutz",
    "birth_place": "Hochfelden, France",
    "playingstyle": "Right-handed shakehand",
    "hrank": "82 (27 February 2024)",
    "crank": "86 (2 April 2024)",
    "birth_date": "2005-5-17",
    "medaltemplates": [
        "Sport: Women's table tennis",
        "Country: {{FRA}}",
        "Competition: World Championships",
        "Bronze Medal: 2024 Busan Team Mixed doubles",
        "Competition: European Championships",
        "Bronze Medal: 2023 Malm\u00f6 Team Mixed doubles"
    ]
}