{
    "name": "Charlie Bull",
    "country": "England",
    "fullname": "Charles Harry Bull",
    "birth_place": "Lewisham, London, England",
    "death_date": "1939",
    "death_place": "Margaretting, Essex, England",
    "batting": "Right-handed",
    "club1": "Kent",
    "year1": "1929\u20131930",
    "club2": "Worcestershire",
    "year2": "1931\u20131939",
    "columns": "1",
    "column1": "First-class",
    "matches1": "175",
    "runs1": "6,801",
    "bat avg1": "23.61",
    "100s/50s1": "5/30",
    "top score1": "161",
    "deliveries1": "108",
    "wickets1": "0",
    "bowl avg1": "\u2013",
    "fivefor1": "\u2013",
    "tenfor1": "\u2013",
    "best bowling1": "\u2013",
    "catches/stumpings1": "63/\u2013",
    "date": "5 August",
    "year": "2008",
    "source": "http://www.espncricinfo.com/ci/content/player/10131.html CricInfo ",
    "birth_date": "1909-3-29"
}