{
    "name": "Che Xiaoxi",
    "birth_place": "Daqing,   Heilongjiang, China",
    "playingstyle": "Right-handed shakehand grip",
    "highest_rank": "44 (August 2015)",
    "birth_date": "1993-3-3",
    "medaltemplates": [
        "Country: {{CHN}}",
        "Competition: Universiade",
        "Gold Medal: 2013 Kazan Women's singles Mixed doubles",
        "Gold Medal: 2015 Gwangju Women's singles Mixed doubles",
        "Gold Medal: 2015 Gwangju Women's doubles Mixed doubles",
        "Gold Medal: 2015 Gwangju Women's team Mixed doubles"
    ]
}