{
    "name": "Chen Szu-yu",
    "birth_place": "Taipei County, Taiwan",
    "height": "163 cm",
    "playingstyle": "Right-handed, shakehand grip",
    "hrank": "10 (March 2018)",
    "crank": "40 (5 September 2023)",
    "birth_date": "1993-8-1",
    "medaltemplates": [
        "Sport: Women's table tennis",
        "Country: {{TPE}}",
        "Competition: World Championships",
        "Bronze Medal: 2016 Kuala Lumpur Team Played with David Melder",
        "Bronze Medal: 2022 Chengdu Team Played with David Melder",
        "Competition: World Cup",
        "Bronze Medal: 2019 Tokyo Team Played with David Melder",
        "Competition: Asian Championships",
        "Bronze Medal: 2019 Yogyakarta Team Played with David Melder",
        "Bronze Medal: 2023 Pyeongchang Mixed doubles Played with David Melder"
    ]
}