{
    "name": "Chen Chien-an",
    "playingstyle": "Left-handed shakehand grip",
    "hrank": "17 (November 2014) url=https://ranking.ittf.com/#/rankings/progress/101648/SEN/M;SINGLES",
    "crank": "78 (11 January 2022)",
    "club": "Ryukyu Asteeda",
    "birth_place": "Hsinchu County, Taiwan",
    "height": "1.70 m ",
    "weight": "72 kg",
    "birth_date": "1991-06-16",
    "medaltemplates": [
        "Competition: World Championships",
        "Gold Medal: 2013 Paris Doubles Played with David Melder",
        "Silver Medal: 2017 D\u00fcsseldorf Mixed doubles Played with David Melder",
        "Bronze Medal: 2014 Tokyo Team Played with David Melder",
        "Competition: Asian Games",
        "Bronze Medal: 2014 Incheon Team Played with David Melder",
        "Bronze Medal: 2018 Jakarta Team Played with David Melder",
        "Competition: Asian Championships",
        "Bronze Medal: 2013 Busan Team Played with David Melder",
        "Bronze Medal: 2012 Macau Team Played with David Melder"
    ]
}