{
    "name": "Cheng Jingqi",
    "native_name_lang": "zh-hans-CN",
    "nationality": "Chinese",
    "crank": "180 (January 2016)",
    "hrank": "180 (January 2016)",
    "medaltemplates": [
        "Sport: Men's table tennis",
        "Country: {{CHN}}",
        "Competition: World Junior Championships",
        "Bronze Medal: 2008 Madrid Mixed Doubles Mixed doubles",
        "Gold Medal: 2008 Madrid Team Mixed doubles",
        "Competition: Asian Youth Games",
        "Silver Medal: 2009 Singapore Singles Mixed doubles",
        "Silver Medal: 2009 Singapore Mixed Doubles Mixed doubles",
        "Gold Medal: 2009 Singapore Mixed Team Mixed doubles"
    ]
}