{
    "name": "Chen Qi",
    "fullname": "Chen Qi",
    "nationality": "Chinese",
    "playingstyle": "Left-handed, All round player",
    "birth_place": "Nantong, Jiangsu, China",
    "height": "5 ft 8+1/2 in",
    "birth_date": "1984-04-15",
    "medaltemplates": [
        "Sport: Men's Table tennis",
        "Country: {{CHN}}",
        "Competition: Olympic Games",
        "Gold Medal: 2004 Athens Doubles",
        "Competition: World Championships",
        "Gold Medal: 2006 Bremen Team",
        "Gold Medal: 2007 Zagreb Doubles",
        "Gold Medal: 2008 Guangzhou Team",
        "Gold Medal: 2009 Yokohama Doubles",
        "Silver Medal: 2011 Rotterdam Doubles",
        "Bronze Medal: 2005 Shanghai Doubles"
    ]
}