{
    "name": "Chen Weixing",
    "fullname": "Chen Weixing",
    "nationality": "AUT",
    "playingstyle": "Attacking Chopper",
    "birth_place": "Inner Mongolia, China",
    "birth_date": "1972-04-27",
    "medaltemplates": [
        "Sport: Men's table tennis",
        "Country: {{AUT}}",
        "Competition: World Cup",
        "Bronze Medal: 2007 Magdeburg Team",
        "Bronze Medal: 2010 Dubai Team",
        "Competition: European Championships",
        "Gold Medal: 2015 Yekaterinburg Team",
        "Gold Medal: 2003 Courmayeur Doubles",
        "Silver Medal: 2003 Courmayeur Mixed Doubles",
        "Silver Medal: 2005 Aarhus Mixed Doubles",
        "Silver Medal: 2005 Aarhus Team",
        "Bronze Medal: 2002 Zagreb Mixed Doubles"
    ]
}