{
    "name": "Cheng I-ching",
    "nationality": "Taiwanese",
    "birth_place": "Tainan, Taiwan",
    "playingstyle": "Right-handed shakehand grip",
    "highest_rank": "5 (February 2017)",
    "current_rank": "18 (6 March 2023)",
    "height": "1.62 m",
    "birth_date": "1992-2-15",
    "medaltemplates": [
        "Sport: Women's table tennis",
        "Country: {{TPE}}",
        "Bronze Medal: 2020 Tokyo Mixed doubles Mixed doubles",
        "Competition: World Championships",
        "Silver Medal: 2017 D\u00fcsseldorf Mixed doubles Mixed doubles",
        "Bronze Medal: 2016 Kuala Lumpur Team Mixed doubles",
        "Bronze Medal: 2021 Houston Mixed doubles Mixed doubles",
        "Bronze Medal: 2022 Chengdu Team Mixed doubles",
        "Competition: World Cup",
        "Silver Medal: 2016 Philadelphia Singles Mixed doubles",
        "Bronze Medal: 2017 Markham Singles Mixed doubles",
        "Bronze Medal: 2018 Chhengdu Singles Mixed doubles",
        "Bronze Medal: 2019 Tokyo Team Mixed doubles"
    ]
}