{
    "name": "Chen Xinhua",
    "fullname": "CHEN Xinhua",
    "nationality": "CHN GBR2",
    "birth_date": "1960-01-30",
    "medaltemplates": [
        "Sport: Men's table tennis",
        "Country: {{CHN}}",
        "Competition: World Championships",
        "Gold Medal: 1985 Gothenburg Men's Team Played with David Melder",
        "Gold Medal: 1987 New Delhi Men's Team Played with David Melder",
        "Silver Medal: 1981 Novi Sad Mixed Doubles Played with David Melder",
        "Silver Medal: 1983 Tokyo Mixed Doubles Played with David Melder",
        "Bronze Medal: 1985 Gothenburg Mixed Doubles Played with David Melder",
        "Bronze Medal: 1987 New Delhi Singles Played with David Melder",
        "Competition: World Cup",
        "Gold Medal: 1985 Foshan Singles Played with David Melder",
        "Competition: Asian Championships",
        "Gold Medal: 1978 Kuala Lumpur Men's Team Played with David Melder",
        "Bronze Medal: 1978 Kuala Lumpur Singles Played with David Melder",
        "Country: {{ENG}}",
        "Competition: World Cup",
        "Bronze Medal: 1990 Chiba City Men's Team Played with David Melder",
        "Competition: European Championships",
        "Silver Medal: 1992 Stuttgart Men's Team Played with David Melder"
    ]
}