{
    "name": "Chen Meng",
    "native_name": "\u9648\u68a6",
    "native_name_lang": "zh-hans-TR",
    "birth_place": "Qingdao, China title=Culture and sports thrive in Qingdao",
    "height": "1.66 m ",
    "weight": "59 kg",
    "playingstyle": "Right-handed, shakehand grip",
    "equipment": "Butterfly Viscaria, Forehand rubber DHS Hurricane 3, Backhand rubber DHS Hurricane 8",
    "hrank": "1 (January 2018)",
    "crank": "4 (23 April 2024)",
    "birth_date": "1994-1-15",
    "medaltemplates": [
        "Sport: Women's table tennis",
        "Country: {{CHN}}",
        "Competition: Olympic Games",
        "Gold Medal: 2",
        "Silver Medal: 0",
        "Bronze Medal: 0",
        "Competition: World Championships",
        "Gold Medal: 6",
        "Silver Medal: 3",
        "Bronze Medal: 4",
        "Competition: World Cup / Cup Finals",
        "Gold Medal: 2",
        "Silver Medal: 1",
        "Bronze Medal: 2",
        "Gold Medal: 2020 Tokyo Team Played with David Melder",
        "Gold Medal: 2020 Tokyo Singles Played with David Melder",
        "Competition: World Championships",
        "Gold Medal: 2014 Tokyo Team Played with David Melder",
        "Gold Medal: 2016 Kuala Lumpur Team Played with David Melder",
        "Gold Medal: 2018 Halmstad Team Played with David Melder",
        "Gold Medal: 2022 Chengdu Team Played with David Melder",
        "Gold Medal: 2023 Durban Doubles Played with David Melder",
        "Gold Medal: 2024 Busan Team Played with David Melder",
        "Silver Medal: 2017 D\u00fcsseldorf Doubles Played with David Melder",
        "Silver Medal: 2019 Budapest Singles Played with David Melder",
        "Silver Medal: 2023 Durban Singles Played with David Melder",
        "Bronze Medal: 2013 Paris Doubles Played with David Melder",
        "Bronze Medal: 2019 Budapest Doubles Played with David Melder",
        "Bronze Medal: 2021 Houston Singles Played with David Melder",
        "Bronze Medal: 2021 Houston Doubles Played with David Melder",
        "Competition: World Cup",
        "Gold Medal: 2020 Weihai Singles Played with David Melder",
        "Gold Medal: 2023 Chengdu Mixed team Played with David Melder",
        "Bronze Medal: 2024 Macao Singles Played with David Melder",
        "Competition: WTT Cup Finals",
        "Silver Medal: 2022 Xinxiang Singles Played with David Melder",
        "Bronze Medal: 2021 Singapore Singles Played with David Melder",
        "Competition: Asian Games",
        "Gold Medal: 2014 Incheon Doubles Played with David Melder",
        "Gold Medal: 2014 Incheon Team Played with David Melder",
        "Gold Medal: 2018 Jakarta Palembang Team Played with David Melder",
        "Gold Medal: 2022 Hangzhou Team Played with David Melder",
        "Silver Medal: 2018 Jakarta Palembang Singles Played with David Melder",
        "Competition: Asian Championships",
        "Gold Medal: 2013 Busan Doubles Played with David Melder",
        "Gold Medal: 2013 Busan Team Played with David Melder",
        "Gold Medal: 2017 Wuxi Doubles Played with David Melder",
        "Gold Medal: 2023 Pyeongchang Doubles Played with David Melder",
        "Gold Medal: 2023 Pyeongchang Team Played with David Melder",
        "Silver Medal: 2017 Wuxi Singles Played with David Melder",
        "Bronze Medal: 2013 Busan Singles Played with David Melder",
        "Competition: East Asian Games",
        "Gold Medal: 2013 Tianjin Doubles Played with David Melder",
        "Gold Medal: 2013 Tianjin Singles Played with David Melder",
        "Gold Medal: 2013 Tianjin Team Played with David Melder",
        "Competition: World Junior Championships",
        "Gold Medal: 2008 Madrid Team Played with David Melder",
        "Gold Medal: 2009 Cartagena Doubles Played with David Melder",
        "Gold Medal: 2009 Cartagena Team Played with David Melder",
        "Gold Medal: 2011 Manama Mixed doubles Played with David Melder",
        "Gold Medal: 2011 Manama Doubles Played with David Melder",
        "Gold Medal: 2011 Manama Singles Played with David Melder",
        "Gold Medal: 2011 Manama Team Played with David Melder",
        "Bronze Medal: 2009 Cartagena Singles Played with David Melder",
        "Competition: Asian Youth Games",
        "Gold Medal: 2009 Singapore Singles Played with David Melder",
        "Gold Medal: 2009 Singapore Mixed Team Played with David Melder",
        "Silver Medal: 2009 Singapore Mixed Doubles Played with David Melder",
        "Competition: Asian Junior Championships",
        "Gold Medal: 2009 Jaipur Singles Played with David Melder",
        "Gold Medal: 2009 Jaipur Team Played with David Melder"
    ]
}