{
    "name": "Cheng Hsien-tzu",
    "birth_place": "Taipei County, Taiwan url=https://tsl.watch/index.php/site/Athlete_View?athleteId=177",
    "playingstyle": "Right-handed shakehand grip",
    "highest_rank": "43 (April 2018)",
    "current_rank": "128 (4 October 2022)",
    "birth_date": "1993-4-18",
    "medaltemplates": [
        "Sport: Women's table tennis",
        "Country: {{TPE}}",
        "Competition: World Championships",
        "Bronze Medal: 2016 Selangor Team Mixed doubles",
        "Competition: World Cup",
        "Bronze Medal: 2019 Tokyo Team Mixed doubles",
        "Competition: Asian Championships",
        "Bronze Medal: 2019 Yogyakarta Team Mixed doubles",
        "Bronze Medal: 2021 Doha Doubles Mixed doubles",
        "Competition: Universiade",
        "Silver Medal: 2015 Gwangju Team Mixed doubles",
        "Bronze Medal: 2017 Taipei Team Mixed doubles"
    ]
}