{
    "name": "Chen Feng",
    "nationality": "Singapore",
    "birth_place": "Hebei, China",
    "height": "1.75 ",
    "weight": "75 title=Athlete's Profile ",
    "playingstyle": "Right-handed Shakehand grip",
    "birth_date": "24 March 1994",
    "medaltemplates": [
        "Sport: Men's Table Tennis",
        "Country: {{SIN}}",
        "Competition: Southeast Asian Games",
        "Gold Medal: 2013 Naypyidaw Team Mixed doubles",
        "Gold Medal: 2015 Singapore Team Mixed doubles",
        "Bronze Medal: 2015 Singapore Doubles Mixed doubles"
    ]
}