{
    "name": "Chen Pao-pei",
    "fullname": "Chen Pao-pei",
    "nationality": "Republic of China",
    "death_date": "1975",
    "medaltemplates": [
        "Sport: Women's table tennis",
        "Country: Taiwan",
        "Competition: Asian Championships",
        "Gold Medal: 1957 Manila Doubles Played with David Melder",
        "Gold Medal: 1957 Manila Women's Team Played with David Melder",
        "Gold Medal: 1953 Tokyo Singles Played with David Melder",
        "Silver Medal: 1953 Tokyo Women's Team Played with David Melder"
    ]
}