{
    "name": "Cheung Yuk",
    "nationality": "CHN",
    "residence": "Hong Kong, Hong Kong",
    "birth_place": "Jiangsu, China",
    "height": "m=1.55",
    "weight": "83",
    "playingstyle": "Left-handed, shakehand",
    "equipment": "Butterfly Bracy",
    "hrank": "12 (July 2008)",
    "crank": "80 (February 2013)",
    "birth_date": "1981-10-28",
    "medaltemplates": [
        "Sport: Men's table tennis",
        "Country: {{HKG}}",
        "Competition: World Championships",
        "Bronze Medal: 2006 Bremen Team Played with David Melder",
        "Bronze Medal: 2008 Guangzhou Team Played with David Melder",
        "Bronze Medal: 2011 Rotterdam Mixed doubles Played with David Melder",
        "Bronze Medal: 2013 Paris Mixed doubles Played with David Melder",
        "Competition: Asian Games",
        "Gold Medal: 2002 Busan Mixed doubles Played with David Melder",
        "Silver Medal: 2010 Guangzhou Mixed doubles Played with David Melder",
        "Bronze Medal: 2002 Busan Team Played with David Melder",
        "Bronze Medal: 2006 Doha Team Played with David Melder"
    ]
}