{
    "name": "Chiang Peng-lung",
    "fullname": "Chiang Peng-Lung",
    "nationality": "Republic of China",
    "playingstyle": "Right-handed, penhold grip",
    "hrank": "3 (December 2000)   url=http://www.ittf.com/ittf_ranking/world_ranking_per_name.asp?Player_ID=101712&U18=0&U21=0&Siniors=1& ",
    "birth_place": "Penghu, Taiwan",
    "height": "m=1.84",
    "weight": "85",
    "birth_date": "1976-07-24",
    "medaltemplates": [
        "Sport: Men's table tennis",
        "Country: {{TPE}}",
        "Competition: World Championships",
        "Bronze Medal: 1997 Manchester Mixed Doubles",
        "Bronze Medal: 2001 Osaka Singles",
        "Bronze Medal: 2001 Osaka Doubles",
        "Bronze Medal: 2007 Zagreb Doubles"
    ]
}