{
    "name": "Choi Hyo-joo",
    "nationality": "Chinese (before 2013), South Korean (after 2013)",
    "birth_name": "Yao Yao",
    "birth_place": "Jiangsu, China",
    "website": "International Table Tennis Federation |accessdate= 2019-10-26",
    "playingstyle": "Left-handed shakehand grip  cite web",
    "hrank": "36 (February 2016)",
    "crank": "69 (20 February 2024)",
    "height": "155 cm ",
    "weight": "50 kg",
    "birth_date": "1998-4-15",
    "medaltemplates": [
        "Sport: Women's table tennis",
        "Country: {{KOR}}",
        "Competition: World Cup",
        "Bronze Medal: 2019 Tokyo Team Mixed doubles",
        "Competition: Asian Games",
        "Bronze Medal: 2018 Jakarta Team Mixed doubles",
        "Competition: Asian Championships",
        "Silver Medal: 2021 Doha Team Mixed doubles"
    ]
}