{
    "name": "Christian S\u00fc\u00df",
    "fullname": "SUSS Christian",
    "nickname": "Krille, Kiki",
    "nationality": "GER",
    "residence": "D\u00fcsseldorf, Germany",
    "playingstyle": "Shakehand grip",
    "hrank": "17 (in November 2010)",
    "club": "Borussia D\u00fcsseldorf",
    "birth_place": "Ahlen, West Germany",
    "height": "1.86",
    "weight": "80",
    "birth_date": "1985-7-28",
    "medaltemplates": [
        "Sport: Men's table tennis",
        "Country: {{GER}}",
        "Competition: Olympic Games",
        "Silver Medal: 2008 Beijing Team",
        "Competition: World Championships",
        "Silver Medal: 2004 Doha Team",
        "Silver Medal: 2005 Shanghai Doubles",
        "Silver Medal: 2010 Moscow Team",
        "Silver Medal: 2012 Dortmund Team",
        "Bronze Medal: 2006 Bremen Team",
        "Competition: World Cup",
        "Bronze Medal: 2009 Linz Team",
        "Competition: European Championships",
        "Gold Medal: 2007 Belgrade Doubles",
        "Gold Medal: 2007 Belgrade Team",
        "Gold Medal: 2008 Saint-Petersburg Doubles",
        "Gold Medal: 2008 Saint-Petersburg Team",
        "Gold Medal: 2009 Stuttgart Doubles",
        "Gold Medal: 2009 Stuttgart Team",
        "Gold Medal: 2010 Ostrava Doubles",
        "Gold Medal: 2010 Ostrava Team",
        "Bronze Medal: 2005 Aarhus Doubles",
        "Bronze Medal: 2010 Ostrava Singles"
    ]
}