{
    "name": "Christophe Lego\u00fbt",
    "nickname": "''Superman''",
    "nationality": "FRA",
    "birth_place": "Montb\u00e9liard, Doubs, France",
    "height": "m=1.77",
    "playingstyle": "Left-handed, classic",
    "equipment": "Butterfly Legout",
    "hrank": "15 (February 2001) title=ITTF World Ranking \u2013 Christophe Lego\u00fbt",
    "birth_date": "1973-8-6",
    "medaltemplates": [
        "Sport: Men's table tennis",
        "Country: {{FRA}}",
        "Competition: World Championships",
        "Silver Medal: 1997 Manchester Team Played with David Melder",
        "Competition: ITTF Pro Tour",
        "Gold Medal: 1996 Bolzano Doubles Played with David Melder",
        "Gold Medal: 1997 Lyon Singles Played with David Melder",
        "Gold Medal: 1997 Kettering Doubles Played with David Melder",
        "Silver Medal: 1998 Houston Singles Played with David Melder",
        "Silver Medal: 1998 Belgrade Doubles Played with David Melder",
        "Silver Medal: 1999 Bremen Doubles Played with David Melder",
        "Silver Medal: 2001 Chatham Singles Played with David Melder",
        "Silver Medal: 2006 Taipei Singles Played with David Melder",
        "Silver Medal: 2009 Warsaw Doubles Played with David Melder",
        "Silver Medal: 2013 Almeria Singles Played with David Melder"
    ]
}