{
    "name": "Chuang Chih-yuan",
    "birth_place": "Kaohsiung, Taiwan",
    "height": "1.69 m ",
    "weight": "60 kg",
    "playingstyle": "Right-handed shakehand grip",
    "hrank": "3 (December 2003) url=http://www.ittf.com/ittf_ranking/world_ranking_per_name.asp?Siniors=1&Player_ID=101820 ",
    "crank": "35 (20 February 2024)",
    "birth_date": "1981-4-2",
    "medaltemplates": [
        "Sport: Men's table tennis",
        "Country: {{TPE}}",
        "Competition: World Championships",
        "Gold Medal: 2013 Paris Doubles",
        "Bronze Medal: 2014 Tokyo Team",
        "Bronze Medal: 2024 Busan Team",
        "Competition: World Cup",
        "Silver Medal: 2013 Guangzhou Team",
        "Competition: Asian Games",
        "Silver Medal: 2002 Busan Singles",
        "Bronze Medal: 1998 Bangkok Team",
        "Bronze Medal: 2002 Busan Team",
        "Bronze Medal: 2006 Doha Doubles",
        "Bronze Medal: 2006 Doha Team",
        "Bronze Medal: 2014 Incheon Singles",
        "Bronze Medal: 2014 Incheon Team",
        "Bronze Medal: 2018 Jakarta Team",
        "Bronze Medal: 2022 Hangzhou Doubles",
        "Bronze Medal: 2022 Hangzhou Team",
        "Competition: Asian Championships",
        "Silver Medal: 2000 Doha Team",
        "Silver Medal: 2003 Bangkok Team",
        "Silver Medal: 2021 Doha Singles",
        "Silver Medal: 2021 Doha Team",
        "Silver Medal: 2023 Pyeongchang Team",
        "Bronze Medal: 2007 Yangzhou Doubles",
        "Bronze Medal: 2007 Yangzhou Team",
        "Bronze Medal: 2013 Busan Team",
        "Bronze Medal: 2015 Pattaya Singles",
        "Bronze Medal: 2015 Pattaya Team",
        "Competition: Asian Cup",
        "Bronze Medal: 2013 Hong Kong Singles",
        "Bronze Medal: 2022 Bangkok Singles"
    ]
}