{
    "full_name": "Cl\u00e1udio Mitsuhiro Kano",
    "nationality": "BRA",
    "birth_place": "S\u00e3o Paulo, Brazil",
    "death_date": "df=yes",
    "death_place": "S\u00e3o Paulo, Brazil",
    "birth_date": "1965-12-18",
    "medaltemplates": [
        "Sport: Men's table tennis",
        "Country: {{BRA}}",
        "Competition: Pan American Games",
        "Gold Medal: 1983 Caracas Doubles Played with David Melder",
        "Gold Medal: 1983 Caracas Team Played with David Melder",
        "Gold Medal: 1987 Indianapolis Team Played with David Melder",
        "Gold Medal: 1991 Havana Doubles Played with David Melder",
        "Gold Medal: 1991 Havana Team Played with David Melder",
        "Gold Medal: 1995 Mar del Plata Doubles Played with David Melder",
        "Gold Medal: 1995 Mar del Plata Team Played with David Melder",
        "Silver Medal: 1987 Indianapolis Doubles Played with David Melder",
        "Silver Medal: 1991 Havana Singles Played with David Melder",
        "Silver Medal: 1995 Mar del Plata Singles Played with David Melder",
        "Bronze Medal: 1983 Caracas Mixed doubles Played with David Melder",
        "Bronze Medal: 1987 Indianapolis Singles Played with David Melder",
        "Competition: Latin American Championships",
        "Gold Medal: 1989 Las Tunas Singles Played with David Melder",
        "Gold Medal: 1990 Sancti Spiritus Singles Played with David Melder",
        "Gold Medal: 1990 Sancti Spiritus Team Played with David Melder",
        "Gold Medal: 1991 Camag\u00fbey Singles Played with David Melder",
        "Gold Medal: 1994 Sancti Spiritus Doubles Played with David Melder",
        "Gold Medal: 1994 Sancti Spiritus Team Played with David Melder"
    ]
}