{
    "name": "Clarence Chew Zhe Yu",
    "native_name": "\u5468\u54f2\u5b87",
    "native_name_lang": "zh-hans-CN",
    "playingstyle": "Left-handed, attacker",
    "hrank": "123 (May 2022) url=https://worldtabletennis.com/rankings",
    "crank": "123 (May 2022)",
    "birth_place": "Singapore",
    "height": "m=1.75 ",
    "weight": "60",
    "birth_date": "1995-12-27",
    "medaltemplates": [
        "Sport: Men's Table Tennis",
        "Country: {{SGP}}",
        "Competition: Commonwealth Games",
        "Gold Medal: 1",
        "Silver Medal: 1",
        "Bronze Medal: 2",
        "Competition: Southeast Asian Games",
        "Gold Medal: 4",
        "Silver Medal: 6",
        "Bronze Medal: 6",
        "Competition: South East Asian Championships",
        "Gold Medal: 11",
        "Silver Medal: 1",
        "Bronze Medal: 2",
        "Competition: Commonwealth Games",
        "Gold Medal: 2014 Glasgow Team Mixed doubles",
        "Silver Medal: 2022 Birmingham Team Mixed doubles",
        "Bronze Medal: 2022 Birmingham Doubles Mixed doubles",
        "Bronze Medal: 2022 Birmingham Mixed doubles Mixed doubles",
        "Competition: Southeast Asian Games",
        "Gold Medal: 2013 Naypyidaw Team Mixed doubles",
        "Gold Medal: 2015 Singapore Team Mixed doubles",
        "Gold Medal: 2023 Cambodia Team Mixed doubles",
        "Gold Medal: 2021 Vietnam Doubles Mixed doubles",
        "Silver Medal: 2017 Kuala Lumpur Singles Mixed doubles",
        "Silver Medal: 2017 Kuala Lumpur Doubles Mixed doubles",
        "Silver Medal: 2017 Kuala Lumpur Team Mixed doubles",
        "Silver Medal: 2019 Philippines Singles Mixed doubles",
        "Silver Medal: 2021 Vietnam Mixed doubles Mixed doubles",
        "Silver Medal: 2023 Cambodia Mixed doubles Mixed doubles",
        "Bronze Medal: 2013 Naypyidaw Singles Mixed doubles",
        "Bronze Medal: 2015 Singapore Singles Mixed doubles",
        "Bronze Medal: 2015 Singapore Doubles Mixed doubles",
        "Bronze Medal: 2017 Kuala Lumpur Mixed doubles Mixed doubles",
        "Bronze Medal: 2021 Vietnam Singles Mixed doubles",
        "Bronze Medal: 2021 Vietnam Team Mixed doubles",
        "Competition: South East Asian Championships",
        "Gold Medal: 2012 Vientiane Doubles Mixed doubles",
        "Gold Medal: 2012 Vientiane Team Mixed doubles",
        "Gold Medal: 2014 Phnom Penh Doubles Mixed doubles",
        "Gold Medal: 2014 Phnom Penh Mixed doubles Mixed doubles",
        "Gold Medal: 2016 Makassar Doubles Mixed doubles",
        "Gold Medal: 2016 Makassar Mixed doubles Mixed doubles",
        "Gold Medal: 2018 Bali Singles Mixed doubles",
        "Gold Medal: 2018 Bali Team Mixed doubles",
        "Gold Medal: 2022 Bangkok Singles Mixed doubles",
        "Gold Medal: 2022 Bangkok Doubles Mixed doubles",
        "Gold Medal: 2022 Bangkok Mixed doubles Mixed doubles",
        "Silver Medal: 2014 Phnom Penh Team Mixed doubles",
        "Bronze Medal: 2016 Makassar Team Mixed doubles",
        "Bronze Medal: 2022 Bangkok Team Mixed doubles"
    ]
}