{
    "name": "Cornelia Molnar",
    "fullname": "Cornelia Molnar-Vaida",
    "nationality": "HRV ROU",
    "birth_place": "T\u00e2rgu Mure\u0219, Romania",
    "birth_date": "26 November 1983",
    "medaltemplates": [
        "Sport: Women's table tennis",
        "Country: {{HRV}}",
        "Competition: European Championships",
        "Silver Medal: 2003 Courmayeur Team Played with David Melder",
        "Silver Medal: 2005 Aarhus Team Played with David Melder",
        "Competition: Mediterranean Games",
        "Bronze Medal: 2001 Tunis Doubles Played with David Melder"
    ]
}