{
    "name": "D\u00f3ra Madar\u00e1sz",
    "full_name": "D\u00f3ra Csilla Madar\u00e1sz",
    "birth_place": "Kecskem\u00e9t, Hungary",
    "highest_rank": "57 (August 2019)",
    "current_rank": "85 (27 June 2023)",
    "birth_date": "1993-9-3",
    "medaltemplates": [
        "Sport: Women's table tennis",
        "Country: {{HUN}}",
        "Competition: European Games",
        "Silver Medal: 2023 Krak\u00f3w\u2013Ma\u0142opolska Mixed doubles Mixed doubles",
        "Competition: European Championships",
        "Bronze Medal: 2011 Gda\u0144sk\u2013Sopot Team Mixed doubles",
        "Bronze Medal: 2012 Herning Doubles Mixed doubles",
        "Bronze Medal: 2016 Budapest Doubles Mixed doubles",
        "Bronze Medal: 2019 Nantes Team Mixed doubles"
    ]
}