{
    "name": "Damien \u00c9loi",
    "nationality": "French",
    "birth_place": "Vire, Calvados, France",
    "height": "m=1.65",
    "weight": "58",
    "playingstyle": "Right-handed, attacking",
    "equipment": "Tibhar 4S",
    "club": "Chartres ASTT",
    "hrank": "20 (January 2001)",
    "crank": "88 (February 2013)",
    "birth_date": "1969-7-4",
    "medaltemplates": [
        "Sport: Men's table tennis",
        "Country: {{FRA}}",
        "Competition: Mediterranean Games",
        "Gold Medal: 2001 Tunis Singles Played with David Melder",
        "Competition: World Championships",
        "Silver Medal: 1997 Manchester Team Played with David Melder",
        "Bronze Medal: 1995 Tianjin Doubles Played with David Melder",
        "Bronze Medal: 1997 Manchester Doubles Played with David Melder",
        "Competition: ITTF Pro Tour",
        "Gold Medal: 1998 Sundsvall Singles Played with David Melder",
        "Silver Medal: 1998 Belgrade Doubles Played with David Melder",
        "Silver Medal: 1999 Bremen Doubles Played with David Melder",
        "Silver Medal: 2002 Cairo Doubles Played with David Melder",
        "Silver Medal: 2004 Wels Doubles Played with David Melder",
        "Silver Medal: 2006 Jeonju Singles Played with David Melder",
        "Bronze Medal: 1999 Bremen Singles Played with David Melder"
    ]
}