{
    "name": "Dang Qiu",
    "nationality": "German",
    "birth_place": "N\u00fcrtingen, Germany",
    "playingstyle": "Righthanded penholder",
    "highest_rank": "8 (4 April 2023)",
    "current_rank": "10 (12 March 2024)",
    "club": "Borussia D\u00fcsseldorf (Bundesliga)",
    "height": "180 cm ",
    "weight": "72 kg",
    "birth_date": "1996-10-29",
    "medaltemplates": [
        "Sport: Men's table tennis",
        "Country: {{GER}}",
        "Competition: World Championships",
        "Silver Medal: 2022 Chengdu Team Mixed doubles",
        "Competition: European Games",
        "Gold Medal: 2023 Krak\u00f3w\u2013Ma\u0142opolska {{nowrap Mixed doubles",
        "Gold Medal: 2023 Krak\u00f3w\u2013Ma\u0142opolska Team Mixed doubles",
        "Competition: European Championships",
        "Gold Medal: 2020 Warsaw Mixed doubles Mixed doubles",
        "Gold Medal: 2021 Cluj-Napoca Team Mixed doubles",
        "Gold Medal: 2022 Munich Singles Mixed doubles",
        "Competition: Europe Top-16",
        "Silver Medal: 2023 Montreux Singles Mixed doubles"
    ]
}