{
    "name": "Dang Ye-Seo",
    "nationality": "KOR",
    "playingstyle": "Right-handed, shakehand grip",
    "hrank": "16 (July 2009) url=http://www.ittf.com/ittf_ranking/world_ranking_per_name.asp?Player_ID=113304&U18=0&U21=0&Siniors=1& ",
    "birth_place": "Changchun, Jilin, China",
    "height": "1.58",
    "weight": "54",
    "birth_date": "1981-04-27",
    "medaltemplates": [
        "Sport: Women's table tennis",
        "Country: {{KOR}}",
        "Competition: Olympic Games",
        "Bronze Medal: 2008 Beijing Team",
        "Competition: World Championships",
        "Bronze Medal: 2012 Dortmund Team",
        "Competition: Asian Championships",
        "Bronze Medal: 2009 Lucknow Doubles",
        "Bronze Medal: 2009 Lucknow Team",
        "Bronze Medal: 2012 Macau Team"
    ]
}