{
    "name": "Daniela Dodean",
    "nickname": "''Dana'', ''Arad Tiger''",
    "nationality": "ROM",
    "birth_place": "Arad, Romania",
    "equipment": "Butterfly",
    "hrank": "19 (May 2010)",
    "club": "SVS STR\u00d6CK (Austria)",
    "height": "1.70 m",
    "weight": "60 kg",
    "birth_date": "1988-01-13",
    "medaltemplates": [
        "Sport: Women's table tennis",
        "Country: {{ROU}}",
        "Competition: European Games",
        "Silver Medal: 2019 Minsk Team",
        "Competition: European Championships",
        "Gold Medal: 2009 Stuttgart Doubles",
        "Gold Medal: 2012 Herning Doubles",
        "Gold Medal: 2017 Luxembourg City Team",
        "Silver Medal: 2015 Yekaterinburg Team",
        "Silver Medal: 2013 Schwechat Team",
        "Silver Medal: 2011 Gdansk-Sopot Doubles",
        "Silver Medal: 2011 Gdansk-Sopot Team",
        "Silver Medal: 2010 Ostrava Team",
        "Bronze Medal: 2010 Ostrava Doubles",
        "Bronze Medal: 2008 St. Petersburg Team"
    ]
}