{
    "name": "Daniel Reed",
    "nationality": "British",
    "birth_place": "Northallerton, England",
    "height": "m=1.79",
    "weight": "70",
    "birth_date": "1989-12-5",
    "medaltemplates": [
        "Country: {{ENG}}",
        "Sport: Men's table tennis",
        "Competition: Commonwealth Games",
        "Silver Medal: 2010 Delhi Men's team Played with David Melder",
        "Silver Medal: 2014 Glasgow Men's team Played with David Melder",
        "Bronze Medal: 2014 Glasgow Mixed doubles Played with David Melder"
    ]
}