{
    "name": "Daniely R\u00edos Mora",
    "fullname": "Daniely R\u00edos Mora",
    "nationality": "PUR",
    "birth_place": "Utuado, Puerto Rico",
    "playingstyle": "Attack",
    "hrank": "'''Senior''': 182 (December 2020) url=https://ranking.ittf.com/#/rankings/progress/112462/SEN/W;SINGLES , '''U21''': 131 (May 2015)  , '''U18''': 78 (April 2014)  , '''U15''': 42 (September 2011)",
    "crank": "182 (December 2020)",
    "birth_date": "1996-4-26",
    "medaltemplates": [
        "Sport: Women's table tennis",
        "Country: {{PUR}}",
        "Competition: Pan-American Games",
        "Gold Medal: 2019 Lima Teams Mixed doubles"
    ]
}