{
    "name": "Daniel Habesohn",
    "birth_place": "Vienna, Austria title=Daniel Habesohn ",
    "height": "1.85m",
    "weight": "78 kg",
    "playingstyle": "Right-handed shakehand",
    "highest_rank": "27 (August 2019)",
    "current_rank": "64 (21 August 2023)",
    "club": "Post SV M\u00fchlhausen",
    "birth_date": "1986-7-22",
    "medaltemplates": [
        "Sport: Men's table tennis",
        "Country: {{AUT}}",
        "Competition: European Games",
        "Bronze Medal: 2015 Baku Team Mixed doubles",
        "Competition: European Championships",
        "Gold Medal: 2012 Herning Doubles Mixed doubles",
        "Gold Medal: 2015 Yekaterinburg Team Mixed doubles",
        "Gold Medal: 2018 Alicante Doubles Mixed doubles",
        "Silver Medal: 2013 Schwechat Doubles Mixed doubles",
        "Silver Medal: 2015 Yekaterinburg Doubles Mixed doubles",
        "Silver Medal: 2022 Munich Doubles Mixed doubles",
        "Bronze Medal: 2008 Saint Petersburg Team Mixed doubles",
        "Bronze Medal: 2011 Gda\u0144sk\u2013Sopot Team Mixed doubles"
    ]
}