{
    "name": "Darko Jorgi\u0107",
    "nationality": "Slovenian",
    "birth_place": "Trbovlje, Slovenia",
    "residence": "Hrastnik, Slovenia",
    "playingstyle": "Righthanded shakehand grip",
    "highest_rank": "6 (3 May 2022)",
    "current_rank": "13 (5 March 2024)",
    "height": "182 cm",
    "birth_date": "1998-07-30",
    "medaltemplates": [
        "Sport: Men's table tennis",
        "Country: {{SLO}}",
        "Competition: European Championships",
        "Silver Medal: 2022 Munich Singles Mixed doubles",
        "Bronze Medal: 2017 Luxembourg City Team Mixed doubles",
        "Competition: Europe Top-16",
        "Gold Medal: 2022 Montreux Singles Mixed doubles",
        "Gold Medal: 2023 Montreux Singles Mixed doubles",
        "Gold Medal: 2024 Montreux Singles Mixed doubles",
        "Silver Medal: 2020 Montreux Singles Mixed doubles",
        "Competition: Mediterranean Games",
        "Gold Medal: 2018 Tarragona Singles Mixed doubles",
        "Gold Medal: 2018 Tarragona Team Mixed doubles",
        "Gold Medal: 2022 Oran Team Mixed doubles"
    ]
}