{
    "name": "David Fern\u00e1ndez",
    "fullname": "David Fern\u00e1ndez",
    "nationality": "PUR",
    "birth_place": "Puerto Rico",
    "medaltemplates": [
        "Sport: Men's table tennis",
        "Country: {{PUR}}",
        "Competition: Central American and Caribbean Games",
        "Gold Medal: 2002 San Salvador Singles Played with David Melder",
        "Silver Medal: 2002 San Salvador Mixed Doubles Played with David Melder",
        "Bronze Medal: 2002 San Salvador Team Played with David Melder"
    ]
}