{
    "name": "Deng Yaping",
    "native_name": "\u9093\u4e9a\u840d",
    "native_name_lang": "zh-hans-CN",
    "nationality": "Chinese",
    "birth_place": "Zhengzhou, Henan, China",
    "height": "1.5 m",
    "birth_date": "1973-02-06",
    "medaltemplates": [
        "Sport: Women's table tennis",
        "Country: {{CHN}}",
        "Competition: Olympic Games",
        "Gold Medal: 4",
        "Silver Medal: 0",
        "Bronze Medal: 0",
        "Competition: World Championships",
        "Gold Medal: 9",
        "Silver Medal: 5",
        "Bronze Medal: 0",
        "Competition: World Cup",
        "Gold Medal: 5",
        "Silver Medal: 0",
        "Bronze Medal: 1",
        "Competition: Olympic Games",
        "Gold Medal: 1992 Barcelona Singles",
        "Gold Medal: 1992 Barcelona Doubles",
        "Gold Medal: 1996 Atlanta Singles",
        "Gold Medal: 1996 Atlanta Doubles",
        "Competition: World Championships",
        "Gold Medal: 1989 Dortmund Doubles",
        "Gold Medal: 1991 Chiba City Singles",
        "Gold Medal: 1993 Gothenburg Team",
        "Gold Medal: 1995 Tianjin Singles",
        "Gold Medal: 1995 Tianjin Doubles",
        "Gold Medal: 1995 Tianjin Team",
        "Gold Medal: 1997 Manchester Singles",
        "Gold Medal: 1997 Manchester Doubles",
        "Gold Medal: 1997 Manchester Team",
        "Silver Medal: 1991 Chiba City Doubles",
        "Silver Medal: 1991 Chiba City Team",
        "Silver Medal: 1993 Gothenburg Doubles",
        "Silver Medal: 1995 Tianjin Mixed Doubles",
        "Silver Medal: 1997 Manchester Mixed Doubles",
        "Competition: World Cup",
        "Gold Medal: 1990 Hokkaido, Aomori, Niig Team",
        "Gold Medal: 1991 Barcelona Team",
        "Gold Medal: 1995 Atlanta Team",
        "Gold Medal: 1992 Las Vegas Doubles",
        "Gold Medal: 1996 Hong Kong Singles",
        "Bronze Medal: 1990 Seoul Doubles",
        "Competition: Asian Championships",
        "Gold Medal: 1994 Tianjin Singles",
        "Gold Medal: 1994 Tianjin Mixed Doubles",
        "Gold Medal: 1994 Tianjin Team",
        "Silver Medal: 1994 Tianjin Doubles"
    ]
}