{
    "name": "Desmond Douglas MBE",
    "nationality": "English, British",
    "birth_place": "Jamaica",
    "birth_date": "1955-07-20",
    "medaltemplates": [
        "Sport: Men's table tennis",
        "Country: {{ENG}}",
        "Competition: World Cup",
        "Bronze Medal: 1990 Chiba City Team",
        "Competition: European Championships",
        "Silver Medal: 1978 Duisburg Team",
        "Silver Medal: 1980 Berne Mixed Doubles",
        "Silver Medal: 1988 Paris Team",
        "Bronze Medal: 1978 Duisburg Singles"
    ]
}