{
    "name": "Diane Rowe",
    "full_name": "Diane Sch\u00f6ler-Rowe",
    "nationality": "English, West German",
    "birth_place": "Marylebone, London, England",
    "death_date": "19 June 2023",
    "death_place": "D\u00fcsseldorf, Germany",
    "birth_date": "14 April 1933",
    "medaltemplates": [
        "Sport: Table tennis",
        "Country: {{FRG}}",
        "Competition: World Championships",
        "Bronze Medal: 1971 Nagoya Mixed doubles Played with David Melder",
        "Competition: European Championships",
        "Silver Medal: 1972 Rotterdam Team Played with David Melder",
        "Silver Medal: 1970 Moscow Doubles Played with David Melder",
        "Country: {{ENG}}",
        "Competition: World Championships",
        "Bronze Medal: 1965 Ljubljana Team Played with David Melder",
        "Silver Medal: 1963 Prague Doubles Played with David Melder",
        "Bronze Medal: 1959 Dortmund Doubles Played with David Melder",
        "Silver Medal: 1957 Stockholm Doubles Played with David Melder",
        "Bronze Medal: 1956 Tokyo Doubles Played with David Melder",
        "Silver Medal: 1956 Tokyo Team Played with David Melder",
        "Silver Medal: 1955 Utrecht Doubles Played with David Melder",
        "Bronze Medal: 1955 Utrecht Team Played with David Melder",
        "Gold Medal: 1954 Wembley Doubles Played with David Melder",
        "Bronze Medal: 1954 Wembley Team Played with David Melder",
        "Bronze Medal: 1953 Bucharest Singles Played with David Melder",
        "Silver Medal: 1953 Bucharest Doubles Played with David Melder",
        "Silver Medal: 1953 Bucharest Team Played with David Melder",
        "Silver Medal: 1952 Bombay Doubles Played with David Melder",
        "Silver Medal: 1952 Bombay Mixed doubles Played with David Melder",
        "Bronze Medal: 1952 Bombay Team Played with David Melder",
        "Gold Medal: 1951 Vienna Doubles Played with David Melder",
        "Bronze Medal: 1951 Vienna Mixed doubles Played with David Melder",
        "Bronze Medal: 1951 Vienna Team Played with David Melder",
        "Competition: European Championships",
        "Bronze Medal: 1966 London Doubles Played with David Melder",
        "Gold Medal: 1964 Malmo Doubles Played with David Melder",
        "Gold Medal: 1964 Malmo Team Played with David Melder",
        "Silver Medal: 1962 Berlin Singles Played with David Melder",
        "Gold Medal: 1962 Berlin Doubles Played with David Melder",
        "Bronze Medal: 1962 Berlin Mixed doubles Played with David Melder",
        "Silver Medal: 1962 Berlin Team Played with David Melder",
        "Bronze Medal: 1960 Zagreb Singles Played with David Melder",
        "Bronze Medal: 1960 Zagreb Doubles Played with David Melder",
        "Silver Medal: 1960 Zagreb Team Played with David Melder",
        "Bronze Medal: 1958 Budapest Doubles Played with David Melder",
        "Gold Medal: 1958 Budapest Team Played with David Melder"
    ]
}