{
    "name": "Dick Miles",
    "nationality": "USA",
    "death_date": "2010",
    "birth_date": "1925-6-12",
    "medaltemplates": [
        "Sport: Men's table tennis",
        "Country: {{USA}}",
        "Competition: World Championships",
        "Gold Medal: 1948 Wembley Mixed doubles Played with David Melder",
        "Silver Medal: 1947 Paris Team Played with David Melder",
        "Bronze Medal: 1948 Wembley Team Played with David Melder",
        "Bronze Medal: 1949 Stockholm Doubles Played with David Melder",
        "Bronze Medal: 1949 Stockholm Team Played with David Melder",
        "Bronze Medal: 1959 Dortmund Singles Played with David Melder"
    ]
}