{
    "name": "Dimitrij Ovtcharov \u0414\u043c\u0438\u0442\u0440\u043e \u041e\u0432\u0447\u0430\u0440\u043e\u0432",
    "nationality": "German",
    "birth_place": "Kyiv, Ukrainian SSR, Soviet Union url=https://www.sports-reference.com/olympics/athletes/ov/dmitrij-ovtcharov-1.html ",
    "residence": "D\u00fcsseldorf, Germany Hamelin, Germany",
    "playingstyle": "Right-handed, shakehand grip",
    "equipment": "Blade: Butterfly Ovtcharov Innerforce ALC Rubber: (forehand) Dignics 09C (backhand) Dignics 05",
    "hrank": "1 (January 2018)",
    "crank": "13 (1 November 2023)",
    "club": "TTC Neu-Ulm",
    "height": "186 cm ",
    "weight": "78 kg",
    "birth_date": "1988-9-2",
    "medaltemplates": [
        "Sport: Men's table tennis",
        "Country: {{GER}}",
        "Competition: Olympic Games",
        "Gold Medal: 0",
        "Silver Medal: 2",
        "Bronze Medal: 4",
        "Competition: World Championships",
        "Gold Medal: 0",
        "Silver Medal: 4",
        "Bronze Medal: 1",
        "Competition: World Cup",
        "Gold Medal: 1",
        "Silver Medal: 0",
        "Bronze Medal: 4",
        "Competition: Olympic Games",
        "Silver Medal: 2008 Beijing Team",
        "Silver Medal: 2020 Tokyo Team",
        "Bronze Medal: 2012 London Singles",
        "Bronze Medal: 2012 London Team",
        "Bronze Medal: 2016 Rio de Janeiro Team",
        "Bronze Medal: 2020 Tokyo Singles",
        "Competition: World Championships",
        "Silver Medal: 2010 Moscow Team",
        "Silver Medal: 2012 Dortmund Team",
        "Silver Medal: 2014 Tokyo Team",
        "Silver Medal: 2018 Halmstad Team",
        "Bronze Medal: 2023 Durban Doubles",
        "Competition: World Cup",
        "Gold Medal: 2017 Li\u00e8ge Singles",
        "Bronze Medal: 2009 Linz Team",
        "Bronze Medal: 2011 Magdeburg Team",
        "Bronze Medal: 2013 Verviers Singles",
        "Bronze Medal: 2015 Halmstad Singles",
        "Competition: European Games",
        "Gold Medal: 2015 Baku Singles",
        "Gold Medal: 2019 Minsk Team",
        "Gold Medal: 2023 Krak\u00f3w\u2013Ma\u0142opolska Team",
        "Competition: European Championships",
        "Gold Medal: 2007 Belgrade Team",
        "Gold Medal: 2008 Saint-Petersburg Team",
        "Gold Medal: 2009 Stuttgart Team",
        "Gold Medal: 2010 Ostrava Team",
        "Gold Medal: 2011 Sopot Team",
        "Gold Medal: 2013 Schwechat Singles",
        "Gold Medal: 2013 Schwechat Team",
        "Gold Medal: 2015 Ekaterinburg Singles",
        "Gold Medal: 2017 Luxembourg City Team",
        "Gold Medal: 2019 Nantes Team",
        "Silver Medal: 2014 Lisbon Team",
        "Silver Medal: 2015 Ekaterinburg Team",
        "Silver Medal: 2020 Warsaw Singles",
        "Bronze Medal: 2007 Belgrade Singles",
        "Bronze Medal: 2012 Herning Doubles",
        "Competition: Europe Top-12/Top-16",
        "Gold Medal: 2012 Lyon Singles",
        "Gold Medal: 2015 Baku Singles",
        "Gold Medal: 2016 Gondomar Singles",
        "Gold Medal: 2017 Antibes Singles",
        "Gold Medal: 2019 Montreux Singles",
        "Silver Medal: 2018 Montreux Singles",
        "Bronze Medal: 2014 Lausanne Singles",
        "Bronze Medal: 2023 Montreux Singles"
    ]
}