{
    "name": "Ding Ning",
    "nickname": "The Queen of Hearts",
    "nationality": "Chinese",
    "playingstyle": "Left-handed, shakehand grip",
    "hrank": "1 (March 2019)",
    "birth_place": "Daqing, Heilongjiang, China",
    "height": "1.71 m ",
    "weight": "63 kg  |medaltemplates=  Women's Table Tennis CHN total=yes  MedalOlympic 2012 London 2016 Rio de Janeiro 2016 Rio de Janeiro 2012 London World Championships 2011 Rotterdam 2012 Dortmund 2014 Tokyo 2015 Suzhou 2016 Kuala Lumpur 2017 D\u00fcsseldorf 2017 D\u00fcsseldorf 2018 Halmstad 2009 Yokohama 2010 Moscow 2011 Rotterdam 2013 Paris 2015 Suzhou 2013 Paris 2019 Budapest 2019 Budapest World Cup 2009 Linz 2010 Dubai 2011 Singapore 2011 Magdeburg 2013 Guangzhou 2014 Linz 2015 Dubai 2018 London 2018 Chengdu 2019 Tokyo ",
    "birth_date": "1990-06-20"
}