{
    "name": "Dmitry Mazunov",
    "fullname": "Dmitriy Vyacheslavovich, Mazunov",
    "nationality": "RUS",
    "birth_place": "Nizhny Novgorod,, Russian SFSR, Soviet Union",
    "height": "m=1.65",
    "weight": "58",
    "playingstyle": "Right-handed, attacking",
    "club": "TTF Ochsenhausen, (GER)",
    "hrank": "50 (January 2001)",
    "crank": "105 (January 2010)",
    "birth_date": "1971-5-12",
    "medaltemplates": [
        "Sport: Men's table tennis",
        "Competition: World Championships",
        "Country: {{URS}}",
        "Bronze Medal: 1991 Chiba Doubles Played with David Melder",
        "Competition: World Cup",
        "Country: {{RUS}}",
        "Silver Medal: 1992 Las Vegas Doubles Played with David Melder",
        "Competition: European Championships",
        "Country: {{URS}}",
        "Bronze Medal: 1990 Gothenburg Doubles Played with David Melder",
        "Country: {{RUS}}",
        "Silver Medal: 2003 Courmayeur Doubles Played with David Melder",
        "Bronze Medal: 2005 Aarhus Doubles Played with David Melder",
        "Bronze Medal: 2007 Belgrade Doubles Played with David Melder",
        "Competition: ITTF Pro Tour",
        "Country: {{RUS}}",
        "Bronze Medal: 2002 Eindhoven Doubles Played with David Melder",
        "Bronze Medal: 2004 Warsaw Doubles Played with David Melder",
        "Silver Medal: 2008 Velenje Doubles Played with David Melder"
    ]
}