{
    "name": "Doo Hoi Kem",
    "native_name": "\u675c\u51f1\u7439 (jyutping: dou6 hoi2 kam4)",
    "native_name_lang": "zh-han",
    "playingstyle": "Right-handed, shakehand grip",
    "hrank": "7 (26 July 2022)",
    "crank": "32 (5 September 2023)",
    "club": "Kinoshita Abyell Kanagawa",
    "birth_place": "Hong Kong",
    "height": "1.66 m ",
    "weight": "59 kg",
    "birth_date": "1996-11-27",
    "medaltemplates": [
        "Sport: Women's table tennis",
        "Country: {{HKG}}",
        "Bronze Medal: 2020 Tokyo Team Mixed doubles",
        "Competition: World Championships",
        "Bronze Medal: 2014 Tokyo Team Mixed doubles",
        "Bronze Medal: 2015 Suzhou Mixed doubles Mixed doubles",
        "Bronze Medal: 2017 D\u00fcsseldorf Mixed doubles Mixed doubles",
        "Bronze Medal: 2018 Halmstad Team Mixed doubles",
        "Bronze Medal: 2023 Durban Mixed doubles Mixed doubles",
        "Bronze Medal: 2024 Busan Team Mixed doubles",
        "Competition: Asian Games",
        "Bronze Medal: 2018 Jakarta Team Mixed doubles",
        "Competition: Asian Championships",
        "Silver Medal: 2021 Doha Doubles Mixed doubles",
        "Bronze Medal: 2013 Busan Doubles Mixed doubles",
        "Bronze Medal: 2015 Pattaya Team Mixed doubles",
        "Bronze Medal: 2017 Wuxi Team Mixed doubles",
        "Bronze Medal: 2019 Yogyakarta Mixed doubles Mixed doubles",
        "Bronze Medal: 2021 Doha Mixed doubles Mixed doubles",
        "Bronze Medal: 2021 Doha Team Mixed doubles",
        "Bronze Medal: 2023 Pyeongchang Team Mixed doubles",
        "Competition: World University Games",
        "Bronze Medal: 2021 Chengdu Mixed doubles Mixed doubles",
        "Bronze Medal: 2021 Chengdu Team Mixed doubles"
    ]
}