{
    "name": "Eberhard Sch\u00f6ler",
    "nickname": "Mr. Pokerface",
    "nationality": "German",
    "birth_place": "Flatow, Germany (modern Z\u0142ot\u00f3w, Poland)",
    "birth_date": "22 December 1940",
    "medaltemplates": [
        "Sport: Table tennis",
        "Country: {{FRG}}",
        "Competition: World Championships",
        "Silver Medal: 1986 Rimini Singles (Masters) Played with David Melder",
        "Bronze Medal: 1971 Nagoya Mixed doubles Played with David Melder",
        "Silver Medal: 1969 Munich Singles Played with David Melder",
        "Silver Medal: 1969 Munich Team Played with David Melder",
        "Bronze Medal: 1967 Stockholm Singles Played with David Melder",
        "Bronze Medal: 1965 Hala Tivoli Singles Played with David Melder",
        "Bronze Medal: 1963 Prague Team Played with David Melder",
        "Competition: European Championships",
        "Silver Medal: 1972 Rotterdam Doubles Played with David Melder",
        "Bronze Medal: 1964 Malmo Singles Played with David Melder",
        "Silver Medal: 1962 Berlin Mixed doubles Played with David Melder",
        "Bronze Medal: 1962 Berlin Singles Played with David Melder",
        "Bronze Medal: 1962 Berlin Doubles Played with David Melder",
        "Bronze Medal: 1962 Berlin Team Played with David Melder"
    ]
}