{
    "name": "Eddie (Ed) Lo",
    "fullname": "Ed Lo",
    "nationality": "CAN",
    "playingstyle": "Penhold",
    "birth_place": "B.C.,Canada",
    "medaltemplates": [
        "Sport: Men's table tennis",
        "Country: {{CAN}}",
        "Competition: Pan American Games",
        "Gold Medal: 1979 San Juan Singles Played with David Melder",
        "Gold Medal: 1979 San Juan Doubles Played with David Melder",
        "Bronze Medal: 1979 San Juan Mixed doubles Played with David Melder",
        "Bronze Medal: 1979 San Juan Team Played with David Melder"
    ]
}