{
    "name": "El-Sayed Lashin",
    "nationality": "EGY",
    "residence": "Cairo, Egypt",
    "playingstyle": "Shakehand, Offensive",
    "hrank": "76 (April 2013)",
    "club": "Sporting Elahly",
    "birth_place": "Alexandria, Egypt",
    "height": "m=1.76",
    "weight": "83",
    "birth_date": "1980-02-09",
    "medaltemplates": [
        "Sport: Men's Table Tennis",
        "Country: {{EGY}}",
        "Competition: African Championships",
        "Gold Medal: 1996 Nairobi Men's Team Played with David Melder",
        "Gold Medal: 1998 Port Louis Men's Team Played with David Melder",
        "Gold Medal: 2000 Addis Abeba Men's Team Played with David Melder",
        "Gold Medal: 2002 Bizerte Men's Doubles Played with David Melder",
        "Gold Medal: 2002 Bizerte Men's Team Played with David Melder",
        "Gold Medal: 2004 Mauritius Men's Doubles Played with David Melder",
        "Gold Medal: 2004 Mauritius Men's Team Played with David Melder",
        "Gold Medal: 2007 Brazzaville Men's Doubles Played with David Melder",
        "Gold Medal: 2007 Brazzaville Men's Team Played with David Melder",
        "Silver Medal: 1998 Port Louis Men's Singles Played with David Melder",
        "Silver Medal: 1998 Port Louis Men's Doubles Played with David Melder",
        "Silver Medal: 2000 Addis Abeba Men's Singles Played with David Melder",
        "Silver Medal: 2000 Addis Abeba Men's Doubles Played with David Melder",
        "Silver Medal: 2000 Addis Abeba Mixed Doubles Played with David Melder",
        "Silver Medal: 2004 Mauritius Men's Singles Played with David Melder",
        "Silver Medal: 2004 Mauritius Mixed Doubles Played with David Melder",
        "Silver Medal: 2007 Brazzaville Men's Singles Played with David Melder",
        "Bronze Medal: 1996 Nairobi Men's Doubles Played with David Melder",
        "Bronze Medal: 1998 Port Louis Mixed Doubles Played with David Melder",
        "Bronze Medal: 2007 Brazzaville Mixed Doubles Played with David Melder",
        "Competition: African Games",
        "Gold Medal: 2007 Algeria Men's Team Played with David Melder",
        "Gold Medal: 2011 Malputo Men's Doubles Played with David Melder",
        "Gold Medal: 2011 Malputo Men's Team Played with David Melder",
        "Silver Medal: 1999 Johannesburg Men's Singles Played with David Melder",
        "Silver Medal: 1999 Johannesburg Men's Team Played with David Melder",
        "Silver Medal: 2003 Abuja Men's Singles Played with David Melder",
        "Silver Medal: 2003 Abuja Men's Doubles Played with David Melder",
        "Silver Medal: 2003 Abuja Men's Team Played with David Melder",
        "Silver Medal: 2007 Algeria Men's Doubles Played with David Melder",
        "Silver Medal: 2011 Malputo Men's Singles Played with David Melder",
        "Bronze Medal: 1999 Johannesburg Men's Doubles Played with David Melder",
        "Bronze Medal: 1999 Johannesburg Mixed Doubles Played with David Melder",
        "Bronze Medal: 2007 Malputo Men's Singles Played with David Melder",
        "Bronze Medal: 2011 Malputo Mixed Doubles Played with David Melder",
        "Bronze Medal: 2015 Brazzaville Men's Doubles Played with David Melder",
        "Competition: Arab Championships",
        "Gold Medal: 2000 Damascus Men's Doubles Played with David Melder",
        "Gold Medal: 2000 Damascus Men's Team Played with David Melder",
        "Gold Medal: 2002 Amman Men's Doubles Played with David Melder",
        "Gold Medal: 2002 Amman Mixed Doubles Played with David Melder",
        "Gold Medal: 2002 Amman Men's Team Played with David Melder",
        "Gold Medal: 2004 Bizerk Men's Team Played with David Melder",
        "Gold Medal: 2008 Rabat Men's Team Played with David Melder",
        "Gold Medal: 2010 Um Al Hassam Men's Team Played with David Melder",
        "Silver Medal: 1998 Casablanca Mixed Doubles Played with David Melder",
        "Silver Medal: 2002 Amman Men's Singles Played with David Melder",
        "Bronze Medal: 2000 Damascus Men's Singles Played with David Melder",
        "Competition: Pan Arab Games",
        "Gold Medal: 2011 Doha Men's Singles Played with David Melder",
        "Gold Medal: 2011 Doha Men's Doubles Played with David Melder",
        "Gold Medal: 2011 Doha Men's Team Played with David Melder"
    ]
}