{
    "name": "Timina Elena",
    "fullname": "Timina Elena",
    "nationality": "NED RUS URS",
    "birth_date": "8 May 1969",
    "medaltemplates": [
        "Sport: Women's table tennis",
        "Competition: World Cup",
        "Country: {{RUS}}",
        "Gold Medal: 1994 N\u00eemes Team",
        "Competition: European Championships",
        "Country: {{URS}}",
        "Silver Medal: 1990 Gothenburg Doubles",
        "Country: {{EUN}}",
        "Bronze Medal: 1992 Stuttgart Team",
        "Bronze Medal: 1992 Stuttgart Doubles",
        "Country: {{RUS}}",
        "Gold Medal: 1994 Birmingham Team",
        "Silver Medal: 1994 Birmingham Doubles",
        "Country: {{NED}}",
        "Gold Medal: 2008 Saint-Petersburg Team",
        "Gold Medal: 2009 Stuttgart Team",
        "Gold Medal: 2010 Ostrava Team",
        "Silver Medal: 2010 Ostrava Doubles",
        "Gold Medal: 2011 Gda\u0144sk Team",
        "Bronze Medal: 2011 Gda\u0144sk Doubles"
    ]
}