{
    "name": "Elena Prokofeva",
    "full_name": "Elena Nikolyaevna Prokofeva",
    "birth_place": "Dushanbe, Tajik SSR, Soviet Union",
    "disability_class": "C11",
    "highest_rank": "1st (1 June 2014)",
    "current_rank": "1st (1 July 2021)",
    "height": "162",
    "birth_date": "1971-3-13",
    "medaltemplates": [
        "Competition: Paralympic Games",
        "Gold Medal: 2020 Tokyo Individual Mixed doubles",
        "Competition: World Championships",
        "Gold Medal: 2018 Lasko Individual Mixed doubles",
        "Competition: World Team Championships",
        "Gold Medal: 2017 Bratislava Team Mixed doubles",
        "Competition: World Team Championships",
        "Gold Medal: 2019 Helsingbord Individual Mixed doubles",
        "Gold Medal: 2019 Helsingbord Team Mixed doubles",
        "Gold Medal: 2015 Vejle Individual Mixed doubles",
        "Silver Medal: 2017 Lasko Individual Mixed doubles"
    ]
}