{
    "name": "Elizabeta Samara",
    "birth_place": "Constan\u021ba, Romania",
    "playingstyle": "Left-handed, shakehand",
    "equipment": "Butterfly, Jun Mizutani ZLC",
    "hrank": "13 (September 2014)",
    "crank": "31 (20 February 2024)",
    "club": "CSA Steaua Bucure\u0219ti",
    "height": "m=1.71",
    "birth_date": "1989-04-15",
    "medaltemplates": [
        "Sport: Women's table tennis",
        "Country: {{ROU}}",
        "Competition: World Cup",
        "Silver Medal: 2012 Huangshi Singles",
        "Competition: European Games",
        "Gold Medal: 2023 Krak\u00f3w\u2013Ma\u0142opolska Team",
        "Silver Medal: 2019 Minsk Team",
        "Bronze Medal: 2023 Krak\u00f3w\u2013Ma\u0142opolska Singles",
        "Competition: European Championships",
        "Gold Medal: 2005 Aarhus Team",
        "Gold Medal: 2009 Stuttgart Doubles",
        "Gold Medal: 2011 Istanbul Mixed Doubles",
        "Gold Medal: 2012 Herning Doubles",
        "Gold Medal: 2012 Buz\u0103u {{Mixed Doubles}}",
        "Gold Medal: 2015 Yekaterinburg Singles",
        "Gold Medal: 2017 Luxembourg City Team",
        "Gold Medal: 2019 Nantes Team",
        "Silver Medal: 2010 Ostrava Team",
        "Silver Medal: 2011 Gdansk-Sopot Doubles",
        "Silver Medal: 2011 Gdansk-Sopot Team",
        "Silver Medal: 2013 Schwechat Team",
        "Silver Medal: 2015 Yekaterinburg Doubles",
        "Silver Medal: 2015 Yekaterinburg Team",
        "Silver Medal: 2021 Cluj-Napoca Team",
        "Silver Medal: 2022 Munich Doubles",
        "Silver Medal: 2023 Malm\u00f6 Team",
        "Bronze Medal: 2008 St. Petersburg Team",
        "Bronze Medal: 2009 Subotica Mixed Doubles",
        "Bronze Medal: 2010 Ostrava Doubles",
        "Bronze Medal: 2016 Budapest Singles",
        "Bronze Medal: 2016 Budapest Doubles",
        "Bronze Medal: 2020 Warsaw Singles",
        "Competition: Europe Top-16",
        "Bronze Medal: 2018 Montreux Singles"
    ]
}