{
    "name": "Ella Zeller",
    "fullname": "Ella Constantinescu-Zeller",
    "nationality": "ROU",
    "birth_place": "Moldova Nou\u0103, Romania",
    "birth_date": "26 November 1933",
    "medaltemplates": [
        "Sport: Table tennis",
        "Country: {{ROU}}",
        "Competition: World Championships",
        "Bronze Medal: 1963 Prague Singles Played with David Melder",
        "Silver Medal: 1963 Prague Team Played with David Melder",
        "Bronze Medal: 1957 Stockholm Singles Played with David Melder",
        "Bronze Medal: 1957 Stockholm Doubles Played with David Melder",
        "Silver Medal: 1957 Stockholm Team Played with David Melder",
        "Bronze Medal: 1956 Tokyo Singles Played with David Melder",
        "Gold Medal: 1956 Tokyo Doubles Played with David Melder",
        "Bronze Medal: 1956 Tokyo Mixed doubles Played with David Melder",
        "Gold Medal: 1956 Tokyo Team Played with David Melder",
        "Gold Medal: 1955 Utrecht Doubles Played with David Melder",
        "Gold Medal: 1955 Utrecht Team Played with David Melder",
        "Gold Medal: 1953 Bucharest Team Played with David Melder",
        "Silver Medal: 1952 Bombay Team Played with David Melder",
        "Gold Medal: 1951 Vienna Team Played with David Melder",
        "Competition: European Championships",
        "Silver Medal: 1964 Malmo Doubles Played with David Melder",
        "Gold Medal: 1958 Budapest Doubles Played with David Melder",
        "Silver Medal: 1958 Budapest Team Played with David Melder"
    ]
}