{
    "name": "Emmanuel Lebesson",
    "nationality": "French",
    "birth_place": "Niort, France url=https://www.olympedia.org/athletes/133922",
    "playingstyle": "Left-handed shakehand grip",
    "highest_rank": "20 (September 2017)",
    "current_rank": "39 (19 July 2022)",
    "club": "GRE Panathinaikos",
    "height": "180cm",
    "birth_date": "1988-4-24",
    "medaltemplates": [
        "Sport: Men's table tennis",
        "Country: {{FRA}}",
        "Competition: European Championships",
        "Gold Medal: 2016 Budapest Singles Mixed doubles",
        "Gold Medal: 2022 Munich Mixed doubles Mixed doubles",
        "Bronze Medal: 2015 Yekaterinburg Team Mixed doubles",
        "Bronze Medal: 2017 Luxembourg City Team Mixed doubles",
        "Bronze Medal: 2019 Nantes Team Mixed doubles",
        "Bronze Medal: 2020 Warsaw Mixed doubles Mixed doubles"
    ]
}