{
    "name": "Erica Wu",
    "nationality": "USA",
    "birth_place": "Arcadia, California, U.S.",
    "residence": "Arcadia, California",
    "height": "5",
    "weight": "119",
    "birth_date": "1996-5-15",
    "medaltemplates": [
        "Sport: Women's table tennis",
        "Country: the {{USA}}",
        "Competition: Pan American Games",
        "Bronze Medal: 2011 Guadalajara Team   Played with David Melder",
        "Competition: North American Championships",
        "Silver Medal: 2012 Cary Singles {{url=http://www.ittf.com/competitions/competitions2.asp?Competition_ID=2177&category=WC }}  Played with David Melder"
    ]
}