{
    "name": "Erik Lindh",
    "fullname": "Erik Gunnar Lindh",
    "nationality": "SWE",
    "playingstyle": "Shake hands grip",
    "birth_place": "Kung\u00e4lv, Sweden",
    "birth_date": "1964-05-24",
    "medaltemplates": [
        "Sport: Men's table tennis",
        "Country: {{SWE}}",
        "Competition: Olympic Games",
        "Bronze Medal: 1988 Seoul Singles",
        "Competition: World Championships",
        "Gold Medal: 1989 Dortmund Team",
        "Gold Medal: 1991 Chiba City Team",
        "Gold Medal: 1993 Gothenburg Team",
        "Silver Medal: 1983 Tokyo Team",
        "Silver Medal: 1985 Gothenburg Team",
        "Silver Medal: 1987 New Delhi Team",
        "Silver Medal: 1995 Tianjin Team",
        "Bronze Medal: 1991 Chiba City Doubles",
        "Bronze Medal: 1995 Tianjin Mixed Doubles",
        "Competition: World Cup",
        "Gold Medal: 1990 Hokkaido,Aomori,Niig Team",
        "Silver Medal: 1991 Barcelona Team",
        "Competition: European Championships",
        "Gold Medal: 1980 Berne Team",
        "Gold Medal: 1986 Prague Doubles",
        "Gold Medal: 1986 Prague Team",
        "Gold Medal: 1988 Paris Team",
        "Gold Medal: 1990 Gothenburg Team",
        "Gold Medal: 1992 Stuttgart Doubles",
        "Gold Medal: 1992 Stuttgart Team",
        "Gold Medal: 1996 Bratislava Team",
        "Silver Medal: 1984 Moscow Doubles",
        "Silver Medal: 1994 Birmingham Team",
        "Silver Medal: 1998 Eindhoven Mixed Doubles",
        "Bronze Medal: 1982 Budapest Doubles",
        "Bronze Medal: 1988 Paris Doubles",
        "Bronze Medal: 1998 Eindhoven Team"
    ]
}