{
    "name": "Ernst Bolld\u00e9n",
    "full_name": "Ernst Olov Bolld\u00e9n",
    "nationality": "SWE",
    "birth_place": "Njut\u00e5nger, Sweden",
    "death_date": "2012",
    "death_place": "Sweden",
    "birth_date": "1966-9-28",
    "medaltemplates": [
        "Country: {{SWE}}",
        "Sport: Men's wheelchair table tennis",
        "Competition: Paralympic Games",
        "Gold Medal: 1996 Atlanta Teams class 4\u20135",
        "Bronze Medal: 1996 Atlanta Singles class 5",
        "Bronze Medal: 2000 Sydney Teams class 5",
        "Gold Medal: 2006 World Championships Singles class 5",
        "Gold Medal: 1997 European Championships Singles class 5",
        "Gold Medal: 1995 European Championships Singles class 5",
        "Gold Medal: 1991 European Championships Singles class 5",
        "Gold Medal: 1990 World Championships Singles class 5",
        "Silver Medal: 2009 European Championships Teams class 4",
        "Bronze Medal: 2009 European Championships Singles class 5",
        "Silver Medal: 2006 World Championships Open singles standing",
        "Bronze Medal: 2006 World Championships Teams class 5",
        "Bronze Medal: 2003 European Championships Singles class 5",
        "Bronze Medal: 2003 European Championships Teams class 5",
        "Silver Medal: 2002 World Championships Open singles in wheelchair",
        "Silver Medal: 2002 World Championships Teams class 5",
        "Bronze Medal: 1999 European Championships Open singles in wheelchair",
        "Silver Medal: 1998 World Championships Teams class 5",
        "Bronze Medal: 1998 World Championships Open singles in wheelchair",
        "Silver Medal: 1995 European Championships Teams class 5",
        "Bronze Medal: 1990 World Championships Teams class 5",
        "Gold Medal: 2010 Taipei International Table Tennis Championships Teams class 5",
        "Bronze Medal: 2010 1st French Open Singles class 4",
        "Gold Medal: 2010 Romania Open Teams class 4",
        "Gold Medal: 2010 Romania Open Singles class 4",
        "Bronze Medal: 2009 Lignano Master Openfor wheelchair players Singles class 4"
    ]
}