{
    "name": "Erwin Kohn",
    "fullname": "Kohn Erwin",
    "nationality": "AUT",
    "birth_place": "Baden bei Wien",
    "death_date": "1994",
    "death_place": "Mar del Plata",
    "birth_date": "1911-12-20",
    "medaltemplates": [
        "Sport: Men's table tennis",
        "Country: {{AUT}}",
        "Competition: World Championships",
        "Gold Medal: 1936 Prague Team Played with David Melder",
        "Bronze Medal: 1935 London Singles Played with David Melder",
        "Bronze Medal: 1935 London Team Played with David Melder",
        "Silver Medal: 1934 Paris Team Played with David Melder",
        "Bronze Medal: 1933 Baden Doubles Played with David Melder",
        "Bronze Medal: 1933 Baden Team Played with David Melder",
        "Bronze Medal: 1932 Prague Singles Played with David Melder",
        "Bronze Medal: 1932 Prague Team Played with David Melder"
    ]
}