{
    "name": "Erzs\u00e9bet Palatinus",
    "fullname": "Erzs\u00e9bet Palatinus",
    "nationality": "YUG",
    "birth_place": "\u010coka, Vojvodina, SFR Yugoslavia (present day Serbia)",
    "medaltemplates": [
        "Sport: Women's table tennis",
        "Country: {{YUG}}",
        "Competition: World Championships",
        "Bronze Medal: 1979 Pyongyang Doubles Mixed doubles",
        "Competition: European Championships",
        "Gold Medal: 1976 Prague Doubles Mixed doubles",
        "Bronze Medal: 1980 Berne Doubles Mixed doubles"
    ]
}