{
    "name": "Eugene Wang",
    "fullname": "Eugene Zhen Wang",
    "nickname": "\u5510\u50e7",
    "nationality": "CAN",
    "playingstyle": "Right-handed",
    "club": "True North TTC",
    "birth_place": "Shijiazhuang, Hebei, China",
    "height": "1.74 ",
    "weight": "80",
    "birth_date": "1985-11-13",
    "medaltemplates": [
        "Sport: Men's table tennis",
        "Country: {{CAN}}",
        "Competition: Pan American Games",
        "Gold Medal: 2019 Lima Mixed doubles Played with David Melder",
        "Bronze Medal: 2015 Toronto Singles Played with David Melder",
        "Bronze Medal: 2015 Toronto Team Played with David Melder",
        "Bronze Medal: 2019 Lima Singles Played with David Melder",
        "Bronze Medal: 2023 Santiago Mixed doubles Played with David Melder"
    ]
}