{
    "name": "F\u00e9lix Lebrun",
    "birth_place": "Montpellier, France",
    "height": "1.78 m",
    "playingstyle": "Right-handed penholder",
    "equipment": "F. Lebrun Hyper Carbon (blade), Hybrid K3 max (rubber) url=https://tibhar.info/en/felix-lebrun/",
    "hrank": "5 (19 March 2024)",
    "crank": "5 (19 March 2024)",
    "birth_date": "2006-09-12",
    "medaltemplates": [
        "Sport: Men's table tennis",
        "Country: {{FRA}}",
        "Competition: World Championships",
        "Silver Medal: 2024 Busan Team Mixed doubles",
        "Competition: European Games",
        "Gold Medal: 2023 Krak\u00f3w\u2013Ma\u0142opolska Singles Mixed doubles",
        "Bronze Medal: 2023 Krak\u00f3w\u2013Ma\u0142opolska Team Mixed doubles",
        "Competition: European Championships",
        "Bronze Medal: 2022 Munich Doubles Mixed doubles",
        "Bronze Medal: 2023 Malm\u00f6 Team Mixed doubles"
    ]
}