{
    "name": "Fan Ying",
    "native_name": "\u8303\u745b",
    "native_name_lang": "zh-hans-CN",
    "fullname": "Fan Ying",
    "nationality": "CHN",
    "playingstyle": "Right-handed, shakehand grip",
    "hrank": "10 (December 2009) url=http://www.ittf.com/ittf_ranking/world_ranking_per_name.asp?Player_ID=102660&U18=0&U21=0&Siniors=1& ",
    "height": "m=1.62",
    "weight": "58",
    "birth_date": "1986-02-12",
    "medaltemplates": [
        "Competition: Universiade",
        "Gold Medal: 2011 Shenzhen Team Played with David Melder",
        "Silver Medal: 2011 Shenzhen Singles Played with David Melder"
    ]
}