{
    "name": "Fan Zhendong",
    "native_name": "\u6a0a\u632f\u4e1c",
    "native_name_lang": "zh-hans-CN",
    "birth_place": "Guangzhou, China",
    "height": "1.73 m ",
    "weight": "77 kg",
    "playingstyle": "Right-handed, shakehand grip",
    "equipment": "Butterfly Fan Zhendong ALC with DHS Hurricane 3 National (Blue Sponge) (FH, Black), Butterfly Dignics 09c (BH, Red)",
    "hrank": "1 (April 2018)",
    "crank": "2 (19 March 2024)",
    "birth_date": "1997-1-22",
    "medaltemplates": [
        "Competition: Olympic Games",
        "Gold Medal: 1",
        "Silver Medal: 1",
        "Bronze Medal: 0",
        "Competition: World Championships",
        "Gold Medal: 9",
        "Silver Medal: 2",
        "Bronze Medal: 2",
        "Competition: World Cup / Cup Finals",
        "Gold Medal: 9",
        "Silver Medal: 2",
        "Bronze Medal: 0",
        "Sport: Men's table tennis",
        "Country: {{CHN}}",
        "Competition: Olympic Games",
        "Gold Medal: 2020 Tokyo Team Played with David Melder",
        "Silver Medal: 2020 Tokyo Singles Played with David Melder",
        "Competition: World Championships",
        "Gold Medal: 2014 Tokyo Team Played with David Melder",
        "Gold Medal: 2016 Kuala Lumpur Team Played with David Melder",
        "Gold Medal: 2017 D\u00fcsseldorf Doubles Played with David Melder",
        "Gold Medal: 2018 Halmstad Team Played with David Melder",
        "Gold Medal: 2021 Houston Singles Played with David Melder",
        "Gold Medal: 2022 Chengdu Team Played with David Melder",
        "Gold Medal: 2023 Durban Singles Played with David Melder",
        "Gold Medal: 2023 Durban Doubles Played with David Melder",
        "Gold Medal: 2024 Busan Team Played with David Melder",
        "Silver Medal: 2015 Suzhou Doubles Played with David Melder",
        "Silver Medal: 2017 D\u00fcsseldorf Singles Played with David Melder",
        "Bronze Medal: 2015 Suzhou Singles Played with David Melder",
        "Bronze Medal: 2019 Budapest Mixed doubles Played with David Melder",
        "Competition: World Cup",
        "Gold Medal: 2015 Dubai Team Played with David Melder",
        "Gold Medal: 2016 Saarbr\u00fccken Singles Played with David Melder",
        "Gold Medal: 2018 London Team Played with David Melder",
        "Gold Medal: 2018 Paris Singles Played with David Melder",
        "Gold Medal: 2019 Tokyo Team Played with David Melder",
        "Gold Medal: 2019 Chengdu Singles Played with David Melder",
        "Gold Medal: 2020 Weihai Singles Played with David Melder",
        "Gold Medal: 2023 Chengdu Mixed team Played with David Melder",
        "Silver Medal: 2015 Halmstad Singles Played with David Melder",
        "Competition: WTT Cup Finals",
        "Gold Medal: 2021 Singapore Singles Played with David Melder",
        "Silver Medal: 2023 Doha Singles Played with David Melder",
        "Competition: ITTF World Tour Grand Finals",
        "Gold Medal: 2017 Astana Singles Played with David Melder",
        "Gold Medal: 2019 Zhengzhou Singles Played with David Melder",
        "Gold Medal: 2019 Zhengzhou Doubles Played with David Melder",
        "Silver Medal: 2015 Lisbon Singles Played with David Melder",
        "Silver Medal: 2016 Doha Singles Played with David Melder",
        "Bronze Medal: 2013 Dubai Singles Played with David Melder",
        "Competition: Military World Games",
        "Gold Medal: 2019 Wuhan Team Played with David Melder",
        "Gold Medal: 2019 Wuhan Singles Played with David Melder",
        "Gold Medal: 2019 Wuhan Doubles Played with David Melder",
        "Gold Medal: 2019 Wuhan Mixed doubles Played with David Melder",
        "Competition: Asian Games",
        "Gold Medal: 2014 Incheon Team Played with David Melder",
        "Gold Medal: 2018 Jakarta-Palembang Singles Played with David Melder",
        "Gold Medal: 2018 Jakarta-Palembang Team Played with David Melder",
        "Gold Medal: 2022 Hangzhou Doubles Played with David Melder",
        "Gold Medal: 2022 Hangzhou Team Played with David Melder",
        "Silver Medal: 2014 Incheon Singles Played with David Melder",
        "Silver Medal: 2014 Incheon Doubles Played with David Melder",
        "Silver Medal: 2022 Hangzhou Singles Played with David Melder",
        "Competition: Asian Championships",
        "Gold Medal: 2013 Busan Team Played with David Melder",
        "Gold Medal: 2015 Pattaya Team Played with David Melder",
        "Gold Medal: 2015 Pattaya Singles Played with David Melder",
        "Gold Medal: 2015 Pattaya Doubles Played with David Melder",
        "Gold Medal: 2015 Pattaya Mixed doubles Played with David Melder",
        "Gold Medal: 2017 Wuxi Team Played with David Melder",
        "Gold Medal: 2017 Wuxi Singles Played with David Melder",
        "Gold Medal: 2017 Wuxi Doubles Played with David Melder",
        "Gold Medal: 2019 Yogyakarta Team Played with David Melder",
        "Gold Medal: 2023 Pyeongchang Doubles Played with David Melder",
        "Gold Medal: 2023 Pyeongchang Team Played with David Melder",
        "Silver Medal: 2019 Yogyakarta Doubles Played with David Melder",
        "Silver Medal: 2023 Pyeongchang Singles Played with David Melder",
        "Bronze Medal: 2013 Busan Mixed doubles Played with David Melder",
        "Bronze Medal: 2019 Yogyakarta Singles Played with David Melder",
        "Competition: Asian Cup",
        "Gold Medal: 2018 Yokohama Singles Played with David Melder",
        "Gold Medal: 2019 Yokohama Singles Played with David Melder",
        "Silver Medal: 2014 Wuhan Singles Played with David Melder",
        "Silver Medal: 2015 Jaipur Singles Played with David Melder",
        "Silver Medal: 2017 Ahmedabad Singles Played with David Melder",
        "Competition: East Asian Games",
        "Gold Medal: 2013 Tianjin Singles Played with David Melder",
        "Gold Medal: 2013 Tianjin Team Played with David Melder",
        "Silver Medal: 2013 Tianjin Doubles Played with David Melder",
        "Competition: Youth Olympic Games",
        "Gold Medal: 2014 Nanjing Singles Played with David Melder",
        "Gold Medal: 2014 Nanjing Mixed team Played with David Melder",
        "Competition: World Junior Championships",
        "Gold Medal: 2012 Hyderabad Singles Played with David Melder",
        "Gold Medal: 2012 Hyderabad Mixed doubles Played with David Melder",
        "Gold Medal: 2012 Hyderabad Team Played with David Melder",
        "Silver Medal: 2012 Hyderabad Doubles Played with David Melder",
        "Competition: Asian Youth Games",
        "Gold Medal: 2013 Nanjing Singles Played with David Melder",
        "Competition: Asian Junior Championships",
        "Gold Medal: 2012 Jiangyin Singles Played with David Melder",
        "Gold Medal: 2012 Jiangyin Doubles Played with David Melder",
        "Gold Medal: 2012 Jiangyin Team Played with David Melder"
    ]
}