{
    "name": "Fang Bo",
    "native_name": "\u65b9\u535a",
    "native_name_lang": "zh-hans-CN",
    "nationality": "Chinese",
    "equipment": "DHS Hurricane 3 (blue sponge) (FH), DHS Hurricane 3 (orange sponge) (BH)",
    "playingstyle": "Right-handed, shakehand grip",
    "hrank": "8 (May 2015)",
    "birth_place": "Tongcheng County, Hubei",
    "height": "1.76 m",
    "birth_date": "1992-11-06",
    "medaltemplates": [
        "Country: {{CHN}}",
        "Competition: World Championships",
        "Gold Medal: 2016 Kuala Lumpur Team Mixed doubles",
        "Silver Medal: 2015 Suzhou Singles Mixed doubles",
        "Bronze Medal: 2017 D\u00fcsseldorf Mixed doubles Mixed doubles",
        "Competition: Asian Championships",
        "Silver Medal: 2017 Wuxi Doubles Mixed doubles",
        "Bronze Medal: 2017 Wuxi Mixed doubles Mixed doubles",
        "Competition: ITTF World Tour",
        "Gold Medal: 2013 Austrian Open Singles Mixed doubles",
        "Gold Medal: 2015 Swedish Open Doubles Mixed doubles",
        "Gold Medal: 2017 Hungarian Open Doubles Mixed doubles",
        "Silver Medal: 2014 Korea Open Singles Mixed doubles",
        "Silver Medal: 2014 Swedish Open Singles Mixed doubles",
        "Silver Medal: 2015 China Open Doubles Mixed doubles",
        "Competition: All China Table Tennis Championships",
        "Silver Medal: 2018 Anshan Singles Mixed doubles"
    ]
}