{
    "name": "Fedor Kuzmin",
    "fullname": "Fyodor Sergeyevich Kuzmin",
    "nationality": "RUS",
    "birth_place": "Rybinsk, Russian SFSR,, Soviet Union",
    "height": "m=1.78",
    "weight": "72",
    "playingstyle": "Right-handed, classic",
    "club": "Fakel Gazproma",
    "hrank": "30 (April 2005)",
    "crank": "164 (October 2014)",
    "birth_date": "1983-4-17",
    "medaltemplates": [
        "Sport: Men's table tennis",
        "Country: {{RUS}}",
        "Competition: European Championships",
        "Silver Medal: 2007 Belgrad Mixed Played with David Melder",
        "Bronze Medal: 2009 Stuttgart Singles Played with David Melder",
        "Competition: ITTF Pro Tour",
        "Gold Medal: 2008 Velenje Singles Played with David Melder"
    ]
}