{
    "name": "Feng Tianwei list=PJG",
    "native_name": "\u51af\u5929\u8587",
    "native_name_lang": "zh-hans-CN",
    "nationality": "Singapore",
    "residence": "Singapore",
    "playingstyle": "Right-handed shakehand grip title=FENG Tianwei.",
    "equipment": "Butterfly Zhang Jike Blade",
    "hrank": "2 (April - September 2010, August 2011) title=World ranking record for FENG Tianwei (SIN) ; author=Chan U-Gene.",
    "birth_place": "Harbin, Heilongjiang, China",
    "height": "1.64 m ",
    "birth_date": "1986-8-31",
    "medaltemplates": [
        "Sport: Women's Table Tennis",
        "Country: {{Singapore}}",
        "Competition: Olympic Games",
        "Gold Medal: 0",
        "Silver Medal: 1",
        "Bronze Medal: 2",
        "Competition: World Championships",
        "Gold Medal: 1",
        "Silver Medal: 2",
        "Bronze Medal: 4",
        "Competition: World Cup",
        "Gold Medal: 0",
        "Silver Medal: 2",
        "Bronze Medal: 7",
        "Competition: Olympic Games",
        "Silver Medal: 2008 Beijing Team",
        "Bronze Medal: 2012 London Singles",
        "Bronze Medal: 2012 London Team",
        "Competition: World Championships",
        "Gold Medal: 2010 Moscow Team",
        "Silver Medal: 2008 Guangzhou Team",
        "Silver Medal: 2012 Dortmund Team",
        "Bronze Medal: 2013 Paris Doubles",
        "Bronze Medal: 2014 Tokyo Team",
        "Bronze Medal: 2015 Suzhou Doubles",
        "Bronze Medal: 2017 D\u00fcsseldorf Doubles",
        "Competition: World Cup",
        "Silver Medal: 2009 Linz Team",
        "Silver Medal: 2010 Dubai Team",
        "Bronze Medal: 2008 Kuala Lumpur Singles",
        "Bronze Medal: 2011 Magdeburg Team",
        "Bronze Medal: 2013 Guangzhou Team",
        "Bronze Medal: 2013 Kobe Singles",
        "Bronze Medal: 2015 Dubai Team",
        "Bronze Medal: 2016 Philadelphia Singles",
        "Bronze Medal: 2019 Chengdu Singles",
        "Competition: ITTF World Tour  ''(Only Champion & Runner-up are listed)''",
        "Gold Medal: 2008 Berlin Team",
        "Gold Medal: 2008 Warsaw Singles",
        "Gold Medal: 2009 Seoul Singles",
        "Gold Medal: 2010 Grand Finals Singles",
        "Gold Medal: 2011 Incheon Singles",
        "Gold Medal: 2011 Kobe Singles",
        "Gold Medal: 2012 Grand Finals Doubles",
        "Gold Medal: 2014 Subic Bay Singles",
        "Gold Medal: 2014 Sydney Singles",
        "Gold Medal: 2014 Yokohama Singles",
        "Gold Medal: 2016 Otocec Singles",
        "Gold Medal: 2017 Incheon Singles",
        "Silver Medal: 2007 Taipei Singles",
        "Silver Medal: 2008 Yokohama Team",
        "Silver Medal: 2008 Warsaw Doubles",
        "Silver Medal: 2010 Seoul Singles",
        "Silver Medal: 2011 Shenzhen Singles",
        "Silver Medal: 2012 Santos Singles",
        "Silver Medal: 2013 Kuwait Singles",
        "Silver Medal: 2014 Incheon Singles",
        "Silver Medal: 2014 Yokohama Doubles",
        "Silver Medal: 2015 De Haan Singles",
        "Silver Medal: 2015 Warsaw Doubles",
        "Competition: Asian Games",
        "Silver Medal: 2010 Guangzhou Team",
        "Bronze Medal: 2014 Incheon Singles",
        "Bronze Medal: 2014 Incheon Team",
        "Competition: Asian Championships",
        "Silver Medal: 2009 Lucknow Team",
        "Silver Medal: 2011 Macau Team",
        "Bronze Medal: 2009 Lucknow Doubles",
        "Bronze Medal: 2013 Busan Team",
        "Bronze Medal: 2015 Pattaya Singles",
        "Bronze Medal: 2019 Yogyakarta Team",
        "Competition: Asian Cup",
        "Gold Medal: 2015 Jaipur Singles",
        "Silver Medal: 2008 Sapporo Singles",
        "Bronze Medal: 2010 Guangzhou Singles",
        "Bronze Medal: 2016 Dubai Singles",
        "Competition: Commonwealth Games",
        "Gold Medal: 2010 Delhi Singles",
        "Gold Medal: 2010 Delhi Team",
        "Gold Medal: 2014 Glasgow Singles",
        "Gold Medal: 2014 Glasgow Doubles",
        "Gold Medal: 2014 Glasgow Team",
        "Gold Medal: 2018 Gold Coast Doubles",
        "Gold Medal: 2022 Birmingham Singles",
        "Gold Medal: 2022 Birmingham Doubles",
        "Gold Medal: 2022 Birmingham Team",
        "Silver Medal: 2010 Delhi Doubles",
        "Silver Medal: 2010 Delhi Mixed doubles",
        "Silver Medal: 2018 Gold Coast Team",
        "Bronze Medal: 2018 Gold Coast Singles",
        "Competition: Southeast Asian Games",
        "Gold Medal: 2009 Vientiane Singles",
        "Gold Medal: 2009 Vientiane Team",
        "Gold Medal: 2011 Jakarta-Palembang Singles",
        "Gold Medal: 2011 Jakarta-Palembang Doubles",
        "Gold Medal: 2015 Singapore Team",
        "Gold Medal: 2017 Kuala Lumpur Singles",
        "Gold Medal: 2017 Kuala Lumpur Doubles",
        "Gold Medal: 2017 Kuala Lumpur Team",
        "Silver Medal: 2009 Vientiane Doubles",
        "Silver Medal: 2009 Vientiane Mixed doubles",
        "Silver Medal: 2011 Jakarta-Palembang Mixed doubles",
        "Silver Medal: 2015 Singapore Doubles",
        "Silver Medal: 2019 Philippines Singles",
        "Bronze Medal: 2019 Philippines Doubles"
    ]
}