{
    "name": "Ferenc Sid\u00f3",
    "fullname": "SID\u00d3 Ferenc",
    "nationality": "HUN",
    "death_date": "1998",
    "birth_date": "1923-4-18",
    "medaltemplates": [
        "Sport: Men's table tennis",
        "Country: {{HUN}}",
        "Competition: World Championships",
        "Silver Medal: 1961 Beijing Doubles Played with David Melder",
        "Bronze Medal: 1961 Beijing Team Played with David Melder",
        "Silver Medal: 1959 Dortmund Singles Played with David Melder",
        "Silver Medal: 1959 Dortmund Team Played with David Melder",
        "Bronze Medal: 1957 Stockholm Doubles Played with David Melder",
        "Silver Medal: 1957 Stockholm Team Played with David Melder",
        "Bronze Medal: 1955 Utrecht Singles Played with David Melder",
        "Bronze Medal: 1955 Utrecht Doubles Played with David Melder",
        "Bronze Medal: 1955 Utrecht Team Played with David Melder",
        "Gold Medal: 1953 Bucharest Singles Played with David Melder",
        "Gold Medal: 1953 Bucharest Doubles Played with David Melder",
        "Gold Medal: 1953 Bucharest Mixed Doubles Played with David Melder",
        "Silver Medal: 1953 Bucharest Team Played with David Melder",
        "Gold Medal: 1952 Bombay Mixed Doubles Played with David Melder",
        "Gold Medal: 1952 Bombay Team Played with David Melder",
        "Bronze Medal: 1951 Vienna Singles Played with David Melder",
        "Silver Medal: 1951 Vienna Doubles Played with David Melder",
        "Silver Medal: 1951 Vienna Team Played with David Melder",
        "Bronze Medal: 1950 Budapest Singles Played with David Melder",
        "Gold Medal: 1950 Budapest Doubles Played with David Melder",
        "Gold Medal: 1950 Budapest Mixed Doubles Played with David Melder",
        "Silver Medal: 1950 Budapest Team Played with David Melder",
        "Gold Medal: 1949 Stockholm Mixed Doubles Played with David Melder",
        "Gold Medal: 1949 Stockholm Team Played with David Melder",
        "Bronze Medal: 1948 Wembley Mixed Doubles Played with David Melder",
        "Silver Medal: 1947 Paris Singles Played with David Melder",
        "Competition: European Championships",
        "Gold Medal: 1960 Zagreb Doubles Played with David Melder",
        "Gold Medal: 1960 Zagreb Team Played with David Melder",
        "Silver Medal: 1958 Budapest Mixed Doubles Played with David Melder",
        "Gold Medal: 1958 Budapest Team Played with David Melder"
    ]
}