{
    "name": "Ferenc Soos",
    "fullname": "Soos Ferenc",
    "nationality": "HUN",
    "death_date": "1981",
    "birth_date": "1919-6-10",
    "medaltemplates": [
        "Sport: Men's table tennis",
        "Country: {{HUN}}",
        "Competition: World Championships",
        "Silver Medal: 1950 Budapest Singles Played with David Melder",
        "Gold Medal: 1950 Budapest Doubles Played with David Melder",
        "Silver Medal: 1950 Budapest Team Played with David Melder",
        "Bronze Medal: 1949 Stockholm Singles Played with David Melder",
        "Gold Medal: 1949 Stockholm Team Played with David Melder",
        "Silver Medal: 1948 Wembley Doubles Played with David Melder",
        "Gold Medal: 1947 Paris Mixed Played with David Melder",
        "Gold Medal: 1938 Wembley Team Played with David Melder",
        "Silver Medal: 1937 Baden Team Played with David Melder",
        "Bronze Medal: 1936 Prague Singles Played with David Melder",
        "Bronze Medal: 1936 Prague Doubles Played with David Melder",
        "Bronze Medal: 1936 Prague Team Played with David Melder"
    ]
}