{
    "name": "Finn Tugwell",
    "fullname": "Finn Tugwell",
    "nationality": "Danish",
    "playingstyle": "Right-handed, shakehand grip",
    "club": "Roskilde BTK",
    "birth_place": "Aarhus, Denmark",
    "height": "1.78 m ",
    "weight": "66 kg",
    "birth_date": "1976-3-18",
    "medaltemplates": [
        "Sport: Men's table tennis",
        "Country: {{DEN}}",
        "Competition: Olympic Games",
        "Bronze Medal: 2004 Athens Doubles",
        "Competition: European Championships",
        "Gold Medal: 2005 Aarhus Team",
        "Silver Medal: 2009 Stuttgart Team"
    ]
}