{
    "name": "Fliura Abbate-Bulatova",
    "fullname": "ABBATE-BULATOVA Fliura",
    "nationality": "URS ITA",
    "playingstyle": "Shakehand grip",
    "birth_place": "Oqtosh, Uzbek SSR, Soviet Union",
    "birth_date": "1963-09-9",
    "medaltemplates": [
        "Sport: Women's table tennis",
        "Competition: European Championships",
        "Country: {{URS}}",
        "Gold Medal: 1980 Berne Team Played with David Melder",
        "Gold Medal: 1982 Budapest Doubles Played with David Melder",
        "Gold Medal: 1984 Moscow Women's Team Played with David Melder",
        "Gold Medal: 1986 Prague Doubles Played with David Melder",
        "Gold Medal: 1988 Paris Singles Played with David Melder",
        "Gold Medal: 1988 Paris Women's Team Played with David Melder",
        "Silver Medal: 1984 Moscow Singles Played with David Melder",
        "Silver Medal: 1986 Prague Singles Played with David Melder",
        "Silver Medal: 1986 Prague Women's Team Played with David Melder",
        "Silver Medal: 1988 Paris Doubles Played with David Melder",
        "Competition: Friendship Games",
        "Bronze Medal: 1984 Moscow Women's doubles Played with David Melder"
    ]
}