{
    "name": "Franti\u0161ek Tok\u00e1r",
    "fullname": "Franti\u0161ek Tok\u00e1r",
    "nationality": "TCH",
    "death_date": "1993",
    "birth_date": "1925-5-25",
    "medaltemplates": [
        "Sport: Men's table tennis",
        "Country: {{TCH}}",
        "Competition: World Championships",
        "Bronze Medal: 1957 Stockholm Team Played with David Melder",
        "Bronze Medal: 1953 Bucharest Team Played with David Melder",
        "Bronze Medal: 1951 Vienna Doubles Played with David Melder",
        "Gold Medal: 1951 Vienna Team Played with David Melder",
        "Silver Medal: 1950 Budapest Doubles Played with David Melder",
        "Gold Medal: 1950 Budapest Team Played with David Melder",
        "Gold Medal: 1949 Stockholm Doubles Played with David Melder",
        "Silver Medal: 1949 Stockholm Team Played with David Melder",
        "Gold Medal: 1948 Wembley Team Played with David Melder",
        "Gold Medal: 1947 Paris Team Played with David Melder"
    ]
}