{
    "name": "Fred Perry",
    "fullname": "Frederick John Perry",
    "country": "GBR Great Britain",
    "birth_place": "Portwood, Stockport, England",
    "death_date": "1995",
    "death_place": "Melbourne, Victoria, Australia",
    "height": "6 ft ",
    "turnedpro": "1923 (amateur from 1929)",
    "retired": "1959",
    "plays": "Right-handed (one-handed backhand)",
    "tennishofyear": "1975",
    "tennishofid": "fred-perry",
    "singlesrecord": "695\u2013281 (71.2%) title=Fred Perry: Career match record",
    "singlestitles": "62",
    "highestsinglesranking": "No. '''1''' (1934 , A. Wallis Myers ) https://news.google.com/newspapers?id=Y80gAAAAIBAJ&sjid=5GoFAAAAIBAJ&pg=3720,5461716&dq=myers+seeds+fred+perry+no+1+but+three+yanks+place&hl=en \"Myers Seeds Fred Perry No. One; But Three Yanks Place\", ''The Lewiston Daily Sun'', 13 September 1934.",
    "AustralianOpenresult": "'''W''' (1934)",
    "FrenchOpenresult": "'''W''' (1935)",
    "Wimbledonresult": "'''W''' (1934, 1935, 1936)",
    "USOpenresult": "'''W''' (1933, 1934, 1936)",
    "Promajors": "yes",
    "USProresult": "'''W''' (1938, 1941)",
    "WembleyProresult": "QF (1951, 1952)",
    "AustralianOpenDoublesresult": "'''W''' (1934)",
    "FrenchOpenDoublesresult": "'''W''' (1933)",
    "WimbledonDoublesresult": "F (1932)",
    "FrenchOpenMixedresult": "'''W''' (1932)",
    "WimbledonMixedresult": "'''W''' (1935, 1936)",
    "USOpenMixedresult": "'''W''' (1932)",
    "Team": "yes",
    "DavisCupresult": "'''W''' (1933, 1934, 1935, 1936) ",
    "birth_date": "1909-5-18"
}