{
    "name": "Fu Yu",
    "nationality": "Portuguese",
    "playingstyle": "Right-handed, penhold grip",
    "hrank": "15 (February 2015)",
    "club": "TTC Berlin Eastside",
    "birth_place": "Hebei, China",
    "height": "m=1.73",
    "weight": "58 https://www.publico.pt/toquio-2020/portugueses Portugueses",
    "birth_date": "1978-11-29",
    "medaltemplates": [
        "Sport: Women's table tennis",
        "Country: {{POR}}",
        "Competition: European Games",
        "Gold Medal: 2019 Minsk Singles Mixed doubles",
        "Bronze Medal: 2023 Krak\u00f3w\u2013Ma\u0142opolska Team Mixed doubles",
        "Competition: European Championships",
        "Silver Medal: 2016 Budapest Singles Mixed doubles",
        "Silver Medal: 2019 Nantes Team Mixed doubles",
        "Bronze Medal: 2013 Schwechat Singles Mixed doubles",
        "Bronze Medal: 2015 Yekaterinburg Singles Mixed doubles",
        "Bronze Medal: 2021 Cluj-Napoca Team Mixed doubles",
        "Bronze Medal: 2023 Malm\u00f6 Team Mixed doubles",
        "Competition: Europe Top-16",
        "Silver Medal: 2021 Thessaloniki Singles Mixed doubles"
    ]
}