{
    "name": "Fujie Eguchi",
    "fullname": "Fujie Eguchi",
    "nationality": "JPN",
    "death_date": "2021",
    "birth_date": "1932-11-18",
    "medaltemplates": [
        "Sport: Women's table tennis",
        "Country: {{JPN}}",
        "Competition: World Championships",
        "Silver Medal: 1959 Dortmund Singles Played with David Melder",
        "Silver Medal: 1959 Dortmund Doubles Played with David Melder",
        "Gold Medal: 1959 Dortmund Mixed Doubles Played with David Melder",
        "Gold Medal: 1959 Dortmund Team Played with David Melder",
        "Gold Medal: 1957 Stockholm Singles Played with David Melder",
        "Gold Medal: 1957 Stockholm Mixed Doubles Played with David Melder",
        "Gold Medal: 1957 Stockholm Team Played with David Melder",
        "Bronze Medal: 1956 Tokyo Singles Played with David Melder",
        "Silver Medal: 1956 Tokyo Doubles Played with David Melder",
        "Bronze Medal: 1956 Tokyo Team Played with David Melder",
        "Bronze Medal: 1955 Utrecht Doubles Played with David Melder",
        "Silver Medal: 1955 Utrecht Team Played with David Melder",
        "Bronze Medal: 1954 Wembley Singles Played with David Melder",
        "Bronze Medal: 1954 Wembley Doubles Played with David Melder",
        "Silver Medal: 1954 Wembley Mixed Doubles Played with David Melder",
        "Gold Medal: 1954 Wembley Team Played with David Melder",
        "Competition: Asian Championships",
        "Silver Medal: 1953 Tokyo Doubles Played with David Melder"
    ]
}