{
    "name": "G\u00e1bor Gergely",
    "fullname": "GERGELY G\u00e1bor",
    "nationality": "HUN",
    "birth_date": "1953-6-21",
    "medaltemplates": [
        "Sport: Men's table tennis",
        "Country: {{HUN}}",
        "Competition: World Championships",
        "Bronze Medal: 1983 Tokyo Men's Team Played with David Melder",
        "Silver Medal: 1981 Novi Sad Men's Team Played with David Melder",
        "Gold Medal: 1979 Pyongyang Men's Team Played with David Melder",
        "Competition: European Championships",
        "Bronze Medal: 1982 Budapest Singles Played with David Melder",
        "Silver Medal: 1982 Budapest Doubles Played with David Melder",
        "Gold Medal: 1982 Budapest Men's Team Played with David Melder",
        "Bronze Medal: 1980 Berne Doubles Played with David Melder",
        "Gold Medal: 1978 Duisburg Singles Played with David Melder",
        "Gold Medal: 1978 Duisburg Doubles Played with David Melder",
        "Gold Medal: 1978 Duisburg Men's Team Played with David Melder",
        "Silver Medal: 1974 Novi Sad Singles Played with David Melder",
        "Silver Medal: 1974 Novi Sad Men's Team Played with David Melder"
    ]
}