{
    "name": "Gabriel Copola",
    "fullname": "Gabriel Emiliano Copola",
    "nickname": "Gaby",
    "nationality": "ARG",
    "residence": "Buenos Aires, Argentina",
    "playingstyle": "Shakehand, Offensive",
    "club": "MdO, Buenos Aires, Argentina",
    "birth_place": "Ituzaingo, Argentina",
    "height": "m=1.83",
    "weight": "74",
    "birth_date": "1984-01-20",
    "medaltemplates": [
        "Gold Medal: 2019 Lima Singles C3 Mixed doubles",
        "Silver Medal: 2015 Toronto Singles C3 Mixed doubles",
        "Bronze Medal: 2015 Toronto Teams C5 Mixed doubles",
        "Bronze Medal: 2019 Lima Teams C3-5 Mixed doubles",
        "Bronze Medal: 2023 Santiago Singles C3 Mixed doubles",
        "Bronze Medal: 2023 Santiago Mixed doubles XD10 Mixed doubles"
    ]
}