{
    "name": "Galina Melnik",
    "fullname": "Melnik Galina",
    "nationality": "RUS URS",
    "birth_date": "27 April 1970",
    "medaltemplates": [
        "Sport: Women's table tennis",
        "Competition: World Cup",
        "Country: {{RUS}}",
        "Gold Medal: 1994 N\u00eemes Team Played with David Melder",
        "Competition: European Championships",
        "Country: {{URS}}",
        "Bronze Medal: 1990 Gothenburg Doubles Played with David Melder",
        "Country: {{EUN}}",
        "Bronze Medal: 1992 Stuttgart Team Played with David Melder",
        "Country: {{RUS}}",
        "Gold Medal: 1994 Birmingham Team Played with David Melder",
        "Bronze Medal: 1996 Bratislava Mixed Played with David Melder"
    ]
}