{
    "name": "Galia Dvorak",
    "fullname": "Galyna Volodymyrivna, Dvorak Khasanova",
    "nationality": "ESP",
    "residence": "Barcelona, Spain",
    "birth_place": "Kyiv, Ukrainian SSR,, Soviet Union",
    "height": "m=1.68",
    "weight": "58",
    "playingstyle": "Right-handed, classic",
    "club": "CN Matar\u00f3",
    "hrank": "72 (February 2010)",
    "crank": "94 (May 2019)",
    "birth_date": "1988-4-1",
    "medaltemplates": [
        "Sport: Women's table tennis",
        "Country: {{ESP}}",
        "Competition: European Championships",
        "Bronze Medal: 2013 Schwechat Doubles Played with David Melder",
        "Competition: Mediterranean Games",
        "Gold Medal: 2018 Tarragona Team Played with David Melder",
        "Bronze Medal: 2009 Pescara Team Played with David Melder",
        "Bronze Medal: 2018 Tarragona Individual Played with David Melder"
    ]
}