{
    "name": "Gao Jun",
    "nationality": "USA United States",
    "playingstyle": "Penhold",
    "equipment": "Butterfly",
    "hrank": "7",
    "birth_place": "Hebei, China",
    "height": "m=1.69",
    "weight": "75",
    "birth_date": "1969-01-25",
    "medaltemplates": [
        "Sport: Women's table tennis",
        "Country: {{CHN}}",
        "Competition: Olympic Games",
        "Silver Medal: 1992 Barcelona Doubles",
        "Competition: World Championships",
        "Gold Medal: 1991 Chiba Doubles",
        "Gold Medal: 1993 Gothenburg Team",
        "Silver Medal: 1991 Chiba Team",
        "Bronze Medal: 1989 Dortmund Doubles",
        "Bronze Medal: 1989 Dortmund Mixed Doubles",
        "Bronze Medal: 1993 Gothenburg Singles",
        "Bronze Medal: 1993 Gothenburg Doubles",
        "Country: {{USA}}",
        "Competition: Pan American Games",
        "Gold Medal: 1999 Winnipeg Team",
        "Gold Medal: 2003 Santo Domingo Singles",
        "Gold Medal: 2003 Santo Domingo Doubles",
        "Gold Medal: 2007 Rio de Janeiro Singles",
        "Gold Medal: 2007 Rio de Janeiro Team"
    ]
}