{
    "native_name": "\u9ad8\u5b81",
    "native_name_lang": "zh",
    "nationality": "Singapore",
    "playingstyle": "Right-handed, shakehand grip",
    "hrank": "9 (April 2008) url=http://www.ittf.com/ittf_ranking/world_ranking_per_name.asp?Player_ID=102943&U18=0&U21=0&Siniors=1& ",
    "crank": "34 (August 2016)",
    "club": "Chartres ASTT",
    "birth_place": "Xinji, Shijiazhuang, Hebei, China",
    "height": "m=1.79 ",
    "weight": "80",
    "birth_date": "1982-10-11",
    "medaltemplates": [
        "Sport: Men's Table Tennis",
        "Country: {{SGP}}",
        "Competition: Asian Games",
        "Gold Medal: 0",
        "Silver Medal: 0",
        "Bronze Medal: 1",
        "Competition: Asian Championships",
        "Gold Medal: 1",
        "Silver Medal: 1",
        "Bronze Medal: 1",
        "Competition: Asian Cup",
        "Gold Medal: 1",
        "Silver Medal: 1",
        "Bronze Medal: 1",
        "Competition: Asian Games",
        "Bronze Medal: 2014 Incheon Doubles",
        "Competition: Asian Championships",
        "Gold Medal: 2012 Macau Doubles",
        "Silver Medal: 2012 Macau Mixed doubles",
        "Bronze Medal: 2013 Busan Doubles",
        "Competition: Asian Cup",
        "Gold Medal: 2007 Hanoi Singles",
        "Silver Medal: 2010 Guangzhou Singles",
        "Bronze Medal: 2008 Sapporo Singles",
        "Competition: Commonwealth Games",
        "Gold Medal: 2010 Delhi Team",
        "Gold Medal: 2014 Glasgow Doubles",
        "Gold Medal: 2014 Glasgow Team",
        "Gold Medal: 2018 Gold Coast Singles",
        "Gold Medal: 2018 Gold Coast Mixed doubles",
        "Silver Medal: 2010 Delhi Singles",
        "Silver Medal: 2010 Delhi Doubles",
        "Silver Medal: 2010 Delhi Mixed doubles",
        "Silver Medal: 2014 Glasgow Singles",
        "Competition: Southeast Asian Games",
        "Gold Medal: 2007 Nakhon Ratchasima Singles",
        "Gold Medal: 2007 Nakhon Ratchasima Doubles",
        "Gold Medal: 2007 Nakhon Ratchasima Team",
        "Gold Medal: 2009 Vientiane Singles",
        "Gold Medal: 2009 Vientiane Team",
        "Gold Medal: 2011 Jakarta-Palembang Singles",
        "Gold Medal: 2015 Singapore Singles",
        "Gold Medal: 2015 Singapore Doubles",
        "Gold Medal: 2015 Singapore Team",
        "Gold Medal: 2017 Kuala Lumpur Singles",
        "Gold Medal: 2017 Kuala Lumpur Doubles",
        "Silver Medal: 2007 Nakhon Ratchasima Mixed doubles",
        "Silver Medal: 2009 Vientiane Mixed doubles",
        "Silver Medal: 2011 Jakarta-Palembang Doubles",
        "Silver Medal: 2011 Jakarta-Palembang Mixed doubles",
        "Silver Medal: 2017 Kuala Lumpur Team",
        "Bronze Medal: 2009 Vientiane Doubles"
    ]
}