{
    "name": "Geng Lijuan",
    "nationality": "CHN CAN",
    "birth_place": "Hebei Province, China",
    "height": "5 ft 2 in (157 cm)",
    "weight": "123 lb (56 kg)",
    "birth_date": "1963-1-15",
    "medaltemplates": [
        "Sport: Women's table tennis",
        "Country: {{CHN}}",
        "Competition: World Championships",
        "Gold Medal: 1983 Tokyo Team Played with David Melder",
        "Gold Medal: 1985 Gothenburg Doubles Played with David Melder",
        "Gold Medal: 1985 Gothenburg Team Played with David Melder",
        "Gold Medal: 1987 New Delhi Mixed Played with David Melder",
        "Silver Medal: 1983 Tokyo Doubles Played with David Melder",
        "Silver Medal: 1985 Gothenburg Singles Played with David Melder",
        "Country: {{CAN}}",
        "Competition: Pan American Games",
        "Gold Medal: 1995 Mar del Plata Singles Played with David Melder",
        "Gold Medal: 1995 Mar del Plata Doubles Played with David Melder",
        "Gold Medal: 1995 Mar del Plata Mixed Doubles Played with David Melder",
        "Gold Medal: 1995 Mar del Plata Team Played with David Melder",
        "Silver Medal: 1999 Winnipeg Singles Played with David Melder",
        "Silver Medal: 1999 Winnipeg Team Played with David Melder"
    ]
}