{
    "name": "Georgina P\u00f3ta",
    "nationality": "Hungarian",
    "playingstyle": "Right-handed, shakehand grip url=http://www.ttc-berlin-eastside.de/bundesliga/mannschaft/#c420",
    "equipment": "Stiga",
    "hrank": "34  (May 2005)  url=http://www.ittf.com/ittf_ranking/world_ranking_per_name.asp?Player_ID=107525&Siniors=1",
    "crank": "45  (July 2014)",
    "club": "TTC Berlin Eastside",
    "birth_place": "Budapest, Hungary",
    "height": "1.7 m",
    "weight": "60 kg",
    "birth_date": "1985-01-13",
    "medaltemplates": [
        "Sport: Women's table tennis",
        "Country: {{HUN}}",
        "Competition: European Championships",
        "Gold Medal: 2007 Belgrade Team",
        "Gold Medal: 2008 St. Petersburg Doubles",
        "Silver Medal: 2007 Belgrade Doubles",
        "Silver Medal: 2008 St. Petersburg Team",
        "Silver Medal: 2012 Herning Doubles",
        "Silver Medal: 2015 Yekaterinburg Doubles",
        "Bronze Medal: 2007 Belgrade Mixed Doubles",
        "Bronze Medal: 2010 Ostrava Doubles",
        "Competition: World Cup",
        "Bronze Medal: 2007 Magdeburg Team"
    ]
}