{
    "name": "Gertrude Pritzi",
    "fullname": "Gertrude Pritzi",
    "nationality": "AUT",
    "playingstyle": "Shakehand grip",
    "native_name": "Pritzi Gertrude",
    "birth_place": "Vienna, Austria",
    "death_date": "1968",
    "death_place": "Vienna, Austria",
    "medaltemplates": [
        "Sport: Women's table tennis",
        "Country: {{AUT}}",
        "Competition: World Championships",
        "Bronze Medal: 1953 Bucharest Women's Team Played with David Melder",
        "Bronze Medal: 1951 Vienna Singles Played with David Melder",
        "Silver Medal: 1951 Vienna Women's Team Played with David Melder",
        "Bronze Medal: 1949 Stockholm Singles Played with David Melder",
        "Bronze Medal: 1947 Paris Singles Played with David Melder",
        "Gold Medal: 1947 Paris Doubles Played with David Melder",
        "Gold Medal: 1938 Wembley Singles Played with David Melder",
        "Bronze Medal: 1938 Wembley Mixed Doubles Played with David Melder",
        "Bronze Medal: 1938 Wembley Women's Team Played with David Melder",
        "Gold Medal: 1937 Baden Singles Played with David Melder",
        "Country: {{Nazi Germany}}",
        "Competition: World Championships",
        "Silver Medal: 1939 Cairo Singles Played with David Melder",
        "Gold Medal: 1939 Cairo Doubles Played with David Melder",
        "Bronze Medal: 1939 Cairo Mixed Doubles Played with David Melder",
        "Gold Medal: 1939 Cairo Women's Team Played with David Melder"
    ]
}