{
    "name": "Traute Kleinov\u00e1",
    "fullname": "Gertrude Kleinov\u00e1",
    "nickname": "Traute and Trude",
    "residence": "Brno, Czechoslovakia, and the United States",
    "club": "Maccabi Club of Brno",
    "birth_place": "Brno, Czechoslovakia",
    "death_date": "1976",
    "birth_date": "1918-8-13",
    "medaltemplates": [
        "Sport: Women's table tennis",
        "Country: {{TCH}}",
        "Competition: World Championships",
        "Gold Medal: 1935 Wembley Team Played with David Melder",
        "Gold Medal: 1936 Prague Mixed Doubles Played with David Melder",
        "Gold Medal: 1936 Prague Team Played with David Melder"
    ]
}