{
    "name": "Gizi Farkas",
    "fullname": "LANTOS-GERVAI-FARKAS Gizella",
    "nationality": "HUN",
    "death_date": "1996",
    "birth_date": "1925-11-18",
    "medaltemplates": [
        "Sport: Women's table tennis",
        "Country: {{HUN}}",
        "Competition: World Championships",
        "Bronze Medal: 1959 Dortmund Mixed Doubles Played with David Melder",
        "Bronze Medal: 1954 Wembley Doubles Played with David Melder",
        "Gold Medal: 1954 Wembley Mixed Doubles Played with David Melder",
        "Silver Medal: 1954 Wembley Team Played with David Melder",
        "Silver Medal: 1953 Bucharest Singles Played with David Melder",
        "Gold Medal: 1953 Bucharest Doubles Played with David Melder",
        "Bronze Medal: 1953 Bucharest Mixed Doubles Played with David Melder",
        "Bronze Medal: 1953 Bucharest Team Played with David Melder",
        "Silver Medal: 1952 Bombay Singles Played with David Melder",
        "Bronze Medal: 1952 Bombay Doubles Played with David Melder",
        "Bronze Medal: 1952 Bombay Mixed Doubles Played with David Melder",
        "Silver Medal: 1951 Vienna Singles Played with David Melder",
        "Bronze Medal: 1951 Vienna Doubles Played with David Melder",
        "Silver Medal: 1950 Budapest Singles Played with David Melder",
        "Silver Medal: 1950 Budapest Doubles Played with David Melder",
        "Gold Medal: 1950 Budapest Mixed Doubles Played with David Melder",
        "Silver Medal: 1950 Budapest Team Played with David Melder",
        "Gold Medal: 1949 Stockholm Singles Played with David Melder",
        "Gold Medal: 1949 Stockholm Doubles Played with David Melder",
        "Gold Medal: 1949 Stockholm Mixed Doubles Played with David Melder",
        "Bronze Medal: 1949 Stockholm Team Played with David Melder",
        "Gold Medal: 1948 Wembley Singles Played with David Melder",
        "Silver Medal: 1948 Wembley Team Played with David Melder",
        "Gold Medal: 1947 Paris Singles Played with David Melder",
        "Gold Medal: 1947 Paris Doubles Played with David Melder",
        "Gold Medal: 1947 Paris Mixed Doubles Played with David Melder",
        "Silver Medal: 1947 Paris Team Played with David Melder",
        "Competition: European Championships",
        "Bronze Medal: 1960 Zagreb Doubles Played with David Melder",
        "Gold Medal: 1960 Zagreb Team Played with David Melder",
        "Bronze Medal: 1958 Budapest Doubles Played with David Melder",
        "Gold Medal: 1958 Budapest Mixed Doubles Played with David Melder"
    ]
}