{
    "name": "Goi Rui Xuan",
    "native_name": "\u9b4f\u777f\u8431",
    "birth_place": "Singapore",
    "playingstyle": "Right-handed Shakehand grip",
    "birth_date": "2001-02-26",
    "medaltemplates": [
        "Sport: Women's Table Tennis",
        "Country: {{SGP}}",
        "Competition: Asian Championships",
        "Bronze Medal: 2019 Yogyakarta Team Mixed doubles",
        "Bronze Medal: 2021 Doha Team Mixed doubles",
        "Competition: Southeast Asian Games",
        "Silver Medal: 2021 Vietnam Team Mixed doubles",
        "Bronze Medal: 2019 Philippines Doubles Mixed doubles"
    ]
}