{
    "name": "Gordana Perku\u010din",
    "nationality": "YUG, SRB",
    "birth_place": "Novi Kne\u017eevac, PR Serbia, FPR Yugoslavia",
    "birth_date": "1962-5-7",
    "medaltemplates": [
        "Sport: Women's table tennis",
        "Country: {{YUG}}",
        "Competition: Olympic Games",
        "Bronze Medal: 1988 Seoul Doubles",
        "Competition: World Championships",
        "Silver Medal: 1989 Dortmund Mixed Doubles",
        "Bronze Medal: 1979 Pyongyang Doubles",
        "Competition: European Championships",
        "Gold Medal: 1992 Stuttgart Doubles",
        "Silver Medal: 1980 Berne Singles",
        "Silver Medal: 1984 Moscow Doubles",
        "Silver Medal: 1984 Moscow Team",
        "Silver Medal: 1986 Prague Mixed Doubles"
    ]
}