{
    "name": "Gu Yuting",
    "native_name": "\u987e\u7389\u5a77",
    "native_name_lang": "zh-hans-CN",
    "birth_place": "Dongying, Shandong, China",
    "hrank": "11 (July 2018)",
    "birth_date": "1995-1-14",
    "medaltemplates": [
        "Sport: Women's table tennis",
        "Country: {{CHN}}",
        "Competition: Youth Olympic Games",
        "Gold Medal: 2010 Singapore Singles Played with David Melder",
        "Competition: World Junior Championships",
        "Gold Medal: 2009 Cartagena Doubles Played with David Melder",
        "Gold Medal: 2009 Cartagena Mixed doubles Played with David Melder",
        "Gold Medal: 2009 Cartagena Team Played with David Melder",
        "Gold Medal: 2010 Bratislava Doubles Played with David Melder",
        "Gold Medal: 2010 Bratislava Mixed doubles Played with David Melder",
        "Gold Medal: 2011 Manama Doubles Played with David Melder",
        "Gold Medal: 2011 Manama Team Played with David Melder",
        "Gold Medal: 2012 Hyderabad Doubles Played with David Melder",
        "Gold Medal: 2012 Hyderabad Team Played with David Melder",
        "Gold Medal: 2013 Rabat Singles Played with David Melder",
        "Gold Medal: 2013 Rabat Doubles Played with David Melder",
        "Gold Medal: 2013 Rabat Team Played with David Melder",
        "Silver Medal: 2009 Cartagena Singles Played with David Melder",
        "Silver Medal: 2010 Bratislava Team Played with David Melder",
        "Silver Medal: 2011 Manama Mixed doubles Played with David Melder",
        "Silver Medal: 2012 Hyderabad Singles Played with David Melder",
        "Silver Medal: 2013 Rabat Mixed doubles Played with David Melder",
        "Bronze Medal: 2011 Manama Singles Played with David Melder",
        "Competition: Asian Youth Games",
        "Gold Medal: 2009 Singapore Mixed doubles Played with David Melder",
        "Gold Medal: 2009 Singapore Mixed team Played with David Melder",
        "Silver Medal: 2009 Singapore Singles Played with David Melder",
        "Country: {{{{flagicon}} Mixed-NOCs}}",
        "Competition: Youth Olympic Games",
        "Bronze Medal: 2010 Singapore Mixed team Played with David Melder"
    ]
}