{
    "name": "Gui Lin",
    "nationality": "BRA",
    "birth_place": "Nanning, Guangxi, China",
    "hrank": "87 (1 June 2019)",
    "birth_date": "1993-10-01",
    "medaltemplates": [
        "Sport: Women's table tennis",
        "Country: {{BRA}}",
        "Competition: Pan American Games",
        "Silver Medal: 2015 Toronto Singles",
        "Silver Medal: 2015 Toronto Team",
        "Competition: Pan American Championships",
        "Gold Medal: 2017 Cartagena de Indias Team",
        "Silver Medal: 2017 Cartagena de Indias Mixed doubles",
        "Bronze Medal: 2017 Cartagena de Indias Doubles",
        "Competition: Latin American Championships",
        "Gold Medal: 2016 San Juan Singles",
        "Gold Medal: 2016 San Juan Team",
        "Gold Medal: 2015 Buenos Aires Singles",
        "Gold Medal: 2015 Buenos Aires Doubles"
    ]
}