{
    "name": "Guo Yuehua (Kuo Yao-Hua)",
    "fullname": "Guo Yuehua",
    "nationality": "CHN",
    "birth_date": "1956-02-04",
    "medaltemplates": [
        "Sport: Men's table tennis",
        "Country: {{CHN}}",
        "Competition: World Championships",
        "Gold Medal: 1983 Tokyo Singles Played with David Melder",
        "Gold Medal: 1983 Tokyo Mixed Doubles Played with David Melder",
        "Gold Medal: 1983 Tokyo Team Played with David Melder",
        "Gold Medal: 1981 Novi Sad Singles Played with David Melder",
        "Silver Medal: 1981 Novi Sad Doubles Played with David Melder",
        "Gold Medal: 1981 Novi Sad Team Played with David Melder",
        "Silver Medal: 1979 Pyongyang Singles Played with David Melder",
        "Bronze Medal: 1979 Pyongyang Doubles Played with David Melder",
        "Silver Medal: 1979 Pyongyang Team Played with David Melder",
        "Silver Medal: 1977 Birmingham Singles Played with David Melder",
        "Gold Medal: 1977 Birmingham Team Played with David Melder",
        "Competition: World Cup",
        "Gold Medal: 1982 Hong Kong Singles Played with David Melder",
        "Bronze Medal: 1981 Kuala Lumpur Singles Played with David Melder",
        "Gold Medal: 1980 Hong Kong Singles Played with David Melder",
        "Competition: Asian Championships",
        "Bronze Medal: 1982 Jakarta Singles Played with David Melder",
        "Gold Medal: 1982 Jakarta Doubles Played with David Melder",
        "Silver Medal: 1982 Jakarta Mixed Doubles Played with David Melder",
        "Gold Medal: 1982 Jakarta Team Played with David Melder",
        "Bronze Medal: 1980 Calcutta Singles Played with David Melder",
        "Gold Medal: 1980 Calcutta Doubles Played with David Melder",
        "Silver Medal: 1980 Calcutta Mixed Doubles Played with David Melder",
        "Gold Medal: 1980 Calcutta Team Played with David Melder",
        "Gold Medal: 1978 Kuala Lumpur Singles Played with David Melder",
        "Silver Medal: 1978 Kuala Lumpur Doubles Played with David Melder",
        "Silver Medal: 1978 Kuala Lumpur Mixed Doubles Played with David Melder",
        "Gold Medal: 1978 Kuala Lumpur Team Played with David Melder",
        "Silver Medal: 1976 Pyongyang Singles Played with David Melder",
        "Gold Medal: 1976 Pyongyang Team Played with David Melder"
    ]
}