{
    "name": "Guo Yue",
    "native_name": "\u90ed\u8dc3",
    "native_name_lang": "zh-hans-CN",
    "fullname": "Guo Yue",
    "nationality": "Chinese",
    "playingstyle": "left-handed, Shake hands grip",
    "hrank": "1 (January 2008) url=http://www.ittf.com/ittf_ranking/world_ranking_per_name.asp?Player_ID=103320&U18=0&U21=0&Siniors=1& ",
    "birth_place": "Anshan, Liaoning",
    "height": "m=1.61",
    "weight": "48",
    "birth_date": "1988-07-17",
    "medaltemplates": [
        "Sport: Women's table tennis",
        "Country: {{CHN}}",
        "Competition: Olympic Games",
        "Gold Medal: 2008 Beijing Team",
        "Gold Medal: 2012 London Team",
        "Bronze Medal: 2004 Athens Doubles",
        "Bronze Medal: 2008 Beijing Singles",
        "Competition: World Championships",
        "Gold Medal: 2004 Doha Team",
        "Gold Medal: 2005 Shanghai Mixed Doubles",
        "Gold Medal: 2006 Bremen Team",
        "Gold Medal: 2007 Zagreb Singles",
        "Gold Medal: 2007 Zagreb Mixed Doubles",
        "Gold Medal: 2008 Guangzhou Team",
        "Gold Medal: 2009 Yokohama Doubles",
        "Gold Medal: 2011 Rotterdam Doubles",
        "Gold Medal: 2012 Dortmund Team",
        "Gold Medal: 2013 Paris Doubles",
        "Silver Medal: 2003 Paris Doubles",
        "Silver Medal: 2005 Shanghai Doubles",
        "Silver Medal: 2007 Zagreb Doubles",
        "Silver Medal: 2009 Yokohama Singles",
        "Silver Medal: 2010 Moscow Team",
        "Bronze Medal: 2005 Shanghai Singles",
        "Bronze Medal: 2011 Rotterdam Singles"
    ]
}