{
    "name": "Guo Yan",
    "fullname": "Guo Yan",
    "nationality": "CHN",
    "playingstyle": "Right-handed, shakehand grip",
    "hrank": "1 (Oct 2010 \u2013 Jan 2011)",
    "birth_place": "Beijing, China",
    "height": "1.72 m",
    "weight": "62 kg",
    "birth_date": "1982-06-24",
    "medaltemplates": [
        "Sport: Women's table tennis",
        "Country: {{CHN}}",
        "Competition: World Championships",
        "Gold Medal: 2012 Dortmund Team",
        "Gold Medal: 2008 Guangzhou Team",
        "Gold Medal: 2006 Bremen Team",
        "Silver Medal: 2011 Rotterdam Doubles",
        "Silver Medal: 2010 Moscow Team",
        "Silver Medal: 2009 Yokohama Doubles",
        "Silver Medal: 2005 Shanghai Singles",
        "Bronze Medal: 2005 Shanghai Doubles",
        "Bronze Medal: 2007 Zagreb Singles",
        "Bronze Medal: 2005 Shanghai Mixed Doubles",
        "Competition: World Cup",
        "Gold Medal: 2010 Kuala Lumpur Singles",
        "Gold Medal: 2006 Urumqi Singles",
        "Silver Medal: 2005 Guangzhou Singles"
    ]
}