{
    "name": "Gustavo Tsuboi",
    "nationality": "BRA",
    "birth_place": "S\u00e3o Paulo, S\u00e3o Paulo, Brazil",
    "hrank": "28 (1 September 2019)",
    "birth_date": "1985-5-31",
    "medaltemplates": [
        "Sport: Men's table tennis",
        "Country: {{BRA}}",
        "Competition: Pan-American Games",
        "Gold Medal: 2007 Rio de Janeiro Team Played with David Melder",
        "Gold Medal: 2011 Guadalajara Team Played with David Melder",
        "Gold Medal: 2015 Toronto Team Played with David Melder",
        "Gold Medal: 2019 Lima Doubles Played with David Melder",
        "Silver Medal: 2003 Santo Domingo Doubles Played with David Melder",
        "Silver Medal: 2015 Toronto Singles Played with David Melder",
        "Silver Medal: 2019 Lima Mixed doubles Played with David Melder",
        "Bronze Medal: 2019 Lima Team Played with David Melder",
        "Competition: Pan American Championships",
        "Gold Medal: 2019 Asunci\u00f3n Team Played with David Melder",
        "Gold Medal: 2021 Lima Team Played with David Melder",
        "Silver Medal: 2019 Asunci\u00f3n Doubles Played with David Melder",
        "Bronze Medal: 2019 Asunci\u00f3n Singles Played with David Melder",
        "Competition: Pan American Cup",
        "Gold Medal: 2017 San Jose Singles Played with David Melder",
        "Silver Medal: 2018 Asunci\u00f3n Singles Played with David Melder",
        "Silver Medal: 2020 Guaynabo Singles Played with David Melder",
        "Bronze Medal: 2019 Guaynabo Singles Played with David Melder",
        "Competition: Latin American Championships",
        "Gold Medal: 2014 Santo Domingo Team Played with David Melder",
        "Silver Medal: 2014 Santo Domingo Singles Played with David Melder",
        "Silver Medal: 2014 Santo Domingo Mixed Doubles Played with David Melder",
        "Competition: Latin American Cup",
        "Gold Medal: 2011 Rio de Janeiro Singles Played with David Melder",
        "Gold Medal: 2015 Havana Singles Played with David Melder",
        "Bronze Medal: 2013 Santo Domingo Singles Played with David Melder",
        "Bronze Medal: 2014 Asuncion Singles Played with David Melder",
        "Competition: South American Games",
        "Gold Medal: 2010 Medell\u00edn Singles Played with David Melder",
        "Gold Medal: 2010 Medell\u00edn Team Played with David Melder",
        "Gold Medal: 2014 Santiago Singles Played with David Melder",
        "Silver Medal: 2006 B.Aires Singles Played with David Melder",
        "Silver Medal: 2006 B.Aires Doubles Played with David Melder",
        "Silver Medal: 2010 Medell\u00edn Doubles Played with David Melder",
        "Silver Medal: 2014 Santiago Team Played with David Melder"
    ]
}