{
    "name": "Han Ying",
    "nationality": "Chinese (1983\u20132010) German (since 2010)",
    "birth_place": "Shenyang, Liaoning, China",
    "playingstyle": "Right-handed, defensive",
    "hrank": "6 (February 2017) url=https://ranking.ittf.com/#/rankings/progress/118762/SEN/W;SINGLES",
    "crank": "9 (20 February 2024)",
    "height": "170 cm",
    "birth_date": "1983-04-29",
    "medaltemplates": [
        "Sport: Women's table tennis",
        "Country: {{GER}}",
        "Silver Medal: 2016 Rio de Janeiro Team Mixed doubles",
        "Competition: World Championships",
        "Bronze Medal: 2022 Chengdu Team Mixed doubles",
        "Competition: European Games",
        "Gold Medal: 2015 Baku Team Mixed doubles",
        "Gold Medal: 2019 Minsk Team Mixed doubles",
        "Silver Medal: 2019 Minsk Singles Mixed doubles",
        "Silver Medal: 2023 Krak\u00f3w\u2013Ma\u0142opolska Team Mixed doubles",
        "Competition: European Championships",
        "Gold Medal: 2013 Schwechat Team Mixed doubles",
        "Gold Medal: 2014 Lisbon Team Mixed doubles",
        "Gold Medal: 2015 Yekaterinburg Team Mixed doubles",
        "Gold Medal: 2018 Alicante {{Mixed doubles}} Mixed doubles",
        "Gold Medal: 2023 Malm\u00f6 Team Mixed doubles",
        "Silver Medal: 2017 Luxembourg City Team Mixed doubles",
        "Bronze Medal: 2013 Schwechat Singles Mixed doubles",
        "Bronze Medal: 2015 Yekaterinburg Doubles Mixed doubles",
        "Competition: Europe Top-16",
        "Gold Medal: 2022 Montreux Singles Mixed doubles",
        "Gold Medal: 2023 Montreux Singles Mixed doubles"
    ]
}