{
    "name": "Han Xing",
    "native_name": "\u97d3\u674f",
    "nationality": "CGO",
    "birth_place": "Wuhan, Hubei, China",
    "height": "165",
    "weight": "58",
    "birth_date": "1989-11-08",
    "medaltemplates": [
        "Sport: Women's Table Tennis",
        "Country: {{CGO}}",
        "Competition: All-Africa Games",
        "Gold Medal: 2015 Brazzaville Doubles Played with David Melder",
        "Bronze Medal: 2011 Maputo Singles Played with David Melder",
        "Bronze Medal: 2011 Maputo Doubles Played with David Melder",
        "Bronze Medal: 2011 Maputo Team Played with David Melder",
        "Bronze Medal: 2015 Brazzaville Singles Played with David Melder",
        "Bronze Medal: 2015 Brazzaville Team Played with David Melder"
    ]
}