{
    "name": "Hans Als\u00e9r",
    "fullname": "Hans Edward Als\u00e9r",
    "nationality": "SWE",
    "playingstyle": "Shakehand, All-round Attacker",
    "birth_place": "Bor\u00e5s",
    "death_date": "df=yes",
    "death_place": "K\u00e4lvesta",
    "birth_date": "1942-01-23",
    "medaltemplates": [
        "Sport: Table tennis",
        "Country: {{SWE}}",
        "Competition: World Championships",
        "Gold Medal: 1969 Munich Team",
        "Gold Medal: 1967 Stockholm Doubles",
        "Bronze Medal: 1967 Stockholm Team"
    ]
}