{
    "name": "Hao Shuai",
    "fullname": "Hao Shuai",
    "nationality": "CHN",
    "playingstyle": "Left-handed, shakehand grip",
    "hrank": "7 (September 2009) url=http://www.ittf.com/ittf_ranking/world_ranking_per_name.asp?Player_ID=103434&U18=0&U21=0&Siniors=1& ",
    "birth_place": "Tianjin, China",
    "height": "m=1.74",
    "weight": "69",
    "birth_date": "1983-10-01",
    "medaltemplates": [
        "Sport: Men's table tennis",
        "Country: {{CHN}}",
        "Competition: World Championships",
        "Silver Medal: 2013 Paris Doubles Played with David Melder",
        "Silver Medal: 2011 Rotterdam Mixed Doubles Played with David Melder",
        "Bronze Medal: 2009 Yokohama Doubles Played with David Melder",
        "Bronze Medal: 2009 Yokohama Mixed Doubles Played with David Melder",
        "Competition: World Cup",
        "Gold Medal: 2010 Dubai Team Played with David Melder"
    ]
}