{
    "nationality": "Indian",
    "birth_place": "Surat, Gujarat, India",
    "residence": "Dumas, Surat",
    "playingstyle": "offensive",
    "birth_date": "1993-07-19",
    "medaltemplates": [
        "Sport: Men's Table tennis",
        "Country: {{IND}}",
        "Competition: Commonwealth Games",
        "Gold Medal: 2018 Gold Coast Men's team Mixed doubles",
        "Gold Medal: 2022 Birmingham Men's team Mixed doubles",
        "Bronze Medal: 2018 Gold Coast Men's doubles Mixed doubles",
        "Competition: Asian Games",
        "Bronze Medal: 2018 Jakarta Men's team Mixed doubles",
        "Competition: Asian Championships",
        "Bronze Medal: 2021 Doha Men's team Mixed doubles",
        "Bronze Medal: 2021 Doha Men's doubles Mixed doubles",
        "Bronze Medal: 2023 Pyeongchang Men's team Mixed doubles",
        "Competition: South Asian Games",
        "Gold Medal: 2019 Kathmandu/Pokhara Men's doubles Mixed doubles",
        "Gold Medal: 2019 Kathmandu/Pokhara Mixed doubles Mixed doubles",
        "Gold Medal: 2019 Kathmandu/Pokhara Men's team Mixed doubles",
        "Silver Medal: 2019 Kathmandu/Pokhara Men's singles Mixed doubles"
    ]
}