{
    "nationality": "JPN",
    "playingstyle": "Right-handed, shakehand grip",
    "hrank": "20 (November 2007) url=http://www.ittf.com/ittf_ranking/world_ranking_per_name.asp?Player_ID=102879&U18=0&U21=0&Siniors=1& ",
    "birth_place": "Tokushima, Japan",
    "height": "m=1.56",
    "birth_date": "1984-01-25",
    "medaltemplates": [
        "Sport: Women's table tennis",
        "Country: {{JPN}}",
        "Competition: World Championships",
        "Bronze Medal: 2006 Bremen Team",
        "Bronze Medal: 2008 Guangzhou Team"
    ]
}