{
    "name": "He Zhili (Chire Koyama)",
    "native_name": "\u4f55\u667a\u4e3d",
    "native_name_lang": "zh-han",
    "nationality": "CHN, then JPN",
    "birth_place": "Shanghai, China",
    "birth_date": "1964-9-30",
    "medaltemplates": [
        "Sport: Women's table tennis",
        "Country: {{JPN}}",
        "Competition: Asian Games",
        "Gold Medal: 1994 Hiroshima Singles Played with David Melder",
        "Competition: Asian Championships",
        "Gold Medal: 1996 Kallang Singles Played with David Melder",
        "Bronze Medal: 1998 Osaka Singles Played with David Melder",
        "Country: {{CHN}}",
        "Competition: World Championships",
        "Gold Medal: 1985 Gothenburg Team Played with David Melder",
        "Gold Medal: 1987 New Delhi Singles Played with David Melder",
        "Gold Medal: 1987 New Delhi Team Played with David Melder",
        "Bronze Medal: 1987 New Delhi Doubles Played with David Melder",
        "Competition: Asian Games",
        "Silver Medal: 1986 Seoul Singles Played with David Melder",
        "Silver Medal: 1986 Seoul Doubles Played with David Melder",
        "Silver Medal: 1986 Seoul Team Played with David Melder",
        "Competition: Asian Championships",
        "Gold Medal: 1984 Islamabad Singles Played with David Melder",
        "Gold Medal: 1984 Islamabad Team Played with David Melder",
        "Gold Medal: 1986 Shenzhen Singles Played with David Melder",
        "Gold Medal: 1986 Shenzhen Doubles Played with David Melder",
        "Gold Medal: 1986 Shenzhen Team Played with David Melder",
        "Gold Medal: 1988 Niigata Singles Played with David Melder",
        "Silver Medal: 1984 Islamabad Mixed Doubles Played with David Melder",
        "Bronze Medal: 1988 Niigata Doubles Played with David Melder"
    ]
}