{
    "name": "He Zhuojia",
    "birth_place": "Shijiazhuang, Hebei, China",
    "playingstyle": "Right-handed shakehand grip",
    "highest_rank": "13 (November 2019)",
    "current_rank": "40 (28 November 2023)",
    "birth_date": "1998-10-25",
    "medaltemplates": [
        "Sport: Women's table tennis",
        "Country: {{CHN}}",
        "Competition: World University Games",
        "Gold Medal: 2021 Chengdu Team Mixed doubles",
        "Silver Medal: 2021 Chengdu Doubles Mixed doubles"
    ]
}