{
    "name": "He Zhiwen",
    "nickname": "Juanito",
    "nationality": "CHN ESP",
    "birth_place": "Zhejiang, China",
    "height": "m=1.73",
    "weight": "75",
    "birth_date": "1962-1-31",
    "medaltemplates": [
        "Sport: Table tennis",
        "Country: {{CHN}}",
        "Competition: World Championships",
        "Bronze Medal: 1985 G\u00f6teborg Doubles",
        "Country: {{ESP}}",
        "Competition: European Championships",
        "Bronze Medal: 2013 Schwechat Doubles",
        "Competition: Mediterranean Games",
        "Bronze Medal: 2013 Mersin Team"
    ]
}