{
    "name": "Hilde Bussmann",
    "fullname": "Bussmann Hilde",
    "nationality": "GER",
    "death_date": "1988",
    "birth_date": "1914-11-24",
    "medaltemplates": [
        "Sport: Women's table tennis",
        "Competition: World Championships",
        "Gold Medal: 1939 Cairo Doubles Played with David Melder",
        "Bronze Medal: 1939 Cairo Mixed Played with David Melder",
        "Gold Medal: 1939 Cairo Team Played with David Melder",
        "Silver Medal: 1937 Baden Doubles Played with David Melder",
        "Silver Medal: 1937 Baden Team Played with David Melder",
        "Silver Medal: 1936 Prague Team Played with David Melder",
        "Silver Medal: 1936 Prague Team Played with David Melder",
        "Bronze Medal: 1935 Wembley Doubles Played with David Melder",
        "Bronze Medal: 1935 Wembley Team Played with David Melder",
        "Bronze Medal: 1934 Paris Mixed Played with David Melder"
    ]
}