{
    "name": "Hina Hayata",
    "birth_place": "Kitakyushu, Fukuoka, Japan",
    "playingstyle": "Dual winged left-handed attacker",
    "hrank": "4 (31 October 2023)",
    "crank": "5 (20 February 2024)",
    "club": "Nippon Life Redelf (T.League)",
    "height": "1.67 m",
    "birth_date": "2000-7-7",
    "medaltemplates": [
        "Sport: Women's table tennis",
        "Country: {{JPN}}",
        "Competition: World Championships",
        "Silver Medal: 2018 Halmstad Team Mixed doubles",
        "Silver Medal: 2019 Budapest Doubles Mixed doubles",
        "Silver Medal: 2021 Houston Doubles Mixed doubles",
        "Silver Medal: 2021 Houston Mixed doubles Mixed doubles",
        "Silver Medal: 2022 Chengdu Team Mixed doubles",
        "Silver Medal: 2023 Durban Mixed doubles Mixed doubles",
        "Silver Medal: 2024 Busan Team Mixed doubles",
        "Bronze Medal: 2017 D\u00fcsseldorf Doubles Mixed doubles",
        "Bronze Medal: 2023 Durban Singles Mixed doubles",
        "Competition: World Cup",
        "Silver Medal: 2018 London Team Mixed doubles",
        "Bronze Medal: 2023 Chengdu Mixed team Mixed doubles",
        "Competition: Asian Games",
        "Silver Medal: 2022 Hangzhou Singles Mixed doubles",
        "Silver Medal: 2022 Hangzhou Team Mixed doubles",
        "Competition: Asian Championships",
        "Gold Medal: 2021 Doha Singles Mixed doubles",
        "Gold Medal: 2021 Doha Mixed doubles Mixed doubles",
        "Gold Medal: 2021 Doha Team Mixed doubles",
        "Silver Medal: 2017 Wuxi Team Mixed doubles",
        "Bronze Medal: 2017 Wuxi Doubles Mixed doubles",
        "Bronze Medal: 2023 Pyeongchang Team Mixed doubles"
    ]
}