{
    "name": "Hiroshi Takahashi",
    "native_name": "\u9ad8\u6a4b \u6d69",
    "native_name_lang": "ja",
    "nationality": "JPN",
    "medaltemplates": [
        "Sport: Men's table tennis",
        "Country: {{JPN}}",
        "Competition: World Championships",
        "Silver Medal: 1965 Ljubljana Team Played with David Melder",
        "Competition: Asian Championships",
        "Bronze Medal: 1964 Seoul Singles Played with David Melder",
        "Silver Medal: 1964 Seoul Doubles Played with David Melder",
        "Gold Medal: 1964 Seoul Team Played with David Melder",
        "Gold Medal: 1963 Manila Singles Played with David Melder",
        "Gold Medal: 1963 Manila Doubles Played with David Melder",
        "Gold Medal: 1963 Manila Team Played with David Melder"
    ]
}