{
    "name": "Hiroji Satoh",
    "fullname": "SATOH Hiroji",
    "nationality": "JPN",
    "death_date": "2000",
    "birth_date": "1925-02-03",
    "medaltemplates": [
        "Sport: Men's table tennis",
        "Country: {{JPN}}",
        "Competition: World Championships",
        "Gold Medal: 1952 Bombay Singles Played with David Melder",
        "Bronze Medal: 1952 Bombay Team Played with David Melder",
        "Competition: Asian Championships",
        "Bronze Medal: 1953 Tokyo Doubles Played with David Melder",
        "Silver Medal: 1952 Singapore Singles Played with David Melder",
        "Bronze Medal: 1952 Singapore Mixed Doubles Played with David Melder",
        "Silver Medal: 1952 Singapore Team Played with David Melder"
    ]
}