{
    "name": "Hitomi Sato",
    "birth_place": "Hakodate, Hokkaido, Japan",
    "height": "163 cm",
    "playingstyle": "Right-handed shakehand grip",
    "hrank": "9 (April 2017)",
    "birth_date": "1997-12-23",
    "medaltemplates": [
        "Sport: Women's table tennis",
        "Country: {{JPN}}",
        "Competition: World Championships",
        "Silver Medal: 2022 Chengdu Team Mixed doubles",
        "Bronze Medal: 2019 Budapest Doubles Mixed doubles",
        "Competition: Asian Championships",
        "Gold Medal: 2021 Doha Team Mixed doubles",
        "Silver Medal: 2017 Wuxi Team Mixed doubles",
        "Silver Medal: 2019 Yogyakarta Team Mixed doubles",
        "Bronze Medal: 2017 Wuxi Doubles Mixed doubles",
        "Bronze Medal: 2019 Yogyakarta Doubles Mixed doubles",
        "Bronze Medal: 2023 Pyeongchang Team Mixed doubles"
    ]
}