{
    "name": "Horatio Pintea",
    "nationality": "CAN",
    "birth_place": "Oradea, Romania",
    "birth_date": "November 11, 1962",
    "medaltemplates": [
        "Sport: Men's table tennis",
        "Country: {{CAN}}",
        "Competition: Pan American Games",
        "Gold Medal: 1995 Mar del Plata Mixed Doubles Played with David Melder",
        "Gold Medal: 1987 Indianapolis Doubles Played with David Melder",
        "Silver Medal: 1983 Caracas Mixed doubles Played with David Melder",
        "Silver Medal: 1983 Caracas Team Played with David Melder",
        "Silver Medal: 1991 Havana Doubles Played with David Melder",
        "Bronze Medal: 1987 Indianapolis Team Played with David Melder",
        "Bronze Medal: 1991 Havana Singles Played with David Melder",
        "Bronze Medal: 1991 Havana Team Played with David Melder",
        "Bronze Medal: 1995 Mar del Plata Singles Played with David Melder",
        "Bronze Medal: 1995 Mar del Plata Doubles Played with David Melder",
        "Bronze Medal: 1995 Mar del Plata Team Played with David Melder",
        "Bronze Medal: 1999 Winnipeg Team Played with David Melder"
    ]
}