{
    "name": "Horacio Cifuentes",
    "birth_place": "La Plata, Argentina",
    "highest_rank": "66 (February 2020)",
    "club": "C'Chartres Tennis de Table (Francia)",
    "birth_date": "1998-3-16",
    "medaltemplates": [
        "Sport: Men's table tennis",
        "Country: {{ARG}}",
        "Competition: Pan American Games",
        "Silver Medal: 2019 Lima Doubles Mixed doubles",
        "Silver Medal: 2019 Lima Team Mixed doubles",
        "Bronze Medal: 2023 Santiago Doubles Mixed doubles",
        "Bronze Medal: 2023 Santiago Team Mixed doubles",
        "Competition: Pan American Championship",
        "Gold Medal: 2019 Asunci\u00f3n Doubles Mixed doubles",
        "Gold Medal: 2021 Lima Doubles Mixed doubles",
        "Gold Medal: 2022 Santiago Doubles Mixed doubles",
        "Silver Medal: 2017 Cartagena de Indias Team Mixed doubles",
        "Silver Medal: 2018 Santiago Singles Mixed doubles",
        "Silver Medal: 2021 Lima Mixed doubles Mixed doubles",
        "Silver Medal: 2023 Havana Doubles Mixed doubles",
        "Bronze Medal: 2017 Cartagena de Indias Singles Mixed doubles",
        "Bronze Medal: 2018 Santiago Doubles Mixed doubles",
        "Bronze Medal: 2019 Asunci\u00f3n Mixed doubles Mixed doubles",
        "Bronze Medal: 2021 Lima Team Mixed doubles",
        "Bronze Medal: 2022 Santiago Mixed doubles Mixed doubles",
        "Bronze Medal: 2022 Santiago Team Mixed doubles"
    ]
}