{
    "name": "Hou Yingchao",
    "birth_place": "Beijing, China",
    "playingstyle": "Right-handed shakehand grip",
    "highest_rank": "10 (January 2007)",
    "club": "Kinoshita Meister Tokyo",
    "height": "185 cm",
    "birth_date": "1980-6-15",
    "medaltemplates": [
        "Country: {{CHN}}",
        "Competition: Asian Championships",
        "Gold Medal: 2003 Jeju Men's team Mixed doubles",
        "Competition: Universiade",
        "Silver Medal: 2007 Bangkok Men's singles Mixed doubles",
        "Bronze Medal: 2007 Bangkok Men's doubles Mixed doubles"
    ]
}