{
    "name": "Huang Yi-hua",
    "nationality": "Taiwanese",
    "playingstyle": "Right-handed, shakehand grip",
    "hrank": "17 (March 2011) url=https://ranking.ittf.com/#/players/profile/103752/stats",
    "birth_place": "Tainan, Taiwan",
    "height": "cm=167",
    "birth_date": "1984-07-20",
    "medaltemplates": [
        "Sport: Women's table tennis",
        "Country: {{TPE}}",
        "Competition: World Championships",
        "Bronze Medal: 2022 Chengdu Team Played with David Melder",
        "Competition: Asian Games",
        "Bronze Medal: 2006 Doha Doubles Played with David Melder"
    ]
}