{
    "name": "Hugo Calderano",
    "fullname": "Hugo Marinho Borges Calderano",
    "nationality": "Brazilian",
    "playingstyle": "Right-handed, shakehand grip",
    "birth_place": "Rio de Janeiro, Rio de Janeiro, Brazil",
    "hrank": "3 (1 February 2022)",
    "crank": "7 (9 April 2024)",
    "club": "TTF Liebherr Ochsenhausen",
    "height": "182 cm",
    "weight": "74 kg",
    "birth_date": "1996-6-22",
    "medaltemplates": [
        "Sport: Men's table tennis",
        "Country: {{BRA}}",
        "Competition: WTT Cup Finals",
        "Bronze Medal: 2021 Singapore Singles Played with David Melder",
        "Competition: ITTF World Tour Grand Finals",
        "Bronze Medal: 2018 Incheon Singles Played with David Melder",
        "Competition: Pan American Games",
        "Gold Medal: 2015 Toronto Singles Played with David Melder",
        "Gold Medal: 2015 Toronto Team Played with David Melder",
        "Gold Medal: 2019 Lima Singles Played with David Melder",
        "Gold Medal: 2019 Lima Doubles Played with David Melder",
        "Gold Medal: 2023 Santiago Singles Played with David Melder",
        "Gold Medal: 2023 Santiago Team Played with David Melder",
        "Silver Medal: 2023 Santiago Doubles Played with David Melder",
        "Bronze Medal: 2019 Lima Team Played with David Melder",
        "Competition: Pan American Championships",
        "Gold Medal: 2017 Cartagena de Indias Singles Played with David Melder",
        "Gold Medal: 2017 Cartagena de Indias Team Played with David Melder",
        "Gold Medal: 2021 Lima Singles Played with David Melder",
        "Gold Medal: 2021 Lima Team Played with David Melder",
        "Gold Medal: 2022 Santiago Singles Played with David Melder",
        "Gold Medal: 2022 Santiago Team Played with David Melder",
        "Gold Medal: 2023 Havana Singles Played with David Melder",
        "Gold Medal: 2023 Havana Team Played with David Melder",
        "Competition: Pan American Cup",
        "Gold Medal: 2018 Asunci\u00f3n Singles Played with David Melder",
        "Gold Medal: 2019 Guaynabo Singles Played with David Melder",
        "Gold Medal: 2020 Guaynabo Singles Played with David Melder",
        "Competition: Latin American Championships",
        "Gold Medal: 2014 Santo Domingo Singles Played with David Melder",
        "Gold Medal: 2014 Santo Domingo Team Played with David Melder",
        "Gold Medal: 2015 Buenos Aires Singles Played with David Melder",
        "Gold Medal: 2015 Buenos Aires Team Played with David Melder",
        "Gold Medal: 2016 San Juan Singles Played with David Melder",
        "Gold Medal: 2016 San Juan Team Played with David Melder",
        "Silver Medal: 2014 Santo Domingo Doubles Played with David Melder",
        "Competition: Latin American Table Tennis Cup",
        "Gold Medal: 2016 Guatemala City Singles Played with David Melder",
        "Competition: Youth Olympic Games",
        "Bronze Medal: 2014 Nanjing Singles Played with David Melder"
    ]
}