{
    "name": "Hugo Hoyama",
    "nationality": "Brazilian",
    "birth_place": "S\u00e3o Bernardo do Campo, S\u00e3o Paulo, Brazil",
    "height": "1.69m",
    "weight": "68 kg",
    "birth_date": "1969-5-9",
    "medaltemplates": [
        "Sport: Men's table tennis",
        "Country: {{BRA}}",
        "Competition: Pan American Games  ",
        "Gold Medal: 1987 Indianapolis Team",
        "Gold Medal: 1991 Havana Singles",
        "Gold Medal: 1991 Havana Doubles",
        "Gold Medal: 1991 Havana Team",
        "Gold Medal: 1995 Mar del Plata Singles",
        "Gold Medal: 1995 Mar del Plata Doubles",
        "Gold Medal: 1995 Mar del Plata Team",
        "Gold Medal: 2003 Santo Domingo Doubles",
        "Gold Medal: 2007 Rio de Janeiro Team",
        "Gold Medal: 2011 Guadalajara Team",
        "Silver Medal: 1987 Indianapolis Doubles",
        "Bronze Medal: 1995 Mar del Plata Mixed Doubles",
        "Bronze Medal: 1999 Winnipeg Team",
        "Bronze Medal: 2003 Santo Domingo Singles",
        "Bronze Medal: 2007 Rio de Janeiro Singles",
        "Competition: Latin American Championships",
        "Gold Medal: 1990 Sancti Spiritus Team",
        "Gold Medal: 1992 Havana Singles",
        "Gold Medal: 1994 Sancti Spiritus Singles",
        "Gold Medal: 1994 Sancti Spiritus Doubles",
        "Gold Medal: 1994 Sancti Spiritus Team",
        "Gold Medal: 1996 Mexico City Singles",
        "Gold Medal: 1996 Mexico City Doubles",
        "Gold Medal: 1998 Mexico City Doubles",
        "Gold Medal: 2000 Coquimbo Singles",
        "Gold Medal: 2000 Coquimbo Doubles",
        "Gold Medal: 2000 Coquimbo Mixed Doubles",
        "Gold Medal: 2000 Coquimbo Team",
        "Gold Medal: 2002 Santo Domingo Singles",
        "Gold Medal: 2002 Santo Domingo Doubles",
        "Gold Medal: 2002 Santo Domingo Team",
        "Gold Medal: 2003 El Salvador Doubles",
        "Gold Medal: 2004 Valvidia Mixed Doubles",
        "Gold Medal: 2004 Valvidia Team",
        "Gold Medal: 2005 Punta Del Este Team",
        "Gold Medal: 2006 Medellin Doubles",
        "Gold Medal: 2007 Guarulhos Doubles",
        "Gold Medal: 2007 Guarulhos Team",
        "Gold Medal: 2008 Santo Domingo Team",
        "Gold Medal: 2009 San Salvador Doubles",
        "Gold Medal: 2009 San Salvador Team",
        "Gold Medal: 2010 Cancun Doubles",
        "Gold Medal: 2010 Cancun Team",
        "Silver Medal: 1989 Las Tunas Singles",
        "Silver Medal: 1989 Las Tunas Doubles",
        "Silver Medal: 1990 Sancti Spiritus Singles",
        "Silver Medal: 1992 Havana Doubles",
        "Silver Medal: 1996 Mexico City Team",
        "Silver Medal: 1998 Mexico City Singles",
        "Silver Medal: 1998 Mexico City Team",
        "Silver Medal: 2004 Valvidia Singles",
        "Silver Medal: 2005 Punta Del Este Mixed Doubles",
        "Silver Medal: 2006 Medellin Singles",
        "Silver Medal: 2006 Medellin Team",
        "Silver Medal: 2009 San Salvador Singles",
        "Bronze Medal: 2007 Guarulhos Singles",
        "Bronze Medal: 2010 Cancun Singles",
        "Competition: South American Games",
        "Gold Medal: 2006 B.Aires Doubles",
        "Gold Medal: 2006 B.Aires Team",
        "Gold Medal: 2010 Medell\u00edn Team",
        "Silver Medal: 2010 Medell\u00edn Doubles",
        "Bronze Medal: 2006 B.Aires Singles"
    ]
}