{
    "name": "Hyun Jung-Hwa  |image= Hyunjunghwa2018.png",
    "fullname": "Hyun Jung-Hwa",
    "nationality": "KOR",
    "playingstyle": "Right-handed, penhold grip",
    "birth_place": "Busan, South Korea",
    "height": "1.66 m",
    "weight": "52 kg",
    "birth_date": "1969-10-06",
    "medaltemplates": [
        "Sport: Women's table tennis",
        "Country: {{KOR}}",
        "Competition: Olympic Games",
        "Gold Medal: 1988 Seoul Doubles",
        "Bronze Medal: 1992 Barcelona Singles",
        "Bronze Medal: 1992 Barcelona Doubles",
        "Competition: World Championships",
        "Gold Medal: 1987 New Delhi Doubles",
        "Gold Medal: 1989 Dortmund Mixed Doubles",
        "Gold Medal: 1993 Gothenburg Singles",
        "Silver Medal: 1987 New Delhi Team",
        "Silver Medal: 1989 Dortmund Team",
        "Silver Medal: 1993 Gothenburg Mixed Doubles",
        "Bronze Medal: 1989 Dortmund Singles",
        "Bronze Medal: 1993 Gothenburg Team",
        "Competition: World Cup",
        "Gold Medal: 1990 Seoul Doubles",
        "Silver Medal: 1991 Barcelona Team",
        "Silver Medal: 1992 Las Vegas Doubles",
        "Bronze Medal: 1990 Chiba City Team",
        "Competition: Asian Games",
        "Gold Medal: 1986 Seoul Team",
        "Gold Medal: 1990 Beijing Doubles",
        "Silver Medal: 1990 Beijing Mixed Doubles",
        "Silver Medal: 1990 Beijing Team",
        "Bronze Medal: 1986 Seoul Doubles",
        "Bronze Medal: 1986 Seoul Mixed Doubles",
        "Competition: Asian Championships",
        "Gold Medal: 1988 Niigata Doubles",
        "Gold Medal: 1988 Niigata Mixed Doubles",
        "Gold Medal: 1988 Niigata Team",
        "Gold Medal: 1990 Kuala Lumpur Mixed Doubles",
        "Gold Medal: 1990 Kuala Lumpur Team",
        "Silver Medal: 1986 Shenzhen Mixed Doubles",
        "Bronze Medal: 1988 Niigata Singles",
        "Bronze Medal: 1990 Kuala Lumpur Doubles",
        "Country: {{Korea Team}}",
        "Competition: World Championships",
        "Gold Medal: 1991 Chiba City Team"
    ]
}