{
    "nationality": "JPN",
    "playingstyle": "Traditional Japanese Penhold",
    "hrank": "1 (September 1954)",
    "birth_place": "It\u014d, Shizuoka, Japan",
    "death_date": "1994",
    "death_place": "Tokyo, Japan",
    "birth_date": "1932-06-25",
    "medaltemplates": [
        "Sport: Men's table tennis",
        "Country: {{JPN}}",
        "Competition: World Championships",
        "Silver Medal: 1965 Ljubljana Team Played with David Melder",
        "Silver Medal: 1963 Prague Team Played with David Melder",
        "Gold Medal: 1961 Beijing Mixed doubles Played with David Melder",
        "Silver Medal: 1961 Beijing Team Played with David Melder",
        "Bronze Medal: 1959 Dortmund Singles Played with David Melder",
        "Gold Medal: 1959 Dortmund Doubles Played with David Melder",
        "Gold Medal: 1959 Dortmund Mixed doubles Played with David Melder",
        "Gold Medal: 1959 Dortmund Team Played with David Melder",
        "Silver Medal: 1957 Stockholm Singles Played with David Melder",
        "Silver Medal: 1957 Stockholm Doubles Played with David Melder",
        "Gold Medal: 1957 Stockholm Mixed doubles Played with David Melder",
        "Gold Medal: 1957 Stockholm Team Played with David Melder",
        "Gold Medal: 1956 Tokyo Singles Played with David Melder",
        "Gold Medal: 1956 Tokyo Doubles Played with David Melder",
        "Gold Medal: 1956 Tokyo Team Played with David Melder",
        "Bronze Medal: 1955 Utrecht Doubles Played with David Melder",
        "Gold Medal: 1955 Utrecht Team Played with David Melder",
        "Gold Medal: 1954 Wembley Singles Played with David Melder",
        "Bronze Medal: 1954 Wembley Doubles Played with David Melder",
        "Gold Medal: 1954 Wembley Team Played with David Melder",
        "Competition: Asian Games",
        "Silver Medal: 1962 Jakarta Singles Played with David Melder",
        "Silver Medal: 1962 Jakarta Doubles Played with David Melder",
        "Gold Medal: 1962 Jakarta Mixed doubles Played with David Melder",
        "Gold Medal: 1962 Jakarta Team Played with David Melder",
        "Bronze Medal: 1958 Tokyo Singles Played with David Melder",
        "Gold Medal: 1958 Tokyo Mixed doubles Played with David Melder",
        "Silver Medal: 1958 Tokyo Team Played with David Melder",
        "Competition: Asian Championships",
        "Gold Medal: 1960 Bombay Singles Played with David Melder",
        "Gold Medal: 1960 Bombay Doubles Played with David Melder",
        "Gold Medal: 1960 Bombay Mixed doubles Played with David Melder",
        "Gold Medal: 1960 Bombay Team Played with David Melder",
        "Gold Medal: 1953 Tokyo Team Played with David Melder"
    ]
}