{
    "name": "I\u00edzzwa Medina",
    "fullname": "I\u00edzzwa Iizzalledd Medina Bueso",
    "nationality": "HON",
    "birth_place": "Tegucigalpa, Honduras",
    "height": "m=1.62",
    "weight": "50",
    "playingstyle": "Right-handed, shakehand",
    "birth_date": "1982-7-20",
    "medaltemplates": [
        "Sport: Women's table tennis",
        "Country: {{HON}}",
        "Competition: Central American and Caribbean Games",
        "Bronze Medal: 2006 Cartagena Singles Played with David Melder",
        "Bronze Medal: 2006 Cartagena Doubles Played with David Melder",
        "Bronze Medal: 2010 Mayaguez Singles Played with David Melder"
    ]
}