{
    "name": "Ilija Lupulesku",
    "fullname": "Ilija Lupulesku",
    "nationality": "YUG, FR-YUG, USA",
    "playingstyle": "Left-handed",
    "birth_place": "Zrenjanin, SR Serbia, SFR Yugoslavia",
    "height": "5 ft 11 in",
    "birth_date": "1967-10-30",
    "medaltemplates": [
        "Sport: Men's table tennis",
        "Country: {{YUG}}/{{FR Yugoslavia}} Yugoslavia",
        "Competition: Olympic Games",
        "Silver Medal: 1988 Seoul Doubles",
        "Competition: World Championships",
        "Silver Medal: 1987 New Delhi Doubles",
        "Silver Medal: 1991 Chiba City Team",
        "Competition: World Cup",
        "Bronze Medal: 1990 Seoul Doubles",
        "Competition: European Championships",
        "Gold Medal: 1988 Paris Mixed Doubles",
        "Gold Medal: 1990 Gothenburg Doubles",
        "Gold Medal: 1998 Eindhoven Mixed Doubles",
        "Silver Medal: 1986 Prague Mixed Doubles",
        "Silver Medal: 1988 Paris Doubles",
        "Silver Medal: 1998 Eindhoven Doubles",
        "Silver Medal: 2000 Bremen Doubles",
        "Silver Medal: 2000 Bremen Mixed Doubles",
        "Bronze Medal: 1986 Prague Doubles",
        "Bronze Medal: 1992 Stuttgart Doubles",
        "Competition: Mediterranean Games",
        "Gold Medal: 1987 Latakia Doubles",
        "Gold Medal: 1987 Latakia Mixed Doubles",
        "Gold Medal: 1991 Athens Doubles",
        "Bronze Medal: 1987 Latakia Singles"
    ]
}