{
    "name": "Ilona Uhl\u00edkov\u00e1-Vo\u0161tov\u00e1",
    "nationality": "TCH",
    "birth_place": "Stod, Czechoslovakia",
    "birth_date": "9 April 1954",
    "medaltemplates": [
        "Sport: Women's table tennis",
        "Country: {{TCH}}",
        "Competition: World Championships",
        "Bronze Medal: 1971 Nagoya Singles Played with David Melder",
        "Bronze Medal: 1969 Munich Doubles Played with David Melder",
        "Competition: European Championships",
        "Bronze Medal: 1980 Berne Singles Played with David Melder",
        "Gold Medal: 1980 Berne Mixed Doubles Played with David Melder",
        "Bronze Medal: 1978 Duisburg Doubles Played with David Melder",
        "Silver Medal: 1978 Duisburg Team Played with David Melder",
        "Silver Medal: 1976 Prague Mixed Doubles Played with David Melder",
        "Bronze Medal: 1972 Rotterdam Singles Played with David Melder",
        "Bronze Medal: 1972 Rotterdam Mixed Doubles Played with David Melder",
        "Silver Medal: 1970 Moscow Singles Played with David Melder",
        "Silver Medal: 1970 Moscow Team Played with David Melder",
        "Gold Medal: 1968 Lyon Singles Played with David Melder"
    ]
}