{
    "name": "Insook Bhushan",
    "fullname": "Insook Bhushan",
    "nationality": "USA",
    "playingstyle": "Shakehand, defensive",
    "birth_place": "Seoul, South Korea",
    "birth_date": "1952-2-17",
    "medaltemplates": [
        "Sport: Women's table tennis",
        "Country: {{USA}}",
        "Competition: Pan American Games",
        "Gold Medal: 1983 Caracas Singles Played with David Melder",
        "Gold Medal: 1983 Caracas Doubles Played with David Melder",
        "Gold Medal: 1983 Caracas Mixed doubles Played with David Melder",
        "Gold Medal: 1983 Caracas Team Played with David Melder",
        "Gold Medal: 1987 Indianapolis Singles Played with David Melder",
        "Gold Medal: 1987 Indianapolis Mixed doubles Played with David Melder",
        "Gold Medal: 1987 Indianapolis Team Played with David Melder",
        "Gold Medal: 1991 Havana Singles Played with David Melder",
        "Gold Medal: 1991 Havana Team Played with David Melder",
        "Silver Medal: 1991 Havana Doubles Played with David Melder"
    ]
}