{
    "name": "Io\u00e1nnis Sgour\u00f3poulos",
    "birth_place": "Athena, Greece",
    "height": "172 cm",
    "playingstyle": "Right-handed shakehand",
    "hrank": "147 (17 August 2023)",
    "crank": "228 (9 April 2024)",
    "birth_date": "2000-5-8",
    "medaltemplates": [
        "Sport: Men's table tennis",
        "Country: {{GRE}}",
        "Competition: European Youth Championships",
        "Gold Medal: 2017 Guimar\u00e3es Single Mixed doubles",
        "Gold Medal: 2018 Cluj-Napoca Single Mixed doubles",
        "Competition: European U-21 Championships",
        "Gold Medal: 2019 Gondomar Single Mixed doubles",
        "Gold Medal: 2021 Spa Single Mixed doubles",
        "Competition: Mediterranean Games",
        "Bronze Medal: 2022 Oran Team Mixed doubles"
    ]
}