{
    "name": "Isabelle Li",
    "full_name": "Li Siyun Isabelle",
    "birth_place": "Singapore",
    "playingstyle": "Right-hand shakehand grip",
    "birth_date": "1994-08-28",
    "medaltemplates": [
        "Sport: Women's Table tennis",
        "Country: {{SIN}}",
        "Competition: World Championships",
        "Bronze Medal: 2014 Tokyo Team Mixed doubles",
        "Competition: World Cup",
        "Bronze Medal: 2013 Guangzhou Team Mixed doubles",
        "Bronze Medal: 2015 Dubai Team Mixed doubles",
        "Competition: Asian Games",
        "Bronze Medal: 2014 Incheon Team Mixed doubles",
        "Competition: Commonwealth Games",
        "Gold Medal: 2014 Glasgow Team Mixed doubles",
        "Competition: Southeast Asian Games",
        "Gold Medal: 2013 Naypyidaw Team Mixed doubles",
        "Gold Medal: 2015 Singapore Team Mixed doubles",
        "Silver Medal: 2011 Jakarta-Palembang Singles Mixed doubles",
        "Silver Medal: 2013 Naypyidaw Singles Mixed doubles",
        "Competition: Summer Youth Olympics",
        "Silver Medal: 2010 Singapore Singles Mixed doubles",
        "Competition: Commonwealth Youth Games",
        "Gold Medal: 2008 Pune Singles Mixed doubles"
    ]
}