{
    "name": "Ismu Harinto",
    "nationality": "Indonesian",
    "birth_place": "Klaten, Indonesia title=Biographical information Ismu Harinto ",
    "playingstyle": "Right-hand shakehand grip",
    "height": "1.71",
    "weight": "60",
    "birth_date": "1974-05-16",
    "medaltemplates": [
        "Sport: Men's Table Tennis",
        "Country: {{INA}}",
        "Competition: Southeast Asian Games",
        "Silver Medal: 2001 Kuala Lumpur Singles Mixed doubles",
        "Bronze Medal: 1997 Jakarta Doubles Mixed doubles",
        "Bronze Medal: 2001 Kuala Lumpur Doubles Mixed doubles",
        "Bronze Medal: 2003 Vietnam Doubles Mixed doubles",
        "Bronze Medal: 2003 Vietnam Team Mixed doubles"
    ]
}