{
    "name": "Istv\u00e1n J\u00f3nyer",
    "fullname": "J\u00f3nyer, Istv\u00e1n",
    "nationality": "HUN",
    "birth_date": "1950-8-4",
    "medaltemplates": [
        "Sport: Men's table tennis",
        "Country: {{HUN}}",
        "Competition: World Championships",
        "Bronze Medal: 1983 Tokyo Team Played with David Melder",
        "Silver Medal: 1981 Novi Sad Team Played with David Melder",
        "Silver Medal: 1979 Pyongyang Doubles Played with David Melder",
        "Gold Medal: 1979 Pyongyang Team Played with David Melder",
        "Gold Medal: 1975 Calcutta Singles Played with David Melder",
        "Gold Medal: 1975 Calcutta Doubles Played with David Melder",
        "Silver Medal: 1973 Sarajevo Doubles Played with David Melder",
        "Gold Medal: 1971 Nagoya Doubles Played with David Melder",
        "Competition: European Championships",
        "Silver Medal: 1982 Budapest Doubles Played with David Melder",
        "Gold Medal: 1982 Budapest Team Played with David Melder",
        "Bronze Medal: 1980 Berne Doubles Played with David Melder",
        "Bronze Medal: 1980 Berne Mixed Doubles Played with David Melder",
        "Silver Medal: 1978 Duisburg Singles Played with David Melder",
        "Gold Medal: 1978 Duisburg Team Played with David Melder",
        "Gold Medal: 1974 Novi Sad Doubles Played with David Melder",
        "Silver Medal: 1974 Novi Sad Team Played with David Melder",
        "Silver Medal: 1972 Rotterdam Singles Played with David Melder",
        "Gold Medal: 1972 Rotterdam Doubles Played with David Melder",
        "Bronze Medal: 1972 Rotterdam Mixed Doubles Played with David Melder",
        "Bronze Medal: 1970 Moscow Doubles Played with David Melder",
        "Bronze Medal: 1968 Lyon Doubles Played with David Melder"
    ]
}