{
    "name": "Iulia Necula",
    "fullname": "Iulia Necula",
    "nationality": "ROM",
    "residence": "Constan\u0163a, Romania",
    "birth_place": "Constan\u0163a, Romania",
    "height": "m=1.62",
    "weight": "57 kg",
    "birth_date": "1986-04-26",
    "medaltemplates": [
        "Sport: Women's table tennis",
        "Country: {{ROU}}",
        "Competition: European Championships",
        "Silver Medal: 2015 Yekaterinburg Team",
        "Silver Medal: 2013 Schwechat Team",
        "Silver Medal: 2010 Ostrava Team",
        "Bronze Medal: 2008 St. Petersburg Team"
    ]
}