{
    "name": "Ivan Andreadis",
    "fullname": "Ivan Andreadis",
    "nationality": "TCH",
    "playingstyle": "Shakehand grip",
    "death_date": "1992",
    "birth_date": "1924-4-3",
    "medaltemplates": [
        "Sport: Men's table tennis",
        "Country: {{TCH}}",
        "Competition: World Championships",
        "Bronze Medal: 1957 Stockholm Singles Played with David Melder",
        "Gold Medal: 1957 Stockholm Doubles Played with David Melder",
        "Silver Medal: 1957 Stockholm Mixed Doubles Played with David Melder",
        "Bronze Medal: 1957 Stockholm Men's Team Played with David Melder",
        "Silver Medal: 1956 Tokyo Doubles Played with David Melder",
        "Silver Medal: 1956 Tokyo Mixed Doubles Played with David Melder",
        "Silver Medal: 1956 Tokyo Men's Team Played with David Melder",
        "Gold Medal: 1955 Utrecht Doubles Played with David Melder",
        "Silver Medal: 1955 Utrecht Men's Team Played with David Melder",
        "Bronze Medal: 1954 Wembley Singles Played with David Melder",
        "Gold Medal: 1954 Wembley Doubles Played with David Melder",
        "Silver Medal: 1954 Wembley Men's Team Played with David Melder",
        "Silver Medal: 1953 Bucharest Singles Played with David Melder",
        "Bronze Medal: 1953 Bucharest Doubles Played with David Melder",
        "Bronze Medal: 1953 Bucharest Men's Team Played with David Melder",
        "Silver Medal: 1951 Vienna Singles Played with David Melder",
        "Gold Medal: 1951 Vienna Doubles Played with David Melder",
        "Gold Medal: 1951 Vienna Men's Team Played with David Melder",
        "Bronze Medal: 1950 Budapest Singles Played with David Melder",
        "Silver Medal: 1950 Budapest Doubles Played with David Melder",
        "Bronze Medal: 1950 Budapest Mixed Doubles Played with David Melder",
        "Gold Medal: 1950 Budapest Men's Team Played with David Melder",
        "Gold Medal: 1949 Stockholm Doubles Played with David Melder",
        "Silver Medal: 1949 Stockholm Men's Team Played with David Melder",
        "Gold Medal: 1948 Wembley Men's Team Played with David Melder",
        "Gold Medal: 1947 Paris Men's Team Played with David Melder"
    ]
}