{
    "name": "J\u00f6rg Ro\u00dfkopf",
    "fullname": "Jorg Rosskopf",
    "nationality": "GER",
    "birth_place": "Dieburg, Hessen, West Germany",
    "birth_date": "1969-05-22",
    "medaltemplates": [
        "Sport: Men's table tennis",
        "Country: , {{FRG}}/Germany",
        "Competition: Olympic Games",
        "Silver Medal: 1992 Barcelona Doubles",
        "Bronze Medal: 1996 Atlanta Singles",
        "Competition: World Championships",
        "Gold Medal: 1989 Dortmund Doubles",
        "Silver Medal: 2004 Doha Men's Team",
        "Bronze Medal: 1993 Gothenburg Men's Team",
        "Bronze Medal: 2006 Bremen Men's Team",
        "Competition: World Cup",
        "Gold Medal: 1998 Shantou Singles",
        "Silver Medal: 1995 Nimes Singles",
        "Bronze Medal: 2001 Courmayeur Singles",
        "Competition: European Championships"
    ]
}