{
    "name": "J\u00f6rgen Persson",
    "fullname": "Lars-Erik J\u00f6rgen Persson",
    "nationality": "SWE",
    "playingstyle": "Shakehands grip",
    "hrank": "1 (May 1991 - March 1992)",
    "birth_place": "Halmstad, Sweden",
    "birth_date": "1966-4-22",
    "medaltemplates": [
        "Sport: Men's table tennis",
        "Country: {{SWE}}",
        "Competition: World Championships",
        "Gold Medal: 1989 Dortmund Team",
        "Gold Medal: 1991 Chiba Singles",
        "Gold Medal: 1991 Chiba Team",
        "Gold Medal: 1993 Gothenburg Team",
        "Gold Medal: 2000 Kuala Lumpur Team",
        "Silver Medal: 1987 New Delhi Team",
        "Silver Medal: 1989 Dortmund Singles",
        "Silver Medal: 1995 Tianjin Team",
        "Silver Medal: 1997 Manchester Doubles",
        "Bronze Medal: 1991 Chiba Doubles",
        "Bronze Medal: 2001 Osaka Team",
        "Competition: World Cup",
        "Gold Medal: 1990 Chiba Team",
        "Gold Medal: 1991 Kuala Lumpur Singles",
        "Silver Medal: 1991 Barcelona Team",
        "Silver Medal: 1994 Nimes Team",
        "Competition: European Championships",
        "Gold Medal: 1986 Prague Singles",
        "Gold Medal: 1986 Prague Team",
        "Gold Medal: 1988 Paris Team",
        "Gold Medal: 1990 Gothenburg Team",
        "Gold Medal: 1992 Stuttgart Doubles",
        "Gold Medal: 1992 Stuttgart Team",
        "Gold Medal: 1996 Bratislava Doubles",
        "Gold Medal: 1996 Bratislava Team",
        "Gold Medal: 2000 Bremen Team",
        "Silver Medal: 1996 Bratislava Singles",
        "Bronze Medal: 1988 Paris Doubles",
        "Bronze Medal: 1998 Eindhoven Doubles",
        "Bronze Medal: 1998 Eindhoven Team",
        "Bronze Medal: 2003 Courmayeur Team"
    ]
}