{
    "name": "J\u00e1nos Fah\u00e1zi",
    "fullname": "|nickname =",
    "nationality": "HUN",
    "birth_place": "Budapest",
    "birth_date": "23 April 1942",
    "medaltemplates": [
        "Sport: Table tennis",
        "Country: {{HUN}}",
        "Competition: World Championships",
        "Bronze Medal: 1963 Prague Mixed doubles Played with David Melder",
        "Competition: European Championships",
        "Bronze Medal: 1964 Malmo Doubles Played with David Melder",
        "Bronze Medal: 1964 Malmo Mixed doubles Played with David Melder"
    ]
}