{
    "name": "Jacques Secr\u00e9tin",
    "fullname": "Jacques Secr\u00e9tin",
    "nationality": "French",
    "birth_place": "Carvin, Pas-de-Calais, France",
    "death_place": "df=y",
    "birth_date": "1949-3-18",
    "medaltemplates": [
        "Sport: Men's table tennis",
        "Country: {{FRA}}",
        "Competition: World Championships",
        "Bronze Medal: 1981 Novi Sad Doubles Played with David Melder",
        "Bronze Medal: 1979 Pyongyang Mixed Doubles Played with David Melder",
        "Gold Medal: 1977 Birmingham Mixed Doubles Played with David Melder",
        "Bronze Medal: 1975 Calcutta Doubles Played with David Melder",
        "Bronze Medal: 1973 Sarajevo Doubles Played with David Melder",
        "Competition: European Championships",
        "Silver Medal: 1986 Prague Team Played with David Melder",
        "Bronze Medal: 1984 Moscow Doubles Played with David Melder",
        "Gold Medal: 1984 Moscow Mixed Doubles Played with David Melder",
        "Gold Medal: 1984 Moscow Team Played with David Melder",
        "Bronze Medal: 1982 Budapest Doubles Played with David Melder",
        "Bronze Medal: 1980 Berne Singles Played with David Melder",
        "Gold Medal: 1980 Berne Doubles Played with David Melder",
        "Gold Medal: 1976 Prague Singles Played with David Melder",
        "Bronze Medal: 1976 Prague Mixed Doubles Played with David Melder",
        "Bronze Medal: 1974 Novi Sad Mixed Doubles Played with David Melder"
    ]
}