{
    "name": "Jakub Dyjas",
    "nationality": "POL",
    "hrank": "68 (28 September 2021)",
    "club": "GRE Panathinaikos",
    "birth_place": "Koszalin, Poland",
    "height": "m=1.83",
    "weight": "54",
    "birth_date": "1995-10-09",
    "medaltemplates": [
        "Sport: Men's table tennis",
        "Country: {{POL}}",
        "Competition: European Championships",
        "Silver Medal: 2016 Budapest Doubles Mixed doubles",
        "Bronze Medal: 2016 Budapest Singles Mixed doubles"
    ]
}