{
    "name": "James McClure",
    "fullname": "James 'Jimmy' McClure",
    "nationality": "USA",
    "birth_place": "Indianapolis, Indiana, United States",
    "death_date": "2005",
    "death_place": "Cape Coral, Florida, United States",
    "birth_date": "1916-9-28",
    "medaltemplates": [
        "Sport: Men's table tennis",
        "Country: {{USA}}",
        "Competition: World Championships",
        "Bronze Medal: 1949 Stockholm Team Played with David Melder",
        "Gold Medal: 1938 Wembley Doubles Played with David Melder",
        "Bronze Medal: 1938 Wembley Team Played with David Melder",
        "Gold Medal: 1937 Baden Doubles Played with David Melder",
        "Gold Medal: 1937 Baden Team Played with David Melder",
        "Gold Medal: 1936 Prague Doubles Played with David Melder"
    ]
}