{
    "name": "Jan-Ove Waldner",
    "fullname": "Jan-Ove Waldner",
    "nickname": "\u8001\u74e6 (L\u01ceo W\u01ce, \"Old Wa\")",
    "nationality": "Swedish",
    "playingstyle": "Shakehand grip",
    "birth_place": "Stockholm, Sweden",
    "birth_date": "1965-10-3",
    "medaltemplates": [
        "Sport: Men's table tennis",
        "Country: {{SWE}}",
        "Competition: Olympic Games",
        "Gold Medal: 1992 Barcelona Singles",
        "Silver Medal: 2000 Sydney Singles",
        "Competition: World Championships",
        "Gold Medal: 1989 Dortmund Singles",
        "Gold Medal: 1989 Dortmund Team",
        "Gold Medal: 1991 Chiba Team",
        "Gold Medal: 1993 Gothenburg Team",
        "Gold Medal: 1997 Manchester Singles",
        "Gold Medal: 2000 Kuala Lumpur Team",
        "Silver Medal: 1983 Tokyo Team",
        "Silver Medal: 1985 Gothenburg Team",
        "Silver Medal: 1987 New Delhi Singles",
        "Silver Medal: 1987 New Delhi Team",
        "Silver Medal: 1991 Chiba Singles",
        "Silver Medal: 1995 Tianjin Team",
        "Silver Medal: 1997 Manchester Doubles",
        "Bronze Medal: 1993 Gothenburg Singles",
        "Bronze Medal: 1999 Eindhoven Singles",
        "Bronze Medal: 2001 Osaka Team",
        "Competition: World Cup",
        "Gold Medal: 1990 Chiba City Singles",
        "Gold Medal: 1990 Chiba City Team",
        "Silver Medal: 1983 Barbados Singles",
        "Silver Medal: 1991 Barcelona Team",
        "Silver Medal: 1994 Nimes Team",
        "Silver Medal: 1996 Nimes Singles",
        "Bronze Medal: 1991 Barcelona Singles",
        "Competition: European Championships",
        "Gold Medal: 1986 Prague Doubles",
        "Gold Medal: 1986 Prague Team",
        "Gold Medal: 1988 Paris Doubles",
        "Gold Medal: 1988 Paris Team",
        "Gold Medal: 1990 Gothenburg Team",
        "Gold Medal: 1992 Stuttgart Team",
        "Gold Medal: 1996 Bratislava Singles",
        "Gold Medal: 1996 Bratislava Doubles",
        "Gold Medal: 1996 Bratislava Team",
        "Gold Medal: 2000 Bremen Team",
        "Gold Medal: 2002 Zagreb Team",
        "Silver Medal: 1982 Budapest Singles",
        "Silver Medal: 1984 Moscow Doubles",
        "Silver Medal: 1992 Stuttgart Doubles",
        "Silver Medal: 1994 Birmingham Singles",
        "Silver Medal: 1994 Birmingham Team",
        "Bronze Medal: 1984 Moscow Team",
        "Bronze Medal: 1988 Paris Singles",
        "Bronze Medal: 1998 Eindhoven Doubles",
        "Bronze Medal: 1998 Eindhoven Team",
        "Bronze Medal: 2000 Bremen Singles"
    ]
}