{
    "name": "Jang Woo-jin",
    "birth_place": "Sokcho, South Korea url=https://kttl.kr/kttl/teams/10004/96",
    "height": "172 cm",
    "playingstyle": "Right-handed, shakehand attacking",
    "highest_rank": "8 (4 July 2023) title=Ranking History",
    "current_rank": "14 (20 February 2024)",
    "club": "Korea Armed Forces Athletic Corps (KTTL)",
    "birth_date": "1995-9-10",
    "medaltemplates": [
        "Sport: Men's table tennis",
        "Country: {{KOR}}",
        "Competition: World Championships",
        "Silver Medal: 2021 Houston Doubles Mixed doubles",
        "Silver Medal: 2023 Durban Doubles Mixed doubles",
        "Bronze Medal: 2016 Kuala Lumpur Team Mixed doubles",
        "Bronze Medal: 2018 Halmstad Team Mixed doubles",
        "Bronze Medal: 2022 Chengdu Team Mixed doubles",
        "Bronze Medal: 2024 Busan Team Mixed doubles",
        "Competition: World Cup",
        "Silver Medal: 2019 Tokyo Team Mixed doubles",
        "Silver Medal: 2023 Chengdu Mixed team Mixed doubles",
        "Competition: Asian Games",
        "Silver Medal: 2018 Jakarta Team Mixed doubles",
        "Silver Medal: 2022 Hangzhou Doubles Mixed doubles",
        "Silver Medal: 2022 Hangzhou Team Mixed doubles",
        "Bronze Medal: 2022 Hangzhou Singles Mixed doubles",
        "Bronze Medal: 2022 Hangzhou Mixed doubles Mixed doubles",
        "Competition: Asian Championships",
        "Gold Medal: 2021 Doha Team Mixed doubles",
        "Silver Medal: 2017 Wuxi Team Mixed doubles",
        "Silver Medal: 2019 Yogyakarta Team Mixed doubles",
        "Silver Medal: 2021 Doha Doubles Mixed doubles",
        "Silver Medal: 2021 Doha Mixed doubles Mixed doubles",
        "Bronze Medal: 2015 Pattaya Team Mixed doubles",
        "Bronze Medal: 2021 Doha Singles Mixed doubles",
        "Bronze Medal: 2023 Pyeongchang Doubles Mixed doubles",
        "Bronze Medal: 2023 Pyeongchang Team Mixed doubles"
    ]
}