{
    "name": "Jasna Fazli\u0107",
    "fullname": "Jasna Fazli\u0107 Rather",
    "nationality": "YUG, USA",
    "playingstyle": "Offensive power looper",
    "birth_place": "Fo\u010da, SR Bosnia and Herzegovina, SFR Yugoslavia",
    "birth_date": "1970-12-20",
    "medaltemplates": [
        "Sport: Women's table tennis",
        "Country: {{YUG}}",
        "Competition: Olympic Games",
        "Bronze Medal: 1988 Seoul Doubles",
        "Country: {{USA}}",
        "Competition: Pan American Games",
        "Gold Medal: 2003 Santo Domingo Doubles"
    ]
}