{
    "name": "Jean-Michel Saive",
    "fullname": "Saive Jean-Michel",
    "birth_place": "Li\u00e8ge, Belgium",
    "birth_date": "1969-11-17",
    "medaltemplates": [
        "Sport: Men's table tennis",
        "Country: {{BEL}}",
        "Competition: World Championships",
        "Silver Medal: 1993 Gothenburg Singles",
        "Silver Medal: 2001 Osaka Team",
        "Competition: World Cup",
        "Silver Medal: 1994 Taipei Singles",
        "Competition: European Championships",
        "Gold Medal: 1994 Birmingham Singles",
        "Silver Medal: 1990 Gothenburg Mixed Doubles",
        "Silver Medal: 1992 Stuttgart Singles",
        "Silver Medal: 1994 Birmingham Doubles",
        "Silver Medal: 2005 Aarhus Singles",
        "Bronze Medal: 2008 St-Petersburg Team"
    ]
}