{
    "name": "Jean-Philippe Gatien",
    "fullname": "Jean-Philippe Gatien",
    "nationality": "FRA",
    "birth_place": "Al\u00e8s, France",
    "birth_date": "1968-10-16",
    "medaltemplates": [
        "Sport: Men's table tennis",
        "Country: {{FRA}}",
        "Competition: Olympic Games",
        "Silver Medal: 1992 Barcelona Singles Played with David Melder",
        "Bronze Medal: 2000 Sydney Doubles Played with David Melder",
        "Competition: World Championships",
        "Gold Medal: 1993 Gothenburg Singles Played with David Melder",
        "Silver Medal: 1997 Manchester Team Played with David Melder",
        "Bronze Medal: 1995 Tianjin Doubles Played with David Melder",
        "Bronze Medal: 1997 Manchester Doubles Played with David Melder",
        "Competition: World Cup",
        "Gold Medal: 1994 Taipei Singles Played with David Melder",
        "Silver Medal: 1991 Kuala Lumpur Singles Played with David Melder",
        "Bronze Medal: 1991 Barcelona Team Played with David Melder",
        "Bronze Medal: 1994 Nimes Team Played with David Melder",
        "Competition: European Championships",
        "Gold Medal: 1990 Gothenburg Mixed Doubles Played with David Melder",
        "Gold Medal: 1994 Birmingham Team Played with David Melder",
        "Gold Medal: 1998 Eindhoven Team Played with David Melder",
        "Gold Medal: 2000 Bremen Doubles Played with David Melder",
        "Silver Medal: 1986 Prague Team Played with David Melder",
        "Silver Medal: 1992 Stuttgart Mixed Doubles Played with David Melder",
        "Silver Medal: 1996 Bratislava Team Played with David Melder",
        "Bronze Medal: 1990 Gothenburg Singles Played with David Melder",
        "Bronze Medal: 1996 Bratislava Singles Played with David Melder",
        "Bronze Medal: 1998 Eindhoven Singles Played with David Melder"
    ]
}