{
    "name": "Jens Lundqvist",
    "fullname": "Jens Mikael Lundqvist",
    "nationality": "Swedish",
    "birth_place": "G\u00e4vle, Sweden",
    "hrank": "19 (August 2003)",
    "height": "1.83 m",
    "weight": "83 kg",
    "birth_date": "1979-08-29",
    "medaltemplates": [
        "Sport: Men's table tennis",
        "Country: {{SWE}}",
        "Competition: European Championships",
        "Gold Medal: 2002 Zagreb Team",
        "Silver Medal: 2011 Gdansk-Sopot Team",
        "Bronze Medal: 2010 Ostrava Doubles"
    ]
}