{
    "name": "Jeon Ji-hee",
    "nationality": "South Korean (since 2011)",
    "birth_place": "Langfang, Hebei, China",
    "height": "159 cm",
    "playingstyle": "Left-handed, shakehand grip",
    "hrank": "10 (1 February 2022)",
    "crank": "21 (20 February 2024)",
    "birth_date": "1992-10-28",
    "medaltemplates": [
        "Sport: Women's table tennis",
        "Country: {{KOR}}",
        "Competition: World Championships",
        "Silver Medal: 2023 Durban Doubles Mixed doubles",
        "Competition: World Cup",
        "Silver Medal: 2023 Chengdu Mixed team Mixed doubles",
        "Bronze Medal: 2019 Tokyo Team Mixed doubles",
        "Competition: Asian Games",
        "Gold Medal: 2022 Hangzhou Doubles Mixed doubles",
        "Bronze Medal: 2014 Incheon Mixed doubles Mixed doubles",
        "Bronze Medal: 2018 Jakarta-Palembang Singles Mixed doubles",
        "Bronze Medal: 2018 Jakarta-Palembang Team Mixed doubles",
        "Bronze Medal: 2022 Hangzhou Mixed doubles Mixed doubles",
        "Bronze Medal: 2022 Hangzhou Team Mixed doubles",
        "Competition: Asian Championships",
        "Gold Medal: 2021 Doha Doubles Mixed doubles",
        "Silver Medal: 2021 Doha Mixed doubles Mixed doubles",
        "Silver Medal: 2021 Doha Team Mixed doubles",
        "Silver Medal: 2023 Pyeongchang Team Mixed doubles",
        "Bronze Medal: 2019 Yogyakarta Mixed doubles Mixed doubles",
        "Bronze Medal: 2023 Pyeongchang Doubles Mixed doubles",
        "Competition: Summer Universiade",
        "Gold Medal: 2017 Taipei Singles Mixed doubles",
        "Gold Medal: 2017 Taipei Mixed doubles Mixed doubles",
        "Gold Medal: 2017 Taipei Team Mixed doubles",
        "Bronze Medal: 2017 Taipei Doubles Mixed doubles",
        "Country: {{Korea (unification)}}",
        "Competition: World Championships",
        "Bronze Medal: 2018 Halmstad Team Mixed doubles"
    ]
}