{
    "name": "Jeong Sang-eun",
    "nationality": "Chinese (before 2005), South Korean (after 2005)",
    "birth_name": "Ding Xiang'en",
    "birth_place": "Wangqing County, Jilin, China",
    "playingstyle": "Right-handed shakehand grip",
    "highest_rank": "15 (August 2018)",
    "height": "168 cm",
    "weight": "60 kg",
    "birth_date": "1990-4-2",
    "medaltemplates": [
        "Country: {{KOR}}",
        "Competition: World Championships",
        "Bronze Medal: 2016 Shah Alam Men's team Mixed doubles",
        "Competition: Asian Games",
        "Silver Medal: 2014 Incheon Men's team Mixed doubles",
        "Competition: Asian Championships",
        "Competition: East Asian Games"
    ]
}