{
    "name": "Jeoung Young-sik",
    "nationality": "Korean",
    "playingstyle": "Attack, shakehand",
    "equipment": "Blade: Icecream Azx",
    "hrank": "7 (February 2017) http://results.ittf.link/index.php?option=com_fabrik&view=details&formid=99&rowid=104257&Itemid=266 JEOUNG Youngsik. ITTF",
    "height": "1.80 m https://en.asiangames2018.id/athletes/athlete/JEOUNG-Young-Sik-3014360/ Jeoung Young-sik ",
    "birth_date": "1992-1-20",
    "medaltemplates": [
        "Country: {{KOR}}",
        "Competition: World Championships",
        "Bronze Medal: 2010 Moscow Team Played with David Melder",
        "Bronze Medal: 2011 Rotterdam Doubles Played with David Melder",
        "Bronze Medal: 2012 Dortmund Team Played with David Melder",
        "Bronze Medal: 2016 Kuala Lumpur Team Played with David Melder",
        "Bronze Medal: 2017 D\u00fcsseldorf Doubles Played with David Melder",
        "Bronze Medal: 2018 Halmstad Team Played with David Melder",
        "Competition: World Cup",
        "Bronze Medal: 2018 London Team Played with David Melder",
        "Competition: Asian Games",
        "Silver Medal: 2010 Guangzhou Team Played with David Melder",
        "Silver Medal: 2018 Jakarta Men's team Played with David Melder",
        "Bronze Medal: 2010 Guangzhou Doubles Played with David Melder",
        "Competition: Asian Championships",
        "Silver Medal: 2012 Macau Doubles Played with David Melder",
        "Bronze Medal: 2012 Macau Team Played with David Melder",
        "Bronze Medal: 2013 Busan Team Played with David Melder"
    ]
}