{
    "name": "Jia Nan Yuan",
    "nationality": "French",
    "birth_place": "Zhengzhou, Henan, China",
    "playingstyle": "Right-handed shakehand grip",
    "highest_rank": "16 (2 January 2023)",
    "current_rank": "20 (20 February 2024)",
    "height": "1.72 m",
    "birth_date": "1985-7-11",
    "medaltemplates": [
        "Sport: Women's table tennis",
        "Country: {{FRA}}",
        "Competition: World Championships",
        "Bronze Medal: 2024 Busan Team Mixed doubles",
        "Competition: European Championships",
        "Gold Medal: 2022 Munich Mixed doubles Mixed doubles",
        "Bronze Medal: 2023 Malm\u00f6 Team Mixed doubles",
        "Competition: Europe Top-16",
        "Gold Medal: 2024 Montreux Singles Mixed doubles"
    ]
}