{
    "name": "Jiang Tianyi",
    "native_name": "\u6c5f\u5929\u4e00",
    "native_name_lang": "zh-han",
    "nationality": "HKG",
    "playingstyle": "Left-handed, shakehand grip",
    "hrank": "14 (December 2012)",
    "birth_place": "Jinan, Shandong, China",
    "height": "m=1.81 ",
    "weight": "67",
    "birth_date": "1988-02-28",
    "medaltemplates": [
        "Sport: Men's table tennis",
        "Country: {{HKG}}",
        "Competition: Asian Games",
        "Silver Medal: 2014 Incheon Mixed Doubles Played with David Melder"
    ]
}