{
    "name": "Jian Fang Lay",
    "fullname": "Jian Fang Lay-Hong",
    "nationality": "AUS",
    "birth_place": "Wenzhou, Zhejiang, China",
    "height": "1.63 m",
    "weight": "58 kg",
    "birth_date": "1973-3-6",
    "medaltemplates": [
        "Sport: Women's table tennis",
        "Country: {{AUS}}",
        "Competition: Commonwealth Games",
        "Silver Medal: 2002 Manchester Mixed doubles",
        "Silver Medal: 2002 Manchester Team",
        "Silver Medal: 2006 Melbourne Team",
        "Silver Medal: 2014 Glasgow Mixed doubles",
        "Silver Medal: 2022 Birmingham Doubles",
        "Bronze Medal: 2002 Manchester Doubles",
        "Bronze Medal: 2006 Melbourne Doubles",
        "Bronze Medal: 2014 Glasgow Team",
        "Bronze Medal: 2022 Birmingham Team",
        "Competition: Oceania Championships",
        "Gold Medal: 2000 Koumac Team",
        "Gold Medal: 2002 Suva Singles",
        "Gold Medal: 2002 Suva Doubles",
        "Gold Medal: 2002 Suva Team",
        "Gold Medal: 2004 Whangarei Team",
        "Gold Medal: 2010 Auckland Doubles",
        "Gold Medal: 2010 Auckland Team",
        "Silver Medal: 2000 Koumac Singles",
        "Silver Medal: 2000 Koumac Doubles",
        "Silver Medal: 2002 Suva Mixed Doubles",
        "Silver Medal: 2004 Whangarei Singles",
        "Silver Medal: 2004 Whangarei Doubles",
        "Silver Medal: 2004 Whangarei Mixed doubles",
        "Bronze Medal: 2000 Koumac Mixed doubles",
        "Bronze Medal: 2010 Auckland Singles",
        "Bronze Medal: 2010 Auckland Mixed doubles"
    ]
}