{
    "name": "Jiang Jialiang",
    "nationality": "CHN",
    "birth_place": "Zhongshan, Guangdong, China",
    "birth_date": "1964-03-03",
    "medaltemplates": [
        "Sport: Men's table tennis",
        "Country: {{CHN}}",
        "Competition: World Championships",
        "Gold Medal: 1983 Tokyo Team Played with David Melder",
        "Gold Medal: 1985 Gothenburg Singles Played with David Melder",
        "Gold Medal: 1985 Gothenburg Team Played with David Melder",
        "Gold Medal: 1987 New Delhi Singles Played with David Melder",
        "Gold Medal: 1987 New Delhi Team Played with David Melder",
        "Silver Medal: 1983 Tokyo Doubles Played with David Melder",
        "Silver Medal: 1987 New Delhi Mixed Doubles Played with David Melder",
        "Silver Medal: 1989 Dortmund Team Played with David Melder",
        "Bronze Medal: 1983 Tokyo Singles Played with David Melder",
        "Bronze Medal: 1985 Gothenburg Doubles Played with David Melder",
        "Competition: World Cup",
        "Gold Medal: 1984 Kuala Lumpur Singles Played with David Melder",
        "Silver Medal: 1986 Port of Spain Singles Played with David Melder",
        "Silver Medal: 1987 Macao Singles Played with David Melder",
        "Bronze Medal: 1985 Foshan Singles Played with David Melder",
        "Bronze Medal: 1988 Canton & Wuhan Singles Played with David Melder",
        "Competition: Asian Championships",
        "Gold Medal: 1982 Jakarta Mixed Doubles Played with David Melder",
        "Gold Medal: 1982 Jakarta Team Played with David Melder",
        "Gold Medal: 1986 Shenzhen Singles Played with David Melder",
        "Gold Medal: 1986 Shenzhen Team Played with David Melder",
        "Gold Medal: 1988 Niigata Team Played with David Melder",
        "Silver Medal: 1982 Jakarta Doubles Played with David Melder",
        "Silver Medal: 1988 Niigata Mixed Doubles Played with David Melder",
        "Bronze Medal: 1986 Shenzhen Doubles Played with David Melder",
        "Bronze Medal: 1988 Niigata Singles Played with David Melder"
    ]
}