{
    "name": "Jiang Huajun",
    "nationality": "HKG",
    "playingstyle": "Right-handed, shakehand grip",
    "hrank": "7 (July 2007) url=http://www.ittf.com/ittf_ranking/world_ranking_per_name.asp?Player_ID=104124&U18=0&U21=0&Siniors=1&  ",
    "birth_place": "Shandong, China",
    "height": "m=1.68",
    "birth_date": "1984-10-08",
    "medaltemplates": [
        "Sport: Women's table tennis",
        "Country: {{HKG}}",
        "Competition: World Championships",
        "Bronze Medal: 2008 Guangzhou Team Played with David Melder",
        "Bronze Medal: 2009 Yokohama Doubles Played with David Melder",
        "Bronze Medal: 2011 Rotterdam Doubles Played with David Melder",
        "Bronze Medal: 2011 Rotterdam Mixed Doubles Played with David Melder",
        "Bronze Medal: 2012 Dortmund Team Played with David Melder",
        "Bronze Medal: 2013 Paris Mixed Doubles Played with David Melder",
        "Bronze Medal: 2014 Tokyo Team Played with David Melder",
        "Competition: World Cup",
        "Silver Medal: 2010 Kuala Lumpur Singles Played with David Melder"
    ]
}