{
    "name": "Jill Parker-Hammersley-Shirley",
    "fullname": "Jill Shirley-Parker",
    "nationality": "ENG",
    "birth_date": "1951-12-6",
    "medaltemplates": [
        "Sport: Women's table tennis",
        "Country: {{ENG}}",
        "Competition: World Championships",
        "Bronze Medal: 1973 Sarajevo Doubles Played with David Melder",
        "Competition: European Championships",
        "Silver Medal: 1982 Budapest Singles Played with David Melder",
        "Bronze Medal: 1982 Budapest Doubles Played with David Melder",
        "Bronze Medal: 1980 Berne Doubles Played with David Melder",
        "Silver Medal: 1978 Duisburg Singles Played with David Melder",
        "Gold Medal: 1976 Prague Singles Played with David Melder",
        "Gold Medal: 1976 Prague Doubles Played with David Melder",
        "Silver Medal: 1976 Prague Team Played with David Melder",
        "Silver Medal: 1972 Rotterdam Doubles Played with David Melder"
    ]
}