{
    "name": "Jin Ueda",
    "birth_place": "Maizuru, url=http://maipress.co.jp/news/sports/%E4%B8%80%E6%9D%A1%E3%82%AF%E3%83%A9%E3%83%96%E3%81%8C%E5%8D%93%E7%90%83%E3%81%AE%E5%8E%9F%E7%82%B9-%E4%B8%8A%E7%94%B0%E4%BB%81%E9%81%B8%E6%89%8B%E3%80%80%E6%98%A5%E3%81%8B%E3%82%89%E5%BC%B7%E8%B1%AA.html  Kyoto, Japan",
    "playingstyle": "Right-handed shakehand grip",
    "highest_rank": "23 (May 2018)",
    "club": "Okayama Rivets",
    "height": "171 cm",
    "birth_date": "1991-12-10",
    "medaltemplates": [
        "Country: {{JPN}}",
        "Competition: Universiade",
        "Silver Medal: 2011 Shenzhen Men's team Mixed doubles",
        "Silver Medal: 2013 Kazan Men's team Mixed doubles",
        "Silver Medal: 2015 Gwangju Men's team Mixed doubles",
        "Bronze Medal: 2011 Shenzhen Men's doubles Mixed doubles"
    ]
}