{
    "name": "Jing Junhong",
    "native_name": "\u4e95\u6d5a\u6cd3",
    "native_name_lang": "zh-hans-CN",
    "nationality": "Singapore",
    "birth_place": "Shanghai, China",
    "height": "1.63 ",
    "weight": "58",
    "birth_date": "1968-10-13",
    "medaltemplates": [
        "Sport: Women's table tennis",
        "Country: {{SIN}}",
        "Competition: Asian Games",
        "Gold Medal: 0",
        "Silver Medal: 0",
        "Bronze Medal: 1",
        "Competition: Asian Championships",
        "Gold Medal: 0",
        "Silver Medal: 2",
        "Bronze Medal: 0",
        "Competition: Asian Cup",
        "Gold Medal: 0",
        "Silver Medal: 1",
        "Bronze Medal: 0",
        "Competition: Asian Games",
        "Bronze Medal: 2002 Busan Team",
        "Competition: Asian Championships",
        "Silver Medal: 1992 New Delhi Doubles",
        "Competition: Asian Cup",
        "Silver Medal: 1994 Shanghai Singles",
        "Competition: Commonwealth Games",
        "Gold Medal: 2002 Manchester Doubles",
        "Gold Medal: 2002 Manchester Team",
        "Bronze Medal: 2002 Manchester Singles",
        "Bronze Medal: 2002 Manchester Mixed doubles",
        "Competition: Southeast Asian Games",
        "Gold Medal: 1995 Chiang Mai Singles",
        "Gold Medal: 1997 Jakarta Singles",
        "Gold Medal: 1999 Bandar Seri Begawan Doubles",
        "Gold Medal: 1999 Bandar Seri Begawan Mixed doubles",
        "Gold Medal: 1999 Bandar Seri Begawan Team",
        "Gold Medal: 2001 Kuala Lumpur Doubles",
        "Gold Medal: 2001 Kuala Lumpur Mixed doubles",
        "Gold Medal: 2001 Kuala Lumpur Team",
        "Gold Medal: 2003 Vietnam Doubles",
        "Gold Medal: 2003 Vietnam Team",
        "Silver Medal: 1997 Jakarta Mixed doubles",
        "Silver Medal: 2003 Vietnam Mixed doubles",
        "Bronze Medal: 1997 Jakarta Doubles",
        "Bronze Medal: 1997 Jakarta Team",
        "Bronze Medal: 1999 Bandar Seri Begawan Singles",
        "Bronze Medal: 2001 Kuala Lumpur Singles",
        "Competition: Asian Championships",
        "Silver Medal: 1990 Kuala Lumpur Doubles"
    ]
}