{
    "name": "Jo\u00e3o Geraldo",
    "fullname": "Jo\u00e3o Pedro Ferreiro Geraldo",
    "residence": "Ochsenhausen, Germany",
    "hrank": "35 (21 November 2023)",
    "crank": "41 (20 February 2024)",
    "club": "TTF Liebherr Ochsenhausen (Germany), Panathinaikos (Greece)",
    "birth_place": "Mirandela, Portugal",
    "birth_date": "1995-09-29",
    "medaltemplates": [
        "Sport: Men's table tennis",
        "Country: {{POR}}",
        "Competition: European Games",
        "Gold Medal: 2015 Baku Team Mixed doubles",
        "Competition: European Championships",
        "Gold Medal: 2014 Lisbon Team Mixed doubles",
        "Silver Medal: 2017 Luxembourg Team Mixed doubles",
        "Bronze Medal: 2016 Budapest Doubles Mixed doubles",
        "Bronze Medal: 2023 Malm\u00f6 Team Mixed doubles",
        "Competition: Mediterranean Games",
        "Silver Medal: 2022 Oran Team Mixed doubles",
        "Bronze Medal: 2022 Oran Singles Mixed doubles"
    ]
}