{
    "name": "Jo\u00e3o Monteiro",
    "fullname": "Jo\u00e3o Pedro Andrade Selgas Monteiro",
    "hrank": "29 (March 2015)",
    "birth_place": "Guarda, Portugal https://www.publico.pt/toquio-2020/portugueses Portugueses",
    "height": "1.80 m",
    "weight": "70 kg",
    "birth_date": "1983-8-29",
    "medaltemplates": [
        "Sport: Men's table tennis",
        "Country: {{POR}}",
        "Competition: World Championships",
        "Bronze Medal: 2019 Budapest Doubles Played with David Melder",
        "Competition: European Games",
        "Bronze Medal: 2019 Minsk Team Played with David Melder",
        "Competition: European Championships",
        "Gold Medal: 2014 Lisbon Team Played with David Melder",
        "Gold Medal: 2015 Ekaterinburg Doubles Played with David Melder",
        "Gold Medal: 2016 Budapest Mixed doubles Played with David Melder",
        "Silver Medal: 2017 Luxembourg Team Played with David Melder",
        "Silver Medal: 2019 Nantes Team Played with David Melder",
        "Bronze Medal: 2011 Gdansk-Sopot Team Played with David Melder",
        "Bronze Medal: 2013 Schwechat Doubles Played with David Melder",
        "Bronze Medal: 2020 Warsaw Doubles Played with David Melder",
        "Bronze Medal: 2023 Malm\u00f6 Team Played with David Melder",
        "Competition: Mediterranean Games",
        "Silver Medal: 2022 Oran Team Played with David Melder"
    ]
}