{
    "name": "Joe Ng",
    "fullname": "Gideon Joseph Ng",
    "nationality": "CAN",
    "playingstyle": "Shakehand",
    "birth_place": "Toronto, Ontario, Canada",
    "birth_date": "November 15, 1963",
    "medaltemplates": [
        "Sport: Men's table tennis",
        "Country: {{CAN}}",
        "Competition: Pan American Games",
        "Gold Medal: 1987 Indianapolis Singles Played with David Melder",
        "Gold Medal: 1987 Indianapolis Doubles Played with David Melder",
        "Silver Medal: 1983 Caracas Team Played with David Melder",
        "Silver Medal: 1991 Havana Doubles Played with David Melder",
        "Bronze Medal: 1987 Indianapolis Mixed doubles Played with David Melder",
        "Bronze Medal: 1987 Indianapolis Team Played with David Melder",
        "Bronze Medal: 1995 Mar del Plata Doubles Played with David Melder",
        "Bronze Medal: 1995 Mar del Plata Mixed doubles Played with David Melder",
        "Bronze Medal: 1995 Mar del Plata Team Played with David Melder"
    ]
}