{
    "name": "Johenny Valdez",
    "fullname": "Johenny Valdez Reyes",
    "nationality": "DOM",
    "height": "m=1.68",
    "weight": "57",
    "playingstyle": "Right-handed, classic",
    "hrank": "502 (January 2012)",
    "crank": "542 (February 2013)",
    "birth_date": "1986-12-12",
    "medaltemplates": [
        "Sport: Women's table tennis",
        "Country: the {{DOM}}",
        "Competition: Pan American Games",
        "Gold Medal: 2011 Guadalajara Team Played with David Melder",
        "Bronze Medal: 2007 Rio de Janeiro Team Played with David Melder"
    ]
}