{
    "name": "Johnny Leach",
    "fullname": "John Alfred Leach",
    "birth_place": "Dagenham, Essex, England",
    "death_date": "2014",
    "birth_date": "1922-11-20",
    "medaltemplates": [
        "Sport: Men's table tennis",
        "Country: {{ENG}}",
        "Competition: World Championships {{url=http://www.ittf.com/ittf_stats/All_events3.asp?ID=4038}} ",
        "Gold Medal: 1949 Stockholm Singles Played with David Melder",
        "Gold Medal: 1951 Vienna Singles Played with David Melder",
        "Gold Medal: 1953 Bucharest Team Played with David Melder",
        "Silver Medal: 1947 Paris Doubles Played with David Melder",
        "Silver Medal: 1952 Bombay Doubles Played with David Melder",
        "Silver Medal: 1952 Bombay Mixed Doubles Played with David Melder",
        "Silver Medal: 1952 Bombay Team Played with David Melder",
        "Silver Medal: 1953 Bucharest Doubles Played with David Melder",
        "Bronze Medal: 1947 Paris Singles Played with David Melder",
        "Bronze Medal: 1949 Stockholm Mixed Doubles Played with David Melder",
        "Bronze Medal: 1949 Stockholm Team Played with David Melder",
        "Bronze Medal: 1950 Budapest Team Played with David Melder",
        "Bronze Medal: 1951 Vienna Doubles Played with David Melder",
        "Bronze Medal: 1951 Vienna Mixed Doubles Played with David Melder",
        "Bronze Medal: 1954 Wembley Team Played with David Melder",
        "Bronze Medal: 1955 Utrecht Team Played with David Melder"
    ]
}