{
    "name": "Jolanta Pr\u016bsien\u0117",
    "fullname": "Jolanta Danilevi\u010di\u016bt\u0117-Pr\u016bsien\u0117",
    "nationality": "LTU",
    "birth_place": "Kaunas, Lithuanian SSR, Soviet Union",
    "birth_date": "30 November 1965",
    "medaltemplates": [
        "Sport: Women's table tennis",
        "Country: {{LTU}}",
        "Competition: European Championships",
        "Bronze Medal: 1994 Birmingham Doubles Mixed doubles",
        "Bronze Medal: 1996 Bratislava Doubles Mixed doubles",
        "Bronze Medal: 2002 Zagreb Doubles Mixed doubles"
    ]
}