{
    "name": "Jonathan Groth",
    "fullname": "Jonathan Kjaer Groth",
    "hrank": "15 (November 2018)",
    "crank": "33 (22 August 2023)",
    "height": "1.84 m",
    "birth_date": "1992-11-9",
    "medaltemplates": [
        "Sport: Men's table tennis",
        "Country: {{DEN}}",
        "Competition: European Games",
        "Silver Medal: 2019 Minsk Singles Mixed doubles",
        "Competition: European Championships",
        "Gold Medal: 2016 Budapest Doubles Mixed doubles",
        "Silver Medal: 2010 Ostrava Doubles Mixed doubles",
        "Bronze Medal: 2018 Alicante Doubles Mixed doubles",
        "Bronze Medal: 2021 Cluj-Napoca Team Mixed doubles",
        "Competition: Europe Top-16",
        "Bronze Medal: 2018 Montreux Singles Mixed doubles"
    ]
}