{
    "name": "Joo Sae-hyuk",
    "equipment": "Blade: Butterfly Joo Saehyuk Forehand: Tenergy 64 RED Backhand: TSP curl p1r",
    "nationality": "KOR",
    "playingstyle": "Shakehand grip",
    "hrank": "5 (March 2012)",
    "crank": "13 (February 2017)",
    "birth_place": "Seoul, South Korea",
    "height": "1.80 m",
    "weight": "68 kg",
    "birth_date": "1980-1-20",
    "medaltemplates": [
        "Competition: Olympic Games",
        "Silver Medal: 2012 London Team",
        "Competition: World Championships",
        "Silver Medal: 2003 Paris Singles",
        "Silver Medal: 2006 Bremen Team",
        "Silver Medal: 2008 Guangzhou Team",
        "Bronze Medal: 2001 Osaka Team",
        "Bronze Medal: 2004 Doha Team",
        "Bronze Medal: 2010 Moscow Team",
        "Bronze Medal: 2012 Dortmund Team",
        "Bronze Medal: 2016 Kuala Lumpur Team",
        "Competition: Asian Games",
        "Silver Medal: 2002 Busan Team",
        "Silver Medal: 2006 Doha Team",
        "Silver Medal: 2010 Guangzhou Team",
        "Silver Medal: 2014 Incheon Team",
        "Bronze Medal: 2006 Doha Mixed Doubles",
        "Bronze Medal: 2010 Guangzhou Singles",
        "Bronze Medal: 2014 Incheon Singles",
        "Competition: World Cup",
        "Bronze Medal: 2011 Paris Singles",
        "Bronze Medal: 2007 Atlanta Team",
        "Silver Medal: 2009 Linz Team",
        "Silver Medal: 2010 Dubai Team",
        "Silver Medal: 2011 Magdeburg Team"
    ]
}