{
    "full_name": "Jorge Mois\u00e9s Campos Vald\u00e9s",
    "birth_place": "Havana, Cuba",
    "nationality": "CUB",
    "club": "GRE Panathinaikos",
    "height": "184",
    "weight": "77",
    "birth_date": "September 19, 1991",
    "medaltemplates": [
        "Sport: Men's table tennis",
        "Country: {{CUB}}",
        "Competition: Pan American Games",
        "Bronze Medal: 2011 Guadalajara Team Mixed doubles",
        "Bronze Medal: 2019 Lima Team Mixed doubles"
    ]
}