{
    "name": "Jorge Gambra",
    "full_name": "Jorge Gambra Said",
    "nationality": "CHI",
    "height": "5",
    "weight": "176",
    "birth_date": "1963-07-14",
    "medaltemplates": [
        "Sport: Men's table tennis",
        "Country: {{CHI}}",
        "Competition: Pan American Games",
        "Bronze Medal: 1983 Caracas Doubles Mixed doubles",
        "Bronze Medal: 1987 Indianapolis Doubles Mixed doubles",
        "Bronze Medal: 1999 Winnipeg Singles Mixed doubles"
    ]
}