{
    "name": "Judit Magos-Havas",
    "nationality": "HUN",
    "birth_place": "Budapest, Hungary",
    "death_date": "2018",
    "birth_date": "1951-2-19",
    "medaltemplates": [
        "Sport: Women's table tennis",
        "Country: {{HUN}}",
        "Competition: European Championships",
        "Bronze Medal: 1982 Budapest Doubles Played with David Melder",
        "Silver Medal: 1980 Berne Team Played with David Melder",
        "Gold Medal: 1978 Duisburg Singles Played with David Melder",
        "Silver Medal: 1978 Duisburg Doubles Played with David Melder",
        "Gold Medal: 1978 Duisburg Team Played with David Melder",
        "Gold Medal: 1974 Novi Sad Singles Played with David Melder",
        "Gold Medal: 1974 Novi Sad Doubles Played with David Melder",
        "Silver Medal: 1974 Novi Sad Team Played with David Melder",
        "Gold Medal: 1972 Rotterdam Doubles Played with David Melder",
        "Bronze Medal: 1972 Rotterdam Mixed Doubles Played with David Melder",
        "Gold Medal: 1972 Rotterdam Team Played with David Melder"
    ]
}