{
    "name": "Jun Mizutani",
    "nationality": "Japanese",
    "playingstyle": "Left-handed, Shakehand grip",
    "equipment": "Butterfly, Blade: Mizutani Jun ZLC, Rubbers: Dignics 80 in the forehand, and Dignics 80 in the backhand.",
    "hrank": "4 (February 2017) url=http://www.ittf.com/ittf_ranking/world_ranking_per_name.asp?Player_ID=106195&U18=0&U21=0&Siniors=1& ",
    "birth_place": "Iwata, Shizuoka, Japan",
    "height": "172 cm",
    "weight": "68 kg",
    "club": "Kinoshita Meister Tokyo",
    "birth_date": "1989-6-9",
    "medaltemplates": [
        "Sport: Men's table tennis",
        "Country: {{JPN}}",
        "Competition: Olympic Games",
        "Gold Medal: 1",
        "Silver Medal: 1",
        "Bronze Medal: 2",
        "Competition: World Championships",
        "Gold Medal: 0",
        "Silver Medal: 1",
        "Bronze Medal: 6",
        "Competition: Olympic Games",
        "Gold Medal: 2020 Tokyo Mixed Doubles",
        "Silver Medal: 2016 Rio de Janeiro Team",
        "Bronze Medal: 2020 Tokyo Team",
        "Bronze Medal: 2016 Rio de Janeiro Singles",
        "Competition: World Championships",
        "Silver Medal: 2016 Kuala Lumpur Team",
        "Bronze Medal: 2008 Guangzhou Team",
        "Bronze Medal: 2009 Yokohama Doubles",
        "Bronze Medal: 2010 Moscow Team",
        "Bronze Medal: 2012 Dortmund Team",
        "Bronze Medal: 2013 Paris Doubles",
        "Bronze Medal: 2014 Tokyo Team",
        "Competition: Asian Championships",
        "Silver Medal: 2007 Yangzhou Team",
        "Silver Medal: 2009 Lucknow Team",
        "Silver Medal: 2012 Macau Team",
        "Silver Medal: 2013 Busan Team",
        "Bronze Medal: 2007 Yangzhou Doubles",
        "Competition: Asian Cup",
        "Bronze Medal: 2007 Hanoi Singles",
        "Bronze Medal: 2014 Wuhan Singles",
        "Bronze Medal: 2015 Jaipur Singles"
    ]
}