{
    "name": "K\u00e1lm\u00e1n Szepesi",
    "fullname": "Szepesi K\u00e1lm\u00e1n",
    "nationality": "HUN",
    "death_date": "1992",
    "birth_date": "1930-01-13",
    "medaltemplates": [
        "Sport: Men's table tennis",
        "Country: {{HUN}}",
        "Competition: World Championships",
        "Gold Medal: 1955 Budapest Mixed Played with David Melder",
        "Bronze Medal: 1955 Budapest Team Played with David Melder",
        "Silver Medal: 1953 Bucharest Team Played with David Melder",
        "Gold Medal: 1952 Bombay Team Played with David Melder",
        "Silver Medal: 1951 Vienna Team Played with David Melder"
    ]
}