{
    "name": "Kalinikos Kreanga",
    "fullname": "Kalinikos Kreanga",
    "nationality": "ROU GRE",
    "birth_place": "Bistri\u0163a, Romania",
    "height": "m=1.68",
    "weight": "62",
    "birth_date": "1972-03-08",
    "medaltemplates": [
        "Sport: Men's table tennis",
        "Country: {{GRE}}",
        "Competition: World Championships",
        "Bronze Medal: 1991 Chiba City Mixed Doubles",
        "Bronze Medal: 2003 Paris Singles",
        "Competition: World Cup",
        "Silver Medal: 2003 Jiangyin Singles",
        "Silver Medal: 2004 Hangzhou Singles",
        "Competition: European Championships",
        "Gold Medal: 1992 Stuttgart Mixed Doubles",
        "Gold Medal: 1994 Birmingham Doubles",
        "Silver Medal: 1994 Birmingham Mixed Doubles",
        "Silver Medal: 1996 Bratislava Mixed Doubles",
        "Silver Medal: 1998 Eindhoven Doubles",
        "Silver Medal: 2000 Bremen Doubles",
        "Silver Medal: 2002 Zagreb Singles",
        "Silver Medal: 2005 Aarhus Doubles",
        "Silver Medal: 2013 Schwechat Team",
        "Bronze Medal: 1996 Bratislava Doubles",
        "Bronze Medal: 2005 Aarhus Singles",
        "Country: {{ROU}}",
        "Competition: European Championships",
        "Bronze Medal: 1988 Paris Mixed Doubles"
    ]
}