{
    "name": "Kang Hee-Chan",
    "fullname": "KANG Hee Chan",
    "nationality": "KOR",
    "birth_date": "1970-5-10",
    "medaltemplates": [
        "Sport: Men's table tennis",
        "Country: {{KOR}}",
        "Competition: Olympic Games",
        "Bronze Medal: 1992 Barcelona Doubles",
        "Competition: World Cup",
        "Bronze Medal: 1992 Las Vegas Doubles",
        "Competition: Asian Championships",
        "Gold Medal: 1992 New Delhi Doubles",
        "Gold Medal: 1996 Kallang Team",
        "Silver Medal: 1992 New Delhi Singles",
        "Silver Medal: 1996 Kallang Doubles"
    ]
}