{
    "nickname": "Kasumi-chan, Kasumin",
    "nationality": "Japanese",
    "playingstyle": "Left-handed, Shakehand grip, Looper",
    "equipment": "Butterfly Viscaria, Butterfly Tenergy 64, DHS Neo Hurricane 3 National Blue Sponge",
    "hrank": "3 (February 2017)",
    "crank": "10 (May 2022)",
    "club": "Kinoshita Abyell Kanagawa",
    "birth_place": "Yamaguchi, Japan url=http://kasumiishikawa.com/information/profile.html",
    "height": "1.58 m",
    "weight": "51 kg",
    "birth_date": "1993-2-23",
    "medaltemplates": [
        "Country: {{JPN}}",
        "Silver Medal: 2020 Tokyo Team",
        "Bronze Medal: 2016 Rio de Janeiro Team",
        "Silver Medal: 2012 London Team",
        "Competition: World Championships",
        "Silver Medal: 2019 Budapest Mixed doubles",
        "Silver Medal: 2018 Halmstad Team",
        "Gold Medal: 2017 D\u00fcsseldorf Mixed doubles",
        "Silver Medal: 2016 Kuala Lumpur Team",
        "Silver Medal: 2015 Suzhou Mixed doubles",
        "Silver Medal: 2014 Tokyo Team",
        "Bronze Medal: 2010 Moscow Team",
        "Bronze Medal: 2008 Guangzhou Team",
        "Competition: Asian Games",
        "Silver Medal: 2014 Incheon Team",
        "Bronze Medal: 2010 Guangzhou Doubles",
        "Bronze Medal: 2010 Guangzhou Mixed doubles"
    ]
}