{
    "name": "Kazeem Nosiru",
    "nationality": "NGR",
    "birth_place": "Lagos, Nigeria",
    "height": "m=1.65",
    "weight": "70",
    "playingstyle": "Right-handed, attacking",
    "club": "Lascala Barcelona (ESP)",
    "hrank": "187 (January 2001)",
    "crank": "269 (September 2012)",
    "birth_date": "1974-11-25",
    "medaltemplates": [
        "Sport: Men's table tennis",
        "Country: {{NGR}}",
        "Competition: All-Africa Games",
        "Silver Medal: 2007 Algiers Team Played with David Melder",
        "Silver Medal: 2011 Maputo Team Played with David Melder",
        "Bronze Medal: 2007 Algiers Singles Played with David Melder"
    ]
}