{
    "name": "Kazuhiro Yoshimura",
    "birth_place": "Naka District, Ibaraki,  Japan",
    "playingstyle": "Right-handed shakehand grip",
    "highest_rank": "34 (September 2019)",
    "current_rank": "50 (January 2020)",
    "club": "Okayama Rivets",
    "height": "175 cm",
    "birth_date": "1996-7-28",
    "medaltemplates": [
        "Country: {{JPN}}",
        "Competition: Universiade",
        "Silver Medal: 2017 Taipei Mixed doubles Mixed doubles",
        "Silver Medal: 2017 Taipei Men's teams Mixed doubles",
        "Competition: Asian Championships"
    ]
}