{
    "name": "Kazuko Ito-Yamaizumi",
    "fullname": "ITO-YAMAIZUMI Kazuko",
    "nationality": "JPN",
    "birth_date": "1935-01-17",
    "medaltemplates": [
        "Sport: Women's table tennis",
        "Country: {{JPN}}",
        "Competition: World Championships",
        "Gold Medal: 1959 Dortmund Doubles Played with David Melder",
        "Gold Medal: 1959 Dortmund Team Played with David Melder",
        "Gold Medal: 1961 Beijing Team Played with David Melder",
        "Gold Medal: 1963 Prague Mixed Doubles Played with David Melder",
        "Gold Medal: 1963 Prague Team Played with David Melder",
        "Bronze Medal: 1963 Prague Doubles Played with David Melder",
        "Competition: Asian Championships",
        "Gold Medal: 1960 Bombay Team Played with David Melder",
        "Gold Medal: 1960 Bombay Singles Played with David Melder",
        "Gold Medal: 1960 Bombay Doubles Played with David Melder",
        "Gold Medal: 1963 Manila Mixed Doubles Played with David Melder",
        "Gold Medal: 1963 Manila Team Played with David Melder",
        "Silver Medal: 1960 Bombay Mixed Doubles Played with David Melder"
    ]
}