{
    "name": "Kelly Sibley",
    "residence": "Nottingham",
    "fullname": "Kelly Michelle Sibley",
    "nationality": "ENG",
    "playingstyle": "Right Hand Attacking Shakehand",
    "birth_place": "Leamington Spa, England",
    "height": "1.72 m",
    "weight": "68 kg",
    "birth_date": "1988-5-21",
    "medaltemplates": [
        "Country: {{ENG}}",
        "Sport: Women's table tennis",
        "Competition: Commonwealth Games",
        "Bronze Medal: 2014 Glasgow Mixed Doubles",
        "Bronze Medal: 2018 Gold Coast Team"
    ]
}