{
    "name": "Kenji Matsudaira",
    "birth_place": "Nanao, Ishikawa, url=https://www.city.nanao.lg.jp/koho/shise/koho/kohonanao/h25/documents/201303_14.pdf  Japan",
    "playingstyle": "Right-handed shakehand grip",
    "highest_rank": "34 (May 2012)",
    "birth_date": "1989-4-6",
    "medaltemplates": [
        "Country: {{JPN}}",
        "Competition: World Championships",
        "Bronze Medal: 2012 Dortmund Men's team Mixed doubles",
        "Competition: Universiade",
        "Silver Medal: 2011 Shenzhen Men's team Mixed doubles",
        "Bronze Medal: 2009 Belgrade Mixed doubles Mixed doubles",
        "Bronze Medal: 2009 Belgrade Men's team Mixed doubles",
        "Bronze Medal: 2011 Shenzhen Men's singles Mixed doubles",
        "Bronze Medal: 2011 Shenzhen Men's doubles Mixed doubles"
    ]
}