{
    "name": "Kenta Matsudaira",
    "nationality": "JPN",
    "playingstyle": "Right-handed, shakehand grip",
    "equipment": "Matsudaira Kenta ALC, Tenergy 05 FH, Tenergy 05 BH",
    "hrank": "9 (November 2017) url=http://www.ittf.com/ittf_ranking/world_ranking_per_name.asp?Player_ID=105926&U18=0&U21=0&Siniors=1& ",
    "crank": "121 (April 2020)",
    "club": "T.T Saitama",
    "birth_place": "Nanao-shi, Ishikawa, Japan",
    "height": "m=1.68 ",
    "weight": "61",
    "birth_date": "1991-04-11",
    "medaltemplates": [
        "Country: {{JPN}}",
        "Competition: World Championships",
        "Silver Medal: 2016 Kuala Lumpur Team",
        "Bronze Medal: 2010 Moscow Team",
        "Bronze Medal: 2014 Tokyo Team",
        "Bronze Medal: 2015 Suzhou Doubles",
        "Competition: Asian Games",
        "Bronze Medal: 2010 Guangzhou Doubles",
        "Bronze Medal: 2010 Guangzhou Team",
        "Bronze Medal: 2014 Incheon Doubles",
        "Bronze Medal: 2014 Incheon Team",
        "Competition: Asian Championships",
        "Silver Medal: 2013 Busan Team",
        "Bronze Medal: 2013 Busan Singles"
    ]
}