{
    "name": "Kim Song-i",
    "nationality": "North Korea",
    "playingstyle": "Right-handed, Classic",
    "club": "Amrokkang Sports Club",
    "birth_place": "Phyongchon District, Pyongyang",
    "height": "1.61 m",
    "weight": "55 kg",
    "birth_date": "1994-08-10",
    "medaltemplates": [
        "Country: {{PRK}}",
        "Bronze Medal: 2016 Rio de Janeiro Singles Mixed doubles",
        "Competition: World Championships",
        "Bronze Medal: 2016 Kuala Lumpur Team Mixed doubles",
        "Country: {{Korea (unification)}}",
        "Competition: World Championships",
        "Bronze Medal: 2018 Halmstad Team Mixed doubles"
    ]
}