{
    "name": "Kim Min-Seok",
    "nationality": "KOR",
    "hrank": "15 (April 2014) url=http://www.ittf.com/ittf_ranking/world_ranking_per_name.asp?Player_ID=111791&U18=0&U21=0&Siniors=1& ",
    "height": "m=1.77 ",
    "weight": "66",
    "birth_date": "1992-02-25",
    "medaltemplates": [
        "Sport: Men's table tennis",
        "Country: {{KOR}}",
        "Competition: World Championships",
        "Bronze Medal: 2012 Dortmund Team Played with David Melder",
        "Bronze Medal: 2011 Rotterdam Doubles Played with David Melder",
        "Competition: World Cup",
        "Silver Medal: 2011 Magdeburg Team Played with David Melder",
        "Competition: Asian Games",
        "Silver Medal: 2014 Incheon Team Played with David Melder",
        "Silver Medal: 2010 Guangzhou Team Played with David Melder",
        "Bronze Medal: 2014 Incheon Mixed Doubles Played with David Melder",
        "Bronze Medal: 2010 Guangzhou Doubles Played with David Melder",
        "Competition: Asian Championships",
        "Silver Medal: 2012 Macau Doubles Played with David Melder",
        "Bronze Medal: 2012 Macau Team Played with David Melder",
        "Competition: Summer Universiade",
        "Gold Medal: 2015 Gwangju Mixed Doubles Played with David Melder",
        "Bronze Medal: 2015 Gwangju Men's Doubles Played with David Melder"
    ]
}