{
    "name": "Kim Taek-Soo",
    "fullname": "KIM Taek Soo",
    "nationality": "KOR",
    "birth_date": "1970-5-25",
    "medaltemplates": [
        "Sport: Men's table tennis",
        "Country: {{KOR}}",
        "Competition: Olympic Games",
        "Bronze Medal: 1992 Barcelona Singles",
        "Bronze Medal: 1992 Barcelona Doubles",
        "Competition: World Championships",
        "Bronze Medal: 1991 Chiba City Singles",
        "Bronze Medal: 1993 Gothenburg Doubles",
        "Bronze Medal: 1995 Tianjin Team",
        "Bronze Medal: 1997 Manchester Team",
        "Bronze Medal: 1999 Eindhoven Doubles",
        "Bronze Medal: 2001 Osaka Doubles",
        "Bronze Medal: 2001 Osaka Team",
        "Bronze Medal: 2003 Paris Doubles",
        "Bronze Medal: 2004 Doha Team",
        "Competition: World Cup",
        "Gold Medal: 1990 Seoul Doubles",
        "Gold Medal: 1992 Las Vegas Doubles",
        "Gold Medal: 1995 Atlanta Team",
        "Silver Medal: 1992 Ho Chi Minh City Singles",
        "Silver Medal: 1998 Shantou Singles",
        "Silver Medal: 2000 Yangzhou Singles",
        "Competition: Asian Championships",
        "Gold Medal: 1996 Kallang Team",
        "Silver Medal: 1990 Kuala Lumpur Mixed Doubles",
        "Silver Medal: 1996 Kallang Doubles",
        "Silver Medal: 1998 Osaka Team",
        "Silver Medal: 2000 Doha Singles",
        "Silver Medal: 2000 Doha Mixed Doubles",
        "Bronze Medal: 1990 Kuala Lumpur Singles",
        "Bronze Medal: 1996 Kallang Singles",
        "Bronze Medal: 1996 Kallang Mixed Doubles",
        "Bronze Medal: 1998 Osaka Doubles"
    ]
}