{
    "name": "Kim Kyungah",
    "fullname": "Kim Kyungah",
    "nationality": "KOR",
    "playingstyle": "Right-handed, shakehand grip",
    "hrank": "4 (Aug \u2013 Oct 2010) url=http://www.ittf.com/ittf_ranking/world_ranking_per_name.asp?Player_ID=104599&U18=0&U21=0&Siniors=1& ",
    "birth_place": "Daejeon, South Korea",
    "height": "1.65",
    "birth_date": "1977-05-25",
    "medaltemplates": [
        "Sport: Women's table tennis",
        "Country: {{KOR}}",
        "Competition: Olympic Games",
        "Bronze Medal: 2004 Athens Singles",
        "Bronze Medal: 2008 Beijing Team",
        "Competition: World Championships",
        "Bronze Medal: 2007 Zagreb Doubles",
        "Bronze Medal: 2009 Yokohama Doubles",
        "Bronze Medal: 2011 Rotterdam Doubles",
        "Bronze Medal: 2012 Dortmund Team",
        "Competition: Asian Games",
        "Bronze Medal: 2006 Doha Team",
        "Bronze Medal: 2006 Doha Mixed Doubles",
        "Bronze Medal: 2010 Guangzhou Singles",
        "Bronze Medal: 2010 Guangzhou Team"
    ]
}