{
    "name": "Kim Mi-Yong",
    "nationality": "PRK",
    "birth_place": "Nampo, Pyeongannam,, North Korea",
    "height": "m=1.56",
    "weight": "55",
    "playingstyle": "Left-handed, classic",
    "equipment": "Butterfly",
    "club": "Abrokkang Sports Club",
    "hrank": "60 (May 2006)",
    "crank": "84 (January 2010)",
    "birth_date": "1983-5-6",
    "medaltemplates": [
        "Sport: Women's table tennis",
        "Country: {{PRK}}",
        "Competition: Asian Games",
        "Gold Medal: 2002 Busan Team Played with David Melder",
        "Competition: World Championships",
        "Silver Medal: 2001 Osaka Team Played with David Melder"
    ]
}