{
    "name": "Kim Wan",
    "fullname": "Kim Wan",
    "nationality": "KOR",
    "birth_date": "1961-3-27",
    "medaltemplates": [
        "Sport: Men's table tennis",
        "Country: {{KOR}}",
        "Competition: World Cup",
        "Silver Medal: 1984 Kuala Lumpur Singles Played with David Melder",
        "Bronze Medal: 1986 Port of Spain Singles Played with David Melder",
        "Competition: Asian Championships",
        "Silver Medal: 1986 Shenzhen Mixed Doubles Played with David Melder",
        "Bronze Medal: 1984 Islamabad Doubles Played with David Melder",
        "Bronze Medal: 1988 Niigata Doubles Played with David Melder"
    ]
}