{
    "name": "Kimiyo Matsuzaki",
    "fullname": "MATSUZAKI Kimiyo",
    "nationality": "JPN",
    "birth_place": "Takase, Kagawa Prefecture",
    "birth_date": "1938-06-18",
    "medaltemplates": [
        "Sport: Women's table tennis",
        "Country: {{JPN}}",
        "Competition: World Championships",
        "Gold Medal: 1963 Prague Singles Played with David Melder",
        "Gold Medal: 1963 Prague Doubles Played with David Melder",
        "Gold Medal: 1963 Prague Team Played with David Melder",
        "Bronze Medal: 1961 Beijing Singles Played with David Melder",
        "Gold Medal: 1961 Beijing Mixed Doubles Played with David Melder",
        "Gold Medal: 1961 Beijing Team Played with David Melder",
        "Gold Medal: 1959 Dortmund Singles Played with David Melder",
        "Silver Medal: 1959 Dortmund Doubles Played with David Melder",
        "Silver Medal: 1959 Dortmund Mixed Doubles Played with David Melder",
        "Gold Medal: 1959 Dortmund Team Played with David Melder",
        "Competition: Asian Championships",
        "Gold Medal: 1963 Manila Singles Played with David Melder",
        "Gold Medal: 1963 Manila Doubles Played with David Melder",
        "Gold Medal: 1963 Manila Team Played with David Melder",
        "Gold Medal: 1960 Bombay Doubles Played with David Melder",
        "Gold Medal: 1960 Bombay Mixed Doubles Played with David Melder",
        "Gold Medal: 1960 Bombay Team Played with David Melder"
    ]
}