{
    "name": "Kirill Skachkov",
    "fullname": "Kirill Sergeyevich Skachkov",
    "nationality": "RUS Russian",
    "birth_place": "Novokuznetsk, Kemerovo Oblast, RSFSR, USSR (now Russia)",
    "playingstyle": "Right-handed shakehand grip",
    "highest_rank": "29 (January 2012)",
    "birth_date": "1987-08-06",
    "medaltemplates": [
        "Sport: Men's table tennis",
        "Country: {{RUS}}",
        "Competition: European Championships",
        "Silver Medal: 2011 Gdansk-Sopot Doubles Played with David Melder",
        "Bronze Medal: 2015 Yekaterinburg Doubles Played with David Melder"
    ]
}