{
    "name": "Kiyoshi Saito",
    "nationality": "JPN",
    "birth_place": "Sh\u014dnai, Yamagata, Japan",
    "height": "164",
    "weight": "65",
    "birth_date": "1962-09-30",
    "medaltemplates": [
        "Sport: Men's table tennis",
        "Country: {{JPN}}",
        "Competition: Asian Games",
        "Silver Medal: 1982 New Delhi Men's singles Mixed doubles",
        "Silver Medal: 1982 New Delhi Men's team Mixed doubles",
        "Bronze Medal: 1986 Seoul Men's doubles Mixed doubles",
        "Bronze Medal: 1986 Seoul Men's team Mixed doubles",
        "Competition: Asian Championships",
        "Bronze Medal: 1982 Jakarta Men's singles Mixed doubles",
        "Bronze Medal: 1984 Islamabad Mixed doubles Mixed doubles",
        "Competition: Asian Cup",
        "Gold Medal: 1989 Beijing Men's singles Mixed doubles"
    ]
}