{
    "name": "Kjell Johansson",
    "nationality": "SWE",
    "birth_place": "Eskilstuna, Sweden",
    "death_date": "2011",
    "death_place": "Eksj\u00f6, Sweden",
    "birth_date": "1946-10-5",
    "medaltemplates": [
        "Sport: Men's table tennis",
        "Country: {{SWE}}",
        "Competition: World Championships",
        "Bronze Medal: 1977 Birmingham Doubles",
        "Bronze Medal: 1977 Birmingham Team",
        "Bronze Medal: 1975 Calcutta Team",
        "Silver Medal: 1973 Sarajevo Singles",
        "Gold Medal: 1973 Sarajevo Doubles",
        "Gold Medal: 1973 Sarajevo Team",
        "Gold Medal: 1969 Munich Doubles",
        "Gold Medal: 1967 Stockholm Doubles",
        "Bronze Medal: 1967 Stockholm Team",
        "Bronze Medal: 1963 Prague Team",
        "Competition: European Championships",
        "Gold Medal: 1976 Prague Doubles",
        "Silver Medal: 1976 Prague Team",
        "Bronze Medal: 1974 Novi Sad Singles",
        "Silver Medal: 1974 Novi Sad Doubles",
        "Gold Medal: 1974 Novi Sad Team",
        "Silver Medal: 1972 Rotterdam Doubles",
        "Gold Medal: 1972 Rotterdam Team",
        "Bronze Medal: 1970 Moscow Singles",
        "Silver Medal: 1970 Moscow Doubles",
        "Gold Medal: 1970 Moscow Team",
        "Bronze Medal: 1968 Lyon Singles",
        "Silver Medal: 1968 Lyon Doubles",
        "Gold Medal: 1968 Lyon Team",
        "Gold Medal: 1966 London Singles",
        "Gold Medal: 1966 London Doubles",
        "Gold Medal: 1966 London Team",
        "Gold Medal: 1964 Malmo Singles",
        "Silver Medal: 1964 Malmo Doubles",
        "Gold Medal: 1964 Malmo Team"
    ]
}