{
    "name": "Ko Lai Chak",
    "nationality": "HKG",
    "playingstyle": "Penhold Grip",
    "birth_date": "1976-5-10",
    "medaltemplates": [
        "Country: {{HKG}}",
        "Sport: Men's table tennis",
        "Competition: Olympic Games",
        "Silver Medal: 2004 Athens Doubles",
        "Competition: World Cup",
        "Silver Medal: 2007 Magdeburg Team",
        "Competition: Asian Games",
        "Gold Medal: 2006 Doha Doubles",
        "Bronze Medal: 2006 Doha Team"
    ]
}