{
    "name": "Koji Kimura",
    "fullname": "KIMURA Koji",
    "nationality": "JPN",
    "birth_date": "1940-12-11",
    "medaltemplates": [
        "Sport: Table tennis",
        "Country: {{JPN}}",
        "Competition: World Championships",
        "Bronze Medal: 1967 Stockholm Singles Played with David Melder",
        "Silver Medal: 1967 Stockholm Mixed Doubles Played with David Melder",
        "Gold Medal: 1967 Stockholm Team Played with David Melder",
        "Gold Medal: 1965 Ljubljana Mixed doubles Played with David Melder",
        "Silver Medal: 1965 Ljubljana Team Played with David Melder",
        "Gold Medal: 1963 Prague Mixed doubles Played with David Melder",
        "Silver Medal: 1963 Prague Team Played with David Melder",
        "Gold Medal: 1961 Beijing Doubles Played with David Melder",
        "Silver Medal: 1961 Beijing Team Played with David Melder",
        "Competition: Asian Championships",
        "Gold Medal: 1964 Seoul Singles Played with David Melder",
        "Gold Medal: 1964 Seoul Doubles Played with David Melder",
        "Silver Medal: 1964 Seoul Mixed doubles Played with David Melder",
        "Gold Medal: 1964 Seoul Team Played with David Melder"
    ]
}