{
    "name": "Koki Niwa",
    "playingstyle": "Left-handed, shakehand grip",
    "equipment": "BH: Victas V > 22 double Extra, FH: Victas V > 22 double Extra, Blade: Victas Koki Niwa Wood",
    "hrank": "5 (Nov. 2017) url=http://www.old.ittf.com/ittf_ranking/WR_Table_3_A2_Details.asp?ID=25575216&s_Player_Name=& ",
    "club": "Kinoshita Meister Tokyo",
    "birth_place": "Tomakomai, Hokkaido, Japan",
    "height": "1.62 m ",
    "weight": "51 kg",
    "birth_date": "1994-10-10",
    "medaltemplates": [
        "Sport: Men's Table Tennis",
        "Country: {{JPN}}",
        "Competition: Olympic Games",
        "Gold Medal: 0",
        "Silver Medal: 1",
        "Bronze Medal: 1",
        "Competition: World Championships",
        "Gold Medal: 0",
        "Silver Medal: 1",
        "Bronze Medal: 5",
        "Competition: World Cup",
        "Gold Medal: 0",
        "Silver Medal: 0",
        "Bronze Medal: 0",
        "Silver Medal: 2016 Rio de Janeiro Team Played with David Melder",
        "Bronze Medal: 2020 Tokyo Team Played with David Melder",
        "Competition: World Championships",
        "Silver Medal: 2016 Kuala Lumpur Team Played with David Melder",
        "Bronze Medal: 2012 Dortmund Team Played with David Melder",
        "Bronze Medal: 2014 Tokyo Team Played with David Melder",
        "Bronze Medal: 2015 Suzhou Doubles Played with David Melder",
        "Bronze Medal: 2017 D\u00fcsseldorf Doubles Played with David Melder",
        "Competition: World Cup",
        "Silver Medal: 2018 London Team Played with David Melder",
        "Competition: Youth Olympic Games",
        "Gold Medal: 2010 Singapore Singles Played with David Melder",
        "Gold Medal: 2010 Singapore Mixed Team Played with David Melder",
        "Competition: Asian Youth Games",
        "Bronze Medal: 2009 Singapore Singles Played with David Melder",
        "Competition: Asian Games",
        "Bronze Medal: 2010 Guangzhou Doubles Played with David Melder",
        "Bronze Medal: 2010 Guangzhou Team Played with David Melder",
        "Bronze Medal: 2014 Incheon Doubles Played with David Melder",
        "Bronze Medal: 2014 Incheon Team Played with David Melder",
        "Competition: Asian Championships",
        "Silver Medal: 2009 Lucknow Team Played with David Melder",
        "Silver Medal: 2012 Macau Team Played with David Melder",
        "Silver Medal: 2013 Busan Mixed Doubles Played with David Melder",
        "Silver Medal: 2013 Busan Team Played with David Melder",
        "Bronze Medal: 2009 Lucknow Doubles Played with David Melder",
        "Bronze Medal: 2013 Busan Doubles Played with David Melder",
        "Bronze Medal: 2017 Wuxi Singles Played with David Melder",
        "Bronze Medal: 2017 Wuxi Doubles Played with David Melder"
    ]
}