{
    "name": "Kong Lingxuan",
    "native_name_lang": "zh-hans-CN",
    "nationality": "Chinese",
    "crank": "167 (August 2014)",
    "hrank": "150 (April 2014)",
    "medaltemplates": [
        "Sport: Men's table tennis",
        "Country: {{CHN}}",
        "Competition: World Junior Championships",
        "Bronze Medal: 2013 Rabat Singles Mixed doubles",
        "Gold Medal: 2013 Rabat Doubles Mixed doubles",
        "Gold Medal: 2013 Rabat Mixed Doubles Mixed doubles",
        "Gold Medal: 2013 Rabat Team Mixed doubles"
    ]
}