{
    "name": "Kong Linghui",
    "native_name": "\u5b54\u4ee4\u8f89",
    "native_name_lang": "zh-hans-CN",
    "nationality": "Chinese",
    "playingstyle": "Shake hands grip",
    "birth_place": "Harbin, Heilongjiang, China",
    "birth_date": "1975-10-18",
    "medaltemplates": [
        "Sport: Men's table tennis",
        "Country: {{CHN}}",
        "Competition: Olympic Games",
        "Gold Medal: 1996 Atlanta Doubles",
        "Gold Medal: 2000 Sydney Singles",
        "Silver Medal: 2000 Sydney Doubles",
        "Competition: World Championships",
        "Gold Medal: 1995 Tianjin Singles",
        "Gold Medal: 1995 Tianjin Team",
        "Gold Medal: 1997 Manchester Doubles",
        "Gold Medal: 1997 Manchester Team",
        "Gold Medal: 1999 Eindhoven Doubles",
        "Gold Medal: 2001 Osaka Team",
        "Gold Medal: 2004 Doha Team",
        "Gold Medal: 2005 Shanghai Doubles",
        "Silver Medal: 1995 Tianjin Mixed Doubles",
        "Silver Medal: 1997 Manchester Mixed Doubles",
        "Silver Medal: 2000 Kuala Lumpur Team",
        "Silver Medal: 2001 Osaka Singles",
        "Silver Medal: 2001 Osaka Doubles",
        "Silver Medal: 2003 Paris Doubles",
        "Bronze Medal: 1997 Manchester Singles",
        "Bronze Medal: 2003 Paris Singles",
        "Competition: World Cup",
        "Gold Medal: 1995 Nimes Singles",
        "Silver Medal: 1997 Nimes Singles",
        "Silver Medal: 2002 Jinan Singles",
        "Competition: Asian Championships",
        "Gold Medal: 1994 Tianjin Singles",
        "Gold Medal: 1994 Tianjin Mixed Doubles",
        "Gold Medal: 1994 Tianjin Team",
        "Gold Medal: 1996 Kallang Singles",
        "Gold Medal: 1996 Kallang Doubles",
        "Silver Medal: 1996 Kallang Team"
    ]
}