{
    "name": "Kou Lei",
    "nationality": "UKR",
    "residence": "Donetsk, Ukraine",
    "birth_place": "Beijing, China",
    "height": "m=1.77",
    "weight": "73",
    "playingstyle": "Right-handed, shakehand",
    "club": "Nord",
    "hrank": "20 (April 2017)",
    "crank": "54 (December 2020)",
    "birth_date": "1987-11-20",
    "medaltemplates": [
        "Sport: Men's table tennis",
        "Country: {{UKR}}",
        "Competition: European Games",
        "Bronze Medal: 2015 Baku Singles Played with David Melder",
        "Competition: European Championships",
        "Bronze Medal: 2010 Ostrava Doubles Played with David Melder"
    ]
}