{
    "name": "Kristin Silbereisen",
    "fullname": "Kristin Silbereisen",
    "nickname": "Maomao",
    "nationality": "German",
    "residence": "D\u00fcsseldorf, Germany",
    "playingstyle": "Shakehand",
    "equipment": "Tibhar",
    "hrank": "30 (December 2010)",
    "club": "TTC Berlin Eastside",
    "birth_place": "Konstanz, West Germany",
    "height": "m=1.68",
    "weight": "58",
    "birth_date": "1985-03-14",
    "medaltemplates": [
        "Sport: Women's table tennis",
        "Country: {{GER}}",
        "Competition: European Table Tennis Championships",
        "Gold Medal: 2013 Schwechat Team Played with David Melder",
        "Bronze Medal: 2007 Belgrade Team Played with David Melder",
        "Bronze Medal: 2009 Stuttgart Doubles Played with David Melder",
        "Bronze Medal: 2012 Herning Team Played with David Melder",
        "Competition: World Table Tennis Championships",
        "Bronze Medal: 2010 Moscow Team Played with David Melder"
    ]
}