{
    "name": "Kristian Karlsson",
    "full_name": "Kristian Gunnar Karlsson",
    "birth_place": "Trollh\u00e4ttan, Sweden",
    "playingstyle": "Left-handed shakehand",
    "hrank": "15 (3 May 2022)",
    "crank": "42 (20 February 2024)",
    "club": "GV Hennebont TT",
    "height": "1.83 m",
    "birth_date": "1991-8-6",
    "medaltemplates": [
        "Sport: Men's table tennis",
        "Country: {{SWE}}",
        "Competition: World Championships",
        "Gold Medal: 2021 Houston Doubles Played with David Melder",
        "Bronze Medal: 2018 Halmstad Team Played with David Melder",
        "Competition: European Games",
        "Silver Medal: 2019 Minsk Team Played with David Melder",
        "Silver Medal: 2023 Krak\u00f3w\u2013Ma\u0142opolska Team Played with David Melder",
        "Competition: European Championships",
        "Gold Medal: 2022 Munich Doubles Played with David Melder",
        "Gold Medal: 2023 Malm\u00f6 Team Played with David Melder",
        "Silver Medal: 2012 Herning Doubles Played with David Melder",
        "Silver Medal: 2018 Alicante Doubles Played with David Melder",
        "Bronze Medal: 2014 Lisbon Team Played with David Melder",
        "Bronze Medal: 2015 Yekaterinburg Doubles Played with David Melder",
        "Bronze Medal: 2016 Budapest Doubles Played with David Melder",
        "Bronze Medal: 2018 Alicante Singles Played with David Melder",
        "Bronze Medal: 2019 Nantes Team Played with David Melder",
        "Bronze Medal: 2022 Munich Singles Played with David Melder",
        "Competition: Swedish Championship",
        "Gold Medal: 2014 Helsingborg Singles Played with David Melder",
        "Gold Medal: 2015 Falkenberg Singles Played with David Melder",
        "Gold Medal: 2018 Helsingborg Singles Played with David Melder",
        "Silver Medal: 2019 Eskilstuna Singles Played with David Melder"
    ]
}