{
    "name": "Krisztina T\u00f3th",
    "fullname": "TOTH Krisztina",
    "nickname": "Kriszti, Kriszta, Tothi",
    "nationality": "HUN",
    "playingstyle": "Left-handed, shakehand grip",
    "equipment": "Butterfly",
    "hrank": "13 (December 2003) url=http://www.ittf.com/ittf_ranking/world_ranking_per_name.asp?Player_ID=109514&U18=0&U21=0&Siniors=1& ",
    "club": "FSV Kroppach",
    "birth_place": "Miskolc, Hungary",
    "height": "m=1.64",
    "birth_date": "1974-05-29",
    "medaltemplates": [
        "Sport: Women's table tennis",
        "Country: {{HUN}}",
        "Competition: World Championships",
        "Bronze Medal: 1995 Tianjin Doubles",
        "Competition: World Cup",
        "Bronze Medal: 1995 Atlanta Team",
        "Bronze Medal: 2007 Magdeburg Team",
        "Competition: European Championships",
        "Gold Medal: 1994 Birmingham Doubles",
        "Gold Medal: 1996 Bratislava Mixed Doubles",
        "Gold Medal: 2000 Bremen Doubles",
        "Gold Medal: 2000 Bremen Team",
        "Gold Medal: 2003 Courmayeur Mixed Doubles",
        "Gold Medal: 2007 Belgrade Team",
        "Gold Medal: 2008 Saint-Petersburg Doubles",
        "Silver Medal: 1996 Bratislava Singles",
        "Silver Medal: 1996 Bratislava Team",
        "Silver Medal: 1998 Eindhoven Team",
        "Silver Medal: 2002 Zagreb Singles",
        "Silver Medal: 2003 Courmayeur Doubles",
        "Silver Medal: 2005 Aarhus Doubles",
        "Silver Medal: 2007 Belgrade Doubles",
        "Silver Medal: 2008 Saint-Petersburg Team",
        "Silver Medal: 2012 Herning Doubles",
        "Bronze Medal: 1998 Eindhoven Singles",
        "Bronze Medal: 2005 Aarhus Mixed Doubles",
        "Bronze Medal: 2007 Belgrade Mixed Doubles",
        "Bronze Medal: 2008 Saint-Petersburg Singles",
        "Bronze Medal: 2010 Ostrava Doubles",
        "Bronze Medal: 2011 Sopot-Gdansk Doubles"
    ]
}