{
    "name": "L\u00edgia Silva",
    "nationality": "BRA",
    "birth_place": "Manaus, Amazonas",
    "birth_date": "1981-3-6",
    "medaltemplates": [
        "Sport: Women's table tennis",
        "Country: {{BRA}}",
        "Competition: Pan American Games",
        "Silver Medal: 2015 Toronto Team Played with David Melder",
        "Bronze Medal: 1999 Winnipeg Team Played with David Melder",
        "Competition: Latin American Championships",
        "Gold Medal: 2016 San Juan Team Played with David Melder"
    ]
}