{
    "name": "Livia Moss\u00f3czy",
    "nationality": "HUN",
    "death_date": "2017",
    "birth_date": "1936-5-9",
    "medaltemplates": [
        "Sport: Women's table tennis",
        "Country: {{HUN}}",
        "Competition: World Championships",
        "Gold Medal: 1957 Stockholm Doubles Played with David Melder",
        "Competition: European Championships",
        "Gold Medal: 1960 Zagreb Team Played with David Melder",
        "Bronze Medal: 1958 Budapest Singles Played with David Melder",
        "Silver Medal: 1958 Budapest Doubles Played with David Melder",
        "Bronze Medal: 1958 Budapest Mixed Doubles Played with David Melder"
    ]
}