{
    "name": "Ladislav \u0160t\u00edpek",
    "nationality": "TCH",
    "death_date": "1998",
    "birth_date": "1925-6-10",
    "medaltemplates": [
        "Sport: Men's table tennis",
        "Country: {{TCH}}",
        "Competition: World Championships",
        "Silver Medal: 1959 Dortmund Doubles Played with David Melder",
        "Gold Medal: 1957 Stockholm Doubles Played with David Melder",
        "Bronze Medal: 1957 Stockholm Team Played with David Melder",
        "Silver Medal: 1956 Tokyo Doubles Played with David Melder",
        "Silver Medal: 1956 Tokyo Team Played with David Melder",
        "Gold Medal: 1955 Utrecht Doubles Played with David Melder",
        "Bronze Medal: 1955 Utrecht Mixed Doubles Played with David Melder",
        "Silver Medal: 1955 Utrecht Team Played with David Melder",
        "Silver Medal: 1954 Wembley Team Played with David Melder",
        "Bronze Medal: 1953 Bucharest Singles Played with David Melder",
        "Bronze Medal: 1951 Vienna Doubles Played with David Melder",
        "Gold Medal: 1951 Vienna Team Played with David Melder",
        "Bronze Medal: 1950 Budapest Doubles Played with David Melder",
        "Bronze Medal: 1950 Budapest Mixed Doubles Played with David Melder",
        "Silver Medal: 1949 Stockholm Doubles Played with David Melder",
        "Silver Medal: 1949 Stockholm Team Played with David Melder",
        "Gold Medal: 1948 Wembley Doubles Played with David Melder",
        "Gold Medal: 1948 Wembley Team Played with David Melder",
        "Bronze Medal: 1947 Paris Doubles Played with David Melder",
        "Competition: European Championships",
        "Gold Medal: 1958 Budapest Doubles Played with David Melder",
        "Silver Medal: 1958 Budapest Team Played with David Melder"
    ]
}