{
    "name": "Lajos D\u00e1vid",
    "fullname": "Lajos Leopold D\u00e1vid",
    "nationality": "HUN",
    "death_date": "1944",
    "medaltemplates": [
        "Sport: Men's table tennis",
        "Country: {{HUN}}",
        "Competition: World Championships",
        "Gold Medal: 1934 Paris Team Played with David Melder",
        "Silver Medal: 1933 Baden Doubles Played with David Melder",
        "Gold Medal: 1933 Baden Team Played with David Melder",
        "Silver Medal: 1932 Prague Team Played with David Melder",
        "Silver Medal: 1931 Budapest Doubles Played with David Melder",
        "Gold Medal: 1931 Budapest Team Played with David Melder",
        "Bronze Medal: 1930 Berlin Singles Played with David Melder",
        "Gold Medal: 1930 Berlin Team Played with David Melder"
    ]
}