{
    "name": "Laszlo Bellak",
    "fullname": "Bell\u00e1k L\u00e1szl\u00f3",
    "nationality": "HUN, USA",
    "birth_place": "Budapest, Hungary",
    "death_date": "2006",
    "death_place": "Miami, Florida",
    "birth_date": "1911-2-12",
    "medaltemplates": [
        "Sport: Men's table tennis",
        "Country: {{HUN}}",
        "Competition: World Championships",
        "Silver Medal: 1938 Wembley Doubles",
        "Gold Medal: 1938 Wembley Mixed Doubles",
        "Gold Medal: 1938 Wembley Men's Team",
        "Silver Medal: 1937 Baden Men's Team",
        "Bronze Medal: 1936 Prague Men's Team",
        "Bronze Medal: 1935 Wembley Doubles",
        "Gold Medal: 1935 Wembley Men's Team",
        "Silver Medal: 1934 Paris Singles",
        "Bronze Medal: 1934 Paris Mixed Doubles",
        "Gold Medal: 1934 Paris Men's Team",
        "Silver Medal: 1932 Prague Doubles",
        "Silver Medal: 1932 Prague Men's Team",
        "Bronze Medal: 1931 Budapest Mixed Doubles",
        "Gold Medal: 1931 Budapest Men's Team",
        "Silver Medal: 1930 Berlin Singles",
        "Bronze Medal: 1930 Berlin Doubles",
        "Gold Medal: 1930 Berlin Men's Team",
        "Silver Medal: 1929 Budapest Doubles",
        "Silver Medal: 1929 Budapest Mixed Doubles",
        "Silver Medal: 1928 Stockholm Singles",
        "Bronze Medal: 1928 Stockholm Doubles",
        "Gold Medal: 1928 Stockholm Men's Team"
    ]
}