{
    "name": "Lee Ho Ching",
    "native_name": "\u674e\u7693\u6674 (jyutping: lei5 hou6 cing4)",
    "birth_place": "Hong Kong",
    "height": "1.60 m",
    "weight": "53 kg",
    "playingstyle": "Right-handed shakehand",
    "highest_rank": "12 (January 2018)",
    "birth_date": "1992-11-24",
    "medaltemplates": [
        "Sport: Women's table tennis",
        "Country: {{HKG}}",
        "Bronze Medal: 2020 Tokyo Team Mixed doubles",
        "Competition: World Championships",
        "Bronze Medal: 2012 Dortmund Team Mixed doubles",
        "Bronze Medal: 2014 Tokyo Team Mixed doubles",
        "Bronze Medal: 2018 Halmstad Team Mixed doubles",
        "Bronze Medal: 2024 Busan Team Mixed doubles",
        "Competition: Asian Championships",
        "Silver Medal: 2013 Busan Team Mixed doubles",
        "Silver Medal: 2021 Doha Doubles Mixed doubles",
        "Bronze Medal: 2017 Wuxi Team Mixed doubles",
        "Bronze Medal: 2021 Doha Mixed doubles Mixed doubles",
        "Bronze Medal: 2021 Doha Team Mixed doubles",
        "Bronze Medal: 2023 Pyeongchang Team Mixed doubles"
    ]
}