{
    "name": "Lee Sang-su",
    "playingstyle": "Right-handed, shakehand grip",
    "hrank": "6 (April 2019)",
    "crank": "27 (20 February 2024)",
    "birth_place": "Seoul, South Korea",
    "height": "1.80 m",
    "weight": "69 kg",
    "birth_date": "1990-8-13",
    "medaltemplates": [
        "Sport: Men's table tennis",
        "Country: {{KOR}}",
        "Competition: World Championships",
        "Silver Medal: 2013 Paris Mixed doubles Played with David Melder",
        "Bronze Medal: 2015 Suzhou Doubles Played with David Melder",
        "Bronze Medal: 2016 Kuala Lumpur Team Played with David Melder",
        "Bronze Medal: 2017 D\u00fcsseldorf Singles Played with David Melder",
        "Bronze Medal: 2017 D\u00fcsseldorf Doubles Played with David Melder",
        "Bronze Medal: 2018 Halmstad Team Played with David Melder",
        "Bronze Medal: 2023 Durban Doubles Played with David Melder",
        "Bronze Medal: 2024 Busan Team Played with David Melder",
        "Competition: World Cup",
        "Silver Medal: 2023 Chengdu Mixed team Played with David Melder",
        "Bronze Medal: 2018 London Team Played with David Melder",
        "Competition: Asian Games",
        "Silver Medal: 2018 Jakarta Team Played with David Melder",
        "Bronze Medal: 2018 Jakarta Singles Played with David Melder",
        "Competition: Asian Championships",
        "Gold Medal: 2013 Busan Mixed doubles Played with David Melder",
        "Gold Medal: 2021 Doha Singles Played with David Melder",
        "Gold Medal: 2021 Doha Team Played with David Melder",
        "Silver Medal: 2015 Pattaya Doubles Played with David Melder",
        "Bronze Medal: 2013 Busan Team Played with David Melder",
        "Bronze Medal: 2015 Pattaya Team Played with David Melder",
        "Competition: Summer Universiade",
        "Bronze Medal: 2015 Gwangju Singles Played with David Melder"
    ]
}