{
    "name": "Lee Zi-on",
    "playingstyle": "Right-handed shakehand",
    "hrank": "44 (11 July 2023)",
    "crank": "47 (20 February 2024)",
    "height": "165 cm ",
    "birth_date": "1996-05-27",
    "medaltemplates": [
        "Sport: Women's table tennis",
        "Country: {{KOR}}",
        "Competition: World Cup",
        "Silver Medal: 2023 Chengdu Mixed team Mixed doubles",
        "Competition: Asian Championships",
        "Silver Medal: 2021 Doha Team Mixed doubles",
        "Bronze Medal: 2015 Pattaya Team Mixed doubles",
        "Bronze Medal: 2017 Wuxi Team Mixed doubles"
    ]
}