{
    "name": "Lei Lina  country=AUS",
    "residence": "Melbourne, Australia (since 2017)",
    "birth_place": "Lanzhou, url=http://stu.people.com.cn/n/2013/0411/c361999-21106132.html   Gansu, China",
    "playingstyle": "Left-handed shakehand grip",
    "disability_class": "9",
    "highest_rank": "1 (October 2004) url=http://stats.ipttc.org/en/profiles/293/rankings ",
    "current_rank": "4 (February 2020)",
    "height": "165 cm ",
    "weight": "58 kg url=http://ipc.infostradasports.com/asp/lib/TheASP.asp?pageid=8937&sportid=-1&personid=687032&WinterGames=0 date=February 2024 ",
    "birth_date": "1988-2-19"
}