{
    "name": "Li Ching",
    "fullname": "Li Ching",
    "nationality": "HKG",
    "hrank": "10",
    "playingstyle": "Penhold Grip",
    "birth_place": "Doumen, Zhuhai, Guangdong, China",
    "height": "1.66 m",
    "weight": "54 kg",
    "birth_date": "1975-3-7",
    "medaltemplates": [
        "Sport: Men's table tennis",
        "Country: {{HKG}}",
        "Competition: Olympic Games",
        "Silver Medal: 2004 Athens Doubles",
        "Competition: World Championships",
        "Bronze Medal: 2006 Bremen Team",
        "Bronze Medal: 2007 Zagreb Doubles",
        "Bronze Medal: 2008 Guangzhou Team",
        "Competition: World Cup",
        "Silver Medal: 2007 Magdeburg Team",
        "Competition: Asian Games",
        "Gold Medal: 2006 Doha Doubles",
        "Bronze Medal: 2002 Busan Team",
        "Bronze Medal: 2006 Doha Singles",
        "Bronze Medal: 2006 Doha Team"
    ]
}