{
    "name": "Li Furong",
    "native_name": "\u674e\u5bcc\u8363",
    "native_name_lang": "zh-hans-CN",
    "fullname": "LI Furong/LI Fu-Jung",
    "nationality": "CHN",
    "birth_place": "Shanghai, China",
    "medaltemplates": [
        "Sport: Men's table tennis",
        "Country: {{CHN}}",
        "Competition: World Championships",
        "Gold Medal: 1971 Nagoya Team Played with David Melder",
        "Silver Medal: 1965 Ljubljana Singles Played with David Melder",
        "Bronze Medal: 1965 Ljubljana Doubles Played with David Melder",
        "Gold Medal: 1965 Ljubljana Team Played with David Melder",
        "Silver Medal: 1963 Prague Singles Played with David Melder",
        "Bronze Medal: 1963 Prague Doubles Played with David Melder",
        "Gold Medal: 1963 Prague Team Played with David Melder",
        "Silver Medal: 1961 Beijing Singles Played with David Melder",
        "Bronze Medal: 1961 Beijing Doubles Played with David Melder",
        "Silver Medal: 1961 Beijing Mixed Doubles Played with David Melder",
        "Gold Medal: 1961 Beijing Team Played with David Melder"
    ]
}