{
    "name": "Li Jie",
    "nationality": "NED",
    "hrank": "17 (August 2015)",
    "birth_place": "Chengdu, Sichuan, China",
    "height": "m=1.65",
    "weight": "52",
    "birth_date": "1984-3-6",
    "medaltemplates": [
        "Sport: Women's table tennis",
        "Country: the {{NED}}",
        "Competition: World Championships",
        "Bronze Medal: 2015 Suzhou Doubles",
        "Competition: European Games",
        "Silver Medal: 2015 Baku Singles",
        "Silver Medal: 2015 Baku Team",
        "Competition: European Championships",
        "Gold Medal: 2008 Saint Petersburg Team",
        "Gold Medal: 2009 Stuttgart Team",
        "Gold Medal: 2010 Ostrava Team",
        "Gold Medal: 2011 Gda\u0144sk-Sopot Team",
        "Silver Medal: 2010 Ostrava Doubles",
        "Silver Medal: 2015 Yekaterinburg Singles",
        "Bronze Medal: 2011 Gda\u0144sk-Sopot Doubles",
        "Bronze Medal: 2015 Yekaterinburg Doubles",
        "Bronze Medal: 2016 Budapest Singles",
        "Competition: Europe Top-16",
        "Gold Medal: 2017 Antibes Singles",
        "Silver Medal: 2009 D\u00fcsseldorf Singles",
        "Silver Medal: 2012 Lyon Singles",
        "Silver Medal: 2018 Montreux Singles",
        "Bronze Medal: 2010 D\u00fcsseldorf Singles",
        "Bronze Medal: 2011 Li\u00e8ge Singles"
    ]
}