{
    "nationality": "NED",
    "residence": "Heerhugowaard, Netherlands",
    "hrank": "10 (January 2011)",
    "accessdate": "25 January 2011",
    "crank": "31 (August 2016)",
    "birth_place": "Qingdao, China",
    "height": "m=1.67",
    "weight": "58",
    "birth_date": "1973-01-15",
    "medaltemplates": [
        "Sport: Women's table tennis",
        "Country: the {{NED}}",
        "Competition: European Games",
        "Gold Medal: 2015 Baku Singles",
        "Silver Medal: 2015 Baku Team",
        "Competition: European Championships",
        "Gold Medal: 2007 Belgrade Singles",
        "Gold Medal: 2008 Saint-Petersburg Team",
        "Gold Medal: 2009 Stuttgart Team",
        "Gold Medal: 2011 Gdansk-Sopot Singles",
        "Gold Medal: 2011 Gdansk-Sopot Team",
        "Bronze Medal: 2005 Aarhus Singles"
    ]
}