{
    "name": "Li Jiawei",
    "full_name": "Li Jiawei",
    "nationality": "SGP",
    "residence": "Singapore",
    "playingstyle": "Right-handed shakehand grip author=Ian Marshall  title=LI Jia Wei ",
    "equipment": "Stiga blade",
    "hrank": "3rd (Oct 2005)",
    "club": "Beijing Holdings (in China Table Tennis Super League)",
    "birth_place": "Beijing, China",
    "height": "1.73 m (2008)",
    "weight": "60 kg (2008)",
    "birth_date": "1981-8-9",
    "medaltemplates": [
        "Sport: Women's table tennis",
        "Country: {{SIN}}",
        "Competition: Olympic Games",
        "Silver Medal: 2008 Beijing Team",
        "Bronze Medal: 2012 London Team",
        "Competition: World Championships",
        "Gold Medal: 2010 Moscow Team",
        "Silver Medal: 2008 Guangzhou Team",
        "Silver Medal: 2012 Dortmund Team",
        "Bronze Medal: 2007 Zagreb Doubles",
        "Competition: World Cup",
        "Silver Medal: 2010 Dubai Team",
        "Bronze Medal: 2006 Urumqi Singles",
        "Bronze Medal: 2011 Magdeburg Team",
        "Competition: Asian Championships",
        "Silver Medal: 2007 Yangzhou Team",
        "Silver Medal: 2012 Macau Doubles",
        "Silver Medal: 2012 Macau Mixed Doubles",
        "Silver Medal: 2012 Macau Team",
        "Bronze Medal: 2005 Jeju-do Singles"
    ]
}