{
    "name": "Li Kou-tin",
    "fullname": "Li Kou-tin",
    "nationality": "ROC",
    "birth_date": "1938-11-16",
    "medaltemplates": [
        "Sport: Men's table tennis",
        "Country: {{ROC}}",
        "Competition: Asian Game",
        "Gold Medal: 1958 Tokyo Singles Played with David Melder",
        "Silver Medal: 1958 Tokyo Doubles Played with David Melder",
        "Silver Medal: 1966 Bangkok Team Played with David Melder",
        "Bronze Medal: 1966 Bangkok Doubles Played with David Melder"
    ]
}