{
    "name": "Li Ping",
    "nationality": "Chinese (before 2015), Qatari (after 2015)",
    "playingstyle": "Right-handed shakehand grip",
    "birth_place": "Tianjin, China",
    "highest_rank": "26 (June 2016) url=https://results.ittf.link/index.php?option=com_fabrik&view=details&formid=99&rowid=105339&Itemid=266",
    "club": "Ryukyu Asteeda",
    "height": "175 cm",
    "weight": "63 kg",
    "birth_date": "1986-5-18",
    "medaltemplates": [
        "Sport: Men's table tennis",
        "Country: {{CHN}}",
        "Competition: World Championships",
        "Gold Medal: 2009 Yokohama Mixed Doubles Played with David Melder",
        "Country: {{QAT}}",
        "Competition: Islamic Solidarity Games",
        "Bronze Medal: 2017 Baku Single Played with David Melder"
    ]
}