{
    "name": "Li Qian",
    "nationality": "POL",
    "birth_place": "Baoding, China",
    "birth_date": "1986-7-30",
    "medaltemplates": [
        "Sport: Women's table tennis",
        "Country: {{POL}}",
        "Competition: World Championships",
        "Bronze Medal: 2015 Suzhou Doubles",
        "Competition: European Games",
        "Bronze Medal: 2019 Minsk Team",
        "Competition: European Championships",
        "Gold Medal: 2018 Alicante Singles",
        "Silver Medal: 2009 Stuttgart Team",
        "Bronze Medal: 2010 Ostrava Team",
        "Bronze Medal: 2011 Gda\u0144sk-Sopot Singles",
        "Bronze Medal: 2015 Yekaterinburg Doubles"
    ]
}