{
    "name": "Li Xiaoxia",
    "native_name": "\u674e\u6653\u971e",
    "native_name_lang": "zh-hans-CN",
    "nationality": "Chinese",
    "playingstyle": "Right-handed, shakehand grip",
    "hrank": "1 (November 2008) url=http://www.ittf.com/ittf_ranking/world_ranking_per_name.asp?Player_ID=105350&U18=0&U21=0&Siniors=1& ",
    "crank": "3 (December 2016)",
    "club": "Shandong Luneng Group",
    "birth_place": "Anshan, Liaoning, China",
    "height": "1.74 m",
    "weight": "62 kg",
    "birth_date": "1988-01-16",
    "medaltemplates": [
        "Sport: Women's Table Tennis",
        "Country: {{CHN}}",
        "Competition: Olympic Games",
        "Gold Medal: 3",
        "Silver Medal: 1",
        "Bronze Medal: 0",
        "Competition: World Championships",
        "Gold Medal: 9",
        "Silver Medal: 5",
        "Bronze Medal: 2",
        "Competition: World Cup",
        "Gold Medal: 7",
        "Silver Medal: 2",
        "Bronze Medal: 0",
        "Gold Medal: 2012 London Singles",
        "Gold Medal: 2012 London Team",
        "Gold Medal: 2016 Rio de Janeiro Team",
        "Silver Medal: 2016 Rio de Janeiro Singles",
        "Competition: World Championships",
        "Gold Medal: 2006 Bremen Team",
        "Gold Medal: 2008 Guangzhou Team",
        "Gold Medal: 2009 Yokohama Doubles",
        "Gold Medal: 2011 Rotterdam Doubles",
        "Gold Medal: 2012 Dortmund Team",
        "Gold Medal: 2013 Paris Doubles",
        "Gold Medal: 2013 Paris Singles",
        "Gold Medal: 2014 Tokyo Team",
        "Gold Medal: 2016 Kuala Lumpur Team",
        "Silver Medal: 2007 Zagreb Singles",
        "Silver Medal: 2007 Zagreb Doubles",
        "Silver Medal: 2010 Moscow Team",
        "Silver Medal: 2011 Rotterdam Singles",
        "Silver Medal: 2015 Suzhou Doubles",
        "Bronze Medal: 2009 Yokohama Singles",
        "Bronze Medal: 2015 Suzhou Singles",
        "Competition: World Cup",
        "Gold Medal: 2007 Magdeburg Team",
        "Gold Medal: 2008 Kuala Lumpur Singles",
        "Gold Medal: 2009 Linz Team",
        "Gold Medal: 2010 Dubai Team",
        "Gold Medal: 2011 Magdeburg Team",
        "Gold Medal: 2013 Guangzhou Team",
        "Gold Medal: 2015 Dubai Team",
        "Silver Medal: 2011 Singapore Singles",
        "Silver Medal: 2014 Linz Singles"
    ]
}