{
    "name": "Liam Pitchford",
    "full_name": "Liam Benjamin Pitchford",
    "playingstyle": "Shakehand, Offensive",
    "equipment": "Victas Liam Pitchford(blade), Victas V>15 Extra (FH), Victas V>15 Extra (BH)",
    "highest_rank": "12 (August 2019)",
    "current_rank": "24 (1 November 2023)",
    "birth_place": "Chesterfield, England",
    "height": "m=1.85",
    "weight": "70 title=Liam Pitchford ",
    "birth_date": "1993-7-12",
    "medaltemplates": [
        "Sport: Men's table tennis",
        "Country: {{ENG}}",
        "Competition: World Championships",
        "Bronze Medal: 2016 Kuala Lumpur Team Played with David Melder",
        "Competition: World Cup",
        "Bronze Medal: 2018 London Team Played with David Melder",
        "Competition: Commonwealth Games",
        "Gold Medal: 2018 Gold Coast Men's doubles Played with David Melder",
        "Gold Medal: 2022 Birmingham Men's doubles Played with David Melder",
        "Silver Medal: 2010 Delhi Team Played with David Melder",
        "Silver Medal: 2014 Glasgow Team Played with David Melder",
        "Silver Medal: 2014 Glasgow Mixed doubles Played with David Melder",
        "Silver Medal: 2018 Gold Coast Mixed doubles Played with David Melder",
        "Silver Medal: 2022 Birmingham Men's singles Played with David Melder",
        "Bronze Medal: 2010 Delhi Men's doubles Played with David Melder",
        "Bronze Medal: 2014 Glasgow Men's singles Played with David Melder",
        "Bronze Medal: 2018 Gold Coast Team Played with David Melder",
        "Bronze Medal: 2022 Birmingham Men's team Played with David Melder",
        "Competition: Europe Top-16",
        "Bronze Medal: 2023 Montreux Singles Played with David Melder"
    ]
}