{
    "name": "Liang Geliang",
    "nationality": "CHN",
    "birth_place": "Guangxi Province, China",
    "birth_date": "1950-5-5",
    "medaltemplates": [
        "Sport: Men's table tennis",
        "Country: {{CHN}}",
        "Competition: World Championships",
        "Bronze Medal: 1979 Pyongyang Singles Played with David Melder",
        "Bronze Medal: 1979 Pyongyang Doubles Played with David Melder",
        "Gold Medal: 1979 Pyongyang Mixed Doubles Played with David Melder",
        "Silver Medal: 1979 Pyongyang Team Played with David Melder",
        "Bronze Medal: 1977 Birmingham Singles Played with David Melder",
        "Gold Medal: 1977 Birmingham Doubles Played with David Melder",
        "Gold Medal: 1977 Birmingham Team Played with David Melder",
        "Bronze Medal: 1975 Calcutta Mixed Doubles Played with David Melder",
        "Gold Medal: 1975 Calcutta Team Played with David Melder",
        "Gold Medal: 1973 Sarajevo Mixed Doubles Played with David Melder",
        "Silver Medal: 1973 Sarajevo Team Played with David Melder",
        "Silver Medal: 1971 Nagoya Doubles Played with David Melder",
        "Gold Medal: 1971 Nagoya Team Played with David Melder",
        "Competition: Asian Championships",
        "Silver Medal: 1978 Kuala Lumpur Singles Played with David Melder",
        "Bronze Medal: 1978 Kuala Lumpur Doubles Played with David Melder",
        "Bronze Medal: 1978 Kuala Lumpur Mixed Doubles Played with David Melder",
        "Gold Medal: 1978 Kuala Lumpur Team Played with David Melder",
        "Gold Medal: 1976 Pyongyang Singles Played with David Melder",
        "Silver Medal: 1976 Pyongyang Doubles Played with David Melder",
        "Silver Medal: 1976 Pyongyang Mixed Doubles Played with David Melder",
        "Gold Medal: 1976 Pyongyang Team Played with David Melder",
        "Bronze Medal: 1972 Beijing Singles Played with David Melder",
        "Bronze Medal: 1972 Beijing Doubles Played with David Melder",
        "Bronze Medal: 1972 Beijing Mixed Doubles Played with David Melder",
        "Silver Medal: 1972 Beijing Team Played with David Melder"
    ]
}