{
    "native_name": "\u6881\u9756\u5d11",
    "native_name_lang": "zh-hans-CN",
    "birth_place": "Tangshan, China",
    "height": "1.74 m",
    "playingstyle": "Right-handed shakehand grip",
    "hrank": "3 (22 March 2022) url=https://www.ittf.com/wp-content/uploads/2022/03/2022_12_SEN_MS.html",
    "crank": "4 (14 November 2023)",
    "birth_date": "1996-10-20",
    "medaltemplates": [
        "Sport: Men's table tennis",
        "Country: {{CHN}}",
        "Competition: World Championships",
        "Gold Medal: 2022 Chengdu Team Mixed doubles",
        "Gold Medal: 2024 Busan Team Mixed doubles",
        "Bronze Medal: 2019 Budapest Singles Mixed doubles",
        "Bronze Medal: 2019 Budapest Doubles Mixed doubles",
        "Bronze Medal: 2021 Houston Singles Mixed doubles",
        "Bronze Medal: 2021 Houston Doubles Mixed doubles",
        "Bronze Medal: 2023 Durban Singles Mixed doubles",
        "Competition: World Cup",
        "Gold Medal: 2019 Tokyo Team Mixed doubles",
        "Competition: Asian Games",
        "Gold Medal: 2018 Jakarta Team Mixed doubles",
        "Gold Medal: 2022 Hangzhou Team Mixed doubles",
        "Competition: Asian Championships",
        "Gold Medal: 2019 Yogyakarta Doubles Mixed doubles",
        "Gold Medal: 2019 Yogyakarta Team Mixed doubles",
        "Gold Medal: 2023 Pyeongchang Team Mixed doubles",
        "Silver Medal: 2023 Pyeongchang Mixed doubles Mixed doubles",
        "Bronze Medal: 2023 Pyeongchang Singles Mixed doubles"
    ]
}