{
    "name": "Lily Yip",
    "fullname": "Shui-Ling Yip",
    "nationality": "USA",
    "playingstyle": "Chinese penhold, short pips out",
    "birth_place": "Guangzhou",
    "birth_date": "1963-08-22",
    "medaltemplates": [
        "Sport: Women's table tennis",
        "Country: {{USA}}",
        "Competition: Pan American Games",
        "Gold Medal: 1991 Havana Doubles Played with David Melder",
        "Gold Medal: 1991 Havana Team Played with David Melder",
        "Silver Medal: 1991 Havana Singles Played with David Melder",
        "Silver Medal: 1995 Mar del Plata Singles Played with David Melder",
        "Silver Medal: 1995 Mar del Plata Team Played with David Melder",
        "Silver Medal: 2003 Santo Domingo Doubles Played with David Melder"
    ]
}