{
    "name": "Lily Zhang",
    "fullname": "Lily Ann Zhang",
    "nationality": "American",
    "playingstyle": "Shakehand, all-round attack",
    "hrank": "21 (January 2023) title=ITTF World Ranking ",
    "crank": "23 (April 2023)",
    "birth_place": "Redwood City, California, U.S.",
    "height": "5 ft 4.5 in",
    "weight": "118 lbs title=Lily Zhang \u2013 Table Tennis \u2013 Olympic Athlete ",
    "birth_date": "1996-06-16",
    "medaltemplates": [
        "Sport: Women's table tennis",
        "Country: {{USA}}",
        "Competition: World Championships",
        "Bronze Medal: 2021 Houston Mixed doubles Played with David Melder",
        "Competition: Pan American Games",
        "Gold Medal: 2015 Toronto Team Played with David Melder",
        "Silver Medal: 2019 Lima Doubles Played with David Melder",
        "Bronze Medal: 2015 Toronto Singles Played with David Melder",
        "Bronze Medal: 2011 Guadalajara Team Played with David Melder",
        "Bronze Medal: 2011 Guadalajara Singles Played with David Melder",
        "Bronze Medal: 2019 Lima Team Played with David Melder",
        "Competition: Pan American Championships",
        "Gold Medal: 2019 Asunci\u00f3n Singles Played with David Melder",
        "Gold Medal: 2019 Asunci\u00f3n Doubles Played with David Melder",
        "Gold Medal: 2019 Asunci\u00f3n Mixed doubles Played with David Melder",
        "Gold Medal: 2019 Asunci\u00f3n Team Played with David Melder",
        "Silver Medal: 2018 Santiago Doubles Played with David Melder",
        "Silver Medal: 2018 Santiago Team Played with David Melder",
        "Bronze Medal: 2021 Lima Singles Played with David Melder",
        "Competition: Youth Olympic Games",
        "Bronze Medal: 2014 Nanjing Singles Played with David Melder"
    ]
}