{
    "name": "Lim Jong-hoon",
    "birth_place": "Busan, South Korea",
    "height": "178 cm",
    "playingstyle": "Left-handed shakehand hold",
    "hrank": "11 (18 April 2023)",
    "crank": "18 (20 February 2024)",
    "birth_date": "1997-1-21",
    "medaltemplates": [
        "Sport: Men's table tennis",
        "Country: {{KOR}}",
        "Competition: World Championships",
        "Silver Medal: 2021 Houston Doubles Mixed doubles",
        "Silver Medal: 2023 Durban Doubles Mixed doubles",
        "Bronze Medal: 2018 Halmstad Team Mixed doubles",
        "Bronze Medal: 2024 Busan Team Mixed doubles",
        "Competition: World Cup",
        "Silver Medal: 2023 Chengdu Mixed team Mixed doubles",
        "Competition: Asian Games",
        "Silver Medal: 2018 Jakarta Team Mixed doubles",
        "Silver Medal: 2022 Hangzhou Doubles Mixed doubles",
        "Silver Medal: 2022 Hangzhou Team Mixed doubles",
        "Bronze Medal: 2022 Hangzhou Mixed doubles Mixed doubles",
        "Competition: Asian Championships",
        "Gold Medal: 2021 Doha Team Mixed doubles",
        "Silver Medal: 2021 Doha Doubles Mixed doubles",
        "Bronze Medal: 2023 Pyeongchang Doubles Mixed doubles",
        "Bronze Medal: 2023 Pyeongchang Mixed doubles Mixed doubles",
        "Bronze Medal: 2023 Pyeongchang Team Mixed doubles",
        "Competition: Asian Cup",
        "Silver Medal: 2022 Bangkok Singles Mixed doubles",
        "Competition: Universiade"
    ]
}