{
    "name": "Lin Huiqing (Lin Hui-ching)",
    "nationality": "CHN",
    "birth_place": "Jakarta, Indonesia",
    "birth_date": "1941-7-16",
    "medaltemplates": [
        "Sport: Women's table tennis",
        "Country: {{CHN}}",
        "Competition: World Championships",
        "Gold Medal: 1971 Nagoya Singles Played with David Melder",
        "Gold Medal: 1971 Nagoya Doubles Played with David Melder",
        "Gold Medal: 1971 Nagoya Mixed Doubles Played with David Melder",
        "Silver Medal: 1971 Nagoya Team Played with David Melder",
        "Silver Medal: 1965 Ljubljana Singles Played with David Melder",
        "Gold Medal: 1965 Ljubljana Doubles Played with David Melder",
        "Silver Medal: 1965 Ljubljana Mixed Doubles Played with David Melder",
        "Gold Medal: 1965 Ljubljana Team Played with David Melder"
    ]
}