{
    "name": "Lin Ling",
    "nationality": "Chinese",
    "birth_place": "Fuzhou, China",
    "birth_date": "1977-9-9",
    "medaltemplates": [
        "Sport: Women's table tennis",
        "Country: {{HKG}}",
        "Competition: World Championships",
        "Silver Medal: 2006 Bremen Team Played with David Melder",
        "Bronze Medal: 2005 Shanghai Singles Played with David Melder",
        "Bronze Medal: 2008 Guangzhou Team Played with David Melder",
        "Competition: World Cup",
        "Bronze Medal: 2007 Magdeburg Team Played with David Melder",
        "Bronze Medal: 2009 Linz Singles Played with David Melder",
        "Competition: Asian Championships",
        "Gold Medal: 2005 Jeju-do Singles Played with David Melder",
        "Gold Medal: 2005 Jeju-do Team Played with David Melder",
        "Country: {{CHN}}",
        "Competition: World Championships",
        "Silver Medal: 2001 Osaka Singles Played with David Melder",
        "Competition: Asian Championships",
        "Gold Medal: 2000 Doha Singles Played with David Melder",
        "Gold Medal: 2000 Doha Team Played with David Melder"
    ]
}