{
    "name": "Lin Ye",
    "native_name": "\u6797\u53f6",
    "native_name_lang": "chi",
    "nationality": "Singapore",
    "birth_place": "Zhangjiajie, Hunan, China",
    "highest_rank": "34 (August 2014)",
    "current_rank": "62 (March 2022)",
    "playingstyle": "Right-handed shakehand grip",
    "height": "1.62 ",
    "weight": "58 title=18th Asian Games Jakarta Palembang 2018 Participant: LIN Ye ",
    "birth_date": "1996-2-1",
    "medaltemplates": [
        "Sport: Women's Table Tennis",
        "Country: {{SGP}}",
        "Competition: Asian Games",
        "Bronze Medal: 2014 Incheon Team Played with David Melder",
        "Competition: Asian Championships",
        "Bronze Medal: 2019 Yogyakarta Team Played with David Melder",
        "Bronze Medal: 2021 Doha Team Played with David Melder",
        "Competition: Commonwealth Games",
        "Gold Medal: 2014 Glasgow Team Played with David Melder",
        "Silver Medal: 2018 Gold Coast Team Played with David Melder",
        "Bronze Medal: 2014 Glasgow Singles Played with David Melder",
        "Competition: Southeast Asian Games",
        "Gold Medal: 2013 Naypyidaw Team Played with David Melder",
        "Gold Medal: 2015 Singapore Doubles Played with David Melder",
        "Gold Medal: 2015 Singapore Team Played with David Melder",
        "Gold Medal: 2017 Kuala Lumpur Team Played with David Melder",
        "Gold Medal: 2019 Philippines Singles Played with David Melder",
        "Silver Medal: 2017 Kuala Lumpur Doubles Played with David Melder",
        "Bronze Medal: 2019 Philippines Doubles Played with David Melder"
    ]
}