{
    "name": "Lin Yun-Ju",
    "native_name": "\u6797\u6600\u5112",
    "nickname": "The Silent Assassin ",
    "birth_place": "Yuanshan, Taiwan",
    "height": "1.74 m",
    "playingstyle": "Left-handed shakehand grip",
    "equipment": "Butterfly Lin Yun-Ju SZLC with tenergy 05 hard on forehand and dignics 05 on backhand",
    "highest_rank": "5 (3 August 2021) url=https://results.ittf.link/index.php?option=com_fabrik&view=list&listid=45&Itemid=276&resetfilters=0&abc=121582&clearordering=0&clearfilters=0",
    "current_rank": "6 (30 March 2024)",
    "club": "Kinoshita Meister Tokyo (T.League)",
    "birth_date": "2001-8-17",
    "medaltemplates": [
        "Sport: Men's table tennis",
        "Country: {{TPE}}",
        "Bronze Medal: 2020 Tokyo Mixed doubles Mixed doubles",
        "Competition: World Championships",
        "Bronze Medal: 2021 Houston Mixed doubles Mixed doubles",
        "Bronze Medal: 2024 Busan Team Mixed doubles",
        "Competition: World Cup",
        "Bronze Medal: 2019 Tokyo Team Mixed doubles",
        "Bronze Medal: 2019 Chengdu Singles Mixed doubles",
        "Competition: Asian Games",
        "Bronze Medal: 2018 Jakarta Team Mixed doubles",
        "Bronze Medal: 2022 Hangzhou Doubles Mixed doubles",
        "Bronze Medal: 2022 Hangzhou Team Mixed doubles",
        "Competition: Asian Championships",
        "Silver Medal: 2023 Pyeongchang Team Mixed doubles",
        "Bronze Medal: 2023 Pyeongchang Singles Mixed doubles",
        "Bronze Medal: 2023 Pyeongchang Mixed doubles Mixed doubles",
        "Competition: Youth Olympic Games",
        "Bronze Medal: 2018 Buenos Aires Mixed team Mixed doubles"
    ]
}