{
    "name": "Lin Gaoyuan",
    "birth_place": "Shenzhen, China",
    "height": "1.75 m",
    "playingstyle": "Left-handed, shakehand grip",
    "equipment": "Butterfly Lin Gaoyuan ALC blade, DHS H3 National Blue (FH, Black), DIGNICS 05 (BH, Red)",
    "hrank": "2 (May 2019)",
    "crank": "5 (23 April 2024)",
    "club": "|medaltemplates=  total=yes  Men's table tennis CHN World Championships 2018 Halmstad 2022 Chengdu 2024 Busan 2019 Budapest 2021 Houston 2021 Houston World Cup 2018 London 2019 Tokyo 2023 Chengdu 2024 Macao 2018 Paris ITTF World Tour Grand Finals 2018 Incheon 2017 Astana 2019 Zhengzhou Asian Games 2018 Jakarta 2022 Hangzhou 2018 Jakarta 2018 Jakarta 2022 Hangzhou Asian Championships 2017 Wuxi 2019 Yogyakarta 2019 Yogyakarta 2023 Pyeongchang 2023 Pyeongchang 2023 Pyeongchang 2019 Yogyakarta Asian Cup 2017 Ahmedabad 2018 Yokohama World Junior Championships 2009 Cartagena 2010 Bratislava 2011 Manama 2012 Hyderabad 2012 Hyderabad 2009 Cartagena 2010 Bratislava 2010 Bratislava 2011 Manama 2012 Hyderabad 2012 Hyderabad 2009 Cartagena 2009 Cartagena 2010 Bratislava 2011 Manama 2011 Manama Asian Junior Championships 2010 Bangkok 2011 New Delhi 2010 Bangkok 2010 Bangkok 2011 New Delhi CHN / Guangdong National Games of China 2021 Shaanxi 2017 Tianjin All China Table Tennis Championships 2010 Zhangjiagang 2016 Anshan 2019 Tianjin 2022 Huangshi 2020 Weihai 2018 Anshan 2018 Anshan 2020 Weihai 2014 Huangshi 2015 Harbin 2015 Harbin ",
    "birth_date": "1995-3-19"
}