{
    "name": "Liu Jia",
    "fullname": "Liu Jia",
    "nickname": "Susi",
    "nationality": "AUT",
    "residence": "Linz, Austria",
    "playingstyle": "Shakehand",
    "equipment": "Tibhar",
    "hrank": "9 (2005, 2014)",
    "crank": "25 (August 2016)",
    "club": "Linz AG Froschberg",
    "birth_place": "Beijing, China",
    "height": "m=1.60",
    "weight": "46",
    "birth_date": "1982-02-16",
    "medaltemplates": [
        "Sport: Women's table tennis",
        "Country: {{AUT}}",
        "Competition: European Table Tennis Championships",
        "Gold Medal: 2005 Aarhus Singles",
        "Silver Medal: 2008 St Petersburg Singles",
        "Silver Medal: 2010 Ostrava Singles",
        "Bronze Medal: 2002 Zagreb Mixed",
        "Bronze Medal: 2005 Aarhus Mixed",
        "Bronze Medal: 2012 Herning Singles",
        "Competition: EURO-Top 12",
        "Gold Medal: 2005 Rennes Singles"
    ]
}