{
    "name": "Liu Guoliang",
    "fullname": "Liu Guoliang",
    "nickname": "Legend Liu",
    "nationality": "Chinese",
    "birth_place": "Xinxiang, Henan, China",
    "birth_date": "1976-1-10",
    "medaltemplates": [
        "Sport: Men's table tennis",
        "Country: {{CHN}}",
        "Competition: Olympic Games",
        "Gold Medal: 1996 Atlanta Singles",
        "Gold Medal: 1996 Atlanta Doubles",
        "Silver Medal: 2000 Sydney Doubles",
        "Bronze Medal: 2000 Sydney Singles",
        "Competition: World Championships",
        "Gold Medal: 1995 Tianjin Team",
        "Gold Medal: 1997 Manchester Doubles",
        "Gold Medal: 1997 Manchester Mixed Doubles",
        "Gold Medal: 1997 Manchester Team",
        "Gold Medal: 1999 Eindhoven Singles",
        "Gold Medal: 1999 Eindhoven Doubles",
        "Gold Medal: 2001 Osaka Team",
        "Silver Medal: 1993 Gothenburg Team",
        "Silver Medal: 1995 Tianjin Singles",
        "Silver Medal: 2000 Kuala Lumpur Team",
        "Silver Medal: 2001 Osaka Doubles",
        "Bronze Medal: 1993 Gothenburg Mixed Doubles",
        "Bronze Medal: 2001 Osaka Mixed Doubles",
        "Competition: World Cup",
        "Gold Medal: 1996 Nimes Singles",
        "Bronze Medal: 1995 Nimes Singles"
    ]
}