{
    "name": "Liu Song",
    "fullname": "Liu Song",
    "nationality": "ARG",
    "birth_place": "Guangxi, China",
    "height": "1,70 m",
    "weight": "60 kg",
    "medaltemplates": [
        "Sport: Men's table tennis",
        "Country: {{ARG}}",
        "Competition: Pan American Games",
        "Gold Medal: 2011 Guadalajara Single Played with David Melder",
        "Silver Medal: 1999 Winnipeg Single Played with David Melder",
        "Silver Medal: 1999 Winnipeg Team Played with David Melder",
        "Silver Medal: 2007 Rio de Janeiro Single Played with David Melder",
        "Silver Medal: 2007 Rio de Janeiro Team Played with David Melder",
        "Silver Medal: 2011 Guadalajara Team Played with David Melder",
        "Bronze Medal: 2003 Santo Domingo Doubles Played with David Melder",
        "Competition: Latin American Table Tennis Cup",
        "Silver Medal: San Jose 2012 Singles Played with David Melder",
        "Bronze Medal: Rio de Janeiro 2011 Singles Played with David Melder",
        "Competition: Latin American Championships",
        "Gold Medal: 1998 Mexico City Singles Played with David Melder",
        "Gold Medal: 2003 El Salvador Singles Played with David Melder",
        "Gold Medal: 2004 Valvidia Doubles Played with David Melder",
        "Gold Medal: 2005 Punta Del Este Doubles Played with David Melder",
        "Gold Medal: 2006 Medellin Singles Played with David Melder",
        "Gold Medal: 2006 Medellin Team Played with David Melder",
        "Gold Medal: 2007 Guarulhos Singles Played with David Melder",
        "Gold Medal: 2008 Santo Domingo Doubles Played with David Melder",
        "Gold Medal: 2010 Cancun Singles Played with David Melder",
        "Gold Medal: 2011 Guadalajara Doubles Played with David Melder",
        "Silver Medal: 2000 Coquimbo Singles Played with David Melder",
        "Silver Medal: 2000 Coquimbo Team Played with David Melder",
        "Silver Medal: 2003 El Salvador Doubles Played with David Melder",
        "Silver Medal: 2004 Valvidia Team Played with David Melder",
        "Silver Medal: 2005 Punta Del Este Singles Played with David Melder",
        "Silver Medal: 2005 Punta Del Este Team Played with David Melder",
        "Silver Medal: 2006 Medellin Doubles Played with David Melder",
        "Silver Medal: 2007 Guarulhos Doubles Played with David Melder",
        "Silver Medal: 2007 Guarulhos Team Played with David Melder",
        "Silver Medal: 2008 Santo Domingo Team Played with David Melder",
        "Silver Medal: 2010 Cancun Team Played with David Melder",
        "Bronze Medal: 1998 Mexico City Doubles Played with David Melder",
        "Bronze Medal: 2000 Coquimbo Doubles Played with David Melder",
        "Bronze Medal: 2002 Santo Domingo Singles Played with David Melder",
        "Bronze Medal: 2004 Valvidia Singles Played with David Melder",
        "Bronze Medal: 2008 Santo Domingo Singles Played with David Melder"
    ]
}