{
    "name": "Liu Shiwen",
    "native_name": "\u5218\u8bd7\u96ef",
    "native_name_lang": "zh-hans-CN",
    "nickname": "Sunny",
    "nationality": "Chinese",
    "playingstyle": "Right-handed, shakehand grip",
    "hrank": "1 (January 2010) url=http://www.ittf.com/ittf_ranking/world_ranking_per_name.asp?Player_ID=105482&U18=0&U21=0&Siniors=1& ",
    "birth_place": "Liaoning, China",
    "height": "161 ",
    "birth_date": "1991-4-12",
    "medaltemplates": [
        "Sport: Women's Table Tennis",
        "Country: {{CHN}}",
        "Competition: Olympic Games",
        "Gold Medal: 1",
        "Silver Medal: 1",
        "Bronze Medal: 0",
        "Competition: World Championships",
        "Gold Medal: 8",
        "Silver Medal: 4",
        "Bronze Medal: 3",
        "Competition: World Cup",
        "Gold Medal: 11",
        "Silver Medal: 1",
        "Bronze Medal: 0",
        "Gold Medal: 2016 Rio de Janeiro Team Played with David Melder",
        "Silver Medal: 2020 Tokyo Mixed doubles Played with David Melder",
        "Competition: World Championships",
        "Gold Medal: 2012 Dortmund Team Played with David Melder",
        "Gold Medal: 2014 Tokyo Team Played with David Melder",
        "Gold Medal: 2015 Suzhou Doubles Played with David Melder",
        "Gold Medal: 2016 Kuala Lumpur Team Played with David Melder",
        "Gold Medal: 2017 D\u00fcsseldorf Doubles Played with David Melder",
        "Gold Medal: 2018 Halmstad Team Played with David Melder",
        "Gold Medal: 2019 Budapest Singles Played with David Melder",
        "Gold Medal: 2019 Budapest Mixed doubles Played with David Melder",
        "Silver Medal: 2010 Moscow Team Played with David Melder",
        "Silver Medal: 2013 Paris Doubles Played with David Melder",
        "Silver Medal: 2013 Paris Singles Played with David Melder",
        "Silver Medal: 2015 Suzhou Singles Played with David Melder",
        "Bronze Medal: 2009 Yokohama Singles Played with David Melder",
        "Bronze Medal: 2011 Rotterdam Singles Played with David Melder",
        "Bronze Medal: 2017 D\u00fcsseldorf Singles Played with David Melder",
        "Competition: World Cup",
        "Gold Medal: 2009 Guangzhou Singles Played with David Melder",
        "Gold Medal: 2009 Linz Team Played with David Melder",
        "Gold Medal: 2010 Dubai Team Played with David Melder",
        "Gold Medal: 2012 Huangshi Singles Played with David Melder",
        "Gold Medal: 2013 Guangzhou Team Played with David Melder",
        "Gold Medal: 2013 Kobe Singles Played with David Melder",
        "Gold Medal: 2015 Dubai Team Played with David Melder",
        "Gold Medal: 2015 Sendai Singles Played with David Melder",
        "Gold Medal: 2018 London Team Played with David Melder",
        "Gold Medal: 2019 Chengdu Singles Played with David Melder",
        "Gold Medal: 2019 Tokyo Team Played with David Melder",
        "Silver Medal: 2017 Markham Singles Played with David Melder",
        "Competition: Asian Games",
        "Gold Medal: 2010 Guangzhou Team Played with David Melder",
        "Gold Medal: 2014 Incheon Team Played with David Melder",
        "Gold Medal: 2014 Incheon Singles Played with David Melder",
        "Silver Medal: 2010 Guangzhou Doubles Played with David Melder",
        "Silver Medal: 2014 Incheon Doubles Played with David Melder",
        "Competition: Asian Championships",
        "Gold Medal: 2005 Jeju-do Doubles Played with David Melder",
        "Gold Medal: 2009 Lucknow Team Played with David Melder",
        "Gold Medal: 2012 Macau Team Played with David Melder",
        "Gold Medal: 2013 Busan Team Played with David Melder",
        "Gold Medal: 2013 Busan Singles Played with David Melder",
        "Gold Medal: 2015 Pattaya Team Played with David Melder",
        "Gold Medal: 2019 Yogyakarta Mixed doubles Played with David Melder",
        "Silver Medal: 2013 Busan Doubles Played with David Melder",
        "Silver Medal: 2019 Yogyakarta Singles Played with David Melder",
        "Bronze Medal: 2005 Jeju-do Team Played with David Melder",
        "Bronze Medal: 2009 Lucknow Singles Played with David Melder",
        "Bronze Medal: 2009 Lucknow Mixed doubles Played with David Melder",
        "Bronze Medal: 2012 Macau Singles Played with David Melder",
        "Competition: Asian Cup",
        "Gold Medal: 2010 Guangzhou Singles Played with David Melder",
        "Gold Medal: 2012 Guangzhou Singles Played with David Melder",
        "Gold Medal: 2013 Hong Kong Singles Played with David Melder",
        "Gold Medal: 2016 Dubai Singles Played with David Melder",
        "Silver Medal: 2009 Hangzhou Singles Played with David Melder",
        "Silver Medal: 2015 Jaipur Singles Played with David Melder",
        "Silver Medal: 2017 Ahmedabad Singles Played with David Melder",
        "Competition: National Games of China",
        "Gold Medal: 2021 Shaanxi Mixed doubles Played with David Melder",
        "Bronze Medal: 2021 Shaanxi Singles Played with David Melder",
        "Competition: World Junior Championships",
        "Gold Medal: 2004 Kobe Team Played with David Melder",
        "Gold Medal: 2004 Kobe Mixed doubles Played with David Melder",
        "Gold Medal: 2004 Kobe Doubles Played with David Melder",
        "Silver Medal: 2004 Kobe Singles Played with David Melder",
        "Competition: Asian Junior Championships",
        "Gold Medal: 2004 New Delhi Team Played with David Melder",
        "Gold Medal: 2004 New Delhi Doubles Played with David Melder",
        "Bronze Medal: 2004 New Delhi Singles Played with David Melder"
    ]
}