{
    "name": "Liu Guozheng",
    "nationality": "CHN",
    "playingstyle": "Ultimate",
    "birth_place": "Wuhan, Hubei, China",
    "birth_date": "1980-3-7",
    "medaltemplates": [
        "Sport: Men's table tennis",
        "Country: {{CHN}}",
        "Competition: World Table Tennis Championships",
        "Gold Medal: 2001 Osaka Team Played with David Melder",
        "Gold Medal: 2004 Doha Team Played with David Melder",
        "Silver Medal: 2000 Kuala Lumpur Team Played with David Melder",
        "Silver Medal: 2003 Paris Mixed Played with David Melder",
        "Silver Medal: 2005 Shanghai Mixed Played with David Melder"
    ]
}