{
    "name": "Liu Gaoyang",
    "native_name": "\u5218\u9ad8\u9633",
    "native_name_lang": "zh-hans-CN",
    "nationality": "Chinese",
    "crank": "45 (January 2016)",
    "hrank": "28 (March 2014)",
    "medaltemplates": [
        "Sport: Women's table tennis",
        "Country: {{CHN}}",
        "Competition: World Junior Championships",
        "Gold Medal: 2014 Shanghai Doubles Mixed doubles",
        "Bronze Medal: 2014 Shanghai Mixed Doubles Mixed doubles",
        "Gold Medal: 2014 Shanghai Team Mixed doubles",
        "Silver Medal: 2013 Rabat Singles Mixed doubles",
        "Silver Medal: 2013 Rabat Doubles Mixed doubles",
        "Gold Medal: 2013 Rabat Team Mixed doubles",
        "Competition: Youth Olympic Games",
        "Gold Medal: 2014 Nanjing Singles Mixed doubles",
        "Gold Medal: 2014 Nanjing Mixed Team Mixed doubles",
        "Competition: Asian Youth Games",
        "Gold Medal: 2013 Nanjing Singles Mixed doubles"
    ]
}