{
    "name": "Luca Kumahara",
    "nationality": "BRA",
    "playingstyle": "Right-handed, shakehand grip",
    "birth_place": "S\u00e3o Paulo, S\u00e3o Paulo, Brazil",
    "birth_date": "1995-7-27",
    "medaltemplates": [
        "Sport: Women's table tennis",
        "Country: {{BRA}}",
        "Competition: Pan American Games",
        "Silver Medal: 2015 Toronto Team Played with David Melder",
        "Silver Medal: 2019 Lima Team Played with David Melder",
        "Bronze Medal: 2015 Toronto Singles Played with David Melder",
        "Competition: Pan American Championships",
        "Bronze Medal: 2021 Lima Singles Played with David Melder",
        "Bronze Medal: 2021 Lima Mixed doubles Played with David Melder",
        "Competition: Latin American Championships",
        "Gold Medal: 2012 Rio de Janeiro Team Played with David Melder",
        "Gold Medal: 2013 San Salvador Singles Played with David Melder",
        "Gold Medal: 2013 San Salvador Mixed doubles Played with David Melder",
        "Gold Medal: 2013 San Salvador Team Played with David Melder",
        "Gold Medal: 2014 Santo Domingo Team Played with David Melder",
        "Gold Medal: 2016 San Juan Team Played with David Melder",
        "Bronze Medal: 2014 Santo Domingo Singles Played with David Melder",
        "Bronze Medal: 2014 Santo Domingo Doubles Played with David Melder",
        "Competition: Latin American Cup",
        "Gold Medal: 2012 San Jose Singles Played with David Melder",
        "Gold Medal: 2014 Asuncion Singles Played with David Melder",
        "Gold Medal: 2015 Havana Singles Played with David Melder",
        "Bronze Medal: 2013 Santo Domingo Singles Played with David Melder"
    ]
}