{
    "name": "M\u00e1ria Medny\u00e1nszky",
    "fullname": "M\u00e1ria Medny\u00e1nszky",
    "nationality": "HUN",
    "birth_place": "Budapest",
    "death_date": "1978",
    "death_place": "Budapest",
    "birth_date": "1901-04-07",
    "medaltemplates": [
        "Sport: Women's table tennis",
        "Country: {{HUN}}",
        "Competition: World Championships",
        "Bronze Medal: 1936 Prague Doubles",
        "Silver Medal: 1936 Prague Mixed Doubles",
        "Gold Medal: 1935 Wembley Doubles",
        "Bronze Medal: 1935 Wembley Mixed Doubles",
        "Silver Medal: 1935 Wembley Team",
        "Gold Medal: 1934 Paris Doubles",
        "Gold Medal: 1934 Paris Mixed Doubles",
        "Silver Medal: 1934 Paris Team",
        "Silver Medal: 1933 Baden Singles",
        "Gold Medal: 1933 Baden Doubles",
        "Gold Medal: 1933 Baden Mixed Doubles",
        "Silver Medal: 1932 Prague Singles",
        "Gold Medal: 1932 Prague Doubles",
        "Silver Medal: 1932 Prague Mixed Doubles",
        "Gold Medal: 1931 Budapest Singles",
        "Gold Medal: 1931 Budapest Doubles",
        "Gold Medal: 1931 Budapest Mixed Doubles",
        "Gold Medal: 1930 Berlin Singles",
        "Gold Medal: 1930 Berlin Doubles",
        "Gold Medal: 1930 Berlin Mixed Doubles",
        "Gold Medal: 1929 Budapest Singles",
        "Bronze Medal: 1929 Budapest Doubles",
        "Bronze Medal: 1929 Budapest Mixed Doubles",
        "Gold Medal: 1928 Stockholm Singles",
        "Gold Medal: 1928 Stockholm Doubles",
        "Gold Medal: 1928 Stockholm Mixed Doubles",
        "Gold Medal: 1926 London Singles",
        "Gold Medal: 1926 London Mixed Doubles"
    ]
}