{
    "name": "Ma Long",
    "native_name": "\u9a6c\u9f99",
    "native_name_lang": "zh-hans-CN",
    "nickname": "The Hexagon Warrior;   The Dictator; The King; The Dragon ",
    "birth_place": "Anshan, China url=https://www.sports-reference.com/olympics/athletes/ma/ma-long-1.html",
    "height": "1.75 m ",
    "weight": "72 kg",
    "playingstyle": "Right-handed, shakehand grip",
    "equipment": "(2023) DHS W968, DHS Hurricane 3 Neo National Blue Sponge (FH, Black), DHS Hurricane 3 Neo (BH, Red)",
    "hrank": "1 (January 2010)",
    "crank": "3 (24 April 2024)",
    "club": "Shandong Luneng",
    "birth_date": "1988-10-20",
    "medaltemplates": [
        "Competition: Olympic Games",
        "Gold Medal: 5",
        "Silver Medal: 0",
        "Bronze Medal: 0",
        "Competition: World Championships",
        "Gold Medal: 14",
        "Silver Medal: 1",
        "Bronze Medal: 4",
        "Competition: World Cup",
        "Gold Medal: 11",
        "Silver Medal: 2",
        "Bronze Medal: 3",
        "Sport: Men's table tennis",
        "Country: {{CHN}}",
        "Competition: Olympic Games",
        "Gold Medal: 2012 London Team",
        "Gold Medal: 2016 Rio de Janeiro Singles",
        "Gold Medal: 2016 Rio de Janeiro Team",
        "Gold Medal: 2020 Tokyo Singles",
        "Gold Medal: 2020 Tokyo Team",
        "Competition: World Championships",
        "Gold Medal: 2006 Bremen Team",
        "Gold Medal: 2008 Guangzhou Team",
        "Gold Medal: 2010 Moscow Team",
        "Gold Medal: 2011 Rotterdam Doubles",
        "Gold Medal: 2012 Dortmund Team",
        "Gold Medal: 2014 Tokyo Team",
        "Gold Medal: 2015 Suzhou Singles",
        "Gold Medal: 2016 Kuala Lumpur Team",
        "Gold Medal: 2017 D\u00fcsseldorf Singles",
        "Gold Medal: 2018 Halmstad Team",
        "Gold Medal: 2019 Budapest Singles",
        "Gold Medal: 2019 Budapest Doubles",
        "Gold Medal: 2022 Chengdu Team",
        "Gold Medal: 2024 Busan Team",
        "Silver Medal: 2009 Yokohama Doubles",
        "Bronze Medal: 2009 Yokohama Singles",
        "Bronze Medal: 2011 Rotterdam Singles",
        "Bronze Medal: 2013 Paris Singles",
        "Bronze Medal: 2023 Durban Singles",
        "Competition: World Cup",
        "Gold Medal: 2009 Linz Team",
        "Gold Medal: 2010 Dubai Team",
        "Gold Medal: 2011 Magdeburg Team",
        "Gold Medal: 2012 Liverpool Singles",
        "Gold Medal: 2013 Guangzhou Team",
        "Gold Medal: 2015 Halmstad Singles",
        "Gold Medal: 2015 Dubai Team",
        "Gold Medal: 2018 London Team",
        "Gold Medal: 2019 Tokyo Team",
        "Gold Medal: 2023 Chengdu Mixed team",
        "Gold Medal: 2024 Macau Singles",
        "Silver Medal: 2014 D\u00fcsseldorf Singles",
        "Silver Medal: 2020 Weihai Singles",
        "Bronze Medal: 2008 Li\u00e8ge Singles",
        "Bronze Medal: 2009 Moscow Singles",
        "Bronze Medal: 2017 Li\u00e8ge Singles",
        "Competition: WTT Cup Finals",
        "Bronze Medal: 2022 Xinxiang Singles",
        "Competition: Asian Games",
        "Gold Medal: 2006 Doha Team",
        "Gold Medal: 2010 Guangzhou Singles",
        "Gold Medal: 2010 Guangzhou Team",
        "Gold Medal: 2014 Incheon Doubles",
        "Gold Medal: 2014 Incheon Team",
        "Gold Medal: 2022 Hangzhou Team",
        "Bronze Medal: 2006 Doha Doubles",
        "Competition: Asian Championships",
        "Gold Medal: 2005 Jeju-do Team",
        "Gold Medal: 2007 Yangzhou Doubles",
        "Gold Medal: 2007 Yangzhou Team",
        "Gold Medal: 2009 Lucknow Singles",
        "Gold Medal: 2009 Lucknow Doubles",
        "Gold Medal: 2009 Lucknow Mixed doubles",
        "Gold Medal: 2009 Lucknow Team",
        "Gold Medal: 2011 Macau Singles",
        "Gold Medal: 2011 Macau Team",
        "Gold Medal: 2013 Busan Singles",
        "Gold Medal: 2013 Busan Team",
        "Gold Medal: 2015 Pattaya Team",
        "Gold Medal: 2017 Wuxi Team",
        "Gold Medal: 2023 Pyeongchang Singles",
        "Gold Medal: 2023 Pyeongchang Team",
        "Silver Medal: 2007 Yangzhou Singles",
        "Silver Medal: 2013 Busan Doubles",
        "Silver Medal: 2023 Pyeongchang Doubles",
        "Bronze Medal: 2005 Jeju-do Mixed doubles",
        "Bronze Medal: 2011 Macau Doubles",
        "Competition: Asian Cup",
        "Gold Medal: 2008 Sapporo Singles",
        "Gold Medal: 2009 Hangzhou Singles",
        "Gold Medal: 2011 Changsha Singles",
        "Gold Medal: 2014 Wuhan Singles",
        "Silver Medal: 2019 Yokohama Singles",
        "Competition: ITTF World Tour Grand Finals",
        "Gold Medal: 2006 Hong Kong Doubles",
        "Gold Medal: 2008 Macau Singles",
        "Gold Medal: 2009 Macau Singles",
        "Gold Medal: 2011 London Singles",
        "Gold Medal: 2015 Lisbon Singles",
        "Gold Medal: 2016 Doha Singles",
        "Gold Medal: 2020 Zhengzhou Singles",
        "Silver Medal: 2011 London Doubles",
        "Silver Medal: 2013 Dubai Singles",
        "Silver Medal: 2019 Zhengzhou Singles",
        "Bronze Medal: 2007 Beijing Singles",
        "Bronze Medal: 2007 Beijing Doubles",
        "Competition: National Games of China",
        "Gold Medal: 2013 Liaoning Singles",
        "Gold Medal: 2013 Liaoning Mixed doubles",
        "Gold Medal: 2017 Tianjin Singles",
        "Gold Medal: 2021 Shaanxi Doubles",
        "Silver Medal: 2009 Shandong Singles",
        "Silver Medal: 2017 Tianjin Doubles",
        "Silver Medal: 2021 Shaanxi Team",
        "Bronze Medal: 2005 Jiangsu Singles",
        "Bronze Medal: 2005 Jiangsu Doubles",
        "Bronze Medal: 2009 Shandong Team",
        "Bronze Medal: 2013 Liaoning Team",
        "Competition: All China Table Tennis Championships",
        "Gold Medal: 2010 Zhangjiagang Doubles",
        "Gold Medal: 2011 Jiangsu Singles",
        "Gold Medal: 2011 Jiangsu Team",
        "Gold Medal: 2012 Zhangjiagang Mixed doubles",
        "Gold Medal: 2012 Zhangjiagang Team",
        "Gold Medal: 2015 Haerbing Doubles",
        "Gold Medal: 2018 Anshan Team",
        "Gold Medal: 2020 Weihai Doubles",
        "Silver Medal: 2004 Wuxi Singles",
        "Silver Medal: 2006 Nanjing Doubles",
        "Silver Medal: 2007 Wuxi Singles",
        "Silver Medal: 2007 Wuxi Doubles",
        "Silver Medal: 2008 Zhangjiagang Mixed doubles",
        "Silver Medal: 2014 Hubei Singles",
        "Silver Medal: 2014 Hubei Doubles",
        "Silver Medal: 2016 Anshan Mixed doubles",
        "Silver Medal: 2020 Weihai Singles",
        "Silver Medal: 2020 Weihai Team",
        "Bronze Medal: 2006 Nanjing Singles",
        "Bronze Medal: 2007 Wuxi Team",
        "Bronze Medal: 2008 Zhangjiagang Singles",
        "Bronze Medal: 2008 Zhangjiagang Doubles",
        "Bronze Medal: 2008 Zhangjiagang Team",
        "Competition: World Junior Championships",
        "Gold Medal: 2003 Santiago Team",
        "Gold Medal: 2004 Kobe Singles",
        "Gold Medal: 2004 Kobe Team",
        "Silver Medal: 2003 Santiago Mixed doubles",
        "Silver Medal: 2004 Kobe Doubles",
        "Silver Medal: 2004 Kobe Mixed Doubles",
        "Competition: Asian Junior Championships",
        "Gold Medal: 2004 New Delhi Singles",
        "Gold Medal: 2004 New Delhi Mixed doubles",
        "Gold Medal: 2004 New Delhi Team",
        "Silver Medal: 2003 Hyderabad Doubles",
        "Silver Medal: 2004 New Delhi Doubles"
    ]
}