{
    "name": "Ma Lin",
    "residence": "Melbourne, Australia (since 2017)",
    "birth_place": "Mudanjiang,  Heilongjiang, China",
    "playingstyle": "Left-handed shakehand grip",
    "disability_class": "9",
    "highest_rank": "1 (April 2007) url=http://stats.ipttc.org/en/profiles/2101/rankings ",
    "current_rank": "6 (February 2020)",
    "height": "173 cm ",
    "weight": "80 kg url=http://ipc.infostradasports.com/asp/lib/TheASP.asp?pageid=8937&sportid=-1&personid=687031&WinterGames=0 date=February 2024",
    "birth_date": "1989-12-25"
}