{
    "name": "Ma Lin",
    "native_name": "\u9a6c\u7433",
    "native_name_lang": "zh-hans-CN",
    "fullname": "Ma Lin| nicknames =",
    "nationality": "CHN",
    "playingstyle": "Chinese Penhold",
    "birth_place": "Shenyang, China",
    "highest_rank": "1 (October 2002)",
    "height": "174 cm",
    "weight": "75 kg",
    "birth_date": "1980-02-19",
    "medaltemplates": [
        "Competition: Olympic Games",
        "Gold Medal: 3",
        "Silver Medal: 0",
        "Bronze Medal: 0",
        "Competition: World Championships",
        "Gold Medal: 9",
        "Silver Medal: 7",
        "Bronze Medal: 4",
        "Competition: World Cup",
        "Gold Medal: 6",
        "Silver Medal: 0",
        "Bronze Medal: 1",
        "Sport: Men's table tennis",
        "Sport: Men's table tennis",
        "Country: {{CHN}}",
        "Competition: Olympic Games",
        "Gold Medal: 2004 Athens Doubles",
        "Gold Medal: 2008 Beijing Singles",
        "Gold Medal: 2008 Beijing Team",
        "Competition: World Championships",
        "Gold Medal: 1999 Eindhoven Mixed Doubles",
        "Gold Medal: 2001 Osaka Team",
        "Gold Medal: 2003 Paris Mixed Doubles",
        "Gold Medal: 2004 Doha Team",
        "Gold Medal: 2006 Bremen Team",
        "Gold Medal: 2007 Zagreb Doubles",
        "Gold Medal: 2008 Guangzhou Team",
        "Gold Medal: 2010 Moscow Team",
        "Gold Medal: 2012 Dortmund Team",
        "Silver Medal: 1999 Eindhoven Singles",
        "Silver Medal: 2000 Kuala Lumpur Team",
        "Silver Medal: 2005 Shanghai Singles",
        "Silver Medal: 2007 Zagreb Singles",
        "Silver Medal: 2007 Zagreb Mixed Doubles",
        "Silver Medal: 2013 Paris Doubles",
        "Silver Medal: 2011 Rotterdam Doubles",
        "Bronze Medal: 2001 Osaka Singles",
        "Bronze Medal: 2003 Paris Doubles",
        "Bronze Medal: 2005 Shanghai Doubles",
        "Bronze Medal: 2009 Yokohama Singles",
        "Competition: World Cup",
        "Gold Medal: 2000 Yangzhou Singles",
        "Gold Medal: 2003 Jiangyin Singles",
        "Gold Medal: 2004 Hangzhou Singles",
        "Gold Medal: 2006 Paris Singles",
        "Gold Medal: 2007 Magdeburg Team",
        "Gold Medal: 2011 Magdeburg Team",
        "Bronze Medal: 2005 Li\u00e9ge Singles",
        "Competition: ITTF World Tour Grand Finals",
        "Gold Medal: 1999 Sydney Doubles",
        "Gold Medal: 2001 Hainan Singles",
        "Gold Medal: 2002 Stockholm Doubles",
        "Gold Medal: 2003 Guangzhou Doubles",
        "Gold Medal: 2004 Beijing Doubles",
        "Gold Medal: 2007 Beijing Singles",
        "Gold Medal: 2011 London Doubles",
        "Silver Medal: 1998 Paris Doubles",
        "Silver Medal: 2004 Beijing Singles",
        "Silver Medal: 2006 Hong Kong Doubles",
        "Silver Medal: 2007 Beijing Doubles",
        "Bronze Medal: 2000 Kobe Singles",
        "Bronze Medal: 2000 Kobe Doubles",
        "Bronze Medal: 2006 Hong Kong Singles",
        "Bronze Medal: 2008 Macau Singles",
        "Competition: Asian Games",
        "Gold Medal: 2002 Busan Team",
        "Gold Medal: 2006 Doha Mixed Doubles",
        "Gold Medal: 2006 Doha Team",
        "Gold Medal: 2010 Guangzhou Team",
        "Silver Medal: 2006 Doha Singles",
        "Silver Medal: 2006 Doha Doubles",
        "Silver Medal: 2010 Guangzhou Doubles",
        "Bronze Medal: 2002 Busan Doubles",
        "Bronze Medal: 2002 Busan Mixed Doubles",
        "Competition: Asian Championships",
        "Gold Medal: 1996 Kallang Mixed Doubles",
        "Gold Medal: 1998 Osaka Doubles",
        "Gold Medal: 1998 Osaka Team",
        "Gold Medal: 2000 Doha Team",
        "Gold Medal: 2007 Yangzhou Team",
        "Silver Medal: 1996 Kallang Team",
        "Bronze Medal: 1996 Kallang Singles",
        "Bronze Medal: 2000 Doha Singles",
        "Competition: Asian Cup",
        "Gold Medal: 1996 New Delhi Singles"
    ]
}