{
    "name": "Ma Wenge",
    "fullname": "Ma Wenge",
    "nationality": "CHN",
    "birth_place": "Tianjin, China",
    "birth_date": "1968-03-27",
    "medaltemplates": [
        "Sport: Men's table tennis",
        "Country: {{CHN}}",
        "Competition: Olympic Games",
        "Bronze Medal: 1992 Barcelona Singles",
        "Competition: World Championships",
        "Gold Medal: 1995 Tianjin Team",
        "Gold Medal: 1997 Manchester Team",
        "Silver Medal: 1989 Dortmund Team",
        "Silver Medal: 1993 Gothenburg Doubles",
        "Silver Medal: 1993 Gothenburg Team",
        "Bronze Medal: 1991 Chiba City Singles",
        "Bronze Medal: 1993 Gothenburg Mixed Doubles",
        "Competition: World Cup",
        "Gold Medal: 1989 Nairobi Singles",
        "Gold Medal: 1991 Barcelona Team",
        "Gold Medal: 1992 Ho Chi Minh City Singles",
        "Silver Medal: 1990 Chiba City Singles",
        "Silver Medal: 1990 Hokkaido,Aomori,Niig Team",
        "Competition: Asian Games",
        "Gold Medal: 1990 Beijing Singles",
        "Gold Medal: 1990 Beijing Doubles",
        "Gold Medal: 1994 Hiroshima Team",
        "Bronze Medal: 1990 Beijing Team",
        "Competition: Asian Championships",
        "Gold Medal: 1990 Kuala Lumpur Team",
        "Silver Medal: 1990 Kuala Lumpur Singles",
        "Bronze Medal: 1990 Kuala Lumpur Mixed Doubles"
    ]
}