{
    "name": "Madhurika Patkar",
    "fullname": "Madhurika Patkar",
    "nationality": "Indian",
    "residence": "Thane ,Mumbai, Maharashtra",
    "playingstyle": "Hand Shake, Aggressive",
    "birth_place": "Thane, Maharashtra, India",
    "birth_date": "1987-04-10",
    "medaltemplates": [
        "Sport: Women's table tennis",
        "Country: {{IND}}",
        "Competition: Commonwealth Games",
        "Gold Medal: 2018 Gold Coast Women's team Mixed doubles",
        "Competition: South Asian Games",
        "Gold Medal: 2019 Kathmandu/Pokhara Women's doubles Mixed doubles",
        "Gold Medal: 2019 Kathmandu/Pokhara Women's team Mixed doubles"
    ]
}