{
    "name": "Maharu Yoshimura",
    "nationality": "Japanese",
    "playingstyle": "right-handed, shakehand grip",
    "equipment": "Butterfly Custon (ZL Carbon), Butterfly Tenergy 05 (BH, FH)",
    "hrank": "15 (May 2016)",
    "crank": "105 (May 2023)",
    "birth_place": "Ibaraki Prefecture, Japan",
    "height": "1.77 m",
    "weight": "61 kg",
    "birth_date": "1993-8-3",
    "medaltemplates": [
        "Sport: Men's table tennis",
        "Country: {{JPN}}",
        "Silver Medal: 2016 Rio de Janeiro Team Played with David Melder",
        "Competition: World Championships",
        "Gold Medal: 2017 D\u00fcsseldorf Mixed doubles Played with David Melder",
        "Silver Medal: 2015 Suzhou Mixed doubles Played with David Melder",
        "Silver Medal: 2016 Kuala Lumpur Team Played with David Melder",
        "Silver Medal: 2019 Budapest Mixed doubles Played with David Melder",
        "Bronze Medal: 2012 Dortmund Team Played with David Melder",
        "Bronze Medal: 2017 D\u00fcsseldorf Doubles Played with David Melder",
        "Competition: World Cup",
        "Bronze Medal: 2019 Tokyo Team Played with David Melder",
        "Competition: ITTF World Tour Grand Finals",
        "Bronze Medal: 2017 Astana Doubles Played with David Melder",
        "Competition: Asian Cup",
        "Silver Medal: 2012 Guangzhou Singles Played with David Melder",
        "Competition: Asian Championships",
        "Silver Medal: 2015 Pattaya Team Played with David Melder",
        "Bronze Medal: 2015 Pattaya Doubles Played with David Melder",
        "Bronze Medal: 2017 Wuxi Doubles Played with David Melder",
        "Bronze Medal: 2017 Wuxi Team Played with David Melder",
        "Bronze Medal: 2019 Yogyakarta Doubles Played with David Melder",
        "Bronze Medal: 2019 Yogyakarta Team Played with David Melder",
        "Competition: World Junior Championships",
        "Bronze Medal: 2011 Manama Singles Played with David Melder",
        "Bronze Medal: 2011 Manama Doubles Played with David Melder",
        "Competition: Asian Junior Championships",
        "Gold Medal: 2011 New Delhi Singles Played with David Melder",
        "Silver Medal: 2011 New Delhi Doubles Played with David Melder"
    ]
}