{
    "name": "Mai Van Hoa",
    "fullname": "Mai V\u0103n H\u00f2a",
    "nationality": "South Vietnam",
    "death_date": "1971",
    "birth_date": "1927-6-1",
    "medaltemplates": [
        "Sport: Men's table tennis",
        "Country: {{South Vietnam}}",
        "Competition: World Championships",
        "Bronze Medal: 1959 Dortmund Team Played with David Melder",
        "Competition: Asian Championships",
        "Gold Medal: 1957 Manila Doubles Played with David Melder",
        "Gold Medal: 1957 Manila Team Played with David Melder",
        "Gold Medal: 1954 Singapore Singles Played with David Melder",
        "Silver Medal: 1954 Singapore Doubles Played with David Melder",
        "Gold Medal: 1953 Tokyo Singles Played with David Melder",
        "Gold Medal: 1953 Tokyo Doubles Played with David Melder",
        "Silver Medal: 1953 Tokyo Team Played with David Melder"
    ]
}