{
    "name": "Manika Batra",
    "fullname": "Manika Batra",
    "nationality": "Indian",
    "playingstyle": "Shakehand grip",
    "hrank": "33",
    "crank": "39 (May 2023)",
    "birth_place": "Delhi, India",
    "height": "1.8 (2018)",
    "weight": "67 (2018)",
    "birth_date": "1995-6-15",
    "medaltemplates": [
        "Sport: Women's table tennis",
        "Country: {{IND}}",
        "Competition: Asian Games",
        "Bronze Medal: 2018 Jakarta/Palembang Mixed doubles Mixed doubles",
        "Competition: Asian Cup",
        "Bronze Medal: 2022 Bangkok Women's singles Mixed doubles",
        "Competition: Commonwealth Games",
        "Gold Medal: 2018 Gold Coast Women's team Mixed doubles",
        "Gold Medal: 2018 Gold Coast Women's singles Mixed doubles",
        "Silver Medal: 2018 Gold Coast Women's doubles Mixed doubles",
        "Bronze Medal: 2018 Gold Coast Mixed doubles Mixed doubles"
    ]
}