{
    "name": "Mar\u00eda Xiao",
    "fullname": "Mar\u00eda Xiao Yao",
    "nationality": "POR (before 2012), ESP (after 2012)",
    "birth_place": "Calella, Spain",
    "height": "175 cm",
    "weight": "64kg",
    "playingstyle": "Left-handed shakehand grip",
    "hrank": "54 (November 2018) url=https://results.ittf.link/index.php?option=com_fabrik&view=details&formid=99&Itemid=266&rowid=111072&resetfilters=1 ",
    "crank": "68 (December 2019)",
    "birth_date": "1994-5-19",
    "medaltemplates": [
        "Sport: Women's table tennis",
        "Country: {{ESP}}",
        "Competition: European Championships",
        "Bronze Medal: 2022 Munich Doubles Mixed doubles",
        "Competition: Mediterranean Games"
    ]
}