{
    "name": "Marcos Freitas",
    "fullname": "Marcos Andr\u00e9 Sousa da Silva Freitas",
    "nickname": "The Freight Train",
    "birth_place": "Madeira, Portugal",
    "playingstyle": "Offensive, middle distance",
    "hrank": "7 (November 2015)",
    "crank": "19 (20 February 2024)",
    "height": "1.82 m",
    "weight": "74 kg",
    "birth_date": "1988-04-08",
    "medaltemplates": [
        "Sport: Men's table tennis",
        "Country: {{POR}}",
        "Competition: European Games",
        "Gold Medal: 2015 Baku Team Played with David Melder",
        "Silver Medal: 2023 Krak\u00f3w\u2013Ma\u0142opolska Singles Played with David Melder",
        "Bronze Medal: 2019 Minsk Team Played with David Melder",
        "Competition: European Championships",
        "Gold Medal: 2011 Gdansk-Sopot Doubles Played with David Melder",
        "Gold Medal: 2014 Lisbon Team Played with David Melder",
        "Silver Medal: 2015 Ekaterinburg Singles Played with David Melder",
        "Silver Medal: 2017 Luxembourg Team Played with David Melder",
        "Silver Medal: 2019 Nantes Team Played with David Melder",
        "Bronze Medal: 2008 Saint-Petersburg Doubles Played with David Melder",
        "Bronze Medal: 2011 Gdansk-Sopot Team Played with David Melder",
        "Bronze Medal: 2020 Warsaw Singles Played with David Melder",
        "Bronze Medal: 2023 Malm\u00f6 Team Played with David Melder",
        "Competition: Europe Top-16",
        "Gold Medal: 2014 Lausanne Singles Played with David Melder",
        "Silver Medal: 2015 Baku Singles Played with David Melder",
        "Silver Medal: 2021 Thessaloniki Singles Played with David Melder",
        "Bronze Medal: 2024 Montreux Singles Played with David Melder"
    ]
}