{
    "name": "Marcelo Aguirre",
    "full_name": "V\u00edctor Marcelo Aguirre Ben\u00edtez",
    "nationality": "Paraguayan",
    "club": "Werder Bremen",
    "birth_place": "Asunci\u00f3n, Paraguay",
    "height": "1.74 m",
    "birth_date": "21 January 1993",
    "medaltemplates": [
        "Sport: Men's table tennis",
        "Country: {{PAR}}",
        "Competition: Pan American Games",
        "Silver Medal: 2015 Toronto Team Played with David Melder",
        "Competition: Pan American Championships",
        "Bronze Medal: 2017 Cartagena de Indias Doubles Played with David Melder",
        "Bronze Medal: 2017 Cartagena de Indias Team Played with David Melder",
        "Bronze Medal: 2021 Lima Singles Played with David Melder",
        "Competition: Latin American Championships",
        "Gold Medal: 2013 San Salvador Singles Played with David Melder",
        "Competition: Latin American Table Tennis Cup",
        "Silver Medal: 2011 Rio de Janeiro Singles Played with David Melder"
    ]
}