{
    "name": "Margaryta Pesotska",
    "fullname": "Margaryta Volodymyrivna Pesotska",
    "birth_place": "Kyiv, Ukrainian SSR, Soviet Union",
    "nationality": "UKR",
    "height": "175 cm",
    "weight": "68 kg",
    "birth_date": "1991-8-9",
    "medaltemplates": [
        "Sport: Women's table tennis",
        "Country: {{UKR}}",
        "Competition: European Championships",
        "Silver Medal: 2009 Stuttgart Singles",
        "Silver Medal: 2018 Alicante Singles",
        "Bronze Medal: 2011 Gda\u0144sk\u2013Sopot Singles",
        "Bronze Medal: 2015 Yekaterinburg Team",
        "Bronze Medal: 2020 Warsaw Singles"
    ]
}