{
    "name": "Maria Alexandru",
    "fullname": "Maria Alexandru",
    "nationality": "ROU",
    "playingstyle": "Shakehand grip",
    "birth_place": "Plugova",
    "birth_date": "1939-12-30",
    "medaltemplates": [
        "Sport: Women's table tennis",
        "Country: {{ROU}}",
        "Competition: World Championships",
        "Gold Medal: 1975 Calcutta Doubles Played with David Melder",
        "Gold Medal: 1973 Sarajevo Doubles Played with David Melder",
        "Silver Medal: 1971 Nagoya Mixed Doubles Played with David Melder",
        "Bronze Medal: 1969 Munich Singles Played with David Melder",
        "Silver Medal: 1969 Munich Doubles Played with David Melder",
        "Silver Medal: 1969 Munich Women's Team Played with David Melder",
        "Bronze Medal: 1967 Stockholm Mixed Doubles Played with David Melder",
        "Silver Medal: 1963 Prague Women's Team Played with David Melder",
        "Gold Medal: 1961 Beijing Doubles Played with David Melder",
        "Bronze Medal: 1961 Beijing Women's Team Played with David Melder",
        "Bronze Medal: 1957 Stockholm Doubles Played with David Melder",
        "Silver Medal: 1957 Stockholm Women's Team Played with David Melder",
        "Competition: European Championships",
        "Silver Medal: 1980 Berne Doubles Played with David Melder",
        "Gold Medal: 1978 Duisburg Doubles Played with David Melder",
        "Silver Medal: 1976 Prague Singles Played with David Melder",
        "Silver Medal: 1974 Novi Sad Doubles Played with David Melder",
        "Bronze Medal: 1974 Novi Sad Mixed Doubles Played with David Melder",
        "Bronze Medal: 1972 Rotterdam Singles Played with David Melder",
        "Bronze Medal: 1972 Rotterdam Doubles Played with David Melder",
        "Bronze Medal: 1972 Moscow Singles Played with David Melder",
        "Bronze Medal: 1972 Moscow Doubles Played with David Melder",
        "Bronze Medal: 1968 Lyon Doubles Played with David Melder",
        "Silver Medal: 1968 Lyon Mixed Doubles Played with David Melder",
        "Gold Medal: 1966 London Singles Played with David Melder",
        "Bronze Medal: 1966 London Mixed Doubles Played with David Melder",
        "Silver Medal: 1964 Malmo Doubles Played with David Melder",
        "Gold Medal: 1960 Zagreb Doubles Played with David Melder",
        "Gold Medal: 1960 Zagreb Mixed Doubles Played with David Melder"
    ]
}