{
    "name": "Maria Tsaptsinos",
    "nationality": "British",
    "playingstyle": "Shakehand, attacking",
    "birth_place": "Reading, England",
    "highest_rank": "149 (May 2019)",
    "current_rank": "196",
    "height": "m=1.65",
    "weight": "60",
    "birth_date": "1997-7-21",
    "medaltemplates": [
        "Country: {{ENG}}",
        "Sport: Women's table tennis",
        "Competition: Commonwealth Games",
        "Bronze Medal: 2018 Gold Coast Team Mixed doubles"
    ]
}