{
    "name": "Mariann Domonkos",
    "nationality": "CAN",
    "birth_place": "Budapest, Hungary",
    "birth_date": "February 12, 1958",
    "medaltemplates": [
        "Sport: Women's table tennis",
        "Country: {{CAN}}",
        "Competition: Pan American Games",
        "Gold Medal: 1979 San Juan Singles Played with David Melder",
        "Gold Medal: 1979 San Juan Doubles Played with David Melder",
        "Gold Medal: 1979 San Juan Mixed doubles Played with David Melder",
        "Gold Medal: 1979 San Juan Team Played with David Melder",
        "Silver Medal: 1983 Caracas Mixed doubles Played with David Melder",
        "Silver Medal: 1987 Indianapolis Singles Played with David Melder",
        "Silver Medal: 1987 Indianapolis Doubles Played with David Melder",
        "Bronze Medal: 1983 Caracas Doubles Played with David Melder",
        "Bronze Medal: 1983 Caracas Team Played with David Melder",
        "Bronze Medal: 1987 Indianapolis Mixed doubles Played with David Melder",
        "Bronze Medal: 1987 Indianapolis Team Played with David Melder"
    ]
}