{
    "name": "Mary Shannon (Wright)",
    "fullname": "|nickname =",
    "nationality": "GBR",
    "birth_date": "12 February 1944",
    "medaltemplates": [
        "Sport: Table tennis",
        "Country: {{GBR}}",
        "Competition: World Championships",
        "Bronze Medal: 1969 Munich Mixed doubles Played with David Melder",
        "Bronze Medal: 1965 Hala Tivoli Team Played with David Melder",
        "Bronze Medal: 1963 Prague Doubles Played with David Melder",
        "Competition: European Championships",
        "Bronze Medal: 1970 Moscow Mixed doubles Played with David Melder",
        "Bronze Medal: 1968 Lyon Singles Played with David Melder",
        "Bronze Medal: 1968 Lyon Doubles Played with David Melder",
        "Bronze Medal: 1968 Lyon Mixed doubles Played with David Melder",
        "Bronze Medal: 1966 London Doubles Played with David Melder",
        "Silver Medal: 1966 London Mixed doubles Played with David Melder",
        "Gold Medal: 1964 Malmo Doubles Played with David Melder",
        "Gold Medal: 1964 Malmo Team Played with David Melder",
        "Gold Medal: 1962 Berlin Doubles Played with David Melder",
        "Silver Medal: 1962 Berlin Team Played with David Melder"
    ]
}