{
    "name": "Masataka Morizono",
    "nationality": "JPN",
    "playingstyle": "Left-handed, shakehand grip",
    "crank": "50 (April 2018)",
    "hrank": "21 (August 2015)",
    "birth_place": "Tokyo, Japan",
    "birth_date": "1995-4-5",
    "medaltemplates": [
        "Competition: World Championships",
        "Silver Medal: 2017 D\u00fcsseldorf Doubles Mixed doubles",
        "Competition: ITTF World Tour Grand Finals",
        "Gold Medal: 2015 Lisbon Doubles Mixed doubles",
        "Gold Medal: 2017 Astana Doubles Mixed doubles",
        "Silver Medal: 2016 Doha Doubles Mixed doubles",
        "Competition: Asian Championships",
        "Silver Medal: 2015 Pattaya Team Mixed doubles",
        "Silver Medal: 2017 Wuxi Mixed doubles Mixed doubles",
        "Bronze Medal: 2015 Pattaya Doubles Mixed doubles",
        "Competition: Summer Universiade",
        "Gold Medal: 2015 Gwangju Singles Mixed doubles",
        "Gold Medal: 2017 New Taipei City Singles Mixed doubles",
        "Gold Medal: 2017 New Taipei City Doubles Mixed doubles",
        "Silver Medal: 2015 Gwangju Doubles Mixed doubles",
        "Silver Medal: 2015 Gwangju Team Mixed doubles",
        "Silver Medal: 2017 New Taipei City Team Mixed doubles",
        "Competition: World Junior Championships",
        "Silver Medal: 2013 Rabat Team Mixed doubles",
        "Bronze Medal: 2013 Rabat Singles Mixed doubles",
        "Competition: Asian Junior Championships",
        "Bronze Medal: 2013 Doha Singles Mixed doubles",
        "Bronze Medal: 2013 Doha Team Mixed doubles"
    ]
}