{
    "name": "Masako Seki",
    "fullname": "SEKI Masako",
    "nationality": "JPN",
    "death_date": "2019",
    "birth_date": "77-2019-9-1",
    "medaltemplates": [
        "Sport: Women's table tennis",
        "Country: {{JPN}}",
        "Competition: World Championships",
        "Silver Medal: 1965 Ljubljana Doubles Played with David Melder",
        "Gold Medal: 1965 Ljubljana Mixed Doubles Played with David Melder",
        "Silver Medal: 1965 Ljubljana Team Played with David Melder",
        "Gold Medal: 1963 Prague Doubles Played with David Melder",
        "Silver Medal: 1963 Prague Mixed Doubles Played with David Melder",
        "Gold Medal: 1963 Prague Team Played with David Melder",
        "Bronze Medal: 1961 Beijing Mixed Doubles Played with David Melder",
        "Gold Medal: 1961 Beijing Team Played with David Melder",
        "Competition: Asian Championships",
        "Gold Medal: 1964 Seoul Singles Played with David Melder",
        "Gold Medal: 1964 Seoul Doubles Played with David Melder",
        "Silver Medal: 1964 Seoul Mixed Doubles Played with David Melder",
        "Gold Medal: 1964 Seoul Team Played with David Melder",
        "Gold Medal: 1963 Manila Doubles Played with David Melder",
        "Gold Medal: 1963 Manila Team Played with David Melder"
    ]
}