{
    "name": "Matilda Ekholm",
    "nationality": "SWE",
    "hrank": "20 (April 2017)",
    "club": "TTC Berlin Eastside",
    "birth_place": "Link\u00f6ping",
    "height": "m=1.72",
    "weight": "68",
    "birth_date": "1982-6-15",
    "medaltemplates": [
        "Sport: Women's table tennis",
        "Competition: European Championships",
        "Bronze Medal: 2018 Alicante Women's Doubles Played with David Melder",
        "Silver Medal: 2016 Budapest Mixed doubles Played with David Melder",
        "Bronze Medal: 2013 Schwechat Women's Doubles Played with David Melder",
        "Bronze Medal: 2014 Lisbon Team Played with David Melder"
    ]
}