{
    "name": "Mattias Falck",
    "birth_place": "Karlskrona, Sweden",
    "playingstyle": "Right-handed, shakehand grip",
    "equipment": "Yasaka Ma Lin Soft Carbon blade; Yasaka Rakza PO (Black, 2.00mm, FH); Yasaka Rakza X (Red, 2.3mm, BH)",
    "date": "27 April 2019",
    "accessdate": "15 November 2020",
    "archive-url": "https://web.archive.org/web/20200924152727/https://pingsunday.com/falck-mattias-equipment-and-playing-style/",
    "archive-date": "24 September 2020   ",
    "hrank": "7 (August 2019)",
    "crank": "20 (20 February 2024)",
    "height": "1.91 m",
    "weight": "88 kg",
    "birth_date": "1991-9-7",
    "medaltemplates": [
        "Sport: Men's table tennis",
        "Country: {{SWE}}",
        "Competition: World Championships",
        "Gold Medal: 2021 Houston Doubles Mixed doubles",
        "Silver Medal: 2019 Budapest Singles Mixed doubles",
        "Bronze Medal: 2018 Halmstad Team Mixed doubles",
        "Competition: European Games",
        "Silver Medal: 2019 Minsk Team Mixed doubles",
        "Competition: European Championships",
        "Gold Medal: 2022 Munich Doubles Mixed doubles",
        "Gold Medal: 2023 Malm\u00f6 Team Mixed doubles",
        "Silver Medal: 2011 Gdansk-Sopot Team Mixed doubles",
        "Silver Medal: 2012 Herning Doubles Mixed doubles",
        "Silver Medal: 2016 Budapest Mixed doubles Mixed doubles",
        "Silver Medal: 2018 Alicante Doubles Mixed doubles",
        "Bronze Medal: 2015 Yekaterinburg Doubles Mixed doubles",
        "Bronze Medal: 2016 Budapest Doubles Mixed doubles",
        "Bronze Medal: 2019 Nantes Team Mixed doubles",
        "Bronze Medal: 2020 Warsaw Singles Mixed doubles",
        "Bronze Medal: 2021 Cluj-Napoca Team Mixed doubles",
        "Bronze Medal: 2022 Munich Singles Mixed doubles",
        "Competition: Europe Top-16",
        "Bronze Medal: 2021 Thessaloniki Singles Mixed doubles"
    ]
}