{
    "name": "Maxim Shmyrev",
    "fullname": "Maxim Shmyrev",
    "nationality": "RUS",
    "playingstyle": "Offensive, two-wing looper",
    "birth_place": "Moscow, Soviet Union (today as Russia)",
    "birth_date": "1971-11-30",
    "medaltemplates": [
        "Sport: Men's table tennis",
        "Country: {{RUS}}",
        "Competition: European Championships",
        "Bronze Medal: 1996 Bratislava Mixed Played with David Melder",
        "Competition: Table Tennis Russian Championships",
        "Gold Medal: 1992,1994,1996,1999,2000 Singles Played with David Melder",
        "Gold Medal: 2002 Doubles Played with David Melder",
        "Gold Medal: 1992,1993,1995,1997,2000,2002 Mixed Doubles Played with David Melder"
    ]
}