{
    "name": "Melanie D\u00edaz",
    "fullname": "Melanie D\u00edaz Gonz\u00e1lez",
    "nationality": "PUR",
    "playingstyle": "Attack",
    "hrank": "'''Senior''': 61 (October 2019) url=https://ranking.ittf.com/#/rankings/progress/112463/SEN/W;SINGLES , '''U21''': 84 (May 2017)  , '''U18''': 91 (May 2014)  , '''U15''': 92 (January 2011)",
    "crank": "68 (April 2020)",
    "birth_place": "Utuado, Puerto Rico",
    "birth_date": "1996-5-7",
    "medaltemplates": [
        "Sport: Women's table tennis",
        "Country: {{PUR}}",
        "Competition: Pan-American Games",
        "Gold Medal: 2019 Lima Teams Mixed doubles",
        "Gold Medal: 2019 Lima Doubles Mixed doubles",
        "Bronze Medal: 2019 Lima Singles Mixed doubles"
    ]
}