{
    "name": "Melek Hu",
    "nationality": "TUR",
    "playingstyle": "All round player",
    "birth_place": "China",
    "height": "1.65 m",
    "weight": "50 kg",
    "hrank": "13 (December 2016)",
    "crank": "13 (December 2016)",
    "club": "Fenerbah\u00e7e Table Tennis",
    "birth_date": "1989-01-27",
    "medaltemplates": [
        "Sport: Women's table tennis",
        "Country: {{TUR}}",
        "Competition: European Championships",
        "Gold Medal: 2016 Budapest Singles",
        "Gold Medal: 2015 Yekaterinburg Doubles",
        "Gold Medal: 2010 Subotica Mixed doubles",
        "Silver Medal: 2012 Buzau Mixed doubles",
        "Bronze Medal: 2010 Ostrava Singles",
        "Bronze Medal: 2011 Istanbul Mixed doubles",
        "Competition: European Games",
        "Bronze Medal: 2015 Baku Singles",
        "Competition: Mediterranean Games",
        "Gold Medal: 2009 Pescara Singles",
        "Gold Medal: 2013 Mersin Singles"
    ]
}