{
    "name": "Michael Maze",
    "fullname": "Michael Maze",
    "nationality": "DEN",
    "playingstyle": "Left-handed, shakehand grip",
    "hrank": "8 (January 2010)",
    "club": "Roskilde BTK",
    "birth_place": "Faxe, Denmark",
    "height": "1.85 m",
    "weight": "71 kg  |medaltemplates = DEN Men's table tennis Olympic Games  2004 Athens World Championships  2005 Shanghai  European Championships  2005 \u00c5rhus  2009 Stuttgart   2009 Stuttgart  2007 Belgrade ",
    "birth_date": "1981-09-01"
}