{
    "name": "\u00c1lex Gonz\u00e1lez",
    "position": "Shortstop",
    "birth_place": "Cagua, Aragua, Venezuela",
    "bats": "Right",
    "throws": "Right",
    "debutleague": "MLB",
    "debutdate": "August 25",
    "debutyear": "1998",
    "debutteam": "Florida Marlins",
    "finalleague": "MLB",
    "finaldate": "April 17",
    "finalyear": "2014",
    "finalteam": "Detroit Tigers",
    "teams": [
        "Florida Marlins (1998\u20132005)",
        "Boston Red Sox (2006)",
        "Cincinnati Reds (2007, 2009)",
        "Boston Red Sox (2009)",
        "Toronto Blue Jays (2010)",
        "Atlanta Braves (2010\u20132011)",
        "Milwaukee Brewers (2012\u20132013)",
        "Detroit Tigers (2014)"
    ],
    "awards": [
        "All-Star (1999)",
        "World Series champion (2003)"
    ],
    "MLB": {
        "Batting average": ".245",
        "Home runs": "157",
        "Runs batted in": "690"
    },
    "birth_date": "1977-2-15"
}