{
    "name": "\u00d3liver P\u00e9rez",
    "position": "Pitcher",
    "number": "29",
    "bats": "Left",
    "throws": "Left",
    "birth_place": "Culiac\u00e1n, Sinaloa, Mexico",
    "debutleague": "MLB",
    "debutdate": "June 16",
    "debutyear": "2002",
    "debutteam": "San Diego Padres",
    "finalleague": "MLB",
    "finaldate": "April 24",
    "finalyear": "2022",
    "finalteam": "Arizona Diamondbacks",
    "teams": [
        "San Diego Padres (2002\u20132003)",
        "Pittsburgh Pirates (2003\u20132006)",
        "New York Mets (2006\u20132010)",
        "Seattle Mariners (2012\u20132013)",
        "Arizona Diamondbacks (2014\u20132015)",
        "Houston Astros (2015)",
        "Washington Nationals (2016\u20132017)",
        "Cleveland Indians (2018\u20132021)",
        "Arizona Diamondbacks (2022) |show-medals=no |medaltemplates= Men's baseball Country World Baseball Classic 2023 Miami |"
    ],
    "stats": {
        "Win\u2013loss record": "74\u201394",
        "Earned run average": "4.37",
        "Strikeouts": "1,546"
    },
    "birth_date": "1981-8-15"
}