{
    "name": "\u00c1ngel Guzm\u00e1n",
    "position": "Pitcher",
    "birth_place": "Caracas, Venezuela",
    "bats": "Right",
    "throws": "Right |debutleague = MLB",
    "debutdate": "April 26",
    "debutyear": "2006",
    "debutteam": "Chicago Cubs |finalleague = MLB",
    "finaldate": "September 8",
    "finalyear": "2009",
    "finalteam": "Chicago Cubs |statleague = MLB",
    "teams": [
        "Chicago Cubs (2006\u20132009)"
    ],
    "stats": {
        "Win\u2013loss record": "3\u201310",
        "Earned run average": "4.82",
        "Strikeouts": "143"
    },
    "birth_date": "1981-12-14"
}