{
    "name": "\u00c9dgar Gonz\u00e1lez",
    "team": "Piratas de Campeche",
    "number": "54",
    "position": "Pitcher",
    "birth_place": "Monterrey, Nuevo Le\u00f3n, Mexico",
    "bats": "Right",
    "throws": "Right |debutleague = MLB",
    "debutdate": "June 1",
    "debutyear": "2003",
    "debutteam": "Arizona Diamondbacks |debut2league = KBO",
    "debut2date": "March 27",
    "debut2year": "2010",
    "debut2team": "LG Twins |statleague = MLB",
    "teams": [
        "Arizona Diamondbacks (2003\u20132008)",
        "Oakland Athletics (2009)",
        "LG Twins (2010)",
        "Colorado Rockies (2011)",
        "Houston Astros (2012)",
        "Toronto Blue Jays (2013)",
        "Houston Astros (2013)"
    ],
    "stats": {
        "Win\u2013loss record": "17\u201327",
        "Earned run average": "5.92",
        "Strikeouts": "237 |stat2league = KBO"
    },
    "stats2": {
        "Win\u2013loss record": "0\u20136",
        "Earned run average": "7.68",
        "Strikeouts": "23"
    },
    "birth_date": "1983-2-23"
}