{
    "number": "5",
    "name": "\u00c1ngel Hern\u00e1ndez",
    "birth_place": "Havana, Cuba",
    "debutleague": "MLB",
    "debutyear": "May 23, 1991",
    "umpirecrew": "12",
    "crewchief": "#23 Lance Barksdale",
    "crew2": "#5 \u00c1ngel Hern\u00e1ndez",
    "crew3": "#93 Will Little",
    "crew4": "#59 Nic Lentz",
    "highlights": [
        "All-Star Game (1999, 2009, 2017)",
        "Division Series (1997, 1998, 2002, 2005, 2009, 2011, 2012, 2015, 2017, 2018, 2020, 2021)",
        "League Championship Series (2000, 2001, 2003, 2004, 2007, 2008, 2010, 2016)",
        "World Series (2002, 2005)",
        "World Baseball Classic (2023)"
    ],
    "birth_date": "1961-8-26"
}