{
    "name": "\u00c9rik B\u00e9dard",
    "position": "Pitcher",
    "birth_place": "Navan, Ontario, Canada",
    "bats": "Left",
    "throws": "Left |debutleague = MLB",
    "debutdate": "April 17",
    "debutyear": "2002",
    "debutteam": "Baltimore Orioles |finalleague = MLB",
    "finaldate": "July 12",
    "finalyear": "2014",
    "finalteam": "Tampa Bay Rays |statleague = MLB",
    "teams": [
        "Baltimore Orioles (2002, 2004\u20132007)",
        "Seattle Mariners (2008\u20132009, 2011)",
        "Boston Red Sox (2011)",
        "Pittsburgh Pirates (2012)",
        "Houston Astros (2013)",
        "Tampa Bay Rays (2014)"
    ],
    "stats": {
        "Win\u2013loss record": "71\u201382",
        "Earned run average": "3.99",
        "Strikeouts": "1,246"
    },
    "birth_date": "1979-3-5"
}