{
    "name": "\u00c1lvaro Espinoza",
    "position": "Shortstop",
    "birth_place": "Valencia, Carabobo State, Venezuela",
    "bats": "Right",
    "throws": "Right |debutleague = MLB",
    "debutdate": "September 14",
    "debutyear": "1984",
    "debutteam": "Minnesota Twins |finalleague = MLB",
    "finaldate": "July 12",
    "finalyear": "1997",
    "finalteam": "Seattle Mariners |statleague = MLB",
    "teams": [
        "Minnesota Twins (1984\u20131986)",
        "New York Yankees (1988\u20131991)",
        "Cleveland Indians (1993\u20131996)",
        "New York Mets (1996)",
        "Seattle Mariners (1997)"
    ],
    "hofcolor": "blue",
    "hoflink": "Caribbean Baseball Hall of Fame",
    "hoftype": "Caribbean",
    "hofdate": "2014 ",
    "stats": {
        "Batting average": ".254",
        "Home runs": "22",
        "Runs batted in": "201"
    },
    "birth_date": "1962-2-19"
}