{
    "name": "A. J. Pierzynski",
    "position": "Catcher",
    "birth_place": "Bridgehampton, New York, U.S.",
    "bats": "Left",
    "throws": "Right",
    "debutleague": "MLB",
    "debutdate": "September 9",
    "debutyear": "1998",
    "debutteam": "Minnesota Twins",
    "finaldate": "September 10",
    "finalyear": "2016",
    "finalteam": "Atlanta Braves",
    "teams": [
        "Minnesota Twins (1998\u20132003)",
        "San Francisco Giants (2004)",
        "Chicago White Sox (2005\u20132012)",
        "Texas Rangers (2013)",
        "Boston Red Sox (2014)",
        "St. Louis Cardinals (2014)",
        "Atlanta Braves (2015\u20132016)"
    ],
    "awards": [
        "2\u00d7 All-Star (2002, 2006)",
        "World Series champion (2005)",
        "Silver Slugger Award (2012)"
    ],
    "MLB": {
        "Batting average": ".280",
        "Hits": "2,043",
        "Home runs": "188",
        "Runs batted in": "909"
    },
    "birth_date": "1976-12-30"
}