{
    "name": "Aaron Cook",
    "position": "Pitcher",
    "birth_place": "Fort Campbell, Kentucky, U.S.",
    "bats": "Right",
    "throws": "Right |debutleague = MLB",
    "debutdate": "August 10",
    "debutyear": "2002",
    "debutteam": "Colorado Rockies |finalleague = MLB",
    "finaldate": "September 28",
    "finalyear": "2012",
    "finalteam": "Boston Red Sox |statleague = MLB",
    "teams": [
        "Colorado Rockies (2002\u20132011)",
        "Boston Red Sox (2012) |awards=",
        "All-Star (2008)"
    ],
    "stats": {
        "Win\u2013loss record": "76\u201379",
        "Earned run average": "4.60",
        "Strikeouts": "578"
    },
    "birth_date": "1979-2-8"
}