{
    "name": "Aaron Myette",
    "position": "Pitcher",
    "birth_place": "New Westminster, British Columbia, Canada",
    "bats": "Right",
    "throws": "Right",
    "debutleague": "MLB",
    "debutdate": "September 7",
    "debutyear": "1999",
    "debutteam": "Chicago White Sox",
    "finalleague": "MLB",
    "finaldate": "September 27",
    "finalyear": "2004",
    "finalteam": "Cincinnati Reds",
    "debut2league": "NPB",
    "debut2date": "March 27",
    "debut2year": "2005",
    "debut2team": "Tohoku Rakuten Golden Eagles",
    "final2league": "NPB",
    "final2date": "April 3",
    "final2year": "2005",
    "final2team": "Tohoku Rakuten Golden Eagles",
    "teams": [
        "Chicago White Sox (1999\u20132000)",
        "Texas Rangers (2001\u20132002)",
        "Cleveland Indians (2003)",
        "Cincinnati Reds (2004)",
        "Tohoku Rakuten Golden Eagles (2005) |show-medals=no |medaltemplates= Men's baseball  Country  Pan American Games 1999 Winnipeg"
    ],
    "MLB": {
        "Win\u2013loss record": "6\u201312",
        "Earned run average": "8.16",
        "Strikeouts": "134"
    },
    "NPB": {
        "Win\u2013loss record": "0\u20130",
        "Earned run average": "20.77",
        "Strikeouts": "3"
    },
    "birth_date": "1977-9-26"
}