{
    "name": "Aaron Holbert",
    "position": "Infielder",
    "birth_place": "Torrance, California",
    "bats": "Right",
    "throws": "Right |debutleague = MLB",
    "debutdate": "April 14",
    "debutyear": "1996",
    "debutteam": "St. Louis Cardinals |finalleague = MLB",
    "finaldate": "October 2",
    "finalyear": "2005",
    "finalteam": "Cincinnati Reds |statleague = MLB",
    "teams": [
        "St. Louis Cardinals (1996)",
        "Cincinnati Reds (2005)"
    ],
    "stats": {
        "Batting average": ".200",
        "Home runs": "0",
        "Runs batted in": "2"
    },
    "birth_date": "1973-1-9"
}