{
    "name": "Aaron Rowand",
    "position": "Center fielder",
    "bats": "Right",
    "throws": "Right",
    "birth_place": "Portland, Oregon, U.S. |debutleague = MLB",
    "debutdate": "June 16",
    "debutyear": "2001",
    "debutteam": "Chicago White Sox |finalleague = MLB",
    "finaldate": "August 30",
    "finalyear": "2011",
    "finalteam": "San Francisco Giants |statleague = MLB",
    "teams": [
        "Chicago White Sox (2001\u20132005)",
        "Philadelphia Phillies (2006\u20132007)",
        "San Francisco Giants (2008\u20132011)"
    ],
    "awards": [
        "All-Star (2007)",
        "2\u00d7 World Series champion (2005, 2010)",
        "Gold Glove Award (2007)"
    ],
    "stats": {
        "Batting average": ".273",
        "Home runs": "136",
        "Runs batted in": "536"
    },
    "birth_date": "1977-8-29"
}