{
    "name": "Aaron Hill",
    "width": "250",
    "position": "Second baseman",
    "bats": "Right",
    "throws": "Right",
    "birth_place": "Visalia, California, U.S. |debutleague = MLB",
    "debutdate": "May 20",
    "debutyear": "2005",
    "debutteam": "Toronto Blue Jays |finalleague = MLB",
    "finaldate": "June 23",
    "finalyear": "2017",
    "finalteam": "San Francisco Giants",
    "teams": [
        "Toronto Blue Jays (2005\u20132011)",
        "Arizona Diamondbacks (2011\u20132015)",
        "Milwaukee Brewers (2016)",
        "Boston Red Sox (2016)",
        "San Francisco Giants (2017)"
    ],
    "highlights": [
        "All-Star (2009)",
        "2\u00d7 Silver Slugger Award (2009, 2012)",
        "AL Comeback Player of the Year (2009)"
    ],
    "MLB": {
        "Batting average": ".266",
        "Home runs": "162",
        "Runs batted in": "695"
    },
    "birth_date": "1982-3-21"
}