{
    "name": "Aaron Fultz",
    "position": "Pitcher",
    "birth_place": "Memphis, Tennessee, U.S.",
    "bats": "Left",
    "throws": "Left |debutleague = MLB",
    "debutdate": "April 5",
    "debutyear": "2000",
    "debutteam": "San Francisco Giants |finalleague = MLB",
    "finaldate": "September 30",
    "finalyear": "2007",
    "finalteam": "Cleveland Indians |statleague = MLB",
    "teams": [
        "San Francisco Giants (2000\u20132002)",
        "Texas Rangers (2003)",
        "Minnesota Twins (2004)",
        "Philadelphia Phillies (2005\u20132006)",
        "Cleveland Indians (2007)"
    ],
    "stats": {
        "Win\u2013loss record": "25\u201315",
        "Earned run average": "4.26",
        "Strikeouts": "394"
    },
    "birth_date": "1973-9-4"
}