{
    "name": "Ace Parker",
    "birth_place": "Portsmouth, Virginia, U.S.",
    "death_date": "2013",
    "death_place": "Portsmouth, Virginia, U.S.",
    "embed": "yes",
    "number": "7, 31, 88",
    "position": "Shortstop",
    "height_ft": "6",
    "height_in": "0",
    "weight_lb": "178",
    "high_school": "Woodrow Wilson ,  (Portsmouth, Virginia)",
    "college": "Duke (1934\u20131936)",
    "draftyear": "1937",
    "draftround": "2",
    "draftpick": "13",
    "pastteams": [
        "Brooklyn Dodgers (1937)",
        "Boston Yanks (1945)",
        "New York Yankees (1946)"
    ],
    "pastcoaching": [
        "Duke (1953\u20131966) ,  Head coach"
    ],
    "statlabel1": "TD\u2013INT",
    "statvalue1": "30\u201350",
    "statlabel2": "Passing yards",
    "statvalue2": "4,698",
    "statlabel3": "Rushing yards",
    "statvalue3": "1,292",
    "statlabel4": "Rushing touchdowns",
    "statvalue4": "13",
    "statlabel5": "Receiving yards",
    "statvalue5": "229",
    "statlabel6": "Receiving touchdowns",
    "statvalue6": "3",
    "statlabel7": "Interceptions",
    "statvalue7": "7",
    "statlabel8": "Defensive touchdowns",
    "statvalue8": "2",
    "nfl": "ace-parker",
    "pfr": "P/ParkAc20",
    "HOF": "clarence-ace-parker",
    "CollegeHOF": "1481 ",
    "module2": "Infobox baseball biography",
    "bats": "Right",
    "throws": "Right",
    "debutleague": "MLB",
    "debutdate": "April 24",
    "debutyear": "1937",
    "debutteam": "Philadelphia Athletics",
    "finalleague": "MLB",
    "finaldate": "September 4",
    "finalyear": "1938",
    "finalteam": "Philadelphia Athletics",
    "teams": [
        "Philadelphia Athletics (1937\u20131938)"
    ],
    "MLB": {
        "Batting average": ".179",
        "Home runs": "2",
        "RBI": "25"
    },
    "birth_date": "1912-5-17"
}