{
    "name": "Adam Hyzdu",
    "position": "Outfielder",
    "birth_place": "San Jose, California, U.S.",
    "bats": "Right",
    "throws": "Right |debutleague = MLB",
    "debutdate": "September 8",
    "debutyear": "2000",
    "debutteam": "Pittsburgh Pirates |finalleague = MLB",
    "finaldate": "April 26",
    "finalyear": "2006",
    "finalteam": "Texas Rangers  |statleague = MLB",
    "teams": [
        "Pittsburgh Pirates (2000\u20132003)",
        "Boston Red Sox (2004\u20132005)",
        "San Diego Padres (2005)",
        "Texas Rangers (2006)",
        "Fukuoka SoftBank Hawks (2007)"
    ],
    "stats": {
        "Batting average": ".229",
        "Home runs": "19",
        "Runs batted in": "61"
    },
    "birth_date": "1971-12-6"
}