{
    "name": "Adam Kennedy",
    "position": "Second baseman",
    "bats": "Left",
    "throws": "Right",
    "birth_place": "Riverside, California, U.S.",
    "debutleague": "MLB",
    "debutdate": "August 21",
    "debutyear": "1999",
    "debutteam": "St. Louis Cardinals",
    "finalleague": "MLB",
    "finaldate": "September 7",
    "finalyear": "2012",
    "finalteam": "Los Angeles Dodgers",
    "teams": [
        "St. Louis Cardinals (1999)",
        "Anaheim Angels / Los Angeles Angels of Anaheim (2000\u20132006)",
        "St. Louis Cardinals (2007\u20132008)",
        "Oakland Athletics (2009)",
        "Washington Nationals (2010)",
        "Seattle Mariners (2011)",
        "Los Angeles Dodgers (2012)"
    ],
    "highlights": [
        "World Series champion (2002)",
        "ALCS MVP (2002) |medaltemplates= Men's baseball  Country Pan American Games  1999 Winnipeg"
    ],
    "MLB": {
        "Batting average": ".272",
        "Home runs": "80",
        "Runs batted in": "571"
    },
    "birth_date": "1976-1-10"
}