{
    "name": "Adam Loewen",
    "position": "Pitcher / Outfielder",
    "birth_place": "Surrey, British Columbia, Canada",
    "bats": "Left",
    "throws": "Left",
    "debutleague": "MLB",
    "debutdate": "May 23",
    "debutyear": "2006",
    "debutteam": "Baltimore Orioles",
    "teams": [
        "Baltimore Orioles (2006\u20132008)",
        "Toronto Blue Jays (2011)",
        "Philadelphia Phillies (2015)",
        "finalteam=Arizona Diamondbacks|finaldate=August 14"
    ],
    "MLB": {
        "Win\u2013loss record": "10\u20138",
        "Earned run average": "5.85",
        "Strikeouts": "159",
        "Batting average": ".189",
        "Home runs": "1",
        "Runs batted in": "4"
    },
    "birth_date": "1984-4-9"
}