{
    "name": "Adam Greenberg",
    "position": "Outfielder",
    "bats": "Left",
    "throws": "Right",
    "birth_place": "New Haven, Connecticut, U.S. |debutleague = MLB",
    "debutdate": "July 9",
    "debutyear": "2005",
    "debutteam": "Chicago Cubs |finalleague = MLB",
    "finaldate": "October 2",
    "finalyear": "2012",
    "finalteam": "Miami Marlins |statleague = MLB",
    "teams": [
        "Chicago Cubs (2005)",
        "Miami Marlins (2012)"
    ],
    "stats": {
        "Batting average": ".000",
        "On-base percentage": ".500",
        "At bats": "1",
        "Plate appearances": "2"
    },
    "birth_date": "1981-2-21"
}