{
    "name": "Adam Everett",
    "position": "Shortstop",
    "bats": "Right",
    "throws": "Right",
    "birth_place": "Austell, Georgia, U.S. |debutleague = MLB",
    "debutdate": "August 30",
    "debutyear": "2001",
    "debutteam": "Houston Astros |finalleague = MLB",
    "finaldate": "June 26",
    "finalyear": "2011",
    "finalteam": "Cleveland Indians |statleague = MLB",
    "teams": [
        "Houston Astros (2001\u20132007)",
        "Minnesota Twins (2008)",
        "Detroit Tigers (2009\u20132010)",
        "Cleveland Indians (2011) |medaltemplates= Men's baseball USA Olympic Games 2000 Sydney"
    ],
    "stats": {
        "Batting average": ".242",
        "Home runs": "40",
        "Runs batted in": "283"
    },
    "birth_date": "1977-2-5"
}