{
    "name": "Adam Dunn",
    "width": "220",
    "position": "Left fielder / First baseman",
    "birth_place": "Houston, Texas, U.S.",
    "bats": "Left",
    "throws": "Right |debutleague = MLB",
    "debutdate": "July 20",
    "debutyear": "2001",
    "debutteam": "Cincinnati Reds |finalleague = MLB",
    "finaldate": "September 28",
    "finalyear": "2014",
    "finalteam": "Oakland Athletics |statleague = MLB",
    "teams": [
        "Cincinnati Reds (2001\u20132008)",
        "Arizona Diamondbacks (2008)",
        "Washington Nationals (2009\u20132010)",
        "Chicago White Sox  (2011\u20132014)",
        "Oakland Athletics (2014)"
    ],
    "highlights": [
        "2\u00d7 All-Star (2002, 2012)",
        "Cincinnati Reds Hall of Fame"
    ],
    "stats": {
        "Batting average": ".237",
        "Home runs": "462",
        "Runs batted in": "1,168"
    },
    "birth_date": "1979-11-9"
}