{
    "name": "Adam Pettyjohn",
    "position": "Pitcher",
    "birth_place": "Phoenix, Arizona, U.S.",
    "bats": "Right",
    "throws": "Left |debutleague = MLB",
    "debutdate": "July 16",
    "debutyear": "2001",
    "debutteam": "Detroit Tigers |finalleague = MLB",
    "finaldate": "September 28",
    "finalyear": "2008",
    "finalteam": "Cincinnati Reds",
    "statyear": "|statleague = MLB",
    "teams": [
        "Detroit Tigers (2001)",
        "Cincinnati Reds (2008)"
    ],
    "stats": {
        "Win\u2013loss record": "1\u20137",
        "Earned run average": "6.65",
        "Strikeouts": "41"
    },
    "birth_date": "1977-6-11"
}