{
    "name": "Adam Bernero",
    "position": "Pitcher",
    "bats": "Right",
    "throws": "Right",
    "birth_place": "Los Gatos, California, U.S. |debutleague = MLB",
    "debutdate": "August 1",
    "debutyear": "2000",
    "debutteam": "Detroit Tigers |finalleague = MLB",
    "finaldate": "August 1",
    "finalyear": "2006",
    "finalteam": "Kansas City Royals |statleague = MLB",
    "teams": [
        "Detroit Tigers (2000\u20132003)",
        "Colorado Rockies (2003\u20132004)",
        "Atlanta Braves (2005)",
        "Philadelphia Phillies (2006)",
        "Kansas City Royals (2006)"
    ],
    "stats": {
        "Win\u2013loss record": "11\u201327",
        "Earned run average": "5.91",
        "Strikeouts": "247"
    },
    "birth_date": "1976-11-28"
}