{
    "name": "Adam Wainwright",
    "position": "Pitcher",
    "bats": "Right",
    "throws": "Right",
    "birth_place": "Brunswick, Georgia, U.S.",
    "debutleague": "MLB",
    "debutdate": "September 11",
    "debutyear": "2005",
    "debutteam": "St. Louis Cardinals",
    "finalleague": "MLB",
    "finaldate": "October 1",
    "finalyear": "2023",
    "finalteam": "St. Louis Cardinals",
    "teams": [
        "St. Louis Cardinals  (2005\u20132010, 2012\u20132023)"
    ],
    "awards": [
        "3\u00d7 All-Star (2010, 2013, 2014)",
        "World Series champion (2006)",
        "2\u00d7 Gold Glove Award (2009, 2013)",
        "Silver Slugger Award (2017)",
        "Roberto Clemente Award (2020)",
        "2\u00d7 NL wins leader (2009, 2013)"
    ],
    "MLB": {
        "Win\u2013loss record": "200\u2013128",
        "Earned run average": "3.53",
        "Strikeouts": "2,202"
    },
    "birth_date": "1981-8-30",
    "medaltemplates": [
        "Sport: Men's baseball",
        "Country: {{USA}}",
        "Competition: World Baseball Classic",
        "Silver Medal: 2023 Miami Team"
    ]
}