{
    "name": "Adam Riggs",
    "position": "First baseman",
    "bats": "Right",
    "throws": "Right",
    "birth_place": "Steubenville, Ohio",
    "debutleague": "MLB",
    "debutdate": "August 7",
    "debutyear": "1997",
    "debutteam": "Los Angeles Dodgers",
    "debut2league": "NPB",
    "debut2date": "April 15",
    "debut2year": "2005",
    "debut2team": "Yakult Swallows",
    "finalleague": "MLB",
    "finaldate": "October 3",
    "finalyear": "2004",
    "finalteam": "Anaheim Angels",
    "final2league": "NPB",
    "final2date": "July",
    "final2year": "2008",
    "final2team": "Yakult Swallows",
    "teams": [
        "Los Angeles Dodgers (1997)",
        "San Diego Padres (2001)",
        "Anaheim Angels (2003\u20132004)",
        "Yakult / Tokyo Yakult Swallows (2005\u20132008)"
    ],
    "MLB": {
        "Batting average": ".216",
        "Home runs": "3",
        "Runs batted in": "10"
    },
    "NPB": {
        "Batting average": ".281",
        "Home runs": "59",
        "Runs batted in": "168"
    },
    "birth_date": "1972-10-4"
}