{
    "name": "Adri\u00e1n Gonz\u00e1lez",
    "position": "First baseman",
    "bats": "Left",
    "throws": "Left",
    "birth_place": "San Diego, California, U.S. |debutleague = MLB",
    "debutdate": "April 18",
    "debutyear": "2004",
    "debutteam": "Texas Rangers |finalleague = MLB",
    "finaldate": "June 10",
    "finalyear": "2018",
    "finalteam": "New York Mets |statleague = MLB",
    "teams": [
        "Texas Rangers (2004\u20132005)",
        "San Diego Padres (2006\u20132010)",
        "Boston Red Sox (2011\u20132012)",
        "Los Angeles Dodgers (2012\u20132017)",
        "New York Mets (2018)"
    ],
    "awards": [
        "5\u00d7 All-Star (2008\u20132011, 2015)",
        "4\u00d7 Gold Glove Award (2008, 2009, 2011, 2014)",
        "2\u00d7 Silver Slugger Award (2011, 2014)",
        "MLB RBI leader (2014)"
    ],
    "stats": {
        "Batting average": ".287",
        "Hits": "2,050",
        "Home runs": "317",
        "Runs batted in": "1,202"
    },
    "birth_date": "1982-5-8"
}