{
    "name": "Agust\u00edn Montero",
    "position": "Relief pitcher",
    "birth_place": "San Pedro de Macor\u00eds, Dominican Republic",
    "bats": "Right",
    "throws": "Right",
    "debutleague": "MLB",
    "debutdate": "May 12",
    "debutyear": "2006",
    "debutteam": "Chicago White Sox",
    "finalleague": "MLB",
    "finaldate": "June 28",
    "finalyear": "2006",
    "finalteam": "Chicago White Sox",
    "teams": [
        "Chicago White Sox (2006)"
    ],
    "MLB": {
        "Win\u2013loss record": "1\u20130",
        "Earned run average": "5.14",
        "Strikeouts": "7"
    },
    "birth_date": "1977-8-26"
}