{
    "name": "Akinori Otsuka",
    "position": "Pitcher / Coach",
    "team": "Chunichi Dragons",
    "number": "76",
    "bats": "Right",
    "throws": "Right",
    "birth_place": "Chiba, Japan |debutleague = NPB",
    "debutdate": "May 13",
    "debutyear": "1997",
    "debutteam": "Kintetsu Buffaloes |finalleague = NPB",
    "finalyear": "2003",
    "finalteam": "Chunichi Dragons |debut2league = MLB",
    "debut2date": "April 6",
    "debut2year": "2004",
    "debut2team": "San Diego Padres |final2league = MLB",
    "final2date": "July 1",
    "final2year": "2007",
    "final2team": "Texas Rangers |statleague = NPB",
    "teams": [
        "Kintetsu / Osaka Kintetsu Buffaloes (1997\u20132002)",
        "Chunichi Dragons (2003)",
        "San Diego Padres (2004\u20132005)",
        "Texas Rangers (2006\u20132007) '''As coach'''",
        "Chunichi Dragons (2015-2017, 2022\u2013present) |medaltemplates= flagu  Men's Baseball World Baseball Classic 2006 San Diego"
    ],
    "stats": {
        "Win\u2013loss record": "14\u201323",
        "Earned run average": "2.39",
        "Strikeouts": "474",
        "Saves": "137 |stat2league = MLB"
    },
    "stats2": {
        "Win\u2013loss record": "13\u201315",
        "Earned run average": "2.44",
        "Strikeouts": "217",
        "Saves": "39"
    },
    "birth_date": "1972-1-13"
}