{
    "name": "Al Bridwell",
    "position": "Shortstop",
    "birth_place": "Friendship, Ohio, U.S.",
    "death_date": "1969",
    "death_place": "Portsmouth, Ohio, U.S.",
    "bats": "Left",
    "throws": "Right",
    "debutleague": "MLB",
    "debutdate": "April 16",
    "debutyear": "1905",
    "debutteam": "Cincinnati Reds",
    "finalleague": "MLB",
    "finaldate": "September 23",
    "finalyear": "1915",
    "finalteam": "St. Louis Terriers",
    "teams": [
        "Cincinnati Reds (1905)",
        "Boston Beaneaters/Doves (1906\u20131907)",
        "New York Giants (1908\u20131911)",
        "Boston Rustlers/Braves (1911\u20131912)",
        "Chicago Cubs (1913)",
        "St. Louis Terriers (1914\u20131915)"
    ],
    "MLB": {
        "Batting average": ".255",
        "Home runs": "2",
        "Runs batted in": "350"
    },
    "birth_date": "1884-1-4"
}