{
    "name": "Al Benton",
    "position": "Pitcher",
    "bats": "Right",
    "throws": "Right",
    "birth_place": "Noble, Oklahoma, U.S.",
    "death_date": "1968",
    "death_place": "Lynwood, California, U.S. |debutleague = MLB",
    "debutdate": "April 18",
    "debutyear": "1934",
    "debutteam": "Philadelphia Athletics |finalleague = MLB",
    "finaldate": "September 21",
    "finalyear": "1952",
    "finalteam": "Boston Red Sox |statleague = MLB",
    "teams": [
        "Philadelphia Athletics (1934\u20131935)",
        "Detroit Tigers (1938\u20131942, 1945\u20131948)",
        "Cleveland Indians (1949\u20131950)",
        "Boston Red Sox (1952)"
    ],
    "highlights": [
        "2\u00d7 All-Star (1941, 1942)",
        "World Series champion (1945)"
    ],
    "stats": {
        "Win\u2013loss record": "98\u201388",
        "Earned run average": "3.66",
        "Strikeouts": "697",
        "Saves": "66"
    }
}