{
    "name": "Al Gionfriddo",
    "position": "Outfielder",
    "birth_place": "Dysart, Pennsylvania, U.S.",
    "death_date": "2003",
    "death_place": "Solvang, California, U.S.",
    "bats": "Left",
    "throws": "Left |debutleague = MLB",
    "debutdate": "September 23",
    "debutyear": "1944",
    "debutteam": "Pittsburgh Pirates |finalleague = MLB",
    "finaldate": "September 28",
    "finalyear": "1947",
    "finalteam": "Brooklyn Dodgers |statleague = MLB",
    "teams": [
        "Pittsburgh Pirates (1944\u20131947)",
        "Brooklyn Dodgers (1947)"
    ],
    "stats": {
        "Batting average": ".266",
        "Home runs": "2",
        "Runs batted in": "58"
    },
    "birth_date": "1922-3-8"
}