{
    "name": "Al Nichols",
    "position": "Third baseman",
    "bats": "Unknown",
    "throws": "Unknown",
    "birth_place": "Worcester, England",
    "death_date": "mf=yes",
    "death_place": "Richmond Hill, New York |debutleague = MLB",
    "debutdate": "April 24",
    "debutyear": "1875",
    "debutteam": "Brooklyn Atlantics |finalleague = MLB",
    "finaldate": "September 26",
    "finalyear": "1877",
    "finalteam": "Louisville Grays |statleague = MLB",
    "teams": [
        "Brooklyn Atlantics (1875)",
        "New York Mutuals (1876)",
        "Louisville Grays (1877)"
    ],
    "stats": {
        "Batting average": ".171",
        "Home runs": "0",
        "Runs batted in": "18"
    },
    "birth_date": "1852-2-14"
}