{
    "name": "Al Nipper",
    "position": "Pitcher",
    "bats": "Right",
    "throws": "Right",
    "birth_place": "San Diego, California, U.S.",
    "death_date": "|debutleague = MLB",
    "debutdate": "September 6",
    "debutyear": "1983",
    "debutteam": "Boston Red Sox |finalleague = MLB",
    "finaldate": "July 16",
    "finalyear": "1990",
    "finalteam": "Cleveland Indians |statleague = MLB",
    "teams": [
        "Boston Red Sox (1983\u20131987)",
        "Chicago Cubs (1988)",
        "Cleveland Indians (1990)"
    ],
    "stats": {
        "Win\u2013loss record": "46\u201350",
        "Earned run average": "4.52",
        "Strikeouts": "381"
    },
    "birth_date": "1959-4-2"
}