{
    "name": "Al Osuna",
    "position": "Pitcher",
    "birth_place": "Inglewood, California, U.S.",
    "bats": "Right",
    "throws": "Left |debutleague = MLB",
    "debutdate": "September 2",
    "debutyear": "1990",
    "debutteam": "Houston Astros |finalleague = MLB",
    "finaldate": "September 27",
    "finalyear": "1996",
    "finalteam": "San Diego Padres |statleague = MLB",
    "teams": [
        "Houston Astros (1990\u20131993)",
        "Los Angeles Dodgers (1994)",
        "San Diego Padres (1996)"
    ],
    "stats": {
        "Win\u2013loss record": "18\u201310",
        "Earned run average": "3.83",
        "Strikeouts": "143"
    },
    "birth_date": "1965-8-10"
}