{
    "name": "Albert Goodwill Spalding",
    "position": "Pitcher",
    "bats": "Right",
    "throws": "Right",
    "death_date": "death_place=San Diego, California, U.",
    "debutleague": "MLB",
    "debutdate": "May 5",
    "debutyear": "1871",
    "debutteam": "Boston Red Stockings",
    "finalleague": "MLB",
    "finaldate": "August 31",
    "finalyear": "1878",
    "finalteam": "Chicago White Stockings",
    "teams": ";  National Association of Base Ball Players : Rockford Forest Citys (1866\u20131870) ;  League Player : Boston Red Stockings (1871\u20131875) : Chicago White Stockings (1876\u20131878) ;  League Manager : Chicago White Stockings (1876\u20131877)",
    "highlights": [
        "4\u00d7 NA pennant (1872\u20131875)",
        "NL pennant (1876)",
        "6\u00d7 Wins leader (1871\u20131876)",
        "Chicago Cubs Hall of Fame |hoflink = National Baseball Hall of Fame and Museum |hoftype = National"
    ],
    "hofdate": "1939",
    "hofmethod": "Old-Timers Committee ",
    "MLB": {
        "Win\u2013loss record": "252\u201365",
        "Earned run average": "2.14",
        "Strikeouts": "248",
        "Batting average": ".313",
        "Hits": "613",
        "Runs batted in": "338"
    }
}