{
    "name": "Alberto Callaspo",
    "position": "Third baseman / Second baseman",
    "birth_place": "Maracay, Venezuela",
    "bats": "Switch",
    "throws": "Right |debutleague = MLB",
    "debutdate": "August 6",
    "debutyear": "2006",
    "debutteam": "Arizona Diamondbacks |finalleague = MLB",
    "finaldate": "August 19",
    "finalyear": "2015",
    "finalteam": "Los Angeles Dodgers |statleague = MLB",
    "teams": [
        "Arizona Diamondbacks (2006\u20132007)",
        "Kansas City Royals (2008\u20132010)",
        "Los Angeles Angels of Anaheim (2010\u20132013)",
        "Oakland Athletics (2013\u20132014)",
        "Atlanta Braves (2015)",
        "Los Angeles Dodgers (2015)"
    ],
    "stats": {
        "Batting average": ".265",
        "Home runs": "52",
        "Runs batted in": "369"
    },
    "birth_date": "1983-4-19"
}