{
    "name": "Alejandro Machado",
    "position": "Shortstop",
    "birth_place": "Caracas, Venezuela",
    "bats": "Switch",
    "throws": "Right |debutleague = MLB",
    "debutdate": "September 2",
    "debutyear": "2005",
    "debutteam": "Boston Red Sox |finalleague = MLB",
    "finaldate": "October 2",
    "finalyear": "2005",
    "finalteam": "Boston Red Sox",
    "statyear": "2008 season |statleague = MLB",
    "teams": [
        "Boston Red Sox (2005)"
    ],
    "stats": {
        "Batting average": ".200",
        "Home runs": "0",
        "Runs batted in": "0"
    },
    "birth_date": "1982-4-26"
}