{
    "name": "Alex Rodriguez",
    "position": "Shortstop / Third baseman",
    "bats": "Right",
    "throws": "Right",
    "birth_place": "Manhattan, New York City, U.S.",
    "debutleague": "MLB",
    "debutdate": "July 8",
    "debutyear": "1994",
    "debutteam": "Seattle Mariners",
    "finalleague": "MLB",
    "finaldate": "August 12",
    "finalyear": "2016",
    "finalteam": "New York Yankees",
    "teams": [
        "Seattle Mariners (1994\u20132000)",
        "Texas Rangers (2001\u20132003)",
        "New York Yankees (2004\u20132013, 2015\u20132016)"
    ],
    "awards": [
        "14\u00d7 All-Star (1996\u20131998, 2000\u20132008, 2010, 2011)",
        "World Series champion (2009)",
        "3\u00d7 AL MVP (2003, 2005, 2007)",
        "2\u00d7 Gold Glove Award  (2002, 2003)",
        "10\u00d7 Silver Slugger Award  (1996, 1998\u20132003, 2005, 2007, 2008)",
        "4\u00d7 AL Hank Aaron Award  (2001\u20132003, 2007)",
        "MLB batting champion (1996)",
        "5\u00d7 AL home run leader (2001\u20132003, 2005, 2007)",
        "Team"
    ],
    "MLB": {
        "Batting average": ".295",
        "Hits": "3,115",
        "Home runs": "696",
        "Runs batted in": "2,086"
    },
    "birth_date": "1975-7-27"
}