{
    "name": "Alex Delgado",
    "position": "Catcher",
    "bats": "Right",
    "throws": "Right",
    "birth_place": "Palmarejo, Zulia, Venezuela |debutleague = MLB",
    "debutdate": "April 4",
    "debutyear": "1996",
    "debutteam": "Boston Red Sox |finalleague = MLB",
    "finaldate": "July 12",
    "finalyear": "1996",
    "finalteam": "Boston Red Sox |statleague = MLB",
    "teams": [
        "Boston Red Sox (1996)"
    ],
    "stats": {
        "Batting average": ".250",
        "Home runs": "0",
        "Runs batted in": "5"
    },
    "birth_date": "1971-1-11"
}