{
    "name": "Alex Cintr\u00f3n",
    "position": "Infielder / Coach",
    "team": "Houston Astros",
    "number": "37",
    "birth_place": "Humacao, Puerto Rico",
    "bats": "Switch",
    "throws": "Right |debutleague = MLB",
    "debutdate": "July 24",
    "debutyear": "2001",
    "debutteam": "Arizona Diamondbacks |finalleague = MLB",
    "finaldate": "May 19",
    "finalyear": "2009",
    "finalteam": "Washington Nationals",
    "teams": [
        "Arizona Diamondbacks (2001\u20132005)",
        "Chicago White Sox (2006\u20132007)",
        "Baltimore Orioles (2008)",
        "Washington Nationals (2009) '''As coach'''",
        "Houston Astros (2018\u2013present) |awards =",
        "2\u00d7 World Series champion (2001, 2022)"
    ],
    "MLB": {
        "Batting average": ".275",
        "Home runs": "33",
        "Runs batted in": "222"
    },
    "birth_date": "1978-12-17"
}