{
    "name": "Alex Ram\u00edrez",
    "number": "80",
    "position": "Outfielder / Manager",
    "birth_place": "Caracas, Venezuela",
    "bats": "Right",
    "throws": "Right",
    "debutleague": "MLB",
    "debutdate": "19 September",
    "debutyear": "1998",
    "debutteam": "Cleveland Indians",
    "debut2league": "NPB",
    "debut2date": "30 March",
    "debut2year": "2001",
    "debut2team": "Yakult Swallows |finalleague=MLB |finaldate=27 September |finalyear=2000 |finalteam=Pittsburgh Pirates |final2league=NPB |final2date=8 October |final2year=2013 |final2team=Yokohama DeNA BayStars",
    "teams": [
        "Cleveland Indians (1998\u20132000)",
        "Pittsburgh Pirates (2000)",
        "Yakult Swallows/Tokyo Yakult Swallows (2001\u20132007)",
        "Yomiuri Giants (2008\u20132011)",
        "Yokohama DeNA BayStars (2012\u20132013) '''As manager:'''",
        "Yokohama DeNA BayStars (2016\u20132020) |awards= '''NPB'''",
        "2\u00d7 Central League MVP (2008-2009)",
        "8\u00d7 NPB All-Star (2002\u20132003,2007\u20132012)",
        "2\u00d7 Japan Series champion (2001, 2009)",
        "2008 CLCS MVP",
        "4\u00d7 Best Nine Award (2003,2007\u20132009)",
        "Central League batting champion (2009)",
        "3\u00d7 Central League RBI Leader (2003, 2007, 2008)",
        "Central League home run leader (2003)"
    ],
    "hoflink": "Japanese Baseball Hall of Fame",
    "hoftype": "Japanese",
    "hofdate": "2023",
    "MLB": {
        "Batting average": ".259",
        "Hits": "86",
        "Home runs": "12",
        "Runs batted in": "48"
    },
    "NPB": {
        "Batting average": ".301",
        "Hits": "2017",
        "Home runs": "380",
        "Runs batted in": "1272"
    },
    "birth_date": "1974-10-3"
}