{
    "name": "Alex Ochoa",
    "position": "Outfielder",
    "birth_place": "Hialeah, Florida, U.S.",
    "bats": "Right",
    "throws": "Right",
    "debutleague": "MLB",
    "debutdate": "September 18",
    "debutyear": "1995",
    "debutteam": "New York Mets",
    "finalleague": "MLB",
    "finaldate": "September 29",
    "finalyear": "2002",
    "finalteam": "Anaheim Angels",
    "debut2league": "NPB",
    "debut2date": "March 28",
    "debut2year": "2003",
    "debut2team": "Chunichi Dragons",
    "final2league": "NPB",
    "final2year": "2008",
    "final2team": "Hiroshima Toyo Carp",
    "teams": [
        "New York Mets (1995\u20131997)",
        "Minnesota Twins (1998)",
        "Milwaukee Brewers (1999)",
        "Cincinnati Reds (2000\u20132001)",
        "Colorado Rockies (2001)",
        "Milwaukee Brewers (2002)",
        "Anaheim Angels (2002)",
        "Chunichi Dragons (2003\u20132006)",
        "Hiroshima Toyo Carp (2007\u20132008)"
    ],
    "highlights": [
        "World Series champion (2002)"
    ],
    "MLB": {
        "Batting average": ".279",
        "Home runs": "46",
        "Runs batted in": "261"
    },
    "NPB": {
        "Batting average": ".289",
        "Home runs": "97",
        "Runs batted in": "416"
    },
    "birth_date": "1972-03-29"
}