{
    "name": "Alex Kampouris",
    "position": "Second baseman",
    "birth_place": "Sacramento, California",
    "death_date": "1993",
    "death_place": "Sacramento, California",
    "bats": "Right",
    "throws": "Right |debutleague = MLB",
    "debutdate": "July 31",
    "debutyear": "1934",
    "debutteam": "Cincinnati Reds |finalleague = MLB",
    "finaldate": "September 23",
    "finalyear": "1943",
    "finalteam": "Washington Senators |statleague = MLB",
    "teams": [
        "Cincinnati Reds (1934\u20131938)",
        "New York Giants (1938\u20131939)",
        "Brooklyn Dodgers (1941\u20131943)",
        "Washington Senators (1943)"
    ],
    "stats": {
        "Batting average": ".243",
        "Home runs": "45",
        "Runs batted in": "284"
    },
    "birth_date": "1912-11-13"
}