{
    "name": "Alex Cora",
    "team": "Boston Red Sox",
    "number": "13",
    "position": "Shortstop / Second baseman / Manager",
    "birth_place": "Caguas, Puerto Rico",
    "bats": "Left",
    "throws": "Right",
    "debutleague": "MLB",
    "debutdate": "June 7",
    "debutyear": "1998",
    "debutteam": "Los Angeles Dodgers",
    "finalleague": "MLB",
    "finaldate": "September 28",
    "finalyear": "2011",
    "finalteam": "Washington Nationals",
    "teams": [
        "Los Angeles Dodgers (1998\u20132004)",
        "Cleveland Indians (2005)",
        "Boston Red Sox (2005\u20132008)",
        "New York Mets (2009\u20132010)",
        "Texas Rangers (2010)",
        "Washington Nationals (2011) '''As manager'''",
        "Boston Red Sox (2018\u20132019, 2021\u2013present) '''As coach'''",
        "Houston Astros (2017)"
    ],
    "highlights": [
        "3\u00d7 World Series champion (2007, 2017, 2018)"
    ],
    "MLB": {
        "Batting average": ".243",
        "Home runs": "35",
        "Runs batted in": "286 |stat4label=Managerial record |stat4value=453\u2013382 |stat5label=Winning % |stat5value=453"
    },
    "birth_date": "1975-10-18"
}