{
    "name": "Alex Graman",
    "position": "Relief pitcher",
    "birth_place": "Huntingburg, Indiana",
    "bats": "Left",
    "throws": "Left",
    "debutleague": "MLB",
    "debutdate": "April 20",
    "debutyear": "2004",
    "debutteam": "New York Yankees",
    "debut2league": "NPB",
    "debut2date": "March 29",
    "debut2year": "2006",
    "debut2team": "Seibu Lions",
    "teams": [
        "New York Yankees (2004\u20132005)",
        "Saitama Seibu Lions (2006\u20132011) |highlights=",
        "Asia Series Champion (2008)",
        "Japan Series Champion (2008)"
    ],
    "NPB": {
        "Win\u2013loss record": "11\u201317",
        "Earned run average": "3.86",
        "Saves": "51",
        "Strikeouts": "145"
    },
    "birth_date": "1977-11-17"
}