{
    "name": "Alex Cabrera",
    "position": "First baseman",
    "bats": "Right",
    "throws": "Right",
    "birth_place": "Caripito, Monagas State, Venezuela",
    "debutleague": "CPBL",
    "debutdate": "March 16",
    "debutyear": "1999",
    "debutteam": "Koos Group Whales",
    "finalleague": "CPBL",
    "finaldate": "September 20",
    "finalyear": "1999",
    "finalteam": "Koos Group Whales",
    "debut2league": "MLB",
    "debut2date": "June 26",
    "debut2year": "2000",
    "debut2team": "Arizona Diamondbacks",
    "debut3league": "NPB",
    "debut3date": "March 24",
    "debut3year": "2001",
    "debut3team": "Seibu Lions",
    "final2league": "MLB",
    "final2date": "September 30",
    "final2year": "2000",
    "final2team": "Arizona Diamondbacks",
    "final3league": "NPB",
    "final3date": "June 17",
    "final3year": "2012",
    "final3team": "Fukuoka SoftBank Hawks",
    "teams": [
        "Koos Group Whales (1999)",
        "Arizona Diamondbacks (2000)",
        "Seibu Lions (2001&ndash;2007)",
        "Orix Buffaloes (2008&ndash;2010)",
        "Fukuoka SoftBank Hawks (2011&ndash;2012) |highlights=",
        "5\u00d7 NPB All-Star (2001-2003, 2006, 2007)",
        "5\u00d7 Best Nine Award (2002, 2003, 2007, 2008, 2010)",
        "Golden Glove Award (2008)",
        "Pacific League MVP (2002)",
        "2\u00d7 Japan Series champion (2004, 2011)"
    ],
    "CPBL": {
        "Batting average": ".325",
        "Home runs": "18",
        "Runs batted in": "64"
    },
    "MLB": {
        "Batting average": ".263",
        "Home runs": "5",
        "Runs batted in": "14"
    },
    "NPB": {
        "Batting average": ".303",
        "Home runs": "357",
        "Runs batted in": "949"
    },
    "birth_date": "1971-12-24"
}