{
    "highlights": [
        "13\u00d7 All-Star (1933, 1934, 1935, 1936, 1937, 1938, 1939, 1939\u00b2, 1943, 1944, 1945, 1946, 1946\u00b2)",
        "Negro Southern League pennant (1932)",
        "Negro American League batting champion (1943)"
    ],
    "stats": {
        "Batting average": ".291",
        "Hits": "456",
        "Home runs": "19",
        "Runs batted in": "221",
        "Stolen bases": [
            "Dayton Marcos (1926)",
            "Chicago American Giants (1927, 1929, 1932\u20131939, 1941-1944)",
            "New York Cubans (1936)",
            "Birmingham Black Barons (1944)",
            "Cincinnati/Indianapolis Clowns (1944\u20131945)",
            "Memphis Red Sox (1946)"
        ]
    }
}