{
    "name": "Alfonso Soriano",
    "width": "250",
    "position": "Left fielder / Second baseman",
    "birth_place": "San Pedro de Macor\u00eds, Dominican Republic",
    "bats": "Right",
    "throws": "Right |debutleague = NPB",
    "debutdate": "August 5",
    "debutyear": "1997",
    "debutteam": "Hiroshima Toyo Carp |finalleague = NPB",
    "finaldate": "August 17",
    "finalyear": "1997",
    "finalteam": "Hiroshima Toyo Carp |debut2league = MLB",
    "debut2date": "September 14",
    "debut2year": "1999",
    "debut2team": "New York Yankees |final2league = MLB",
    "final2date": "July 5",
    "final2year": "2014",
    "final2team": "New York Yankees |statleague = MLB",
    "teams": [
        "Hiroshima Toyo Carp (1997)",
        "New York Yankees (1999\u20132003)",
        "Texas Rangers (2004\u20132005)",
        "Washington Nationals (2006)",
        "Chicago Cubs (2007\u20132013)",
        "New York Yankees (2013\u20132014)"
    ],
    "awards": [
        "7\u00d7 All-Star (2002\u20132008)",
        "4\u00d7 Silver Slugger Award (2002, 2004\u20132006)",
        "AL stolen base leader (2002)"
    ],
    "stats": {
        "Batting average": ".270",
        "Hits": "2,095",
        "Home runs": "412",
        "Runs batted in": "1,159"
    },
    "birth_date": "1976-1-7"
}