{
    "name": "Alfredo Am\u00e9zaga",
    "team": "Saraperos de Saltillo",
    "position": "Center fielder / Infielder /Coach",
    "birth_place": "Ciudad Obreg\u00f3n, Sonora, Mexico",
    "bats": "Switch",
    "throws": "Right |debutleague = MLB",
    "debutdate": "May 24",
    "debutyear": "2002",
    "debutteam": "Anaheim Angels",
    "finalleague": "MLB",
    "finaldate": "September 4",
    "finalyear": "2011",
    "finalteam": "Florida Marlins",
    "teams": [
        "Anaheim Angels (2002\u20132004)",
        "Colorado Rockies (2005)",
        "Pittsburgh Pirates (2005)",
        "Florida Marlins (2006\u20132009)",
        "Colorado Rockies (2011)",
        "Florida Marlins (2011) ;As Coach",
        "Detroit Tigers (2023)"
    ],
    "MLB": {
        "Batting average": ".247",
        "Home runs": "12",
        "Runs batted in": "110"
    },
    "birth_date": "1978-1-16"
}