{
    "name": "Amalio Carre\u00f1o",
    "position": "Pitcher",
    "birth_place": "Chacachacare, Venezuela",
    "bats": "Right",
    "throws": "Right |debutleague = MLB",
    "debutdate": "July 7",
    "debutyear": "1991",
    "debutteam": "Philadelphia Phillies |finalleague = MLB",
    "finaldate": "July 14",
    "finalyear": "1991",
    "finalteam": "Philadelphia Phillies |statleague = MLB",
    "teams": [
        "Philadelphia Phillies (1991)"
    ],
    "stats": {
        "Win\u2013loss record": "0-0",
        "Earned run average": "16.20",
        "Strikeouts": "2"
    },
    "birth_date": "1964-4-11"
}