{
    "name": "An\u00edbal S\u00e1nchez",
    "width": "260",
    "position": "Pitcher",
    "birth_place": "Maracay, Venezuela",
    "bats": "Right",
    "throws": "Right",
    "debutleague": "MLB",
    "debutdate": "June 25",
    "debutyear": "2006",
    "debutteam": "Florida Marlins",
    "finalleague": "MLB",
    "finaldate": "October 1",
    "finalyear": "2022",
    "finalteam": "Washington Nationals",
    "teams": [
        "Florida / Miami Marlins (2006\u20132012)",
        "Detroit Tigers (2012\u20132017)",
        "Atlanta Braves (2018)",
        "Washington Nationals (2019\u20132020, 2022)"
    ],
    "awards": [
        "World Series champion (2019)",
        "AL ERA leader (2013)",
        "Pitched a no-hitter on September 6, 2006"
    ],
    "MLB": {
        "Win\u2013loss record": "116\u2013119",
        "Earned run average": "4.06",
        "Strikeouts": "1,774"
    },
    "birth_date": "1984-2-27"
}