{
    "name": "Anastacio Mart\u00ednez",
    "position": "Pitcher",
    "birth_place": "Villa Mella, Dominican Republic",
    "bats": "Right",
    "throws": "Right |debutleague = MLB",
    "debutdate": "May 22",
    "debutyear": "2004",
    "debutteam": "Boston Red Sox |finalleague = MLB",
    "finaldate": "July 2",
    "finalyear": "2004",
    "finalteam": "Boston Red Sox |statleague = MLB",
    "teams": [
        "Boston Red Sox (2004)"
    ],
    "stats": {
        "Win\u2013loss record": "2\u20131",
        "Earned run average": "8.44",
        "Strikeouts": "5"
    },
    "birth_date": "1978-11-3"
}