{
    "name": "Andr\u00e9s Blanco",
    "position": "Infielder",
    "birth_place": "Caracas, Venezuela",
    "bats": "Switch",
    "throws": "Right",
    "debutleague": "MLB",
    "debutdate": "April 17",
    "debutyear": "2004",
    "debutteam": "Kansas City Royals",
    "finalleague": "MLB",
    "finaldate": "September 12",
    "finalyear": "2017",
    "finalteam": "Philadelphia Phillies",
    "teams": [
        "Kansas City Royals (2004\u20132006)",
        "Chicago Cubs (2009)",
        "Texas Rangers (2010\u20132011)",
        "Philadelphia Phillies (2014\u20132017)"
    ],
    "MLB": {
        "Batting average": ".256",
        "Home runs": "18",
        "Runs batted in": "109"
    },
    "birth_date": "1984-4-11"
}