{
    "debut2league": "NPB",
    "debut2date": "March 29",
    "debut2year": "2013",
    "debut2team": "Tohoku Rakuten Golden Eagles |finalleague=MLB |finaldate=October 3 |finalyear=2012 |finalteam=New York Yankees |final2league=NPB |final2date=October 1 |final2year=2014 |final2team=Tohoku Rakuten Golden Eagles |statleague=MLB |stat1label=Batting average |stat1value=.254 |stat2label=Home runs  |stat2value=434  |stat3label=Runs batted in |stat3value=1,289",
    "NPB": {
        "Batting average": ".232",
        "Home runs": "50",
        "Runs batted in": [
            "Atlanta Braves (1996\u20132007)",
            "Los Angeles Dodgers (2008)",
            "Texas Rangers (2009)",
            "Chicago White Sox (2010)",
            "New York Yankees (2011\u20132012)",
            "Tohoku Rakuten Golden Eagles (2013\u20132014)  |awards= '''MLB'''",
            "5\u00d7 All-Star (2000, 2002, 2003, 2005, 2006)",
            "10\u00d7 Gold Glove Award (1998\u20132007)",
            "Silver Slugger Award (2005)",
            "NL Hank Aaron Award (2005)",
            "NL home run leader (2005)",
            "NL RBI leader (2005)",
            "Atlanta Braves No. 25 retired",
            "Braves Hall of Fame '''NPB'''",
            "All-Star (2013)",
            "Japan Series champion (2013)"
        ]
    }
}