{
    "name": "Andy Stankiewicz",
    "birth_name": "Andrew Neal Stankiewicz",
    "birth_place": "Inglewood, California, U.S.",
    "alma_mater": "Pepperdine University",
    "module2": "embed=y",
    "current_title": "Head coach",
    "current_team": "USC",
    "current_conference": "Pac-12",
    "current_record": "34",
    "coach_years1": "2004\u20132005",
    "coach_team1": "Staten Island Yankees",
    "coach_years2": "2006\u20132009",
    "coach_team2": "Arizona State (AC)",
    "coach_years3": "2012\u20132022",
    "coach_team3": "Grand Canyon",
    "coach_years4": "2023\u2013present",
    "coach_team4": "USC",
    "overall_record": "375",
    "tournament_record": "NCAA: 0",
    "championships": [
        "4\u00d7 WAC regular season (2015, 2017, 2018, 2021)",
        "WAC West Division (2022)",
        "WAC tournament (2021)"
    ],
    "awards": [
        "4\u00d7 WAC Coach of the Year (2017, 2018, 2021, 2022)",
        "Rod Dedeaux USA Baseball Coach of the Year (2014)"
    ],
    "birth_date": "1964-8-10"
}