{
    "name": "Andy Abad",
    "position": "First baseman",
    "birth_place": "West Palm Beach, Florida",
    "bats": "Left",
    "throws": "Left |debutleague = NPB",
    "debutdate": "April 7",
    "debutyear": "2000",
    "debutteam": "Kintetsu Buffaloes |debut2league = MLB",
    "debut2date": "September 10",
    "debut2year": "2001",
    "debut2team": "Oakland Athletics |finalleague = NPB",
    "finaldate": "August 27",
    "finalyear": "2000",
    "finalteam": "Kintetsu Buffaloes |final2league = MLB",
    "final2date": "April 13",
    "final2year": "2006",
    "final2team": "Cincinnati Reds |statleague = NPB",
    "teams": [
        "Kintetsu Buffaloes (2000)",
        "Oakland Athletics (2001)",
        "Boston Red Sox (2003)",
        "Cincinnati Reds (2006)"
    ],
    "stats": {
        "Batting average": ".163",
        "Home runs": "4",
        "Runs batted in": "13 |stat2league = MLB"
    },
    "stats2": {
        "Batting average": ".095",
        "Home runs": "0",
        "Runs batted in": "0"
    },
    "birth_date": "1972-8-25"
}