{
    "name": "Andy Marte",
    "position": "Third baseman / First baseman",
    "birth_place": "Villa Tapia, Dominican Republic",
    "death_date": "2017",
    "death_place": "San Francisco de Macor\u00eds, Dominican Republic",
    "bats": "Right",
    "throws": "Right |debutleague = MLB",
    "debutdate": "June 7",
    "debutyear": "2005",
    "debutteam": "Atlanta Braves |finalleague  = MLB |finaldate    = August 6 |finalyear    = 2014 |finalteam    = Arizona Diamondbacks |debut2league = KBO",
    "debut2date": "March 28",
    "debut2year": "2015",
    "debut2team": "KT Wiz |final2league  = KBO |final2date    = August 6 |final2year    = 2016 |final2team    = KT Wiz |statleague   = MLB",
    "teams": [
        "Atlanta Braves (2005)",
        "Cleveland Indians (2006\u20132010)",
        "Arizona Diamondbacks (2014)",
        "KT Wiz (2015\u20132016)"
    ],
    "stats": {
        "Batting average": ".218",
        "Home runs": "21",
        "Runs batted in": "99 |stat2league   = KBO"
    },
    "stats2": {
        "Batting average": ".312",
        "Home runs": "42",
        "Runs batted in": "163"
    },
    "birth_date": "1983-10-21"
}