{
    "name": "Andy Allanson",
    "position": "Catcher",
    "bats": "Right",
    "throws": "Right",
    "birth_place": "Richmond, Virginia, U.S. |debutleague = MLB",
    "debutdate": "April 7",
    "debutyear": "1986",
    "debutteam": "Cleveland Indians |finalleague = MLB",
    "finaldate": "October 2",
    "finalyear": "1995",
    "finalteam": "California Angels |statleague = MLB",
    "teams": [
        "Cleveland Indians (1986\u20131989)",
        "Detroit Tigers (1991)",
        "Milwaukee Brewers (1992)",
        "San Francisco Giants (1993)",
        "California Angels (1995)"
    ],
    "stats": {
        "Batting average": ".240",
        "Home runs": "16",
        "Runs batted in": "140"
    },
    "birth_date": "1961-12-22"
}