{
    "name": "Andy Stewart",
    "position": "Catcher",
    "bats": "Right",
    "throws": "Right",
    "birth_place": "Oshawa, Ontario, Canada",
    "debutleague": "MLB",
    "debutdate": "September 6",
    "debutyear": "1997",
    "debutteam": "Kansas City Royals",
    "finalleague": "MLB",
    "finaldate": "September 28",
    "finalyear": "1997",
    "finalteam": "Kansas City Royals",
    "teams": [
        "Kansas City Royals (1997)"
    ],
    "MLB": {
        "Batting average": ".250",
        "Home runs": "0",
        "Runs batted in": "0"
    },
    "birth_date": "1970-12-5"
}