{
    "name": "Andy Green",
    "team": "New York Mets",
    "position": "Infielder / Left fielder  / Manager",
    "birth_place": "Lexington, Kentucky, U.S.",
    "bats": "Right",
    "throws": "Right",
    "debutleague": "MLB",
    "debutdate": "June 12",
    "debutyear": "2004",
    "debutteam": "Arizona Diamondbacks",
    "debut2league": "NPB",
    "debut2date": "March 24",
    "debut2year": "2007",
    "debut2team": "Hokkaido Nippon Ham Fighters",
    "finalleague": "NPB",
    "finaldate": "April 17",
    "finalyear": "2007",
    "finalteam": "Hokkaido Nippon Ham Fighters",
    "final2league": "MLB",
    "final2date": "August 21",
    "final2year": "2009",
    "final2team": "New York Mets",
    "teams": [
        "Arizona Diamondbacks (2004\u20132006)",
        "Hokkaido Nippon Ham Fighters (2007)",
        "New York Mets (2009) ;As manager",
        "San Diego Padres (2016\u20132019) ;As coach",
        "Arizona Diamondbacks (2015)",
        "Chicago Cubs (2020\u20132023)"
    ],
    "MLB": {
        "Batting average": ".200",
        "Home runs": "2",
        "Runs batted in": "12",
        "Managerial record": "274\u2013366",
        "Winning %": "274"
    },
    "NPB": {
        "Batting average": ".197",
        "Home runs": "0",
        "Runs batted in": "3"
    },
    "birth_date": "1977-7-7"
}