{
    "name": "Andy LaRoche",
    "position": "Third baseman",
    "bats": "Right",
    "throws": "Right",
    "birth_place": "Fort Scott, Kansas, U.S. |debutleague = MLB",
    "debutdate": "May 6",
    "debutyear": "2007",
    "debutteam": "Los Angeles Dodgers |finalleague = MLB",
    "finaldate": "June 9",
    "finalyear": "2013",
    "finalteam": "Toronto Blue Jays |statleague = MLB",
    "teams": [
        "Los Angeles Dodgers (2007\u20132008)",
        "Pittsburgh Pirates (2008\u20132010)",
        "Oakland Athletics (2011)",
        "Toronto Blue Jays (2013) |medaltemplates= Men's baseball flagu Baseball World Cup  2007 Tianmu"
    ],
    "stats": {
        "Batting average": ".226",
        "Home runs": "22",
        "Runs batted in": "113"
    },
    "birth_date": "1983-9-13"
}