{
    "name": "Andy Phillips",
    "position": "First baseman",
    "birth_place": "Tuscaloosa, Alabama, U.S.",
    "bats": "Right",
    "throws": "Right |debutleague = MLB",
    "debutdate": "September 14",
    "debutyear": "2004",
    "debutteam": "New York Yankees |debut2league = NPB",
    "debut2year": "2009",
    "debut2team": "Hiroshima Toyo Carp |finalleague = MLB",
    "finaldate": "September 22",
    "finalyear": "2008",
    "finalteam": "Cincinnati Reds |final2league = NPB",
    "final2date": "May 24",
    "final2year": "2010",
    "final2team": "Tohoku Rakuten Golden Eagles |statleague = MLB",
    "teams": [
        "New York Yankees (2004\u20132007)",
        "Cincinnati Reds (2008)",
        "New York Mets (2008)",
        "Cincinnati Reds (2008)",
        "Hiroshima Toyo Carp (2009)",
        "Tohoku Rakuten Golden Eagles (2010)"
    ],
    "stats": {
        "Batting average": ".250",
        "Home runs": "14",
        "Runs batted in": "70 |stat2league = NPB"
    },
    "stats2": {
        "Batting average": ".249",
        "Home runs": "17",
        "Runs batted in": "62"
    },
    "birth_date": "1977-4-6"
}