{
    "name": "Anthony Young",
    "position": "Pitcher",
    "birth_place": "Houston, Texas, U.S.",
    "death_date": "2017",
    "death_place": "Houston, Texas, U.S.",
    "bats": "Right",
    "throws": "Right |debutleague = MLB",
    "debutdate": "August 5",
    "debutyear": "1991",
    "debutteam": "New York Mets |finalleague = MLB",
    "finaldate": "June 19",
    "finalyear": "1996",
    "finalteam": "Houston Astros |statleague = MLB",
    "teams": [
        "New York Mets (1991\u20131993)",
        "Chicago Cubs (1994\u20131995)",
        "Houston Astros (1996)"
    ],
    "stats": {
        "Win\u2013loss record": "15\u201348",
        "Earned run average": "3.89",
        "Strikeouts": "245"
    },
    "birth_date": "1966-1-19"
}