{
    "name": "Anthony Lerew",
    "number": "89",
    "position": "Pitcher / Coach",
    "team": "Kia Tigers",
    "birth_place": "Carlisle, Pennsylvania, U.S.",
    "bats": "Left",
    "throws": "Right |debutleague = MLB",
    "debutdate": "September 4",
    "debutyear": "2005",
    "debutteam": "Atlanta Braves |debut2league = NPB",
    "debut2date": "May 5",
    "debut2year": "2011",
    "debut2team": "Fukuoka SoftBank Hawks |debut3league = KBO",
    "debut3date": "April 8",
    "debut3year": "2012",
    "debut3team": "Kia Tigers |finalleague=MLB",
    "finaldate": "July 20",
    "finalyear": "2010",
    "finalteam": "Kansas City Royals |final2league=NPB",
    "final2date": "June 6",
    "final2year": "2011",
    "final2team": "Fukuoka SoftBank Hawks |final3league=KBO",
    "final3date": "July 3",
    "final3year": "2013",
    "final3team": "Kia Tigers |statleague = MLB",
    "teams": [
        "Atlanta Braves (2005\u20132007)",
        "Kansas City Royals (2009\u20132010)",
        "Fukuoka SoftBank Hawks (2011)",
        "Kia Tigers (2012\u20132013) |awards=",
        "Japan Series champion (2011)"
    ],
    "stats": {
        "Win\u2013loss record": "1\u20137",
        "Earned run average": "7.48",
        "Strikeouts": "40 |stat2league = NPB"
    },
    "stats2": {
        "Win\u2013loss record": "0-0",
        "Earned run average": "1.80",
        "Strikeouts": "1 |stat3league = KBO"
    },
    "stats3": {
        "Win\u2013loss record": "11-16",
        "Earned run average": "3.94",
        "Strikeouts": "119"
    },
    "birth_date": "1982-10-28"
}