{
    "name": "Aramis Ram\u00edrez",
    "position": "Third baseman",
    "birth_place": "Santo Domingo, Dominican Republic",
    "bats": "Right",
    "throws": "Right",
    "debutleague": "MLB",
    "debutdate": "May 26",
    "debutyear": "1998",
    "debutteam": "Pittsburgh Pirates",
    "finalleague": "MLB",
    "finaldate": "October 3",
    "finalyear": "2015",
    "finalteam": "Pittsburgh Pirates",
    "teams": [
        "Pittsburgh Pirates (1998\u20132003)",
        "Chicago Cubs (2003\u20132011)",
        "Milwaukee Brewers (2012\u20132015)",
        "Pittsburgh Pirates (2015)"
    ],
    "awards": [
        "3\u00d7 All-Star (2005, 2008, 2014)",
        "Silver Slugger Award (2011)",
        "NL Hank Aaron Award (2008)",
        "Chicago Cubs Hall of Fame"
    ],
    "MLB": {
        "Batting average": ".283",
        "Hits": "2,303",
        "Home runs": "386",
        "Runs batted in": "1,417"
    },
    "birth_date": "1978-6-25"
}