{
    "name": "Armando Almanza",
    "position": "Pitcher",
    "birth_place": "El Paso, Texas, U.S.",
    "bats": "Left",
    "throws": "Left |debutleague = MLB",
    "debutdate": "July 29",
    "debutyear": "1999",
    "debutteam": "Florida Marlins |finalleague = MLB",
    "finaldate": "July 20",
    "finalyear": "2005",
    "finalteam": "Arizona Diamondbacks |statleague = MLB",
    "teams": [
        "Florida Marlins (1999\u20132003)",
        "Atlanta Braves (2004)",
        "Arizona Diamondbacks (2005)"
    ],
    "stats": {
        "Win\u2013loss record": "14\u201313",
        "Earned run average": "4.82",
        "Strikeouts": "232"
    },
    "birth_date": "1972-10-26"
}