{
    "name": "Art Kusnyer",
    "position": "Catcher",
    "birth_place": "Akron, Ohio, U.S.",
    "bats": "Right",
    "throws": "Right |debutleague = MLB",
    "debutdate": "September 21",
    "debutyear": "1970",
    "debutteam": "Chicago White Sox |finalleague = MLB",
    "finaldate": "October 1",
    "finalyear": "1978",
    "finalteam": "Kansas City Royals |statleague = MLB",
    "teams": [
        "Chicago White Sox (1970)",
        "California Angels (1971\u20131973)",
        "Milwaukee Brewers (1976)",
        "Kansas City Royals (1978) |highlights=",
        "2\u00d7 World Series champion (1989, 2005)"
    ],
    "stats": {
        "Batting average": ".176",
        "Home runs": "3",
        "Runs batted in": "21"
    },
    "birth_date": "1945-12-19"
}