{
    "name": "Atsuya Furuta",
    "position": "Catcher/Manager",
    "bats": "Right",
    "throws": "Right",
    "birth_place": "Kawanishi, Hy\u014dgo, Japan",
    "debutdate": "April 11",
    "debutyear": "1990",
    "debutteam": "Yakult Swallows",
    "finaldate": "October 9",
    "finalyear": "2007",
    "finalteam": "Tokyo Yakult Swallows",
    "teams": [
        "Yakult Swallows/Tokyo Yakult Swallows (1990&ndash;2007) '''As manager'''",
        "Tokyo Yakult Swallows (2006&ndash;2007)"
    ],
    "highlights": [
        "2\u00d7 Central League MVP (1993, 1997)",
        "2\u00d7 Japan Series MVP (1997, 2001)",
        "Matsutaro Shoriki Award (1997)",
        "Tokyo Yakult Swallows #27 retired"
    ],
    "hoflink": "Japanese Baseball Hall of Fame",
    "hoftype": "Japanese",
    "hofdate": "2015",
    "stats": {
        "Batting average": ".294",
        "Home runs": "217",
        "Hits": "2,097",
        "RBIs": "1,009"
    },
    "birth_date": "1965-8-6",
    "medaltemplates": [
        "Sport: Men's Baseball",
        "Country: {{Japan}}",
        "Competition: Olympic Games",
        "Silver Medal: 1988 Seoul Team",
        "Competition: Asian Baseball Championship",
        "Silver Medal: 1999 Seoul Team",
        "Competition: Intercontinental Cup",
        "Silver Medal: 1989 San Juan Team"
    ]
}