{
    "name": "Aurelio L\u00f3pez",
    "position": "Pitcher",
    "bats": "Right",
    "throws": "Right",
    "birth_place": "Tecamachalco, Puebla, Mexico",
    "death_date": "1992",
    "death_place": "Matehuala, San Luis Potos\u00ed, Mexico",
    "debutleague": "MLB",
    "debutdate": "September 1",
    "debutyear": "1974",
    "debutteam": "Kansas City Royals",
    "finalleague": "MLB",
    "finaldate": "June 17",
    "finalyear": "1987",
    "finalteam": "Houston Astros",
    "teams": [
        "Kansas City Royals (1974)",
        "St. Louis Cardinals (1978)",
        "Detroit Tigers (1979&ndash;1985)",
        "Houston Astros (1986&ndash;1987)"
    ],
    "highlights": [
        "All-Star (1983)",
        "World Series champion (1984)"
    ],
    "hofcolor": "green",
    "hoflink": "Mexican Professional Baseball Hall of Fame",
    "hoftype": "Mexican Professional",
    "hofdate": "1993 ",
    "MLB": {
        "Win\u2013loss record": "62&ndash;36",
        "Earned run average": "3.56",
        "Strikeouts": "635",
        "Saves": "93"
    },
    "birth_date": "1948-9-21"
}