{
    "name": "Austin Kearns",
    "position": "Right fielder",
    "bats": "Right",
    "throws": "Right",
    "birth_place": "Lexington, Kentucky, U.S. |debutleague = MLB",
    "debutdate": "April 17",
    "debutyear": "2002",
    "debutteam": "Cincinnati Reds |finalleague = MLB",
    "finaldate": "May 3",
    "finalyear": "2013",
    "finalteam": "Miami Marlins |statleague = MLB",
    "teams": [
        "Cincinnati Reds (2002\u20132006)",
        "Washington Nationals (2006\u20132009)",
        "Cleveland Indians (2010)",
        "New York Yankees (2010)",
        "Cleveland Indians (2011)",
        "Miami Marlins (2012\u20132013)"
    ],
    "stats": {
        "Batting average": ".253",
        "Home runs": "121",
        "Runs batted in": "494"
    },
    "birth_date": "1980-5-20"
}