{
    "name": "B.J. Ryan",
    "position": "Pitcher",
    "bats": "Left",
    "throws": "Left",
    "birth_place": "Bossier City, Louisiana, U.S.",
    "debutleague": "MLB",
    "debutdate": "July 29",
    "debutyear": "1999",
    "debutteam": "Cincinnati Reds",
    "finalleague": "MLB",
    "finaldate": "July 5",
    "finalyear": "2009",
    "finalteam": "Toronto Blue Jays",
    "teams": [
        "Cincinnati Reds (1999)",
        "Baltimore Orioles (1999\u20132005)",
        "Toronto Blue Jays (2006\u20132009)"
    ],
    "awards": [
        "2\u00d7 All-Star (2005, 2006)"
    ],
    "MLB": {
        "Win\u2013loss record": "21\u201328",
        "Earned run average": "3.37",
        "Strikeouts": "625",
        "Saves": "117"
    },
    "birth_date": "1975-12-28"
}