{
    "name": "Babe Herman",
    "birth_place": "Buffalo, New York, U.S.",
    "death_date": "1987",
    "death_place": "Glendale, California, U.S.",
    "position": "Right fielder",
    "bats": "Left",
    "throws": "Left |debutleague = MLB",
    "debutdate": "April 14",
    "debutyear": "1926",
    "debutteam": "Brooklyn Robins |finalleague = MLB",
    "finaldate": "September 16",
    "finalyear": "1945",
    "finalteam": "Brooklyn Dodgers |statleague = MLB",
    "teams": [
        "Brooklyn Robins (1926\u20131931)",
        "Cincinnati Reds (1932)",
        "Chicago Cubs (1933\u20131934)",
        "Pittsburgh Pirates (1935)",
        "Cincinnati Reds (1935\u20131936)",
        "Detroit Tigers (1937)",
        "Brooklyn Dodgers (1945)"
    ],
    "stats": {
        "Batting average": ".324",
        "Home runs": "181",
        "Runs batted in": "997"
    }
}