{
    "name": "Babe Adams",
    "position": "Pitcher",
    "birth_place": "Tipton, Indiana, U.S.",
    "death_date": "1968",
    "death_place": "Silver Spring, Maryland, U.S.",
    "bats": "Left",
    "throws": "Right |debutleague = MLB",
    "debutdate": "April 18",
    "debutyear": "1906",
    "debutteam": "St. Louis Cardinals |finalleague = MLB",
    "finaldate": "August 11",
    "finalyear": "1926",
    "finalteam": "Pittsburgh Pirates |statleague = MLB",
    "teams": [
        "St. Louis Cardinals (1906)",
        "Pittsburgh Pirates (1907, 1909\u20131916, 1918\u20131926) |highlights=",
        "2\u00d7 World Series champion (1909, 1925)"
    ],
    "stats": {
        "Win\u2013loss record": "194\u2013140",
        "Earned run average": "2.76",
        "Strikeouts": "1,036"
    },
    "birth_date": "1882-5-18"
}