{
    "name": "Barney Morris",
    "position": "Pitcher",
    "birth_place": "Shreveport, Louisiana",
    "death_date": "1962",
    "death_place": "New York, New York",
    "bats": "Left",
    "throws": "Right",
    "debutleague": "Negro league baseball",
    "debutyear": "1932",
    "debutteam": "Monroe Monarchs",
    "finalyear": "1948",
    "finalteam": "New York Cubans",
    "teams": [
        "Monroe Monarchs (1932)",
        "Bismarck Churchills (1935)",
        "Newark Eagles (1936)",
        "Kansas City Monarchs (1936)",
        "Cincinnati Tigers (1937)",
        "Pittsburgh Crawfords (1937\u20131938)",
        "New York Cubans (1942\u20131948)"
    ],
    "birth_date": "1910-6-3"
}