{
    "name": "Barney Dreyfuss",
    "position": "Owner / Executive",
    "birth_place": "Freiburg, Grand Duchy of Baden",
    "death_date": "1932",
    "death_place": [
        "Louisville Colonels (1890\u20131899)",
        "Pittsburgh Pirates (1900\u20131932)",
        "Pittsburgh Stars (1902) |highlights=",
        "2x World Series champion (1909, 1925)",
        "6x NL champion (1901, 1902, 1903, 1909, 1925, 1927)",
        "AA champion (1890)",
        "NFL champion (1902)",
        "Inventor of the World Series (1903)",
        "Oversaw the completion of Forbes Field (1909) |hoflink = National Baseball Hall of Fame and Museum |hoftype = National |hofdate=2008 |hofvote=83.3% |hofmethod=Veterans Committee"
    ],
    "birth_date": "1865-2-23"
}