{
    "name": "Ben Broussard",
    "position": "First baseman",
    "bats": "Left",
    "throws": "Left",
    "birth_place": "Beaumont, Texas, U.S. |debutleague = MLB",
    "debutdate": "June 22",
    "debutyear": "2002",
    "debutteam": "Cleveland Indians |finalleague = MLB",
    "finaldate": "May 2",
    "finalyear": "2008",
    "finalteam": "Texas Rangers |statleague = MLB",
    "teams": [
        "Cleveland Indians (2002\u20132006)",
        "Seattle Mariners (2006\u20132007)",
        "Texas Rangers (2008) |medaltemplates= Men's baseball flagu Baseball World Cup  2001 Taipei"
    ],
    "stats": {
        "Batting average": ".263",
        "Home runs": "87",
        "Runs batted in": "314"
    },
    "birth_date": "1976-9-24"
}