{
    "name": "Ben Johnson",
    "position": "Outfielder / Manager",
    "bats": "Right",
    "throws": "Right",
    "birth_place": "Memphis, Tennessee, U.S.",
    "debutleague": "MLB",
    "debutdate": "June 26",
    "debutyear": "2005",
    "debutteam": "San Diego Padres",
    "finalleague": "MLB",
    "finaldate": "June 10",
    "finalyear": "2007",
    "finalteam": "New York Mets",
    "teams": [
        "San Diego Padres (2005\u20132006)",
        "New York Mets (2007)"
    ],
    "MLB": {
        "Batting average": ".230",
        "Home runs": "7",
        "Runs batted in": "26"
    },
    "birth_date": "1981-6-18"
}