{
    "name": "Ben Davis",
    "position": "Catcher",
    "birth_place": "Chester, Pennsylvania, U.S.",
    "bats": "Switch",
    "throws": "Right |debutleague = MLB",
    "debutdate": "September 25",
    "debutyear": "1998",
    "debutteam": "San Diego Padres |finalleague = MLB",
    "finaldate": "October 3",
    "finalyear": "2004",
    "finalteam": "Chicago White Sox",
    "statyear": "|statleague = MLB",
    "teams": [
        "San Diego Padres (1998\u20132001)",
        "Seattle Mariners (2002\u20132004)",
        "Chicago White Sox (2004)"
    ],
    "stats": {
        "Batting average": ".237",
        "Home runs": "38",
        "Runs batted in": "204"
    },
    "birth_date": "1977-3-10"
}