{
    "name": "Ben Wade",
    "position": "Pitcher",
    "birth_place": "Morehead City, North Carolina, U.S.",
    "death_date": "2002",
    "death_place": "Los Angeles, California, U.S.",
    "bats": "Right",
    "throws": "Right",
    "debutleague": "MLB",
    "debutdate": "April 30",
    "debutyear": "1948",
    "debutteam": "Chicago Cubs",
    "finalleague": "MLB",
    "finaldate": "June 12",
    "finalyear": "1955",
    "finalteam": "Pittsburgh Pirates",
    "teams": [
        "Chicago Cubs (1948)",
        "Brooklyn Dodgers (1952\u20131954)",
        "St. Louis Cardinals (1954)",
        "Pittsburgh Pirates (1955)"
    ],
    "MLB": {
        "Win\u2013loss record": "19\u201317",
        "Earned run average": "4.34",
        "Strikeouts": "235"
    },
    "birth_date": "1922-11-25"
}