{
    "name": "Ben Kozlowski",
    "position": "Pitcher",
    "birth_place": "St. Petersburg, Florida",
    "bats": "Left",
    "throws": "Left |debutleague = MLB",
    "debutdate": "September 19",
    "debutyear": "2002",
    "debutteam": "Texas Rangers |finalleague = MLB",
    "finaldate": "September 28",
    "finalyear": "2002",
    "finalteam": "Texas Rangers |debut2league = NPB",
    "debut2date": "March 28",
    "debut2year": "2008",
    "debut2team": "Hiroshima Toyo Carp |final2league = NPB",
    "final2date": "April 30",
    "final2year": "2009",
    "final2team": "Hiroshima Toyo Carp |statleague = MLB",
    "teams": [
        "Texas Rangers (2002)",
        "Hiroshima Toyo Carp (2008\u20132009)"
    ],
    "stats": {
        "Win\u2013loss record": "0\u20130",
        "Earned run average": "6.30",
        "Strikeouts": "6 |stat2league = NPB"
    },
    "stats2": {
        "Win\u2013loss record": "2\u20131",
        "Earned run average": "5.17",
        "Strikeouts": "31"
    },
    "birth_date": "1980-8-16"
}