{
    "name": "Ben Howard",
    "position": "Pitcher",
    "birth_place": "Danville, Illinois, U.S.|",
    "bats": "Right",
    "throws": "Right |debutleague = MLB",
    "debutdate": "April 28",
    "debutyear": "2002",
    "debutteam": "San Diego Padres |finalleague = MLB",
    "finaldate": "October 1",
    "finalyear": "2004",
    "finalteam": "Florida Marlins |statleague = MLB",
    "teams": [
        "San Diego Padres (2002\u20132003)",
        "Florida Marlins (2004)"
    ],
    "stats": {
        "Win\u2013loss record": "2\u20135",
        "Earned run average": "5.20",
        "Strikeouts": "67"
    },
    "birth_date": "1979-1-15"
}