{
    "name": "Bengie Molina",
    "position": "Catcher",
    "bats": "Right",
    "throws": "Right",
    "birth_place": "Rio Piedras, Puerto Rico |debutleague = MLB",
    "debutdate": "September 21",
    "debutyear": "1998",
    "debutteam": "Anaheim Angels |finalleague = MLB",
    "finaldate": "October 3",
    "finalyear": "2010",
    "finalteam": "Texas Rangers |statleague = MLB",
    "awards": [
        "World Series champion (2002)",
        "2\u00d7 Gold Glove Award (2002, 2003)"
    ],
    "stats": {
        "Batting average": ".274",
        "Home runs": "144",
        "Runs batted in": [
            "Anaheim Angels / Los Angeles Angels of Anaheim (1998\u20132005)",
            "Toronto Blue Jays (2006)",
            "San Francisco Giants (2007\u20132010)",
            "Texas Rangers (2010) '''As coach'''",
            "St. Louis Cardinals (2013)",
            "Texas Rangers (2014)"
        ]
    },
    "birth_date": "1974-7-20"
}