{
    "name": "Benny Ayala",
    "position": "Designated hitter / Left fielder",
    "birth_place": "Yauco, Puerto Rico",
    "bats": "Right",
    "throws": "Right |debutleague = MLB",
    "debutdate": "August 27",
    "debutyear": "1974",
    "debutteam": "New York Mets |finalleague = MLB",
    "finaldate": "October 2",
    "finalyear": "1985",
    "finalteam": "Cleveland Indians |statleague = MLB",
    "teams": [
        "New York Mets (1974, 1976)",
        "St. Louis Cardinals (1977)",
        "Baltimore Orioles (1979\u20131984)",
        "Cleveland Indians (1985)"
    ],
    "awards": [
        "World Series champion (1983)"
    ],
    "stats": {
        "Batting average": ".251",
        "Home runs": "38",
        "Runs batted in": "145"
    },
    "birth_date": "1951-2-7"
}