{
    "name": "Bernie Williams",
    "width": "250",
    "position": "Center fielder",
    "bats": "Switch",
    "throws": "Right",
    "birth_place": "San Juan, Puerto Rico |debutleague = MLB",
    "debutdate": "July 7",
    "debutyear": "1991",
    "debutteam": "New York Yankees |finalleague = MLB",
    "finaldate": "October 1",
    "finalyear": "2006",
    "finalteam": "New York Yankees |statleague = MLB",
    "teams": [
        "New York Yankees (1991\u20132006)"
    ],
    "highlights": [
        "5\u00d7 All-Star (1997\u20132001)",
        "4\u00d7 World Series champion (1996, 1998\u20132000)",
        "ALCS MVP (1996)",
        "4\u00d7 Gold Glove Award (1997\u20132000)",
        "Silver Slugger Award (2002)",
        "AL batting champion (1998)",
        "New York Yankees No. 51 retired",
        "Monument Park honoree |medaltemplates= Athletics PUR  CAC Junior Championships (U20) 1984 San Juan CAC Junior Championships (U17) 1984 San Juan 1984 San Juan 1984 San Juan 1984 San Juan"
    ],
    "stats": {
        "Batting average": ".297",
        "Hits": "2,336",
        "Home runs": "287",
        "Runs batted in": "1,257"
    },
    "birth_date": "1968-9-13"
}