{
    "name": "Bernie Boland",
    "position": "Pitcher",
    "bats": "Right",
    "throws": "Right",
    "birth_place": "Rochester, New York, U.S.",
    "death_date": "1973",
    "death_place": "Detroit, Michigan, U.S. |debutleague = MLB",
    "debutdate": "April 14",
    "debutyear": "1915",
    "debutteam": "Detroit Tigers |finalleague = MLB",
    "finaldate": "June 17",
    "finalyear": "1921",
    "finalteam": "St. Louis Browns |statleague = MLB",
    "teams": [
        "Detroit Tigers (1915\u20131920)",
        "St. Louis Browns (1921)"
    ],
    "stats": {
        "Win\u2013loss record": "68\u201353",
        "Earned run average": "3.25",
        "Strikeouts": "364"
    },
    "birth_date": "1892-1-21"
}