{
    "name": "Bill Campbell",
    "position": "Pitcher",
    "bats": "Right",
    "throws": "Right",
    "birth_place": "Highland Park, Michigan, U.S.",
    "death_date": "mf=yes",
    "death_place": "Palatine, Illinois, U.S. |debutleague = MLB",
    "debutdate": "July 14",
    "debutyear": "1973",
    "debutteam": "Minnesota Twins |finalleague = MLB",
    "finaldate": "April 30",
    "finalyear": "1987",
    "finalteam": "Montreal Expos |statleague = MLB",
    "teams": [
        "Minnesota Twins (1973\u20131976)",
        "Boston Red Sox (1977\u20131981)",
        "Chicago Cubs (1982\u20131983)",
        "Philadelphia Phillies (1984)",
        "St. Louis Cardinals (1985)",
        "Detroit Tigers (1986)",
        "Montreal Expos (1987)"
    ],
    "highlights": [
        "All-Star (1977)",
        "2\u00d7 AL Rolaids Relief Man Award (1976, 1977)",
        "AL saves leader (1977)"
    ],
    "stats": {
        "Win\u2013loss record": "83\u201368",
        "Earned run average": "3.54",
        "Strikeouts": "864",
        "Saves": "126"
    },
    "birth_date": "1948-08-09"
}