{
    "name": "Bill Armour",
    "width": "200",
    "position": "Outfielder / Manager",
    "bats": "Unknown",
    "throws": "Unknown",
    "birth_place": "Homestead, Pennsylvania, U.S.",
    "death_date": "1922",
    "death_place": "Minneapolis, Minnesota, U.S.",
    "teams": [
        "Bradford (1891)",
        "Oshkosh (1891)",
        "Toledo Black Pirates (1892)",
        "Kansas City Blues (1893)",
        "Paterson (1895)",
        "Montgomery Grays (1896) '''As manager'''",
        "Dayton Old Soldiers/Veterans (1897\u20131901)",
        "Cleveland Bronchos/Naps (1902\u20131904)",
        "Detroit Tigers (1905\u20131906) '''As president'''",
        "Toledo Mud Hens (1907\u20131911)"
    ],
    "birth_date": "1869-9-3"
}