{
    "name": "Billy O'Dell",
    "position": "Pitcher",
    "birth_place": "Whitmire, South Carolina, U.S.",
    "death_date": "2018",
    "death_place": "Newberry, South Carolina, U.S.",
    "bats": "Switch",
    "throws": "Left  |debutleague = MLB",
    "debutdate": "June 20",
    "debutyear": "1954",
    "debutteam": "Baltimore Orioles  |finalleague = MLB",
    "finaldate": "September 12",
    "finalyear": "1967",
    "finalteam": "Pittsburgh Pirates  |statleague = MLB",
    "teams": [
        "Baltimore Orioles (1954, 1956\u20131959)",
        "San Francisco Giants (1960\u20131964)",
        "Milwaukee / Atlanta Braves (1965\u20131966)",
        "Pittsburgh Pirates (1966\u20131967)"
    ],
    "highlights": [
        "2\u00d7 All-Star (1958, 1959\u00b2)"
    ],
    "stats": {
        "Win\u2013loss record": "105\u2013100",
        "Earned run average": "3.29",
        "Strikeouts": "1,133"
    },
    "birth_date": "1933-2-10"
}