{
    "name": "Billy Beane",
    "position": "President of baseball operations",
    "birth_place": "Orlando, Florida, U.S.",
    "team": "Oakland Athletics",
    "bats": "Right",
    "throws": "Right |debutleague = MLB",
    "debutdate": "September 13",
    "debutyear": "1984",
    "debutteam": "New York Mets |finalleague = MLB",
    "finaldate": "October 1",
    "finalyear": "1989",
    "finalteam": "Oakland Athletics |statleague = MLB",
    "teams": [
        "New York Mets (1984\u20131985)",
        "Minnesota Twins (1986\u20131987)",
        "Detroit Tigers (1988)",
        "Oakland Athletics (1989)  '''As general manager'''",
        "Oakland Athletics (1997\u20132015)"
    ],
    "highlights": [
        "MLB Executive of the Year Award (2018)",
        "3\u00d7 ''Sporting News'' Executive of the Year (1999, 2012, 2018)",
        "2\u00d7 ''Baseball America'' Executive of the Year (2002, 2013)"
    ],
    "stats": {
        "Batting average": ".220",
        "Home runs": "3",
        "Runs batted in": "29"
    },
    "birth_date": "1962-03-29"
}