{
    "name": "Bill Ford",
    "position": "Pitcher",
    "bats": "Right",
    "throws": "Right",
    "birth_place": "Buena Vista, Pennsylvania, US",
    "death_date": "1994",
    "death_place": "Jefferson, Pennsylvania, US |debutleague = MLB",
    "debutdate": "September 27",
    "debutyear": "1936",
    "debutteam": "Boston Bees |finalleague = MLB",
    "finaldate": "September 27",
    "finalyear": "1936",
    "finalteam": "Boston Bees |statleague = MLB |stat1label=Win\u2013loss record |stat1value=0\u20130 |stat2label=Earned run average |stat2value=infinite |stat3label=Strikeouts |stat3value=0",
    "teams": [
        "Boston Bees (1936)"
    ],
    "birth_date": "1915-10-14"
}