{
    "name": "Bill Bailey",
    "position": "Pitcher",
    "bats": "Left",
    "throws": "Left",
    "birth_place": "Fort Smith, Arkansas, U.S.",
    "death_date": "1926",
    "death_place": "Houston, Texas, U.S. |debutleague = MLB",
    "debutdate": "September 11",
    "debutyear": "1907",
    "debutteam": "St. Louis Browns |finalleague = MLB",
    "finaldate": "June 26",
    "finalyear": "1922",
    "finalteam": "St. Louis Cardinals |statleague = MLB",
    "teams": [
        "St. Louis Browns (1907\u20131912)",
        "Baltimore Terrapins (1914\u20131915)",
        "Chicago Whales (1915)",
        "Detroit Tigers (1918)",
        "St. Louis Cardinals (1921\u20131922)"
    ],
    "stats": {
        "Win\u2013loss record": "38\u201376",
        "Earned run average": "3.57",
        "Strikeouts": "570"
    },
    "birth_date": "1888-4-12"
}