{
    "name": "Bill Veeck",
    "birth_name": "William Louis Veeck Jr.",
    "birth_place": "Chicago, Illinois, U.S.",
    "death_date": "1986",
    "death_place": "Chicago, Illinois, U.S.",
    "education": "Kenyon College (did not graduate)",
    "spouse": [],
    "{{marriage|Eleanor Raymond|1935|1949|reason": "divorced",
    "children": "9",
    "parents": "William Veeck Sr. (father), Grace DeForest (mother)",
    "highlights": [
        "World Series champion (1948)",
        "Signed Larry Doby to the Indians and helped integrate the American League in 1947.",
        "Cleveland Guardians Hall of Fame"
    ],
    "embed": "yes",
    "hoflink": "National Baseball Hall of Fame",
    "hoftype": "National",
    "hofdate": "1991",
    "hofmethod": "Veterans Committee  ",
    "birth_date": "1914-2-9"
}