{
    "name": "Bill Zuber",
    "position": "Pitcher",
    "birth_place": "Middle Amana, Iowa, U.S.",
    "death_date": "1982",
    "death_place": "Cedar Rapids, Iowa, U.S.",
    "bats": "Right",
    "throws": "Right |debutleague = MLB",
    "debutdate": "September 16",
    "debutyear": "1936",
    "debutteam": "Cleveland Indians |finalleague = MLB",
    "finaldate": "September 23",
    "finalyear": "1947",
    "finalteam": "Boston Red Sox",
    "teams": [
        "Cleveland Indians (1936\u20131940)",
        "Washington Senators (1941\u20131942)",
        "New York Yankees (1943\u20131946)",
        "Boston Red Sox (1946\u20131947) |highlights=",
        "World Series champion (1943)"
    ],
    "stats": {
        "Win\u2013loss record": "43\u201342 |statleague = MLB",
        "Earned run average": "4.28",
        "Strikeouts": "383"
    },
    "birth_date": "1913-3-26"
}