{
    "name": "Bill Foster",
    "position": "Pitcher",
    "birth_place": "Calvert, Texas, U.S.",
    "death_date": "1978",
    "death_place": "Lorman, Mississippi, U.S.",
    "bats": "Switch",
    "throws": "Left",
    "debutleague": "Negro National League",
    "debutdate": "1923",
    "debutteam": "Memphis Red Sox",
    "finaldate": "1937",
    "finalteam": "Chicago American Giants",
    "teams": [
        "Memphis Red Sox (1923\u201324)",
        "Chicago American Giants (1923\u20131930, 1932\u20131935, 1937)",
        "Birmingham Black Barons (1925)",
        "Homestead Grays (1931)",
        "Kansas City Monarchs (1931)",
        "Pittsburgh Crawfords (1936)"
    ],
    "highlights": [
        "2\u00d7 All-Star (1933, 1934)",
        "2\u00d7 Negro League World Series champion (1926, 1927)"
    ],
    "hoflink": "National Baseball Hall of Fame",
    "hoftype": "National",
    "hofdate": "1996",
    "hofmethod": "Veterans Committee ",
    "stats": {
        "Win\u2013loss record": "110\u201356",
        "Earned run average": "2.63",
        "Strikeouts": "922"
    },
    "birth_date": "1904-6-12"
}