{
    "name": "Bill Bruton",
    "position": "Outfielder",
    "bats": "Left",
    "throws": "Right",
    "birth_place": "Panola, Alabama, U.S.",
    "death_date": "1995",
    "death_place": "Marshallton, Delaware, U.S. |debutleague = MLB",
    "debutdate": "April 13",
    "debutyear": "1953",
    "debutteam": "Milwaukee Braves |finalleague = MLB",
    "finaldate": "October 2",
    "finalyear": "1964",
    "finalteam": "Detroit Tigers |statleague = MLB",
    "teams": [
        "Milwaukee Braves (1953\u20131960)",
        "Detroit Tigers (1961\u20131964)"
    ],
    "highlights": [
        "3\u00d7 NL stolen base leader (1953\u20131955)"
    ],
    "stats": {
        "Batting average": ".273",
        "Home runs": "94",
        "Runs batted in": "545"
    },
    "birth_date": "1925-11-9"
}