{
    "name": "Bill Hall",
    "position": "Infielder / Outfielder",
    "bats": "Right",
    "throws": "Right",
    "birth_place": "Nettleton, Mississippi, U.S. |debutleague = MLB",
    "debutdate": "September 1",
    "debutyear": "2002",
    "debutteam": "Milwaukee Brewers |finalleague = MLB",
    "finaldate": "June 1",
    "finalyear": "2012",
    "finalteam": "Baltimore Orioles |statleague = MLB",
    "teams": [
        "Milwaukee Brewers (2002\u20132009)",
        "Seattle Mariners (2009)",
        "Boston Red Sox (2010)",
        "Houston Astros (2011)",
        "San Francisco Giants (2011)",
        "Baltimore Orioles (2012) |highlights =",
        "Milwaukee Brewers Wall of Honor"
    ],
    "stats": {
        "Batting average": ".248",
        "Home runs": "125",
        "Runs batted in": "440"
    },
    "birth_date": "1979-12-28"
}