{
    "name": "Bill Long",
    "position": "Pitcher",
    "birth_place": "Cincinnati, Ohio, U.S.",
    "bats": "Right",
    "throws": "Right |debutleague = MLB",
    "debutdate": "July 21",
    "debutyear": "1985",
    "debutteam": "Chicago White Sox |finalleague = MLB",
    "finaldate": "April 14",
    "finalyear": "1991",
    "finalteam": "Montreal Expos |statleague = MLB",
    "teams": [
        "Chicago White Sox (1985\u20131990)",
        "Chicago Cubs (1990)",
        "Montreal Expos (1991)"
    ],
    "stats": {
        "Win\u2013loss record": "27\u201327",
        "Earned run average": "4.37",
        "Strikeouts": "247"
    },
    "birth_date": "1960-2-29"
}