{
    "name": "Bill Donovan",
    "position": "Pitcher",
    "birth_place": "Lawrence, Massachusetts, U.S.",
    "death_date": "1923",
    "death_place": "Forsyth, New York, U.S.",
    "bats": "Right",
    "throws": "Right |debutleague = MLB",
    "debutdate": "April 22",
    "debutyear": "1898",
    "debutteam": "Washington Senators |finalleague = MLB",
    "finaldate": "September 2",
    "finalyear": "1918",
    "finalteam": "Detroit Tigers |statleague = MLB",
    "teams": [
        "Washington Senators (1898)",
        "Brooklyn Superbas (1899\u20131902)",
        "Detroit Tigers (1903\u20131912)",
        "New York Yankees (1915\u20131916)",
        "Detroit Tigers (1918) '''As Manager'''",
        "New York Yankees (1915\u20131917)",
        "Philadelphia Phillies (1921)"
    ],
    "highlights": [
        "NL wins leader (1901)"
    ],
    "stats": {
        "Win\u2013loss record": "186\u2013139",
        "Earned run average": "2.69",
        "Strikeouts": "1,552"
    },
    "birth_date": "1876-10-13"
}