{
    "name": "Bill Gullickson",
    "position": "Pitcher",
    "bats": "Right",
    "throws": "Right",
    "birth_place": "Marshall, Minnesota, U.S.",
    "width": "300",
    "debutleague": "MLB",
    "debutdate": "September 26",
    "debutyear": "1979",
    "debutteam": "Montreal Expos",
    "debut2league": "NPB",
    "debut2date": "April 9",
    "debut2year": "1988",
    "debut2team": "Yomiuri Giants",
    "final2league": "MLB",
    "final2date": "August 7",
    "final2year": "1994",
    "final2team": "Detroit Tigers",
    "finalleague": "NPB",
    "finaldate": "August 13",
    "finalyear": "1989",
    "finalteam": "Yomiuri Giants",
    "teams": [
        "Montreal Expos (1979\u20131985)",
        "Cincinnati Reds (1986\u20131987)",
        "New York Yankees (1987)",
        "Yomiuri Giants  (1988\u20131989)",
        "Houston Astros (1990)",
        "Detroit Tigers (1991\u20131994)"
    ],
    "highlights": [
        "AL wins leader (1991)"
    ],
    "MLB": {
        "Win\u2013loss record": "162\u2013136",
        "Earned run average": "3.93",
        "Strikeouts": "1,279"
    },
    "NPB": {
        "Win\u2013loss record": "21\u201314",
        "Earned run average": "3.29",
        "Strikeouts": "231"
    },
    "birth_date": "1959-2-20"
}