{
    "name": "Bill Laskey",
    "position": "Pitcher",
    "bats": "Right",
    "throws": "Right",
    "birth_place": "Toledo, Ohio, U.S. |debutleague = MLB",
    "debutdate": "April 23",
    "debutyear": "1982",
    "debutteam": "San Francisco Giants |finalleague = MLB",
    "finaldate": "August 13",
    "finalyear": "1988",
    "finalteam": "Cleveland Indians |statleague = MLB",
    "teams": [
        "San Francisco Giants (1982\u20131985)",
        "Montreal Expos (1985)",
        "San Francisco Giants (1986)",
        "Cleveland Indians (1988)"
    ],
    "stats": {
        "Win\u2013loss record": "42\u201353",
        "Earned run average": "4.14",
        "Strikeouts": "325"
    },
    "birth_date": "1957-12-20"
}