{
    "name": "Bill Plummer",
    "positionplain": "Catcher",
    "birth_place": "Oakland, California, U.S.",
    "death_date": "2024",
    "death_place": "Redding, California, U.S.",
    "bats": "Right",
    "throws": "Right",
    "debutleague": "MLB",
    "debutdate": "April 19",
    "debutyear": "1968",
    "debutteam": "Chicago Cubs",
    "finalleague": "MLB",
    "finaldate": "September 7",
    "finalyear": "1978",
    "finalteam": "Seattle Mariners",
    "teams": [
        "Chicago Cubs (1968)",
        "Cincinnati Reds (1970\u20131977)",
        "Seattle Mariners (1978) '''As manager'''",
        "Seattle Mariners (1992) '''As coach'''",
        "Seattle Mariners (1982\u20131983, 1988\u20131991)",
        "Colorado Rockies (1993\u20131994)"
    ],
    "highlights": [
        "2\u00d7 World Series champion (1975, 1976)"
    ],
    "MLB": {
        "Batting average": ".188",
        "Home runs": "14",
        "Runs batted in": "82",
        "Managerial record": "64\u201398",
        "Winning %": "64"
    },
    "birth_date": "1947-3-21"
}