{
    "name": "Bill Bray",
    "position": "Relief pitcher",
    "birth_place": "Virginia Beach, Virginia, U.S.",
    "bats": "Left",
    "throws": "Left",
    "debutleague": "MLB",
    "debutdate": "June 3",
    "debutyear": "2006",
    "debutteam": "Washington Nationals",
    "finalleague": "MLB",
    "finaldate": "July 30",
    "finalyear": "2012",
    "finalteam": "Cincinnati Reds",
    "teams": [
        "Washington Nationals (2006)",
        "Cincinnati Reds (2006\u20132008, 2010\u20132012)"
    ],
    "MLB": {
        "Win\u2013loss record": "13\u201312",
        "Earned run average": "3.74",
        "Strikeouts": "188"
    },
    "birth_date": "1983-6-5"
}