{
    "name": "Bill Mueller",
    "team": "Miami Marlins",
    "number": "32",
    "position": "Third baseman/Quality Control coach",
    "bats": "Switch",
    "throws": "Right",
    "birth_place": "Maryland Heights, Missouri, U.S. |debutleague = MLB",
    "debutdate": "April 18",
    "debutyear": "1996",
    "debutteam": "San Francisco Giants |finalleague = MLB",
    "finaldate": "May 11",
    "finalyear": "2006",
    "finalteam": "Los Angeles Dodgers |statleague = MLB",
    "highlights": [
        "World Series champion (2004)",
        "Silver Slugger Award (2003)",
        "AL batting champion (2003)"
    ],
    "stats": {
        "Batting average": ".291",
        "Home runs": "85",
        "Runs batted in": [
            "San Francisco Giants (1996\u20132000)",
            "Chicago Cubs (2001\u20132002)",
            "San Francisco Giants (2002)",
            "Boston Red Sox (2003\u20132005)",
            "Los Angeles Dodgers (2006) '''As coach'''",
            "Los Angeles Dodgers (2007)",
            "Chicago Cubs (2014)",
            "St. Louis Cardinals (2015\u20132018)",
            "Washington Nationals (2022\u20132023)",
            "Miami Marlins (2024\u2013present)"
        ]
    },
    "birth_date": "1971-3-17"
}