{
    "position": "Outfielder",
    "name": "Billy Hatcher",
    "birth_place": "Williams, Arizona, U.S.",
    "bats": "Right",
    "throws": "Right |debutleague = MLB",
    "debutdate": "September 10",
    "debutyear": "1984",
    "debutteam": "Chicago Cubs |finalleague = MLB",
    "finaldate": "May 9",
    "finalyear": "1995",
    "finalteam": "Texas Rangers |statleague = MLB",
    "stats": {
        "Batting average": ".264",
        "Home runs": "54",
        "Runs batted in": [
            "Chicago Cubs (1984\u20131985)",
            "Houston Astros (1986\u20131989)",
            "Pittsburgh Pirates (1989)",
            "Cincinnati Reds (1990\u20131992)",
            "Boston Red Sox (1992\u20131994)",
            "Philadelphia Phillies (1994)",
            "Texas Rangers (1995) '''As coach'''",
            "Tampa Bay Devil Rays (1998\u20132005)",
            "Cincinnati Reds (2006\u20132018)",
            "Miami Marlins (2020) |highlights=",
            "World Series champion (1990)"
        ]
    },
    "birth_date": "1960-10-4"
}