{
    "name": "Bill Hoffman",
    "position": "Pitcher",
    "birth_place": "Philadelphia, Pennsylvania",
    "death_date": "2004",
    "death_place": "Roxborough, Pennsylvania",
    "bats": "Left",
    "throws": "Left",
    "debutleague": "MLB",
    "debutdate": "August 13",
    "debutyear": "1939",
    "debutteam": "Philadelphia Phillies",
    "finalleague": "MLB",
    "finaldate": "August 26",
    "finalyear": "1939",
    "finalteam": "Philadelphia Phillies",
    "teams": [
        "Philadelphia Phillies (1939)"
    ],
    "stats": {
        "Win\u2013loss record": "0\u20130",
        "Earned run average": "13.50",
        "Strikeouts": "1"
    },
    "birth_date": "1918-03-03"
}