{
    "name": "Bill Caudill",
    "position": "Pitcher",
    "birth_place": "Santa Monica, California, U.S.",
    "bats": "Right",
    "throws": "Right |debutleague = MLB",
    "debutdate": "May 12",
    "debutyear": "1979",
    "debutteam": "Chicago Cubs |finalleague = MLB",
    "finaldate": "July 28",
    "finalyear": "1987",
    "finalteam": "Oakland Athletics |statleague = MLB",
    "teams": [
        "Chicago Cubs (1979\u20131981)",
        "Seattle Mariners (1982\u20131983)",
        "Oakland Athletics (1984)",
        "Toronto Blue Jays (1985\u20131986)",
        "Oakland Athletics (1987) |highlights  =",
        "All-Star (1984)"
    ],
    "stats": {
        "Win\u2013loss record": "35\u201352",
        "Earned run average": "3.68",
        "Strikeouts": "620",
        "Saves": "106"
    },
    "birth_date": "1956-7-13"
}