{
    "name": "Billy Wagner",
    "width": "270",
    "position": "Pitcher",
    "bats": "Left",
    "throws": "Left",
    "birth_place": "Marion, Virginia, U.S. |debutleague = MLB",
    "debutdate": "September 13",
    "debutyear": "1995",
    "debutteam": "Houston Astros |finalleague = MLB",
    "finaldate": "October 3",
    "finalyear": "2010",
    "finalteam": "Atlanta Braves |statleague = MLB",
    "teams": [
        "Houston Astros (1995\u20132003)",
        "Philadelphia Phillies (2004\u20132005)",
        "New York Mets (2006\u20132009)",
        "Boston Red Sox (2009)",
        "Atlanta Braves (2010)"
    ],
    "highlights": [
        "7\u00d7 All-Star (1999, 2001, 2003, 2005, 2007, 2008, 2010)",
        "NL Rolaids Relief Man Award (1999)",
        "Pitched a combined no-hitter on June 11, 2003",
        "Houston Astros Hall of Fame"
    ],
    "stats": {
        "Win\u2013loss record": "47\u201340",
        "Earned run average": "2.31",
        "Strikeouts": "1,196",
        "Saves": "422"
    },
    "birth_date": "1971-7-25"
}