{
    "name": "Billy Loes",
    "position": "Pitcher",
    "bats": "Right",
    "throws": "Right",
    "birth_place": "Long Island City, New York City, New York, U.S.",
    "death_date": "death_place=Tucson, Arizona, U.S. |debutleague = M",
    "debutdate": "May 18",
    "debutyear": "1950",
    "debutteam": "Brooklyn Dodgers |finalleague = MLB",
    "finaldate": "September 14",
    "finalyear": "1961",
    "finalteam": "San Francisco Giants |statleague = MLB",
    "teams": [
        "Brooklyn Dodgers (1950, 1952\u20131956)",
        "Baltimore Orioles (1956\u20131959)",
        "San Francisco Giants (1960\u20131961)"
    ],
    "highlights": [
        "All-Star (1957)",
        "World Series champion (1955)"
    ],
    "stats": {
        "Win\u2013loss record": "80\u201363",
        "Earned run average": "3.89",
        "Strikeouts": "645"
    },
    "birth_date": "1929-12-13"
}