{
    "name": "Billy Bean",
    "position": "Outfielder",
    "birth_place": "Santa Ana, California, U.S.",
    "bats": "Left",
    "throws": "Left |debutleague = MLB",
    "debutdate": "April 24",
    "debutyear": "1987",
    "debutteam": "Detroit Tigers |debut2league = NPB",
    "debut2year": "1992",
    "debut2team": "Kintetsu Buffaloes |finalleague = MLB",
    "finaldate": "July 8",
    "finalyear": "1995",
    "finalteam": "San Diego Padres |final2league = NPB",
    "final2year": "1992",
    "final2team": "Kintetsu Buffaloes |statleague = MLB",
    "teams": [
        "Detroit Tigers (1987\u20131989)",
        "Los Angeles Dodgers (1989)",
        "Kintetsu Buffaloes (1992)",
        "San Diego Padres (1993\u20131995)"
    ],
    "stats": {
        "Batting average": ".226",
        "Home runs": "5",
        "Runs batted in": "53"
    },
    "birth_date": "1964-5-11"
}