{
    "name": "Biz Mackey",
    "position": "Catcher / Manager",
    "birth_place": "Eagle Pass, Texas, U.S.",
    "death_date": "1965",
    "death_place": "Los Angeles, California, U.S.",
    "bats": "Switch",
    "throws": "Right",
    "debutleague": "Negro leagues",
    "debutyear": "1918",
    "debutteam": "San Antonio Black Aces",
    "finalyear": "1950",
    "finalteam": "Newark Eagles",
    "statleague": "|stat1label=Batting average |stat1value=.328 |stat2label=Hits |stat2value=1,008 |stat3label=Home runs |stat3value=52 |stat4label=Runs batted in |stat4value=603 |stat5label  = Managerial record |stat5value  = 186\u2013143\u20139 |stat6label  = Winning percentage |stat6value  = .565",
    "teams": [
        "San Antonio Black Aces (1918)",
        "St. Louis Giants (1920)",
        "Indianapolis ABCs (1920\u20131922)",
        "Hilldale Daisies (1923\u20131931)  https://docs.google.com/open?id=0B1Wcncq5-bHdVWNfU0VTOTlZMlk \"With Taber on Mound Chester Beats Hilldale\" Chester Times, Chester, PA, Tuesday, July 29, 1924, Page 6, Column 1",
        "Philadelphia Royal Giants (1925)",
        "Baltimore Black Sox (1928, 1930)",
        "Pittsburgh Crawfords (1933)",
        "Philadelphia Stars (1933\u20131935)",
        "Newark Dodgers (1935)",
        "Washington Elite Giants (1936\u20131937)",
        "Baltimore Elite Giants (1938\u20131939)",
        "Newark Eagles (1939\u20131941, 1945\u20131947, 1950)"
    ],
    "highlights": [
        "5\u00d7 East-West All-Star Game (1933, 1935, 1936, 1938, 1947)",
        "2\u00d7 Negro World Series champion (1925, 1946)",
        "Eastern Colored League batting champion (1923)"
    ],
    "hoflink": "National Baseball Hall of Fame",
    "hoftype": "National",
    "hofdate": "2006",
    "hofmethod": "Committee on African-American Baseball ",
    "birth_date": "1897-7-27"
}