{
    "name": "Blaine Neal",
    "position": "Relief pitcher",
    "bats": "Left",
    "throws": "Right",
    "birth_place": "Marlton, New Jersey, U.S.",
    "debutleague": "MLB",
    "debutdate": "September 3",
    "debutyear": "2001",
    "debutteam": "Florida Marlins",
    "finalleague": "MLB",
    "finaldate": "June 15",
    "finalyear": "2005",
    "finalteam": "Colorado Rockies",
    "teams": [
        "Florida Marlins (2001\u20132003)",
        "San Diego Padres (2004)",
        "Boston Red Sox (2005)",
        "Colorado Rockies (2005) |medaltemplates= Men's baseball Country Olympic Games  2008 Beijing"
    ],
    "MLB": {
        "Win\u2013loss record": "5-4",
        "Earned run average": "5.08",
        "Strikeouts": "93"
    },
    "birth_date": "1978-4-6"
}