{
    "debutdate": "June 12",
    "debutyear": "2005",
    "debutteam": "Atlanta Braves |debut2league=NPB",
    "debut2date": "June 23",
    "debut2year": "2013",
    "debut2team": "Hanshin Tigers",
    "finalleague": "NPB",
    "finalyear": "2013",
    "finalteam": "Hanshin Tigers",
    "final2league": "MLB",
    "final2date": "August 14",
    "final2year": "2018",
    "final2team": "Kansas City Royals |statleague=MLB",
    "stats": {
        "Win\u2013loss record": "17\u201327",
        "Earned run average": "4.55",
        "Strikeouts": "292 |stat2league=NPB"
    },
    "stats2": {
        "Win\u2013loss record": "3\u20131",
        "Earned run average": "2.67",
        "Strikeouts": [
            "Atlanta Braves (2005\u20132009)",
            "St. Louis Cardinals (2009)",
            "Arizona Diamondbacks (2009\u20132010)",
            "New York Mets (2011)",
            "Hanshin Tigers (2013)",
            "San Diego Padres (2014)",
            "Minnesota Twins (2015)",
            "Milwaukee Brewers (2016)",
            "Boston Red Sox (2017)",
            "Kansas City Royals (2018)"
        ]
    }
}