{
    "name": "Bo Hart",
    "position": "Second baseman",
    "birth_place": "Creswell, Oregon, U.S.",
    "bats": "Right",
    "throws": "Right |debutleague = MLB",
    "debutdate": "June 19",
    "debutyear": "2003",
    "debutteam": "St. Louis Cardinals |finalleague = MLB",
    "finaldate": "April 29",
    "finalyear": "2004",
    "finalteam": "St. Louis Cardinals |statleague = MLB",
    "teams": [
        "St. Louis Cardinals (2003\u20132004)"
    ],
    "stats": {
        "Batting average": ".274",
        "Home runs": "4",
        "Runs batted in": "30"
    },
    "birth_date": "1976-9-27"
}