{
    "name": "Bo Jackson",
    "birth_place": "Bessemer, Alabama, U.S.",
    "embed": "yes",
    "number": "34",
    "position": "Outfielder / Designated hitter",
    "height_ft": "6",
    "height_in": "1",
    "weight_lb": "230",
    "high_school": "McAdory ,  (McCalla, Alabama)",
    "college": "Auburn (1982\u20131985)",
    "draftyear": "1986",
    "draftround": "1",
    "draftpick": "1Originally drafted by Tampa Bay, he refused to play for the Buccaneers and was re-drafted by the Los Angeles Raiders in 1987 / Round 7 / Pick 183",
    "pastteams": [
        "Los Angeles Raiders (1987)"
    ],
    "highlights": [
        "All-Star (1989)",
        "All-Star MVP (1989)"
    ],
    "statlabel1": "Rushing yards",
    "statvalue1": "2,782",
    "statlabel2": "Rushing average",
    "statvalue2": "5.4",
    "statlabel3": "Rushing touchdowns",
    "statvalue3": "18",
    "statlabel4": "Receptions",
    "statvalue4": "40",
    "statlabel5": "Receiving yards",
    "statvalue5": "352",
    "statlabel6": "Receiving touchdowns",
    "statvalue6": "2",
    "nfl": "Bo-Jackson",
    "pfr": "J/JackBo00",
    "CollegeHOF": "2042 ",
    "module2": "Infobox baseball biography",
    "bats": "Right",
    "throws": "Right",
    "debutleague": "MLB",
    "debutdate": "September 2",
    "debutyear": "1986",
    "debutteam": "Kansas City Royals",
    "finalleague": "MLB",
    "finaldate": "August 10",
    "finalyear": "1994",
    "finalteam": "California Angels",
    "teams": [
        "Kansas City Royals (1986\u20131990)",
        "Chicago White Sox (1991, 1993)",
        "California Angels (1994)"
    ],
    "MLB": {
        "Batting average": ".250",
        "Home runs": "141",
        "RBI": "415"
    },
    "birth_date": "1962-11-30"
}