{
    "name": "Bob Howry",
    "position": "Pitcher",
    "birth_place": "Phoenix, Arizona, U.S.",
    "bats": "Left",
    "throws": "Right |debutleague = MLB",
    "debutdate": "June 21",
    "debutyear": "1998",
    "debutteam": "Chicago White Sox |finalleague = MLB",
    "finaldate": "July 28",
    "finalyear": "2010",
    "finalteam": "Chicago Cubs |statleague = MLB",
    "teams": [
        "Chicago White Sox (1998\u20132002)",
        "Boston Red Sox (2002\u20132003)",
        "Cleveland Indians (2004\u20132005)",
        "Chicago Cubs (2006\u20132008)",
        "San Francisco Giants (2009)",
        "Arizona Diamondbacks (2010)",
        "Chicago Cubs (2010)"
    ],
    "stats": {
        "Win\u2013loss record": "45\u201352",
        "Earned run average": "3.84",
        "Strikeouts": "653"
    },
    "birth_date": "1973-8-4"
}