{
    "name": "Bob Melvin",
    "team": "San Francisco Giants",
    "number": "6",
    "position": "Catcher / Manager",
    "birth_place": "Palo Alto, California, U.S.",
    "bats": "Right",
    "throws": "Right",
    "debutleague": "MLB",
    "debutdate": "May 25",
    "debutyear": "1985",
    "debutteam": "Detroit Tigers",
    "finalleague": "MLB",
    "finaldate": "August 6",
    "finalyear": "1994",
    "finalteam": "Chicago White Sox",
    "teams": [
        "Detroit Tigers (1985)",
        "San Francisco Giants (1986\u20131988)",
        "Baltimore Orioles (1989\u20131991)",
        "Kansas City Royals (1992)",
        "Boston Red Sox (1993)",
        "New York Yankees (1994)",
        "Chicago White Sox (1994) '''As manager'''",
        "Seattle Mariners (2003\u20132004)",
        "Arizona Diamondbacks (2005\u20132009)",
        "Oakland Athletics (2011\u20132021)",
        "San Diego Padres (2022\u20132023)",
        "San Francisco Giants (2024\u2013present)  '''As coach'''",
        "Milwaukee Brewers (1999)",
        "Detroit Tigers (2000)",
        "Arizona Diamondbacks (2001\u20132002)"
    ],
    "highlights": [
        "World Series champion (2001)",
        "3\u00d7 Manager of the Year (2007, 2012, 2018)"
    ],
    "MLB": {
        "Batting average": ".233",
        "Home runs": "35",
        "Runs batted in": "212",
        "Managerial record": "1,529\u20131,439",
        "Winning %": "1,529"
    },
    "birth_date": "1961-10-28"
}