{
    "name": "Bob Kennedy",
    "position": "Outfielder / Third baseman / Manager",
    "birth_place": "Chicago, Illinois, U.S.",
    "death_date": "2005",
    "death_place": "Mesa, Arizona, U.S.",
    "bats": "Right",
    "throws": "Right |debutleague = MLB",
    "debutdate": "September 14",
    "debutyear": "1939",
    "debutteam": "Chicago White Sox |finalleague = MLB",
    "finaldate": "September 29",
    "finalyear": "1957",
    "finalteam": "Brooklyn Dodgers |statleague = MLB",
    "teams": [
        "Chicago White Sox (1939\u20131942, 1946\u20131948)",
        "Cleveland Indians (1948\u20131954)",
        "Baltimore Orioles (1954\u20131955)",
        "Chicago White Sox (1955\u20131956)",
        "Detroit Tigers (1956)",
        "Chicago White Sox (1957)",
        "Brooklyn Dodgers (1957) '''As manager'''",
        "Chicago Cubs (1963\u20131965)",
        "Oakland Athletics (1968)"
    ],
    "highlights": [
        "World Series champion (1948)"
    ],
    "stats": {
        "Batting average": ".254",
        "Home runs": "63",
        "Runs batted in": "514 |stat4label=Managerial record |stat4value=264\u2013278 |stat5label=Winning % |stat5value=264"
    },
    "birth_date": "1920-8-18"
}