{
    "name": "Bob Ferguson",
    "position": "Third baseman/Second baseman/Catcher/Manager/Umpire",
    "bats": "Both",
    "throws": "Right",
    "birth_place": "Brooklyn, New York, U.S.",
    "death_date": "mf=yes",
    "death_place": "Brooklyn, New York, U.S. |debutleague = MLB",
    "debutdate": "May 18",
    "debutyear": "1871",
    "debutteam": "New York Mutuals |finalleague = MLB",
    "finaldate": "July 1",
    "finalyear": "1884",
    "finalteam": "Pittsburgh Alleghenys |statleague = MLB",
    "teams": ";  National Association of Base Ball Players : Enterprise of Brooklyn (1865) : Brooklyn Atlantics (1866&ndash;1870) ;  League player : New York Mutuals (1871) : Brooklyn Atlantics (1872\u20131874) : Hartford Dark Blues (1875\u20131877) : Chicago White Stockings (1878) : Troy Trojans (1879\u20131882) : Philadelphia Quakers (1883) : Pittsburgh Alleghenys (1884) ;  League manager : New York Mutuals (1871) : Brooklyn Atlantics (1872\u20131874) : Hartford Dark Blues (1875\u20131877) : Chicago White Stockings (1878) : Troy Trojans (1879\u20131882) : Philadelphia Quakers (1883) : Pittsburgh Alleghenys (1884) : New York Metropolitans (1886\u20131887)",
    "highlights": [
        "Served as President of National Association (1872\u20131875)",
        "Led the National League in on-base percentage (1878)",
        "Held major league record for career games as an umpire (1890\u20131893), with a final total of 786"
    ],
    "stats": {
        "Batting average": ".265",
        "Home runs": "1",
        "Runs batted in": "357",
        "Managerial record": "417\u2013516\u201316"
    },
    "birth_date": "1845-1-31"
}