{
    "name": "Bobby Robinson",
    "position": "Third base",
    "birth_place": "Whistler, Alabama",
    "death_date": "2002",
    "death_place": "Chicago, Illinois",
    "bats": "Right",
    "throws": "Right",
    "debutleague": "Negro league baseball",
    "debutyear": "1925",
    "debutteam": "Indianapolis ABCs",
    "finalyear": "1940",
    "finalteam": "St. Louis\u2013New Orleans Stars",
    "teams": [
        "Indianapolis ABCs (1925\u201326)",
        "Birmingham Black Barons (1927)",
        "Memphis Red Sox (1927\u201328)",
        "Detroit Stars (1929\u201331)",
        "Cleveland Stars (1932)",
        "Cleveland Red Sox (1934)",
        "Nashville Elite Giants (1934)",
        "Bacharach Giants (1936)",
        "Indianapolis ABCs/St. Louis Stars/St. Louis\u2013New Orleans Stars (1938-1940)"
    ],
    "birth_date": "1903-10-25"
}