{
    "name": "Bobby Abreu",
    "position": "Right fielder",
    "bats": "Left",
    "throws": "Right",
    "birth_place": "Turmero, Aragua, Venezuela |debutleague = MLB",
    "debutdate": "September 1",
    "debutyear": "1996",
    "debutteam": "Houston Astros |finalleague = MLB",
    "finaldate": "September 28",
    "finalyear": "2014",
    "finalteam": "New York Mets |statleague = MLB",
    "teams": [
        "Houston Astros (1996\u20131997)",
        "Philadelphia Phillies (1998\u20132006)",
        "New York Yankees (2006\u20132008)",
        "Los Angeles Angels of Anaheim (2009\u20132012)",
        "Los Angeles Dodgers (2012)",
        "New York Mets (2014) |awards=",
        "2\u00d7 All-Star (2004, 2005)",
        "Gold Glove Award (2005)",
        "Silver Slugger Award (2004)",
        "Philadelphia Phillies Wall of Fame |hofcolor = #ffd700 |hoflink = Venezuelan Baseball Hall of Fame and Museum |hoftype = Venezuelan |hofdate = 2021 |hofvote = 82% |hofmethod = Contemporary Committee"
    ],
    "stats": {
        "Batting average": ".291",
        "Hits": "2,470",
        "Home runs": "288",
        "Runs batted in": "1,363",
        "Stolen bases": "400"
    },
    "birth_date": "1974-3-11"
}