{
    "name": "Bobby Jenks",
    "position": "Pitcher",
    "birth_place": "Mission Hills, California, U.S.",
    "bats": "Right",
    "throws": "Right |debutleague = MLB",
    "debutdate": "July 6",
    "debutyear": "2005",
    "debutteam": "Chicago White Sox |finalleague = MLB",
    "finaldate": "July 7",
    "finalyear": "2011",
    "finalteam": "Boston Red Sox |statleague = MLB",
    "teams": [
        "Chicago White Sox (2005\u20132010)",
        "Boston Red Sox (2011)"
    ],
    "awards": [
        "2\u00d7 All-Star (2006, 2007)",
        "World Series champion (2005)"
    ],
    "stats": {
        "Win\u2013loss record": "16\u201320",
        "Earned run average": "3.53",
        "Strikeouts": "351",
        "Saves": "173"
    },
    "birth_date": "1981-3-14"
}