{
    "death_date": "2020",
    "death_place": [
        "California Angels (1973\u20131974)",
        "Oakland Athletics (1977\u20131978) '''As coach'''",
        "California Angels (1972)",
        "Oakland Athletics (1974\u20131975)",
        "San Francisco Giants (1976\u20131977)",
        "Chicago White Sox (1979\u20131981)",
        "Montreal Expos (1986\u20131988) |highlights=",
        "World Series champion (1974)"
    ],
    "coach_years1": "1959\u20131971",
    "coach_team1": "Arizona State",
    "overall_record": "524 (college)",
    "championships": [
        "3\u00d7 College World Series (1965, 1967, 1969)"
    ]
}