{
    "name": "Bobby Marcano",
    "birth_name": "Roberto Antonio Marcano Cherubinidate=January 2023",
    "position": "Infielder",
    "bats": "Right",
    "throws": "Right",
    "birth_place": "El Clavo, Miranda, Venezuela",
    "death_date": "1990",
    "debutleague": "NPB",
    "debutyear": "1975",
    "debutteam": "Hankyu Braves",
    "finaldate": "|finalyear = 1985 |finalteam = Yakult Swallows",
    "statyear": "1985 season",
    "teams": [
        "Hankyu Braves (1975&ndash;1982)",
        "Yakult Swallows (1983&ndash;1985) |highlights=",
        "3x Japan Series champion (1975\u20141977)",
        "5x NPB All-Star",
        "4x Golden Glove Award",
        "4x Best Nine |hofcolor = #ffd700 |hoflink = Venezuelan Baseball Hall of Fame and Museum |hoftype = Venezuelan |hofdate = 2018 |hofvote =  |hofmethod = Historical Committee"
    ],
    "NPB": {
        "Batting average": ".287",
        "Home runs": "232",
        "Runs batted in": "817"
    },
    "birth_date": "1951-06-07"
}