{
    "name": "Bobby Crosby",
    "number": "8",
    "position": "Shortstop / First base coach",
    "birth_place": "Lakewood, California, U.S.",
    "bats": "Right",
    "throws": "Right",
    "debutleague": "MLB",
    "debutdate": "September 2",
    "debutyear": "2003",
    "debutteam": "Oakland Athletics",
    "finalleague": "MLB",
    "finaldate": "August 21",
    "finalyear": "2010",
    "finalteam": "Arizona Diamondbacks",
    "teams": [
        "Oakland Athletics (2003\u20132009)",
        "Pittsburgh Pirates (2010)",
        "Arizona Diamondbacks (2010) '''As coach'''",
        "Oakland Athletics (2024\u2013present)"
    ],
    "awards": [
        "AL Rookie of the Year (2004)"
    ],
    "MLB": {
        "Batting average": ".236",
        "Home runs": "62",
        "Runs batted in": "276"
    },
    "birth_date": "1980-1-12"
}