{
    "name": "Bobby Higginson",
    "position": "Outfielder",
    "bats": "Left",
    "throws": "Right",
    "birth_place": "Philadelphia, Pennsylvania, U.S. |debutleague = MLB",
    "debutdate": "April 26",
    "debutyear": "1995",
    "debutteam": "Detroit Tigers |finalleague = MLB",
    "finaldate": "May 5",
    "finalyear": "2005",
    "finalteam": "Detroit Tigers |statleague = MLB",
    "teams": [
        "Detroit Tigers (1995\u20132005)"
    ],
    "stats": {
        "Batting average": ".272",
        "Home runs": "187",
        "Runs batted in": "709"
    },
    "birth_date": "1970-8-18"
}