{
    "name": "Bobby Doerr",
    "position": "Second baseman",
    "bats": "Right",
    "throws": "Right",
    "birth_place": "Los Angeles, California, U.S.",
    "death_date": "2017",
    "death_place": "Junction City, Oregon, U.S.",
    "debutleague": "MLB",
    "debutdate": "April 20",
    "debutyear": "1937",
    "debutteam": "Boston Red Sox",
    "finalleague": "MLB",
    "finaldate": "September 7",
    "finalyear": "1951",
    "finalteam": "Boston Red Sox",
    "teams": [
        "Boston Red Sox (1937\u20131944, 1946\u20131951)"
    ],
    "highlights": [
        "9\u00d7 All-Star (1941\u20131944, 1946\u20131948, 1950, 1951)",
        "Boston Red Sox No. 1 retired",
        "Boston Red Sox Hall of Fame"
    ],
    "hoflink": "National Baseball Hall of Fame and Museum",
    "hoftype": "National",
    "hofdate": "1986",
    "hofmethod": "Veterans Committee ",
    "MLB": {
        "Batting average": ".288",
        "Hits": "2,042",
        "Home runs": "223",
        "Runs batted in": "1,247"
    },
    "birth_date": "1918-4-7"
}