{
    "name": "Boone Logan",
    "position": "Pitcher",
    "birth_place": "San Antonio, Texas, U.S.",
    "bats": "Right",
    "throws": "Left",
    "debutleague": "MLB",
    "debutdate": "April 4",
    "debutyear": "2006",
    "debutteam": "Chicago White Sox",
    "finalleague": "MLB",
    "finaldate": "June 16",
    "finalyear": "2018",
    "finalteam": "Milwaukee Brewers",
    "teams": [
        "Chicago White Sox (2006\u20132008)",
        "Atlanta Braves (2009)",
        "New York Yankees (2010\u20132013)",
        "Colorado Rockies (2014\u20132016)",
        "Cleveland Indians (2017)",
        "Milwaukee Brewers (2018)"
    ],
    "MLB": {
        "Win\u2013loss record": "30\u201323",
        "Earned run average": "4.50",
        "Strikeouts": "479"
    },
    "birth_date": "1984-8-13"
}