{
    "name": "Bowie Kuhn",
    "office": "Commissioner of Baseball",
    "order": "5th",
    "term_start": "February 4, 1969",
    "term_end": "September 30, 1984",
    "predecessor": "William Eckert",
    "successor": "Peter Ueberroth |birth_name=Bowie Kent Kuhn",
    "birth_place": "Takoma Park, Maryland, U.S.",
    "death_date": "2007",
    "death_place": "Jacksonville, Florida, U.S.",
    "alma_mater": "Princeton University  (B.A.)  University of Virginia  (J.D.)",
    "spouse": "Luisa",
    "children": "2 children, 2 step-children, 10 grandchildren",
    "embed": "yes |name= |hoflink = National Baseball Hall of Fame and Museum |hoftype = National",
    "hofdate": "2008",
    "hofmethod": "Veterans Committee",
    "hofvote": "83.3% ",
    "birth_date": "1926-10-28"
}