{
    "name": "Brad Eldred",
    "team": "Free agent",
    "positionplain": "First baseman",
    "birth_place": "Fort Lauderdale, Florida, U.S.",
    "bats": "Right",
    "throws": "Right",
    "debutleague": "MLB",
    "debutdate": "July 22",
    "debutyear": "2005",
    "debutteam": "Pittsburgh Pirates",
    "debut2league": "NPB",
    "debut2date": "July 10",
    "debut2year": "2012",
    "debut2team": "Hiroshima Toyo Carp",
    "statyear": "2012",
    "stat2year": "2018 season",
    "teams": [
        "Pittsburgh Pirates (2005, 2007)",
        "Colorado Rockies (2010)",
        "Detroit Tigers (2012)",
        "Hiroshima Toyo Carp (2012\u20132018) |awards =",
        "2\u00d7 All-Star (2014, 2016)",
        "Central League Home Run Leader (2014)",
        "NPB All-Star Game MVP (2014)"
    ],
    "MLB": {
        "Batting average": ".203",
        "Hits": "56",
        "Home runs": "15",
        "Runs batted in": "34"
    },
    "NPB": {
        "Batting average": ".259",
        "Hits": "496",
        "Home runs": "133",
        "Runs batted in": "370"
    },
    "birth_date": "1980-7-12"
}