{
    "name": "Brad Arnsberg",
    "position": "Pitcher",
    "birth_place": "Seattle, Washington, U.S.",
    "bats": "Right",
    "throws": "Right |debutleague = MLB",
    "debutdate": "September 6",
    "debutyear": "1986",
    "debutteam": "New York Yankees |finalleague = MLB",
    "finaldate": "April 23",
    "finalyear": "1992",
    "finalteam": "Cleveland Indians |statleague = MLB",
    "teams": [
        "New York Yankees (1986\u20131987)",
        "Texas Rangers (1989\u20131991)",
        "Cleveland Indians (1992) '''As coach'''",
        "Montreal Expos (2000\u20132001)",
        "Florida Marlins (2002\u20132003)",
        "Toronto Blue Jays (2005\u20132009)",
        "Houston Astros (2010\u20132011) |highlights=",
        "World Series champion (2003)"
    ],
    "stats": {
        "Win\u2013loss record": "9\u20136",
        "Earned run average": "4.26",
        "Strikeouts": "100"
    },
    "birth_date": "1963-8-20"
}