{
    "name": "Brad Lidge",
    "position": "Pitcher",
    "bats": "Right",
    "throws": "Right",
    "birth_place": "Sacramento, California, U.S. |debutleague = MLB",
    "debutdate": "April 26",
    "debutyear": "2002",
    "debutteam": "Houston Astros |finalleague = MLB",
    "finaldate": "June 16",
    "finalyear": "2012",
    "finalteam": "Washington Nationals |statleague = MLB",
    "teams": [
        "Houston Astros (2002\u20132007)",
        "Philadelphia Phillies (2008\u20132011)",
        "Washington Nationals (2012)"
    ],
    "awards": [
        "2\u00d7 All-Star (2005, 2008)",
        "World Series champion (2008)",
        "NL Rolaids Relief Man Award (2008)",
        "Delivery Man of the Year (2008)",
        "NL Comeback Player of the Year (2008)",
        "Pitched a combined no-hitter on June 11, 2003"
    ],
    "stats": {
        "Win\u2013loss record": "26\u201332",
        "Earned run average": "3.54",
        "Strikeouts": "799",
        "Saves": "225"
    },
    "birth_date": "1976-12-23"
}