{
    "name": "Brad Komminsk",
    "position": "Outfielder",
    "bats": "Right",
    "throws": "Right",
    "birth_place": "Lima, Ohio, U.S. |debutleague = MLB",
    "debutdate": "August 14",
    "debutyear": "1983",
    "debutteam": "Atlanta Braves |finalleague = MLB |finaldate=October 5 |finalyear=1991 |finalteam=Oakland Athletics |statleague = MLB",
    "teams": [
        "Atlanta Braves (1983\u20131986)",
        "Milwaukee Brewers (1987)",
        "Cleveland Indians (1989)",
        "San Francisco Giants (1990)",
        "Baltimore Orioles (1990)",
        "Oakland Athletics (1991)"
    ],
    "stats": {
        "Batting average": ".218",
        "Home runs": "23",
        "Runs batted in": "105"
    },
    "birth_date": "1961-4-4"
}