{
    "name": "Brad Woodall",
    "position": "Pitcher",
    "bats": "Both",
    "throws": "Left",
    "birth_place": "Atlanta, Georgia, U.S. |debutleague = MLB",
    "debutdate": "July 22",
    "debutyear": "1994",
    "debutteam": "Atlanta Braves |finalleague = MLB",
    "finaldate": "May 5",
    "finalyear": "1999",
    "finalteam": "Chicago Cubs |statleague = MLB",
    "teams": [
        "Atlanta Braves (1994\u20131996)",
        "Milwaukee Brewers (1998)",
        "Chicago Cubs (1999)"
    ],
    "stats": {
        "Win\u2013loss record": "10\u201314",
        "Earned run average": "5.31",
        "Strikeouts": "119"
    },
    "birth_date": "1969-6-25"
}