{
    "name": "Brad Thomas",
    "position": "Pitcher",
    "birth_place": "Sydney, Australia",
    "bats": "Left",
    "throws": "Left",
    "debutleague": "MLB",
    "debutdate": "26 May",
    "debutyear": "2001",
    "debutteam": "Minnesota Twins |finalleague=MLB",
    "finaldate": "10 May",
    "finalyear": "2011",
    "finalteam": "Detroit Tigers",
    "teams": [
        "Minnesota Twins (2001, 2003\u20132004)",
        "Hokkaido Nippon Ham Fighters (2005\u20132006)",
        "Hanwha Eagles (2008\u20132009)",
        "Detroit Tigers (2010\u20132011)",
        "Brother / Chinatrust Brother Elephants (2012\u20132013)"
    ],
    "Career": {
        "Saves": "253",
        "Earned run average": "2.11",
        "Strikeouts": "1145"
    },
    "birth_date": "1977-10-22"
}