{
    "name": "Brad Nelson",
    "position": "First baseman / Right fielder",
    "birth_place": "Algona, Iowa, U.S.",
    "bats": "Left",
    "throws": "Right |debutleague = MLB",
    "debutdate": "September 1",
    "debutyear": "2008",
    "debutteam": "Milwaukee Brewers",
    "finaldate": "May 12",
    "finalyear": "2009",
    "finalteam": "Milwaukee Brewers |statleague = MLB",
    "teams": [
        "Milwaukee Brewers (2008\u20132009)"
    ],
    "stats": {
        "Batting average": ".071",
        "Home runs": "0",
        "Runs batted in": "0"
    },
    "birth_date": "1982-12-23"
}