{
    "name": "Brandon Moss",
    "position": "Outfielder / First baseman",
    "birth_place": "Monroe, Georgia, U.S.",
    "bats": "Left",
    "throws": "Right",
    "debutleague": "MLB",
    "debutdate": "August 6",
    "debutyear": "2007",
    "debutteam": "Boston Red Sox |finalleague  = MLB",
    "finaldate": "October 1",
    "finalyear": "2017",
    "finalteam": "Kansas City Royals",
    "teams": [
        "Boston Red Sox (2007\u20132008)",
        "Pittsburgh Pirates (2008\u20132010)",
        "Philadelphia Phillies (2011)",
        "Oakland Athletics (2012\u20132014)",
        "Cleveland Indians (2015)",
        "St. Louis Cardinals (2015\u20132016)",
        "Kansas City Royals (2017)"
    ],
    "awards": [
        "All-Star (2014)"
    ],
    "MLB": {
        "Batting average": ".237",
        "Home runs": "160",
        "Runs batted in": "473"
    },
    "birth_date": "1983-9-16"
}