{
    "name": "Brandon Phillips",
    "position": "Second baseman",
    "birth_place": "Raleigh, North Carolina, U.S.",
    "bats": "Right",
    "throws": "Right |debutleague = MLB",
    "debutdate": "September 13",
    "debutyear": "2002",
    "debutteam": "Cleveland Indians |finalleague = MLB",
    "finaldate": "September 30",
    "finalyear": "2018",
    "finalteam": "Boston Red Sox |statleague   = MLB",
    "teams": [
        "Cleveland Indians (2002\u20132005)",
        "Cincinnati Reds (2006\u20132016)",
        "Atlanta Braves (2017)",
        "Los Angeles Angels (2017)",
        "Boston Red Sox (2018)"
    ],
    "awards": [
        "3\u00d7 All-Star (2010, 2011, 2013)",
        "4\u00d7 Gold Glove Award (2008, 2010, 2011, 2013)",
        "Silver Slugger Award (2011)"
    ],
    "stats": {
        "Batting average": ".275",
        "Hits": "2,029",
        "Home runs": "211",
        "Runs batted in": "951"
    },
    "birth_date": "1981-6-28"
}