{
    "name": "Brandon Fahey",
    "position": "Utility player",
    "birth_place": "Dallas, Texas, U.S.",
    "bats": "Right",
    "throws": "Right |debutleague = MLB",
    "debutdate": "April 30",
    "debutyear": "2006",
    "debutteam": "Baltimore Orioles |finalleague = MLB",
    "finaldate": "September 28",
    "finalyear": "2008",
    "finalteam": "Baltimore Orioles |statleague = MLB",
    "teams": [
        "Baltimore Orioles (2006\u20132008)"
    ],
    "stats": {
        "Batting average": ".224",
        "Home runs": "2",
        "Runs batted in": "36"
    },
    "birth_date": "1981-1-18"
}