{
    "name": "Brandon Lyon",
    "position": "Pitcher",
    "birth_place": "Salt Lake City, Utah, U.S.",
    "bats": "Right",
    "throws": "Right |debutleague = MLB",
    "debutdate": "August 4",
    "debutyear": "2001",
    "debutteam": "Toronto Blue Jays |finalleague = MLB",
    "finaldate": "July 4",
    "finalyear": "2013",
    "finalteam": "New York Mets |statleague = MLB",
    "teams": [
        "Toronto Blue Jays (2001\u20132002)",
        "Boston Red Sox (2003)",
        "Arizona Diamondbacks (2005\u20132008)",
        "Detroit Tigers (2009)",
        "Houston Astros (2010\u20132012)",
        "Toronto Blue Jays (2012)",
        "New York Mets (2013)"
    ],
    "stats": {
        "Win\u2013loss record": "42\u201347",
        "Earned run average": "4.16",
        "Strikeouts": "465",
        "Saves": "79"
    },
    "birth_date": "1979-8-10"
}