{
    "name": "Brandon Claussen",
    "position": "Pitcher",
    "birth_place": "Rapid City, South Dakota, U.S.",
    "bats": "Right",
    "throws": "Left |debutleague = MLB",
    "debutdate": "June 28",
    "debutyear": "2003",
    "debutteam": "New York Yankees |finalleague = MLB",
    "finaldate": "June 16",
    "finalyear": "2006",
    "finalteam": "Cincinnati Reds",
    "statyear": "|statleague = MLB",
    "teams": [
        "New York Yankees (2003)",
        "Cincinnati Reds (2004\u20132006)"
    ],
    "stats": {
        "Win\u2013loss record": "16\u201327",
        "Earned run average": "5.04",
        "Strikeouts": "228"
    },
    "birth_date": "1979-5-1"
}