{
    "name": "Brandon Duckworth",
    "position": "Pitcher",
    "birth_place": "Kearns, Utah, U.S.",
    "bats": "Right",
    "throws": "Right |debutleague = MLB",
    "debutdate": "August 7",
    "debutyear": "2001",
    "debutteam": "Philadelphia Phillies |debut2league = NPB",
    "debut2date": "August 25",
    "debut2year": "2012",
    "debut2team": "Tohoku Rakuten Golden Eagles |finalleague = MLB",
    "finaldate": "September 28",
    "finalyear": "2008",
    "finalteam": "Kansas City Royals |final2league = NPB",
    "final2date": "October 4",
    "final2year": "2013",
    "final2team": "Tohoku Rakuten Golden Eagles |statleague = MLB",
    "teams": [
        "Philadelphia Phillies (2001&ndash;2003)",
        "Houston Astros (2004&ndash;2005)",
        "Kansas City Royals (2006&ndash;2008)",
        "Tohoku Rakuten Golden Eagles (2012&ndash;2013) |awards=",
        "Japan Series champion (2013)"
    ],
    "stats": {
        "Win\u2013loss record": "23\u201334",
        "Earned run average": "5.28",
        "Strikeouts": "376 |stat2league = NPB"
    },
    "stats2": {
        "Win\u2013loss record": "8\u20136",
        "Earned run average": "4.35",
        "Strikeouts": "86"
    },
    "birth_date": "1976-1-23"
}