{
    "name": "Brandon Medders",
    "position": "Relief pitcher",
    "birth_place": "Tuscaloosa, Alabama, U.S.",
    "bats": "Right",
    "throws": "Right |debutleague = MLB",
    "debutdate": "June 20",
    "debutyear": "2005",
    "debutteam": "Arizona Diamondbacks |finalleague = MLB",
    "finaldate": "May 19",
    "finalyear": "2010",
    "finalteam": "San Francisco Giants |statleague = MLB",
    "teams": [
        "Arizona Diamondbacks (2005\u20132008)",
        "San Francisco Giants (2009\u20132010)"
    ],
    "stats": {
        "Win\u2013loss record": "16\u20137",
        "Earned run average": "3.61",
        "Strikeouts": "175"
    },
    "birth_date": "1980-1-26"
}