{
    "name": "Brayan Pe\u00f1a",
    "position": "Catcher",
    "birth_place": "Havana, Cuba",
    "bats": "Switch",
    "throws": "Right",
    "debutleague": "MLB",
    "debutdate": "May 23",
    "debutyear": "2005",
    "debutteam": "Atlanta Braves",
    "finalleague": "MLB",
    "finaldate": "September 26",
    "finalyear": "2016",
    "finalteam": "St. Louis Cardinals",
    "teams": [
        "Atlanta Braves (2005\u20132008)",
        "Kansas City Royals (2009\u20132012)",
        "Detroit Tigers (2013)",
        "Cincinnati Reds (2014\u20132015)",
        "St. Louis Cardinals (2016)"
    ],
    "MLB": {
        "Batting average": ".259",
        "Home runs": "23",
        "Runs batted in": "164"
    },
    "birth_date": "1982-1-7"
}