{
    "name": "Brent Clevlen",
    "position": "Outfielder",
    "bats": "Right",
    "throws": "Right",
    "birth_place": "Austin, Texas, U.S. |debutleague = MLB",
    "debutdate": "July 30",
    "debutyear": "2006",
    "debutteam": "Detroit Tigers |finalleague = MLB",
    "finaldate": "July 29",
    "finalyear": "2010",
    "finalteam": "Atlanta Braves |statleague = MLB",
    "teams": [
        "Detroit Tigers (2006\u20132008)",
        "Atlanta Braves (2010)"
    ],
    "stats": {
        "Batting average": ".233",
        "Home runs": "3",
        "Runs batted in": "7"
    },
    "birth_date": "1983-10-27"
}