{
    "name": "Bret Barberie",
    "position": "Second baseman",
    "bats": "Switch",
    "throws": "Right",
    "birth_place": "Long Beach, California, U.S. |debutleague = MLB",
    "debutdate": "June 16",
    "debutyear": "1991",
    "debutteam": "Montreal Expos |finalleague = MLB",
    "finaldate": "June 22",
    "finalyear": "1996",
    "finalteam": "Chicago Cubs |statleague = MLB",
    "teams": [
        "Montreal Expos (1991\u20131992)",
        "Florida Marlins (1993\u20131994)",
        "Baltimore Orioles (1995)",
        "Chicago Cubs (1996) |medaltemplates= Baseball the USA  Olympic Games  1988 Seoul Baseball World Cup 1988 Rome"
    ],
    "stats": {
        "Batting average": ".271",
        "Home runs": "16",
        "Runs batted in": "133"
    },
    "birth_date": "1967-8-16"
}