{
    "name": "Brian Tallet",
    "position": "Pitcher",
    "bats": "Left",
    "throws": "Left",
    "birth_place": "Midwest City, Oklahoma, U.S. |debutleague = MLB",
    "debutdate": "September 16",
    "debutyear": "2002",
    "debutteam": "Cleveland Indians |finalleague = MLB",
    "finaldate": "August 30",
    "finalyear": "2011",
    "finalteam": "Toronto Blue Jays |statleague = MLB",
    "teams": [
        "Cleveland Indians (2002\u20132003, 2005)",
        "Toronto Blue Jays (2006\u20132010)",
        "St. Louis Cardinals (2011)",
        "Toronto Blue Jays (2011)"
    ],
    "stats": {
        "Win\u2013loss record": "16\u201325",
        "Earned run average": "4.79",
        "Strikeouts": "337"
    },
    "birth_date": "1977-9-21"
}