{
    "name": "Brian Anderson",
    "position": "Center fielder",
    "birth_place": "Tucson, Arizona, U.S.",
    "bats": "Right",
    "throws": "Right |debutleague = MLB",
    "debutdate": "August 16",
    "debutyear": "2005",
    "debutteam": "Chicago White Sox |finalleague = MLB",
    "finaldate": "October 4",
    "finalyear": "2009",
    "finalteam": "Boston Red Sox |statleague = MLB",
    "teams": [
        "Chicago White Sox (2005\u20132009)",
        "Boston Red Sox (2009)"
    ],
    "stats": {
        "Batting average": ".227",
        "Home runs": "22",
        "Runs batted in": "80"
    },
    "birth_date": "1982-3-11"
}