{
    "name": "Brian Fuentes",
    "position": "Pitcher",
    "birth_place": "Merced, California, U.S.",
    "bats": "Left",
    "throws": "Left |debutleague = MLB",
    "debutdate": "June 2",
    "debutyear": "2001",
    "debutteam": "Seattle Mariners |finalleague = MLB",
    "finaldate": "August 8",
    "finalyear": "2012",
    "finalteam": "St. Louis Cardinals |statleague = MLB",
    "teams": [
        "Seattle Mariners (2001)",
        "Colorado Rockies (2002\u20132008)",
        "Los Angeles Angels of Anaheim (2009\u20132010)",
        "Minnesota Twins (2010)",
        "Oakland Athletics (2011\u20132012)",
        "St. Louis Cardinals (2012)"
    ],
    "awards": [
        "4\u00d7 All-Star (2005\u20132007, 2009)",
        "AL saves leader (2009)"
    ],
    "stats": {
        "Win\u2013loss record": "26\u201343",
        "Earned run average": "3.62",
        "Strikeouts": "639",
        "Saves": "204"
    },
    "birth_date": "1975-8-9"
}