{
    "name": "Brian Burres",
    "position": "Pitcher",
    "birth_place": "Oregon City, Oregon, U.S.",
    "bats": "Left",
    "throws": "Left |debutleague = MLB",
    "debutdate": "September 8",
    "debutyear": "2006",
    "debutteam": "Baltimore Orioles |debut2league = CPBL",
    "debut2date": "March 24",
    "debut2year": "2013",
    "debut2team": "Lamigo Monkeys",
    "finalleague": "MLB",
    "finaldate": "September 28",
    "finalyear": "2011",
    "finalteam": "Pittsburgh Pirates |final2league = CPBL",
    "final2date": "August 24",
    "final2year": "2013",
    "final2team": "Lamigo Monkeys |statleague = MLB",
    "teams": [
        "Baltimore Orioles (2006\u20132008)",
        "Toronto Blue Jays (2009)",
        "Pittsburgh Pirates (2010\u20132011)",
        "Lamigo Monkeys (2013)"
    ],
    "stats": {
        "Win\u2013loss record": "18\u201325",
        "Earned run average": "5.75",
        "Strikeouts": "224 |stat2league = CPBL"
    },
    "stats2": {
        "Win\u2013loss record": "9\u20135",
        "Earned run average": "3.49",
        "Strikeouts": "93"
    },
    "birth_date": "1981-4-8"
}