{
    "name": "Brian Sikorski",
    "position": "Pitcher",
    "birth_place": "Detroit, Michigan, U.S.",
    "bats": "Right",
    "throws": "Right",
    "debutleague": "MLB",
    "debutdate": "August 16",
    "debutyear": "2000",
    "debutteam": "Texas Rangers",
    "finaldate": "September 29",
    "finalyear": "2006",
    "finalleague": "MLB",
    "finalteam": "Cleveland Indians",
    "final2date": "May 1",
    "final2year": "2011",
    "final2league": "NPB",
    "final2team": "Saitama Seibu Lions",
    "debut2league": "NPB",
    "debut2date": "July 11",
    "debut2year": "2001",
    "debut2team": "Chiba Lotte Marines",
    "teams": [
        "Texas Rangers (2000)",
        "Chiba Lotte Marines (2001\u20132003)",
        "Yomiuri Giants (2004\u20132005)",
        "San Diego Padres (2006)",
        "Cleveland Indians (2006)",
        "Tokyo Yakult Swallows (2007)",
        "Chiba Lotte Marines (2008\u20132009)",
        "Saitama Seibu Lions (2010\u20132011)"
    ],
    "MLB": {
        "Win\u2013loss record": "4\u20135",
        "Earned run average": "5.40",
        "Strikeouts": "70 |stat2league = NPB |stat21label  = Win\u2013loss record |stat21value  = 37\u201334 |stat22label  = Earned run average |stat22value  = 3.10 |stat23label  = Strikeouts |stat23value  = 598"
    },
    "birth_date": "1974-7-27"
}