{
    "name": "Brian Giles",
    "position": "Outfielder",
    "bats": "Left",
    "throws": "Left",
    "birth_place": "El Cajon, California, U.S. |debutleague = MLB",
    "debutdate": "September 16",
    "debutyear": "1995",
    "debutteam": "Cleveland Indians |finalleague = MLB",
    "finaldate": "June 18",
    "finalyear": "2009",
    "finalteam": "San Diego Padres |statleague = MLB",
    "teams": [
        "Cleveland Indians (1995\u20131998)",
        "Pittsburgh Pirates (1999\u20132003)",
        "San Diego Padres (2003\u20132009)"
    ],
    "awards": [
        "2\u00d7 All-Star (2000, 2001)"
    ],
    "stats": {
        "Batting average": ".291",
        "Home runs": "287",
        "Runs batted in": "1,078"
    },
    "birth_date": "1971-1-20"
}