{
    "number": "9",
    "name": "Brian Gorman",
    "birth_place": "Whitestone, Queens, New York",
    "debutyear": "April 24, 1991",
    "finalyear": "September 30, 2021",
    "highlights": [
        "All-Star Game (1998, 2009)",
        "Wild Card Game (2014)",
        "Division Series (1997, 1999, 2000, 2001, 2003, 2004, 2006, 2009, 2011, 2012)",
        "League Championship Series (2002, 2007, 2008, 2010, 2014, 2016, 2018)",
        "World Series (2004, 2009, 2012)"
    ],
    "birth_date": "1959-06-11"
}