{
    "position": "Outfielder & Pinch Hitter",
    "bats": "Both",
    "throws": "Right",
    "birth_place": "Mt. Lebanon, Pennsylvania, U.S.",
    "debutleague": "MLB",
    "debutdate": "September 21",
    "debutyear": "1998",
    "debutteam": "Chicago White Sox",
    "finalleague": "MLB",
    "finaldate": "October 7",
    "finalyear": "2001",
    "finalteam": "Toronto Blue Jays",
    "teams": [
        "Chicago White Sox (1998\u20131999)",
        "Toronto Blue Jays (2001)"
    ],
    "MLB": {
        "Batting average": ".218",
        "Home runs": "8",
        "Runs batted in": "31"
    },
    "birth_date": "1973-9-4"
}