{
    "name": "Brian Slocum",
    "position": "Pitcher",
    "birth_place": "New Rochelle, New York, U.S.",
    "bats": "Right",
    "throws": "Right |debutleague = MLB",
    "debutdate": "April 22",
    "debutyear": "2006",
    "debutteam": "Cleveland Indians |finalleague = MLB",
    "finaldate": "July 8",
    "finalyear": "2008",
    "finalteam": "Cleveland Indians |statleague = MLB",
    "teams": [
        "Cleveland Indians (2006, 2008)"
    ],
    "stats": {
        "Win\u2013loss record": "0\u20130",
        "Earned run average": "7.78",
        "Strikeouts": "12"
    },
    "birth_date": "1981-3-27"
}