{
    "| name": "Brooks Kieschnick",
    "position": "Pitcher / Outfielder",
    "birth_place": "Robstown, Texas, U.S.",
    "bats": "Left",
    "throws": "Right |debutleague = MLB",
    "debutdate": "April 3",
    "debutyear": "1996",
    "debutteam": "Chicago Cubs |finalleague = MLB",
    "finaldate": "October 3",
    "finalyear": "2004",
    "finalteam": "Milwaukee Brewers |statleague = MLB",
    "teams": [
        "Chicago Cubs (1996\u20131997)",
        "Cincinnati Reds (2000)",
        "Colorado Rockies (2001)",
        "Milwaukee Brewers (2003\u20132004)"
    ],
    "highlights": "hoflink       = National College Baseball Hall of Fame |hoftype       = College|hofdate       = 2006",
    "stats": {
        "Win\u2013loss record": "2\u20132",
        "Earned run average": "4.59",
        "Strikeouts": "67",
        "Batting average": ".248",
        "Home runs": "16",
        "Runs batted in": "46"
    },
    "birth_date": "1972-6-6"
}