{
    "MLB": {
        "Batting average": ".239",
        "Home runs": "26",
        "Runs batted in": "93",
        "Managerial record": "2,101\u20132,110",
        "Winning %": [
            "Houston Astros (1978\u20131980)",
            "New York Mets (1982)",
            "San Diego Padres (1983\u20131987) ;As manager",
            "San Diego Padres (1995\u20132006)",
            "San Francisco Giants (2007\u20132019)",
            "Texas Rangers (2023\u2013present) ;As coach",
            "San Diego Padres (1993\u20131994) |highlights=",
            "4\u00d7 World Series champion (2010, 2012, 2014, 2023)",
            "NL Manager of the Year (1996)"
        ]
    }
}