{
    "name": "Bryan Price",
    "team": "San Francisco Giants",
    "number": "80",
    "position": "Coach",
    "birth_place": "San Francisco, California, U.S.",
    "bats": "Left",
    "throws": "Left",
    "MLB": {
        "Managerial record": "279\u2013387",
        "Winning %": [
            "Seattle Mariners (2000\u20132005)",
            "Arizona Diamondbacks (2006\u20132009)",
            "Cincinnati Reds (2010\u20132013)",
            "Philadelphia Phillies (2020)",
            "San Diego Padres (2022\u20132023)",
            "San Francisco Giants (2024\u2013present) ;As manager",
            "Cincinnati Reds (2014\u20132018)"
        ]
    },
    "birth_date": "1962-6-22"
}