{
    "name": "Bryan Hickerson",
    "position": "Pitcher",
    "birth_place": "Bemidji, Minnesota, U.S.",
    "bats": "Left",
    "throws": "Left |debutleague = MLB",
    "debutdate": "July 25",
    "debutyear": "1991",
    "debutteam": "San Francisco Giants |finalleague = MLB",
    "finaldate": "September 23",
    "finalyear": "1995",
    "finalteam": "Colorado Rockies |statleague = MLB",
    "teams": [
        "San Francisco Giants (1991\u20131994)",
        "Chicago Cubs (1995)",
        "Colorado Rockies (1995)"
    ],
    "stats": {
        "Win\u2013loss record": "21\u201321",
        "Earned run average": "4.72",
        "Strikeouts": "279"
    },
    "birth_date": "1963-10-13"
}