{
    "name": "Bryan Corey",
    "position": "Relief pitcher",
    "birth_place": "Thousand Oaks, California, U.S.",
    "bats": "Right",
    "throws": "Right",
    "debutleague": "MLB",
    "debutdate": "May 13",
    "debutyear": "1998",
    "debutteam": "Arizona Diamondbacks |debut2league = NPB",
    "debut2date": "June 22",
    "debut2year": "2004",
    "debut2team": "Yomiuri Giants |debut3league = KBO",
    "debut3date": "April 2",
    "debut3year": "2011",
    "debut3team": "Lotte Giants |debut4league = CPBL",
    "debut4date": "September 4",
    "debut4year": "2011",
    "debut4team": "Lotte Giants",
    "finalleague": "MLB",
    "finaldate": "August 9",
    "finalyear": "2008",
    "finalteam": "San Diego Padres",
    "final2league": "NPB",
    "final2date": "September 28",
    "final2year": "2009",
    "final2team": "Chiba Lotte Marines",
    "final3league": "KBO",
    "final3date": "July 8",
    "final3year": "2011",
    "final3team": "Lotte Giants",
    "stat4league": "CPBL",
    "stat41label": "Win\u2013loss record",
    "stat41value": "2\u20131",
    "stat42label": "Earned run average",
    "stat42value": "4.37",
    "stat43label": "Strikeouts",
    "stat43value": "15",
    "teams": [
        "Arizona Diamondbacks (1998)",
        "Los Angeles Dodgers (2002)",
        "Yomiuri Giants (2004)",
        "Texas Rangers (2006)",
        "Boston Red Sox (2006\u20132008)",
        "San Diego Padres (2008)",
        "Chiba Lotte Marines (2010)",
        "Lotte Giants (2011)",
        "Lamigo Monkeys (2011)"
    ],
    "awards": [
        "World Series Champion (2007)"
    ],
    "MLB": {
        "Win\u2013loss record": "4\u20134",
        "Earned run average": "5.13",
        "Strikeouts": "57"
    },
    "NPB": {
        "Win\u2013loss record": "5\u20135",
        "Earned run average": "5.08",
        "Strikeouts": "47"
    },
    "KBO": {
        "Win\u2013loss record": "4\u20133",
        "Earned run average": "4.23",
        "Strikeouts": "48"
    },
    "birth_date": "1973-10-21"
}