{
    "name": "Bubba Church",
    "position": "Pitcher",
    "birth_place": "Birmingham, Alabama, U.S.",
    "death_date": "2001",
    "death_place": "Birmingham, Alabama, U.S.",
    "bats": "Right",
    "throws": "Right",
    "debutleague": "MLB",
    "debutdate": "April 30",
    "debutyear": "1950",
    "debutteam": "Philadelphia Phillies",
    "finalleague": "MLB",
    "finaldate": "May 1",
    "finalyear": "1955",
    "finalteam": "Chicago Cubs",
    "teams": [
        "Philadelphia Phillies (1950\u20131952)",
        "Cincinnati Reds / Redlegs (1952\u20131953)",
        "Chicago Cubs (1953\u20131955)"
    ],
    "MLB": {
        "Win\u2013loss record": "36\u201337",
        "Earned run average": "4.10",
        "Strikeouts": "274"
    },
    "birth_date": "1924-9-12"
}