{
    "name": "Bubbles Hargrave",
    "position": "Catcher",
    "birth_place": "New Haven, Indiana, U.S.",
    "death_date": "1969",
    "death_place": "Cincinnati, Ohio, U.S.",
    "bats": "Right",
    "throws": "Right  |debutleague = MLB",
    "debutdate": "September 18",
    "debutyear": "1913",
    "debutteam": "Chicago Cubs  |finalleague = MLB",
    "finaldate": "September 6",
    "finalyear": "1930",
    "finalteam": "New York Yankees  |statleague = MLB",
    "teams": [
        "Chicago Cubs (1913\u20131915)",
        "Cincinnati Reds (1921\u20131928)",
        "New York Yankees (1930)"
    ],
    "highlights": [
        "NL batting champion (1926)",
        "Cincinnati Reds Hall of Fame"
    ],
    "stats": {
        "Batting average": ".310",
        "Home runs": "29",
        "Runs batted in": "376"
    },
    "birth_date": "1892-7-15"
}