{
    "name": "Buck Leonard",
    "position": "First baseman",
    "death_date": "1997, Rocky Mount, North Carolina, U.S.",
    "bats": "Left",
    "throws": "Left",
    "debutleague": "Negro leagues",
    "debutyear": "1933",
    "debutteam": "Brooklyn Royal Giants",
    "finalleague": "Negro leagues",
    "finalyear": "1950",
    "finalteam": "Homestead Grays",
    "teams": [
        "Brooklyn Royal Giants (1933)",
        "Homestead Grays (1934\u20131950)"
    ],
    "highlights": [
        "11\u00d7 All-Star (1935, 1937\u20131941, 1943\u20131946, 1948\u00b2)",
        "3\u00d7 Negro World Series champion (1943, 1944, 1948)",
        "2\u00d7 Negro National League batting champion (1935, 1938)",
        "Washington Nationals Ring of Honor",
        "Pirates Hall of Fame"
    ],
    "hoflink": "National Baseball Hall of Fame",
    "hoftype": "National",
    "hofdate": "1972",
    "hofmethod": "Negro Leagues Committee ",
    "Negro leaguesOn December 16, 2020, Major League Baseball declared the Negro leagues, from the span of 1920\u20131948, to be a \"Major League\".   Leonard's statistics reflect his time in the Negro leagues from 1935, the third year of his career, until 1948.": {
        "Batting average": ".346",
        "Hits": "748",
        "Home runs": "97",
        "Runs batted in": "548",
        "Stolen bases": "32"
    },
    "birth_date": "1907-9-8"
}