{
    "name": "Buck Jordan",
    "position": "First baseman",
    "birth_place": "Cooleemee, North Carolina, U.S.",
    "death_date": "1993",
    "death_place": "Salisbury, North Carolina, U.S.",
    "bats": "Left",
    "throws": "Right |debutleague = MLB",
    "debutdate": "September 15",
    "debutyear": "1927",
    "debutteam": "New York Giants |finalleague = MLB",
    "finaldate": "October 2",
    "finalyear": "1938",
    "finalteam": "Philadelphia Phillies |statleague = MLB",
    "teams": [
        "New York Giants (1927, 1929)",
        "Washington Senators (1931)",
        "Boston Braves (1932\u20131937)",
        "Cincinnati Reds (1937\u20131938)",
        "Philadelphia Phillies (1938)"
    ],
    "stats": {
        "Batting average": ".299",
        "Home runs": "17",
        "Runs batted in": "281"
    },
    "birth_date": "1907-1-16"
}