{
    "office": "Commissioner Emeritus of Baseball",
    "term_start": "January 25, 2015",
    "predecessor": "Position created",
    "office2": "Commissioner of Baseball",
    "order2": "9th",
    "term_start2": "July 9, 1998",
    "term_end2": "January 25, 2015, Acting: September 7, 1992 \u2013 July 9, 1998",
    "predecessor2": "Fay Vincent",
    "successor2": [
        "Marriage",
        "Suzanne Lappin Steinman"
    ],
    "embed": "yes |name= |hoflink = National Baseball Hall of Fame and Museum |hoftype = National",
    "hofdate": "2017",
    "hofvote": "93.8%",
    "hofmethod": "Today's Game Era Committee    "
}