{
    "name": "Bud Smith",
    "position": "Pitcher",
    "birth_place": "Torrance, California, U.S.",
    "bats": "Left",
    "throws": "Left |debutleague = MLB",
    "debutdate": "June 10",
    "debutyear": "2001",
    "debutteam": "St. Louis Cardinals |finalleague = MLB",
    "finaldate": "July 19",
    "finalyear": "2002",
    "finalteam": "St. Louis Cardinals |statleague = MLB",
    "teams": [
        "St. Louis Cardinals (2001\u20132002)"
    ],
    "highlights": [
        "Pitched a no-hitter on September 3, 2001"
    ],
    "stats": {
        "Win\u2013loss record": "7\u20138",
        "Earned run average": "4.95",
        "Strikeouts": "81"
    },
    "birth_date": "1979-10-23"
}