{
    "name": "Buddy Biancalana",
    "position": "Shortstop",
    "birth_place": "Larkspur, California, U.S.",
    "bats": "Switch",
    "throws": "Right |debutleague = MLB",
    "debutdate": "September 12",
    "debutyear": "1982",
    "debutteam": "Kansas City Royals |finalleague = MLB",
    "finaldate": "October 4",
    "finalyear": "1987",
    "finalteam": "Houston Astros |statleague = MLB",
    "teams": [
        "Kansas City Royals (1982\u20131987)",
        "Houston Astros (1987)"
    ],
    "highlights": [
        "World Series champion (1985)"
    ],
    "stats": {
        "Batting average": ".205",
        "Home runs": "6",
        "Runs batted in": "30"
    },
    "birth_date": "1960-2-2"
}