{
    "name": "Buster Clarkson",
    "position": "Shortstop/Third baseman",
    "birth_place": "Hopkins, South Carolina",
    "death_date": "1989",
    "death_place": "Jeannette, Pennsylvania",
    "bats": "Right",
    "throws": "Right |debutleague = NgL",
    "debutyear": "1938",
    "debutteam": "Pittsburgh Crawfords |debut2league = MLB",
    "debut2date": "April 30",
    "debut2year": "1952",
    "debut2team": "Boston Braves |finalleague = MLB",
    "finaldate": "June 22",
    "finalyear": "1952",
    "finalteam": "Boston Braves",
    "statyear": "|statleague = MLB",
    "teams": [
        "Pittsburgh/Toledo/Indianapolis Crawfords (1938\u20131940)",
        "Newark Eagles (1940)",
        "Philadelphia Stars (1942, 1946, 1949) '''Major League Baseball'''",
        "Boston Braves (1952)"
    ],
    "birth_date": "1915-03-13"
}