{
    "name": "Butch Davis",
    "position": "Outfielder",
    "birth_place": "Williamston, North Carolina, U.S.",
    "bats": "Right",
    "throws": "Right |debutleague = MLB",
    "debutdate": "August 23",
    "debutyear": "1983",
    "debutteam": "Kansas City Royals |finalleague = MLB",
    "finaldate": "July 31",
    "finalyear": "1994",
    "finalteam": "Texas Rangers |statleague = MLB",
    "teams": [
        "Kansas City Royals (1983\u20131984)",
        "Pittsburgh Pirates (1987)",
        "Baltimore Orioles (1988\u20131989)",
        "Los Angeles Dodgers (1991)",
        "Texas Rangers (1993\u20131994)"
    ],
    "stats": {
        "Batting average": ".243",
        "Home runs": "7",
        "Runs batted in": "50"
    },
    "birth_date": "1958-6-19"
}