{
    "name": "Butch Alberts",
    "position": "Designated hitter",
    "birth_place": "Williamsport, Pennsylvania",
    "bats": "Right",
    "throws": "Right |debutleague = MLB",
    "debutdate": "September 7",
    "debutyear": "1978",
    "debutteam": "Toronto Blue Jays |finalleague = MLB",
    "finaldate": "September 28",
    "finalyear": "1978",
    "finalteam": "Toronto Blue Jays |statleague = MLB",
    "teams": [
        "Toronto Blue Jays (1978)"
    ],
    "stats": {
        "Batting average": ".278",
        "Home runs": "0",
        "Runs batted in": "0"
    },
    "birth_date": "1950-05-04"
}