{
    "name": "Buzzie Bavasi",
    "birth_place": "Manhattan, New York, U.S.",
    "death_date": "2008",
    "death_place": "San Diego, California, U.S.",
    "spouse": "Evit Rice",
    "children": "4; including Peter and Bill",
    "education": "DePauw University",
    "position": "San Diego Padres president (1969\u20131977)     |California Angels general manager (1977\u20131988) ",
    "highlights": [
        "3x World Series champion (1959, 1963, 1965)",
        "San Diego Padres Hall of Fame"
    ],
    "embed": "yes  ",
    "birth_date": "1914-12-12"
}