{
    "name": "Byron Browne",
    "position": "Outfielder",
    "birth_place": "Saint Joseph, Missouri, U.S.",
    "bats": "Right",
    "throws": "Right |debutleague = MLB",
    "debutdate": "September 9",
    "debutyear": "1965",
    "debutteam": "Chicago Cubs |finalleague = MLB",
    "finaldate": "June 18",
    "finalyear": "1972",
    "finalteam": "Philadelphia Phillies",
    "statyear": "|statleague = MLB",
    "teams": [
        "Chicago Cubs (1965\u20131967)",
        "Houston Astros (1968)",
        "St. Louis Cardinals (1969)",
        "Philadelphia Phillies (1970\u20131972)"
    ],
    "stats": {
        "Batting average": ".236",
        "Home runs": "30",
        "Runs batted in": "102"
    },
    "birth_date": "1942-12-27"
}