{
    "name": "Byung-hyun Kim",
    "position": "Pitcher",
    "birth_place": "Gwangju, South Korea",
    "bats": "Right",
    "throws": "Right |debutleague = MLB",
    "debutdate": "May 29",
    "debutyear": "1999",
    "debutteam": "Arizona Diamondbacks |debut2league = KBO",
    "debut2date": "May 8",
    "debut2year": "2012",
    "debut2team": "Nexen Heroes |finalleague = MLB",
    "finaldate": "September 28",
    "finalyear": "2007",
    "finalteam": "Florida Marlins |final2league = KBO",
    "final2date": "October 6",
    "final2year": "2015",
    "final2team": "Kia Tigers |statleague = MLB",
    "teams": [
        "Arizona Diamondbacks (1999\u20132003)",
        "Boston Red Sox (2003\u20132004)",
        "Colorado Rockies (2005\u20132007)",
        "Florida Marlins (2007)",
        "Arizona Diamondbacks (2007)",
        "Florida Marlins (2007)",
        "Tohoku Rakuten Golden Eagles (2011)",
        "Nexen Heroes (2012\u20132013)",
        "Kia Tigers (2014\u20132015)"
    ],
    "awards": [
        "All-Star (2002)",
        "World Series champion (2001)"
    ],
    "stats": {
        "Win\u2013loss record": "54\u201360",
        "Earned run average": "4.42",
        "Strikeouts": "806",
        "Saves": "86 |stat2league = KBO"
    },
    "stats2": {
        "Win\u2013loss record": "11\u201323",
        "Earned run average": "6.19",
        "Strikeouts": "190"
    },
    "birth_date": "1979-1-19"
}