{
    "name": "C\u00e9sar Guti\u00e9rrez",
    "position": "Shortstop",
    "birth_place": "Santa Ana de Coro, Falc\u00f3n, Venezuela",
    "death_date": "2005",
    "death_place": "Cabimas, Zulia, Venezuela",
    "bats": "Right",
    "throws": "Right |debutleague = MLB",
    "debutdate": "April 16",
    "debutyear": "1967",
    "debutteam": "San Francisco Giants |finalleague = MLB",
    "finaldate": "September 26",
    "finalyear": "1971",
    "finalteam": "Detroit Tigers |statleague = MLB",
    "teams": [
        "San Francisco Giants (1967; 1969)",
        "Detroit Tigers (1969\u20131971)"
    ],
    "highlights": [
        "Hit 7-for-7 in a single game without making an out (1970)"
    ],
    "stats": {
        "Batting average": ".235",
        "Hits": "128",
        "Sacrifice hits": "19"
    },
    "birth_date": "1943-1-26"
}