{
    "name": "C. K. Fauver",
    "birth_place": "North Eaton, Ohio, U.S.",
    "death_date": "1942",
    "death_place": "Chatsworth, Georgia, U.S.",
    "player_sport1": "Football",
    "player_years2": "1892\u20131895",
    "player_team2": "Oberlin",
    "player_sport3": "Baseball",
    "player_years4": "1893\u20131896",
    "player_team4": "Oberlin",
    "player_years5": "1899",
    "player_team5": "Louisville Colonels",
    "player_years6": "1900",
    "player_team6": "Cleveland Lake Shores",
    "player_positions": "Tackle, halfback (football) Pitcher (baseball)",
    "coach_sport1": "Football",
    "coach_years2": "1895",
    "coach_team2": "Miami (OH)",
    "coach_years3": "1896",
    "coach_team3": "Oberlin",
    "coach_sport4": "Baseball",
    "coach_years5": "1902",
    "coach_team5": "Western Reserve",
    "overall_record": "8\u20133\u20131 (football) 5\u20136 (baseball)",
    "birth_date": "1872-8-1"
}