{
    "name": "Calvin Griffith",
    "birth_name": "Calvin Griffith Robertson",
    "birth_place": "Montreal, Quebec, Canada",
    "death_date": "1999",
    "death_place": "Melbourne, Florida, U.S.",
    "occupation": "Major League Baseball team owner",
    "years_active": "1955\u20131984",
    "known_for": "Owner of the Washington Senators/Minnesota Twins",
    "notable_works": "Relocated the Senators to Minneapolis\u2013Saint Paul to create the Twins (1960) |module=  Infobox baseball biography",
    "embed": "yes",
    "hofcolor": "#EC1C40",
    "hoflink": "Canadian Baseball Hall of Fame",
    "hoftype": "Canadian",
    "hofdate": "2010   ",
    "birth_date": "1911-12-1"
}