{
    "name": "Calvin Pickering",
    "position": "First baseman",
    "birth_place": "Saint Thomas, U.S. Virgin Islands",
    "bats": "Left",
    "throws": "Left |debutleague = MLB",
    "debutdate": "September 12",
    "debutyear": "1998",
    "debutteam": "Baltimore Orioles |debut2league = KBO",
    "debut2year": "2006",
    "debut2team": "SK Wyverns |finalleague = MLB",
    "finaldate": "April 25",
    "finalyear": "2005",
    "finalteam": "Kansas City Royals |final2league = KBO",
    "final2year": "2006",
    "final2team": "SK Wyverns |statleague = MLB",
    "teams": [
        "Baltimore Orioles (1998\u20131999)",
        "Cincinnati Reds (2001)",
        "Boston Red Sox (2001)",
        "Kansas City Royals (2004\u20132005)",
        "SK Wyverns (2006)"
    ],
    "stats": {
        "Batting average": ".223",
        "Home runs": "14",
        "Runs batted in": "45 |stat2league = KBO"
    },
    "stats2": {
        "Batting average": ".278",
        "Home runs": "9",
        "Runs batted in": "34"
    },
    "birth_date": "1976-9-29"
}