{
    "name": "Cameron Maybin",
    "position": "Center fielder",
    "birth_place": "Asheville, North Carolina, U.S.",
    "bats": "Right",
    "throws": "Right",
    "debutleague": "MLB",
    "debutdate": "August 17",
    "debutyear": "2007",
    "debutteam": "Detroit Tigers",
    "finalleague": "MLB",
    "finaldate": "May 29",
    "finalyear": "2021",
    "finalteam": "New York Mets",
    "teams": [
        "Detroit Tigers (2007)",
        "Florida Marlins (2008\u20132010)",
        "San Diego Padres (2011\u20132014)",
        "Atlanta Braves (2015)",
        "Detroit Tigers (2016)",
        "Los Angeles Angels (2017)",
        "Houston Astros (2017)",
        "Miami Marlins (2018)",
        "Seattle Mariners (2018)",
        "New York Yankees (2019)",
        "Detroit Tigers (2020)",
        "Chicago Cubs (2020)",
        "New York Mets (2021)"
    ],
    "awards": [
        "World Series champion (2017)"
    ],
    "MLB": {
        "Batting average": ".254",
        "Home runs": "72",
        "Runs batted in": "354"
    },
    "birth_date": "1987-4-4"
}