{
    "name": "Carlos Hern\u00e1ndez",
    "position": "Infielder",
    "birth_place": "Caracas, Venezuela",
    "bats": "Right",
    "throws": "Right |debutleague = MLB",
    "debutdate": "May 26",
    "debutyear": "1999",
    "debutteam": "Houston Astros |finalleague = MLB",
    "finaldate": "April 26",
    "finalyear": "2000",
    "finalteam": "Seattle Mariners |statleague = MLB",
    "teams": [
        "Houston Astros (1999)",
        "Seattle Mariners (2000)"
    ],
    "stats": {
        "Batting average": ".133",
        "Home runs": "0",
        "Runs batted in": "1"
    },
    "birth_date": "1975-12-12"
}