{
    "name": "Carlos M\u00e1rmol",
    "position": "Pitcher",
    "birth_place": "Bonao, Dominican Republic",
    "bats": "Right",
    "throws": "Right |debutleague = MLB",
    "debutdate": "June 4",
    "debutyear": "2006",
    "debutteam": "Chicago Cubs |finalleague=MLB |finaldate=May 10 |finalyear=2014 |finalteam=Miami Marlins |statleague = MLB",
    "teams": [
        "Chicago Cubs (2006\u20132013)",
        "Los Angeles Dodgers (2013)",
        "Miami Marlins (2014)"
    ],
    "awards": [
        "All-Star (2008)"
    ],
    "stats": {
        "Win\u2013loss record": "23\u201335",
        "Earned run average": "3.57",
        "Strikeouts": "744",
        "Saves": "117"
    },
    "birth_date": "1982-10-14"
}