{
    "name": "Carlos Silva",
    "position": "Pitcher",
    "bats": "Right",
    "throws": "Right",
    "birth_place": "Bol\u00edvar, Venezuela |debutleague = MLB",
    "debutdate": "April 1",
    "debutyear": "2002",
    "debutteam": "Philadelphia Phillies |finalleague = MLB",
    "finaldate": "September 7",
    "finalyear": "2010",
    "finalteam": "Chicago Cubs |statleague = MLB",
    "teams": [
        "Philadelphia Phillies (2002\u20132003)",
        "Minnesota Twins (2004\u20132007)",
        "Seattle Mariners (2008\u20132009)",
        "Chicago Cubs (2010)"
    ],
    "stats": {
        "Win\u2013loss record": "70\u201370",
        "Earned run average": "4.68",
        "Strikeouts": "554"
    },
    "birth_date": "1979-4-23"
}