{
    "name": "Carlos Mart\u00ednez",
    "position": "Pitcher",
    "birth_place": "Villa Vasquez, Dominican Republic",
    "bats": "Right",
    "throws": "Right |debutleague = MLB",
    "debutdate": "April 3",
    "debutyear": "2006",
    "debutteam": "Florida Marlins |finalleague = MLB",
    "finaldate": "May 16 |finalyear=2009 |finalteam=Florida Marlins |statleague = MLB",
    "teams": [
        "Florida Marlins (2006\u20132007, 2009)"
    ],
    "stats": {
        "Win\u2013loss record": "0\u20131",
        "Earned run average": "4.11",
        "Strikeouts": "15"
    },
    "birth_date": "1982-5-26"
}