{
    "name": "Carlos Ruiz",
    "position": "Catcher",
    "birth_place": "David, Chiriqu\u00ed, Panama",
    "bats": "Right",
    "throws": "Right",
    "debutleague": "MLB",
    "debutdate": "May 6",
    "debutyear": "2006",
    "debutteam": "Philadelphia Phillies",
    "finaldate": "September 30",
    "finalleague": "MLB",
    "finalyear": "2017",
    "finalteam": "Seattle Mariners",
    "teams": [
        "Philadelphia Phillies (2006\u20132016)",
        "Los Angeles Dodgers (2016)",
        "Seattle Mariners (2017)"
    ],
    "highlights": [
        "All-Star (2012)",
        "World Series champion (2008)"
    ],
    "MLB": {
        "Batting average": ".264",
        "Home runs": "71",
        "Runs batted in": "415"
    },
    "birth_date": "1979-1-22"
}