{
    "name": "Carlos Guill\u00e9n",
    "position": "Shortstop",
    "bats": "Switch",
    "throws": "Right",
    "birth_place": "Maracay, Aragua, Venezuela |debutleague = MLB",
    "debutdate": "September 6",
    "debutyear": "1998",
    "debutteam": "Seattle Mariners |finalleague = MLB |finaldate    = September 18 |finalyear =    2011 |finalteam =   Detroit Tigers |statleague = MLB",
    "teams": [
        "Seattle Mariners (1998\u20132003)",
        "Detroit Tigers (2004\u20132011)"
    ],
    "awards": [
        "3\u00d7 All-Star (2004, 2007, 2008)"
    ],
    "stats": {
        "Batting average": ".285",
        "Home runs": "124",
        "Runs batted in": "660"
    },
    "birth_date": "1975-9-30"
}