{
    "name": "Carlos Alm\u00e1nzar",
    "position": "Relief pitcher",
    "birth_place": "Santiago, Dominican Republic",
    "bats": "Right",
    "throws": "Right",
    "debutleague": "MLB",
    "debutdate": "September 4",
    "debutyear": "1997",
    "debutteam": "Toronto Blue Jays",
    "finalleague": "MLB",
    "finaldate": "April 30",
    "finalyear": "2005",
    "finalteam": "Texas Rangers",
    "teams": [
        "Toronto Blue Jays (1997\u20131998)",
        "San Diego Padres (1999\u20132000)",
        "New York Yankees (2001)",
        "Cincinnati Reds (2002)",
        "Texas Rangers (2004\u20132005)"
    ],
    "MLB": {
        "Win\u2013loss record": "13\u201313",
        "Earned run average": "4.82",
        "Strikeouts": "170"
    },
    "birth_date": "1973-11-6"
}