{
    "name": "Carlos Lee",
    "position": "Left fielder / First baseman",
    "bats": "Right",
    "throws": "Right",
    "birth_place": "Aguadulce, Panama",
    "debutleague": "MLB",
    "debutdate": "May 7",
    "debutyear": "1999",
    "debutteam": "Chicago White Sox |finalleague  = MLB |finaldate    = October 3 |finalyear    = 2012 |finalteam    = Miami Marlins |statleague   = MLB",
    "teams": [
        "Chicago White Sox (1999\u20132004)",
        "Milwaukee Brewers (2005\u20132006)",
        "Texas Rangers (2006)",
        "Houston Astros (2007\u20132012)",
        "Miami Marlins  (2012)"
    ],
    "awards": [
        "3\u00d7 All-Star (2005\u20132007)",
        "2\u00d7 Silver Slugger Award (2005, 2007)"
    ],
    "stats": {
        "Batting average": ".285",
        "Hits": "2,273",
        "Home runs": "358",
        "Runs batted in": "1,363"
    },
    "birth_date": "1976-6-20"
}