{
    "name": "Carlos Hern\u00e1ndez",
    "position": "Pitcher",
    "birth_place": "Guacara, Carabobo, Venezuela",
    "bats": "Switch",
    "throws": "Left |debutleague = MLB",
    "debutdate": "August 18",
    "debutyear": "2001",
    "debutteam": "Houston Astros |finalleague = MLB",
    "finaldate": "September 26",
    "finalyear": "2004",
    "finalteam": "Houston Astros |statleague = MLB",
    "teams": [
        "Houston Astros (2001\u20132002, 2004)"
    ],
    "stats": {
        "Win\u2013loss record": "9\u20138",
        "Earned run average": "4.54",
        "Strikeouts": "136"
    },
    "birth_date": "1980-4-22"
}