{
    "name": "Carlos Quentin",
    "width": "250",
    "position": "Outfielder",
    "birth_place": "Bellflower, California, U.S.",
    "bats": "Right",
    "throws": "Right",
    "debutleague": "MLB",
    "debutdate": "July 20",
    "debutyear": "2006",
    "debutteam": "Arizona Diamondbacks",
    "finalleague": "MLB",
    "finaldate": "July 26",
    "finalyear": "2014",
    "finalteam": "San Diego Padres",
    "teams": [
        "Arizona Diamondbacks (2006\u20132007)",
        "Chicago White Sox (2008\u20132011)",
        "San Diego Padres (2012\u20132014)"
    ],
    "awards": [
        "2\u00d7 All-Star (2008, 2011)",
        "Silver Slugger Award (2008)"
    ],
    "MLB": {
        "Batting average": ".252",
        "Home runs": "154",
        "Runs batted in": "491"
    },
    "birth_date": "1982-8-28"
}