{
    "name": "Carl Pavano",
    "position": "Pitcher",
    "bats": "Right",
    "throws": "Right",
    "birth_place": "New Britain, Connecticut, U.S. |debutleague = MLB",
    "debutdate": "May 23",
    "debutyear": "1998",
    "debutteam": "Montreal Expos |finalleague = MLB",
    "finaldate": "June 1",
    "finalyear": "2012",
    "finalteam": "Minnesota Twins |statleague = MLB",
    "teams": [
        "Montreal Expos (1998\u20132002)",
        "Florida Marlins (2002\u20132004)",
        "New York Yankees (2005, 2007\u20132008)",
        "Cleveland Indians (2009)",
        "Minnesota Twins (2009\u20132012) |awards=",
        "All-Star (2004)",
        "World Series champion (2003)"
    ],
    "stats": {
        "Win\u2013loss record": "108\u2013107",
        "Earned run average": "4.39",
        "Strikeouts": "1,091"
    },
    "birth_date": "1976-1-8"
}