{
    "name": "Carlos Valderrama",
    "position": "Outfielder",
    "birth_place": "Maracaibo, Zulia, Venezuela",
    "bats": "Right",
    "throws": "Right |debutleague = MLB",
    "debutdate": "June 21",
    "debutyear": "2003",
    "debutteam": "San Francisco Giants |finalleague = MLB",
    "finaldate": "June 29",
    "finalyear": "2003",
    "finalteam": "San Francisco Giants |statleague = MLB",
    "teams": [
        "San Francisco Giants (2003)"
    ],
    "stats": {
        "Batting average": ".143",
        "Hits": "1",
        "Stolen bases": "1"
    },
    "birth_date": "1977-11-30"
}