{
    "name": "Carroll Sembera",
    "position": "Pitcher",
    "bats": "Right",
    "throws": "Right",
    "birth_place": "Shiner, Texas",
    "death_date": "2005",
    "death_place": "Shiner, Texas |debutleague = MLB",
    "debutdate": "September 28",
    "debutyear": "1965",
    "debutteam": "Houston Astros |finalleague = MLB",
    "finaldate": "April 26",
    "finalyear": "1970",
    "finalteam": "Montreal Expos |statleague = MLB",
    "teams": [
        "Houston Astros (1965\u20131967)",
        "Montreal Expos (1969\u20131970)"
    ],
    "stats": {
        "Win\u2013loss record": "3\u201311",
        "Earned run average": "4.70",
        "Strikeouts": "94"
    },
    "birth_date": "1941-7-26"
}