{
    "name": "Casey Candaele",
    "position": "Utility player",
    "birth_place": "Lompoc, California, U.S. |debutleague = MLB",
    "debutdate": "June 5",
    "debutyear": "1986",
    "debutteam": "Montreal Expos |finalleague = MLB",
    "finaldate": "July 13",
    "finalyear": "1997",
    "finalteam": "Cleveland Indians |statleague = MLB",
    "teams": [
        "Montreal Expos (1986\u20131988)",
        "Houston Astros (1988, 1990\u20131993)",
        "Cleveland Indians (1996\u20131997)"
    ],
    "stats": {
        "Batting average": ".250",
        "Home runs": "11",
        "Runs batted in": "139"
    },
    "birth_date": "1961-1-12"
}