{
    "name": "Casey Daigle",
    "position": "Pitcher",
    "birth_place": "Lake Charles, Louisiana, U.S.|",
    "bats": "Right",
    "throws": "Right |debutleague = MLB",
    "debutdate": "April 9",
    "debutyear": "2004",
    "debutteam": "Arizona Diamondbacks |finalleague=MLB",
    "finaldate": "July 18",
    "finalyear": "2010",
    "finalteam": "Houston Astros |statleague = MLB",
    "teams": [
        "Arizona Diamondbacks (2004, 2006)",
        "Houston Astros (2010)"
    ],
    "stats": {
        "Win\u2013loss record": "3\u20134",
        "Earned run average": "7.16",
        "Strikeouts": "30"
    },
    "birth_date": "1981-4-4"
}