{
    "name": "Casey Fossum",
    "position": "Pitcher",
    "birth_place": "Cherry Hill, New Jersey, U.S.",
    "bats": "Left",
    "throws": "Left |debutleague = MLB",
    "debutdate": "July 29",
    "debutyear": "2001",
    "debutteam": "Boston Red Sox |debut2league = NPB",
    "debut2date": "April 15",
    "debut2year": "2010",
    "debut2team": "Hanshin Tigers |finalleague = MLB",
    "finaldate": "April 26",
    "finalyear": "2009",
    "finalteam": "New York Mets |final2league = NPB",
    "final2date": "July 4",
    "final2year": "2010",
    "final2team": "Hanshin Tigers |statleague = MLB",
    "teams": [
        "Boston Red Sox (2001\u20132003)",
        "Arizona Diamondbacks (2004)",
        "Tampa Bay Devil Rays (2005\u20132007)",
        "Detroit Tigers (2008)",
        "New York Mets (2009)",
        "Hanshin Tigers (2010)"
    ],
    "stats": {
        "Win\u2013loss record": "40\u201353",
        "Earned run average": "5.45",
        "Strikeouts": "607 |stat2league = NPB"
    },
    "stats2": {
        "Win\u2013loss record": "2\u20135",
        "Earned run average": "5.72",
        "Strikeouts": "48"
    },
    "birth_date": "1978-1-6"
}