{
    "name": "Casey Blake",
    "position": "Third baseman",
    "birth_place": "Des Moines, Iowa, U.S.",
    "bats": "Right",
    "throws": "Right",
    "debutleague": "MLB",
    "debutdate": "August 14",
    "debutyear": "1999",
    "debutteam": "Toronto Blue Jays",
    "finalleague": "MLB",
    "finaldate": "August 31",
    "finalyear": "2011",
    "finalteam": "Los Angeles Dodgers",
    "teams": [
        "Toronto Blue Jays (1999)",
        "Minnesota Twins (2000\u20132001)",
        "Baltimore Orioles (2001)",
        "Minnesota Twins (2002)",
        "Cleveland Indians (2003\u20132008)",
        "Los Angeles Dodgers (2008\u20132011)"
    ],
    "MLB": {
        "Batting average": ".264",
        "Home runs": "167",
        "Runs batted in": "616"
    },
    "birth_date": "1973-8-23"
}