{
    "name": "Cat Osterman |image= Cat Osterman.jpg",
    "team": "USSSA Pride",
    "number": "38",
    "position": "Pitcher",
    "birth_place": "Houston, Texas",
    "bats": "Left",
    "throws": "Left",
    "debutleague": "NPF",
    "debutdate": "May 29",
    "debutyear": "2007",
    "debutteam": "Rockford Thunder",
    "finalleague": "NPF",
    "finaldate": "August 17",
    "finalyear": "2015",
    "finalteam": "USSSA Pride",
    "statleague": "NPF",
    "statyear": [
        "Rockford Thunder (2007\u20132009)",
        "USSSA Pride (2010\u20132015) |highlights=",
        "2\u00d7 Honda Sports Award (2005, 2006)",
        "4\u00d7 Big 12 Pitcher of the Year (2002, 2003, 2005, 2006)",
        "4\u00d7 NPF Champion (2009,2010, 2013, 2014)",
        "6\u00d7 All-NPF (2009, 2011\u20132015)",
        "USSSA Pride No. 8 retired  |medaltemplates= Women's softball  flagu  Olympic Games  2004 Athens 2008 Beijing 2020 Tokyo"
    ],
    "birth_date": "1983-04-16"
}