{
    "name": "CC Sabathia",
    "position": "Pitcher",
    "birth_place": "Vallejo, California, U.S.",
    "bats": "Left",
    "throws": "Left",
    "debutleague": "MLB",
    "debutdate": "April 8",
    "debutyear": "2001",
    "debutteam": "Cleveland Indians",
    "finalleague": "MLB",
    "finalteam": "New York Yankees",
    "finaldate": "September 24",
    "finalyear": "2019",
    "teams": [
        "Cleveland Indians (2001\u20132008)",
        "Milwaukee Brewers (2008)",
        "New York Yankees (2009\u20132019)"
    ],
    "awards": [
        "6\u00d7 All-Star (2003, 2004, 2007, 2010\u20132012)",
        "World Series champion (2009)",
        "AL Cy Young Award (2007)",
        "ALCS MVP (2009)",
        "2\u00d7 MLB wins leader (2009, 2010)"
    ],
    "MLB": {
        "Win\u2013loss record": "251\u2013161",
        "Earned run average": "3.74",
        "Strikeouts": "3,093"
    },
    "birth_date": "1980-7-21"
}