{
    "name": "Cesar Carrillo",
    "position": "Starting pitcher",
    "birth_place": "Chicago, Illinois",
    "bats": "Right",
    "throws": "Right |debutleague = MLB",
    "debutdate": "August 13",
    "debutyear": "2009",
    "debutteam": "San Diego Padres |debut2league = CPBL",
    "debut2date": "March 21",
    "debut2year": "2012",
    "debut2team": "Brother Elephants",
    "statyear": "2009 |statleague = MLB",
    "teams": [
        "San Diego Padres (2009)",
        "Brother Elephants (2012)"
    ],
    "stats": {
        "Win\u2013loss record": "14-22",
        "Earned run average": "4.44",
        "Strikeouts": "78"
    },
    "birth_date": "1984-4-29"
}