{
    "name": "Chad Bradford",
    "position": "Pitcher",
    "birth_place": "Byram, Mississippi, U.S.",
    "bats": "Right",
    "throws": "Right |debutleague = MLB",
    "debutdate": "August 1",
    "debutyear": "1998",
    "debutteam": "Chicago White Sox |finalleague = MLB",
    "finaldate": "September 23",
    "finalyear": "2009",
    "finalteam": "Tampa Bay Rays |statleague = MLB",
    "teams": [
        "Chicago White Sox (1998\u20132000)",
        "Oakland Athletics (2001\u20132004)",
        "Boston Red Sox (2005)",
        "New York Mets (2006)",
        "Baltimore Orioles (2007\u20132008)",
        "Tampa Bay Rays (2008\u20132009)"
    ],
    "stats": {
        "Win\u2013loss record": "36\u201328",
        "Earned run average": "3.26",
        "Strikeouts": "313"
    },
    "birth_date": "1974-9-14"
}