{
    "name": "Chad Paronto",
    "position": "Pitcher",
    "bats": "Right",
    "throws": "Right",
    "birth_place": "Woodsville, New Hampshire, U.S. |debutleague = MLB",
    "debutdate": "April 19",
    "debutyear": "2001",
    "debutteam": "Baltimore Orioles |finalleague = MLB",
    "finaldate": "September 29",
    "finalyear": "2009",
    "finalteam": "Houston Astros |statleague = MLB",
    "teams": [
        "Baltimore Orioles (2001)",
        "Cleveland Indians (2002\u20132003)",
        "Atlanta Braves (2006\u20132007)",
        "Houston Astros (2008\u20132009)"
    ],
    "stats": {
        "Win\u2013loss record": "6\u201312",
        "Earned run average": "4.32",
        "Strikeouts": "107"
    },
    "birth_date": "1975-7-28"
}