{
    "name": "Chad Bentz",
    "position": "Relief pitcher",
    "birth_place": "Seward, Alaska, U.S.",
    "bats": "Right",
    "throws": "Left |debutleague = MLB",
    "debutdate": "April 7",
    "debutyear": "2004",
    "debutteam": "Montreal Expos |finalleague = MLB",
    "finaldate": "June 21",
    "finalyear": "2005",
    "finalteam": "Florida Marlins |statleague = MLB",
    "teams": [
        "Montreal Expos (2004)",
        "Florida Marlins (2005)"
    ],
    "stats": {
        "Win\u2013loss record": "0\u20133",
        "Earned run average": "7.58",
        "Strikeouts": "18"
    },
    "birth_date": "1980-5-5"
}