{
    "name": "Chad Fox",
    "position": "Pitcher",
    "birth_place": "Conroe, Texas, U.S.",
    "bats": "Right",
    "throws": "Right |debutleague = MLB",
    "debutdate": "July 13",
    "debutyear": "1997",
    "debutteam": "Atlanta Braves |finalleague = MLB",
    "finaldate": "May 9",
    "finalyear": "2009",
    "finalteam": "Chicago Cubs",
    "statyear": "|statleague = MLB",
    "teams": [
        "Atlanta Braves (1997)",
        "Milwaukee Brewers (1998\u20131999, 2001\u20132002)",
        "Boston Red Sox (2003)",
        "Florida Marlins (2003\u20132004)",
        "Chicago Cubs (2005, 2008\u20132009)"
    ],
    "awards": [
        "World Series champion (2003)"
    ],
    "stats": {
        "Win\u2013loss record": "10\u201312",
        "Earned run average": "3.79",
        "Strikeouts": "262"
    },
    "birth_date": "1970-9-3"
}