{
    "name": "Chad Fonville",
    "position": "Infielder/Outfielder",
    "birth_place": "Jacksonville, North Carolina, U.S.",
    "bats": "Both",
    "throws": "Right |debutleague = MLB",
    "debutdate": "April 28",
    "debutyear": "1995",
    "debutteam": "Montreal Expos |finalleague = MLB",
    "finaldate": "July 9",
    "finalyear": "1999",
    "finalteam": "Boston Red Sox |statleague = MLB",
    "teams": [
        "Montreal Expos (1995)",
        "Los Angeles Dodgers (1995\u20131997)",
        "Chicago White Sox (1997)",
        "Boston Red Sox (1999)"
    ],
    "stats": {
        "Batting average": ".244",
        "Home runs": "0",
        "Runs batted in": "31"
    },
    "birth_date": "1971-3-5"
}