{
    "name": "Chang Tai-shan",
    "position": "Third baseman / Coach",
    "team": "Wei Chuan Dragons",
    "birth_place": "Taitung, Taiwan",
    "bats": "Right",
    "throws": "Right",
    "debutleague": "CPBL",
    "debutdate": "March 20",
    "debutyear": "1996",
    "debutteam": "Wei Chuan Dragons",
    "statyear": "2015",
    "awards": [
        "CPBL Rookie of the Year (1996)",
        "CPBL Golden Glove Award (1999, 2000, 2001)",
        "CPBL MVP of the Year (2003)",
        "7x Taiwan Series champion\u3000(1997, 1998, 1999, 2004, 2005, 2011, 2013)"
    ],
    "teams": [
        "Wei Chuan Dragons (1996\u20131999)",
        "Sinon Bulls (2000\u20132010)",
        "Uni-President 7-Eleven Lions (2011\u20132015) '''Coach'''",
        "Wei Chuan Dragons (2019\u2013present) |medaltemplates= Men's baseball TPE  Baseball World Cup  2001 Taipei Intercontinental Cup  2006 Taichung Asian Games  2006 Doha  2010 Guangzhou Asian Baseball Championship  2003 Sapporo  2007 Taichung"
    ],
    "CPBL": {
        "Batting average": ".307",
        "Home runs": "289",
        "Runs batted in": "1338",
        "Hits": "2134"
    },
    "birth_date": "October 31, 1976"
}