{
    "honorific-prefix": "The Honourable",
    "honorific-suffix": "PC CC",
    "name": "Charles Bronfman",
    "birth_name": "Charles Rosner Bronfman",
    "birth_place": "Montreal, Quebec, Canada",
    "citizenship": "Canada United States",
    "education": "Selwyn House School Trinity College School",
    "alma_mater": "McGill University",
    "occupation": "Businessman",
    "parents": "Samuel Bronfman Saidye Rosner Bronfman",
    "spouse": [
        "marriage",
        "Andrea Brett Morrison Cohen",
        "Bonita Roche",
        "Rita Mayo"
    ],
    "children": "2, including Stephen",
    "relatives": "Minda de Gunzburg (sister) Phyllis Lambert (sister) Edgar Bronfman Sr. (brother)",
    "embed": "yes",
    "hofcolor": "#EC1C40",
    "hoflink": "Canadian Baseball Hall of Fame",
    "hoftype": "Canadian",
    "hofdate": "1984   ",
    "birth_date": "1931-6-27"
}