{
    "name": "Old Hoss Radbourn",
    "position": "Pitcher",
    "birth_place": "Rochester, New York, U.S.",
    "death_date": "1897",
    "death_place": "Bloomington, Illinois, U.S.",
    "bats": "Right",
    "throws": "Right |debutleague = MLB",
    "debutdate": "May 5",
    "debutyear": "1880",
    "debutteam": "Buffalo Bisons |finalleague = MLB",
    "finaldate": "August 11",
    "finalyear": "1891",
    "finalteam": "Cincinnati Reds |statleague = MLB",
    "teams": [
        "Buffalo Bisons (1880)",
        "Providence Grays (1881\u20131885)",
        "Boston Beaneaters (1886\u20131889)",
        "Boston Reds (1890)",
        "Cincinnati Reds (1891)"
    ],
    "highlights": [
        "Triple Crown (1884)",
        "2\u00d7 NL wins leader (1883, 1884)",
        "NL ERA leader (1884)",
        "2\u00d7 NL strikeout leader (1882, 1884)",
        "Pitched a no-hitter on July 25, 1883",
        "MLB record 60 wins, single season |hoflink = National Baseball Hall of Fame and Museum |hoftype = National"
    ],
    "hofdate": "1939",
    "hofmethod": "Old-Timers Committee ",
    "stats": {
        "Win\u2013loss record": "310\u2013194",
        "Earned run average": "2.68",
        "Strikeouts": "1,830"
    },
    "birth_date": "1854-12-11"
}