{
    "name": "Charlton Jimerson",
    "position": "Outfielder",
    "bats": "Right",
    "throws": "Right",
    "birth_place": "San Leandro, California, U.S. |debutleague = MLB",
    "debutdate": "September 14",
    "debutyear": "2005",
    "debutteam": "Houston Astros |finalleague = MLB",
    "finaldate": "April 10",
    "finalyear": "2008",
    "finalteam": "Seattle Mariners |statleague = MLB",
    "teams": [
        "Houston Astros (2005\u20132006)",
        "Seattle Mariners (2007\u20132008) |highlights=",
        "Hit a home run in first major league at-bat"
    ],
    "stats": {
        "Batting average": ".444",
        "Home runs": "2",
        "Runs batted in": "2"
    },
    "birth_date": "1979-9-22"
}