{
    "name": "Charley O'Leary",
    "position": "Shortstop",
    "birth_place": "Chicago, Illinois, U.S.",
    "death_date": "1941",
    "death_place": "Chicago, Illinois, U.S.",
    "bats": "Right",
    "throws": "Right",
    "debutleague": "MLB",
    "debutdate": "April 14",
    "debutyear": "1904",
    "debutteam": "Detroit Tigers",
    "finalleague": "MLB",
    "finaldate": "September 30",
    "finalyear": "1934",
    "finalteam": "St. Louis Browns",
    "teams": [
        "Detroit Tigers (1904\u20131912)",
        "St. Louis Cardinals (1913)",
        "St. Louis Browns (1934) '''As a coach'''",
        "St. Louis Cardinals (1913\u20131917)",
        "New York Yankees (1921\u20131930)",
        "Chicago Cubs (1931\u20131933)",
        "St. Louis Browns (1934\u20131937)"
    ],
    "highlights": [
        "3\u00d7 World Series champion (1923, 1927, 1928)",
        "Oldest player to record a hit",
        "Oldest player to score a run",
        "Second-oldest player to appear in a game"
    ],
    "MLB": {
        "Batting average": ".226",
        "Home runs": "3",
        "Runs batted in": "213"
    },
    "birth_date": "1875-10-15"
}