{
    "name": "Charlie Maxwell",
    "position": "Left fielder",
    "bats": "Left",
    "throws": "Left",
    "birth_place": "Lawton, Michigan, U.S. |debutleague = MLB",
    "debutdate": "September 20",
    "debutyear": "1950",
    "debutteam": "Boston Red Sox |finalleague = MLB",
    "finaldate": "April 26",
    "finalyear": "1964",
    "finalteam": "Chicago White Sox |statleague = MLB",
    "teams": [
        "Boston Red Sox (1950\u20131952, 1954)",
        "Baltimore Orioles (1955)",
        "Detroit Tigers (1955\u20131962)",
        "Chicago White Sox (1962\u20131964)"
    ],
    "highlights": [
        "2\u00d7 All-Star (1956, 1957)"
    ],
    "stats": {
        "Batting average": ".264",
        "Home runs": "148",
        "Runs batted in": "532"
    },
    "birth_date": "1927-4-8"
}