{
    "name": "Charley Pride",
    "birth_name": "Charley Frank Pride",
    "death_date": "2020",
    "birth_place": "Sledge, Mississippi, U.S.",
    "death_place": "Dallas, Texas, U.S.",
    "genre": [
        "Country",
        "gospel"
    ],
    "occupation": [
        "Singer",
        "guitarist"
    ],
    "instrument": [
        "Vocals",
        "guitar"
    ],
    "years_active": "1952\u20132020",
    "label": [
        "RCA Records",
        "16th Avenue",
        "Music City"
    ],
    "website": "charleypride.com/",
    "embed": "yes",
    "position": "Pitcher",
    "bats": "Switch",
    "throws": "Right",
    "debutleague": "Negro leagues",
    "debutyear": "1953",
    "debutteam": "Memphis Red Sox",
    "finalyear": "1958",
    "finalteam": "Memphis Red Sox",
    "teams": "ubl",
    "highlights": "Ubl",
    "birth_date": "1934-3-18"
}