{
    "name": "Chick Hafey",
    "position": "Outfielder",
    "birth_place": "Berkeley, California, U.S.",
    "death_date": "1973",
    "death_place": "Calistoga, California, U.S.",
    "bats": "Right",
    "throws": "Right |debutleague = MLB",
    "debutdate": "August 28",
    "debutyear": "1924",
    "debutteam": "St. Louis Cardinals |finalleague = MLB",
    "finaldate": "September 30",
    "finalyear": "1937",
    "finalteam": "Cincinnati Reds |statleague = MLB",
    "teams": [
        "St. Louis Cardinals (1924\u20131931)",
        "Cincinnati Reds (1932\u20131935, 1937)"
    ],
    "highlights": [
        "All-Star (1933)",
        "2\u00d7 World Series champion (1926, 1931)",
        "NL batting champion (1931)",
        "St. Louis Cardinals Hall of Fame |hoflink = National Baseball Hall of Fame and Museum |hoftype = National |hofdate=1971 |hofmethod=Veterans Committee"
    ],
    "stats": {
        "Batting average": ".317",
        "Home runs": "164",
        "Runs batted in": "833"
    },
    "birth_date": "1903-2-12"
}