{
    "name": "Chico Carrasquel",
    "position": "Shortstop",
    "bats": "Right",
    "throws": "Right",
    "birth_place": "Caracas, Venezuela",
    "death_date": "mf=yes",
    "death_place": "Caracas, Venezuela |debutleague = MLB",
    "debutdate": "April 18",
    "debutyear": "1950",
    "debutteam": "Chicago White Sox |finalleague = MLB",
    "finaldate": "September 23",
    "finalyear": "1959",
    "finalteam": "Baltimore Orioles |statleague = MLB",
    "teams": [
        "Chicago White Sox (1950\u20131955)",
        "Cleveland Indians (1956\u20131958)",
        "Kansas City Athletics (1958)",
        "Baltimore Orioles (1959)"
    ],
    "highlights": [
        "4\u00d7 All-Star (1951, 1953\u20131955) |hofcolor = #ffd700 |hoflink = Venezuelan Baseball Hall of Fame and Museum |hoftype = Venezuelan |hofdate = 2003 |hofvote =  |hofmethod ="
    ],
    "stats": {
        "Batting average": ".258",
        "Home runs": "55",
        "Runs batted in": "474"
    },
    "birth_date": "1926-1-23"
}