{
    "name": "Chick Galloway",
    "position": "Shortstop",
    "birth_place": "Clinton, South Carolina",
    "death_date": "1969",
    "death_place": "Clinton, South Carolina",
    "bats": "Right",
    "throws": "Right |debutleague = MLB",
    "debutdate": "September 9",
    "debutyear": "1919",
    "debutteam": "Philadelphia Athletics |finalleague = MLB",
    "finaldate": "July 25",
    "finalyear": "1928",
    "finalteam": "Detroit Tigers |statleague = MLB",
    "teams": [
        "Philadelphia Athletics (1919\u20131927)",
        "Detroit Tigers (1928)"
    ],
    "stats": {
        "Batting average": ".264",
        "Hits": "946",
        "Runs batted in": "407"
    },
    "birth_date": "1896-8-4"
}