{
    "name": "Chien-Ming Wang",
    "position": "Pitcher / Coach",
    "bats": "Right",
    "throws": "Right",
    "team": "CTBC Brothers",
    "number": "40",
    "birth_place": "Guanmiao, Tainan, Taiwan",
    "debutleague": "MLB",
    "debutdate": "April 30",
    "debutyear": "2005",
    "debutteam": "New York Yankees",
    "finalleague": "MLB",
    "finaldate": "August 30",
    "finalyear": "2016",
    "finalteam": "Kansas City Royals",
    "teams": [
        "New York Yankees (2005\u20132009)",
        "Washington Nationals (2011\u20132012)",
        "Toronto Blue Jays (2013)",
        "Kansas City Royals (2016) '''As coach'''",
        "Fubon Guardians (2019)",
        "CTBC Brothers (2020\u2013present) |awards=",
        "AL wins leader (2006)"
    ],
    "MLB": {
        "Win\u2013loss record": "68\u201334",
        "Earned run average": "4.36",
        "Strikeouts": "394"
    },
    "birth_date": "1980-3-31",
    "medaltemplates": [
        "Country: {{TPE}}",
        "Sport: Men's baseball",
        "Competition: Asian Games",
        "Silver Medal: 2002 Busan Taiwan"
    ]
}