{
    "name": "Chin-Hui Tsao",
    "position": "Pitcher",
    "bats": "Right",
    "throws": "Right",
    "birth_place": "Guangfu, Hualien, Taiwan",
    "debut2league": "CPBL",
    "debut2date": "April 25",
    "debut2year": "2009",
    "debut2team": "Brother Elephants",
    "debutleague": "MLB",
    "debutdate": "July 25",
    "debutyear": "2003",
    "debutteam": "Colorado Rockies",
    "final2league": "CPBL",
    "final2date": "October 3",
    "final2year": "2009",
    "final2team": "Brother Elephants",
    "finalleague": "MLB",
    "finaldate": "May 21",
    "finalyear": "2016",
    "finalteam": "Los Angeles Dodgers",
    "teams": [
        "Kaoping Fala (1999)",
        "Colorado Rockies (2003\u20132005)",
        "Los Angeles Dodgers (2007)",
        "Brother Elephants (2009)",
        "Los Angeles Dodgers (2015\u20132016)"
    ],
    "MLB": {
        "Win\u2013loss record": "5\u20136",
        "Earned run average": "5.75",
        "Strikeouts": "67"
    },
    "birth_date": "1981-6-2"
}