{
    "team": "Samsung Lions",
    "number": "94 |position=Starting pitcher |bats=Right |throws=Right |birth_date=birth_place=Jeonju, North Jeolla Province, South Korea |debutleague=MLB |debutyear=1998 |debutdate=July 4 |debutteam=Boston Red Sox |finalleague=MLB |finalyear=1999 |finaldate=July 30 |finalteam=Boston Red S",
    "debut2league": "KBO",
    "debut2date": "April 9",
    "debut2year": "2003",
    "debut2team": "SK Wyverns",
    "final2league": "KBO",
    "final2year": "2009",
    "final2team": "Samsung Lions |statleague=MLB |stat1label=Win\u2013loss record |stat1value=2\u20136 |stat2label=Earned run average |stat2value=6.52 |stat3label=Strikeouts |stat3value=31",
    "KBO": {
        "Win\u2013loss record": "5\u20139",
        "Earned run average": "5.99",
        "Strikeouts": [
            "Boston Red Sox (1998&ndash;1999)",
            "SK Wyverns (2003)",
            "Samsung Lions (2008\u20132009) '''As coach'''",
            "Samsung Lions (2014\u2013present)"
        ]
    }
}