{
    "name": "Chone Figgins",
    "position": "Third baseman / Outfielder / Second baseman",
    "bats": "Switch",
    "throws": "Right",
    "birth_place": "Leary, Georgia, U.S.",
    "debutleague": "MLB",
    "debutdate": "August 25",
    "debutyear": "2002",
    "debutteam": "Anaheim Angels",
    "finalleague": "MLB",
    "finaldate": "June 13",
    "finalyear": "2014",
    "finalteam": "Los Angeles Dodgers",
    "teams": [
        "Anaheim Angels / Los Angeles Angels of Anaheim (2002\u20132009)",
        "Seattle Mariners (2010\u20132012)",
        "Los Angeles Dodgers (2014) |awards=",
        "All-Star (2009)",
        "World Series champion (2002)",
        "MLB stolen base leader (2005)"
    ],
    "MLB": {
        "Batting average": ".276",
        "Home runs": "35",
        "Runs batted in": "403",
        "Stolen bases": "341"
    },
    "birth_date": "1978-01-22"
}