{
    "name": "Chris Duffy",
    "position": "Center fielder",
    "bats": "Left",
    "throws": "Left",
    "birth_place": "Brattleboro, Vermont, U.S. |debutleague = MLB",
    "debutdate": "April 7",
    "debutyear": "2005",
    "debutteam": "Pittsburgh Pirates |finalleague = MLB",
    "finaldate": "May 14",
    "finalyear": "2009",
    "finalteam": "Milwaukee Brewers |statleague = MLB",
    "teams": [
        "Pittsburgh Pirates (2005\u20132007)",
        "Milwaukee Brewers (2009)"
    ],
    "stats": {
        "Batting average": ".262",
        "Home runs": "6",
        "Runs batted in": "52",
        "Stolen bases": "41"
    },
    "birth_date": "1980-4-20"
}