{
    "name": "Chris Sampson",
    "position": "Pitcher",
    "bats": "Right",
    "throws": "Right",
    "birth_place": "Channelview, Texas, U.S. |debutleague = MLB",
    "debutdate": "June 2",
    "debutyear": "2006",
    "debutteam": "Houston Astros |finalleague = MLB",
    "finaldate": "July 24",
    "finalyear": "2010",
    "finalteam": "Houston Astros |statleague = MLB",
    "teams": [
        "Houston Astros (2006\u20132010)"
    ],
    "stats": {
        "Win\u2013loss record": "20\u201315",
        "Earned run average": "4.42",
        "Strikeouts": "176"
    },
    "birth_date": "1978-5-23"
}