{
    "name": "Chris Duncan",
    "position": "Left fielder / First baseman",
    "birth_place": "Tucson, Arizona, U.S.",
    "death_date": "2019",
    "death_place": "Tucson, Arizona, U.S.",
    "bats": "Left",
    "throws": "Right",
    "debutleague": "MLB",
    "debutdate": "September 10",
    "debutyear": "2005",
    "debutteam": "St. Louis Cardinals",
    "finalleague": "MLB",
    "finaldate": "July 20",
    "finalyear": "2009",
    "finalteam": "St. Louis Cardinals",
    "teams": [
        "St. Louis Cardinals (2005\u20132009) |highlights =",
        "World Series champion (2006)"
    ],
    "MLB": {
        "Batting average": ".257",
        "Home runs": "55",
        "Runs batted in": "175"
    },
    "birth_date": "1981-5-5"
}