{
    "name": "Chris Jones",
    "position": "Outfielder",
    "birth_place": "Utica, New York, U.S.",
    "bats": "Right",
    "throws": "Right |debutleague = MLB",
    "debutdate": "April 21",
    "debutyear": "1991",
    "debutteam": "Cincinnati Reds |finalleague = MLB",
    "finaldate": "July 29",
    "finalyear": "2000",
    "finalteam": "Milwaukee Brewers |statleague = MLB",
    "teams": [
        "Cincinnati Reds (1991)",
        "Houston Astros (1992)",
        "Colorado Rockies (1993\u20131994)",
        "New York Mets (1995\u20131996)",
        "San Diego Padres (1997)",
        "Arizona Diamondbacks (1998)",
        "San Francisco Giants (1998)",
        "Milwaukee Brewers (2000)"
    ],
    "stats": {
        "Batting average": ".252",
        "Home runs": "30",
        "Runs batted in": "131"
    },
    "birth_date": "1965-12-16"
}