{
    "name": "Chris Stewart",
    "position": "Catcher",
    "bats": "Right",
    "throws": "Right",
    "birth_place": "Fontana, California, U.S.",
    "debutleague": "MLB",
    "debutdate": "September 6",
    "debutyear": "2006",
    "debutteam": "Chicago White Sox",
    "finalleague": "MLB",
    "finaldate": "September 25",
    "finalyear": "2018",
    "finalteam": "Arizona Diamondbacks",
    "teams": [
        "Chicago White Sox (2006)",
        "Texas Rangers (2007)",
        "New York Yankees (2008)",
        "San Diego Padres (2010)",
        "San Francisco Giants (2011)",
        "New York Yankees (2012\u20132013)",
        "Pittsburgh Pirates (2014\u20132017)",
        "Atlanta Braves (2018)",
        "Arizona Diamondbacks (2018)"
    ],
    "MLB": {
        "Batting average": ".230",
        "Home runs": "9",
        "Runs batted in": "90"
    },
    "birth_date": "1982-2-19"
}