{
    "name": "Chris Gwynn",
    "position": "Outfielder",
    "birth_place": "Los Angeles, California, U.S.",
    "bats": "Left",
    "throws": "Left |debutleague = MLB",
    "debutdate": "August 14",
    "debutyear": "1987",
    "debutteam": "Los Angeles Dodgers |finalleague = MLB",
    "finaldate": "September 29",
    "finalyear": "1996",
    "finalteam": "San Diego Padres |statleague = MLB",
    "teams": [
        "Los Angeles Dodgers (1987\u20131991)",
        "Kansas City Royals (1992\u20131993)",
        "Los Angeles Dodgers (1994\u20131995)",
        "San Diego Padres (1996) |medaltemplates= USA Men's Baseball Summer Olympics  1984 Los Angeles"
    ],
    "stats": {
        "Batting average": ".261",
        "Home runs": "17",
        "Runs batted in": "118"
    },
    "birth_date": "1964-10-13"
}