{
    "name": "Chris Burke",
    "position": "Second baseman / Outfielder",
    "birth_place": "Louisville, Kentucky, U.S.",
    "bats": "Right",
    "throws": "Right |debutleague = MLB",
    "debutdate": "July 4",
    "debutyear": "2004",
    "debutteam": "Houston Astros |finalleague = MLB",
    "finaldate": "June 7",
    "finalyear": "2009",
    "finalteam": "San Diego Padres |statleague = MLB",
    "teams": [
        "Houston Astros (2004\u20132007)",
        "Arizona Diamondbacks (2008)",
        "San Diego Padres (2009)"
    ],
    "stats": {
        "Batting average": ".239",
        "Home runs": "23",
        "Runs batted in": "111"
    },
    "birth_date": "1980-3-11"
}