{
    "name": "Chris Van Cuyk",
    "position": "Pitcher",
    "birth_place": "Kimberly, Wisconsin",
    "death_date": "1992",
    "death_place": "Hudson, Florida",
    "bats": "Left",
    "throws": "Left |debutleague = MLB",
    "debutdate": "July 16",
    "debutyear": "1950",
    "debutteam": "Brooklyn Dodgers |finalleague = MLB",
    "finaldate": "August 15",
    "finalyear": "1952",
    "finalteam": "Brooklyn Dodgers |statleague = MLB",
    "teams": [
        "Brooklyn Dodgers (1950\u20131952)"
    ],
    "stats": {
        "Win\u2013loss record": "7\u201311",
        "Earned run average": "5.16",
        "Strikeouts": "103"
    },
    "birth_date": "1927-1-3"
}