{
    "name": "Chris Stynes",
    "position": "Third baseman / Second baseman / Left fielder",
    "birth_place": "Queens, New York, U.S.",
    "bats": "Right",
    "throws": "Right |debutleague = MLB",
    "debutdate": "May 19",
    "debutyear": "1995",
    "debutteam": "Kansas City Royals |finalleague = MLB",
    "finaldate": "July 30",
    "finalyear": "2004",
    "finalteam": "Pittsburgh Pirates |statleague = MLB",
    "teams": [
        "Kansas City Royals (1995\u20131996)",
        "Cincinnati Reds (1997\u20132000)",
        "Boston Red Sox (2001)",
        "Chicago Cubs (2002)",
        "Colorado Rockies (2003)",
        "Pittsburgh Pirates (2004)"
    ],
    "stats": {
        "Batting average": ".275",
        "Home runs": "51",
        "Runs batted in": "265"
    },
    "birth_date": "1973-1-19"
}