{
    "name": "Chris Spurling",
    "position": "Pitcher",
    "bats": "Right",
    "throws": "Right",
    "birth_place": "Dayton, Ohio, U.S. |debutleague = MLB",
    "debutdate": "April 2",
    "debutyear": "2003",
    "debutteam": "Detroit Tigers |finalleague = MLB",
    "finaldate": "September 29",
    "finalyear": "2007",
    "finalteam": "Milwaukee Brewers |statleague = MLB",
    "teams": [
        "Detroit Tigers (2003, 2005\u20132006)",
        "Milwaukee Brewers (2006\u20132007)"
    ],
    "stats": {
        "Win\u2013loss record": "6\u20138",
        "Earned run average": "4.32",
        "Strikeouts": "99"
    },
    "birth_date": "1977-6-28"
}