{
    "name": "Chris Roberson",
    "position": "Center fielder",
    "birth_place": "Oakland, California",
    "bats": "Switch",
    "throws": "Right |debutleague = MLB",
    "debutdate": "May 12",
    "debutyear": "2006",
    "debutteam": "Philadelphia Phillies",
    "finalleague": "MLB",
    "finaldate": "September 27",
    "finalyear": "2007",
    "finalteam": "Philadelphia Phillies",
    "teams": [
        "Philadelphia Phillies (2006\u20132007)"
    ],
    "highlights": [
        "2014 Caribbean Series MVP"
    ],
    "MLB": {
        "Batting average": ".232",
        "Home runs": "0",
        "Runs batted in": "2"
    },
    "birth_date": "1979-8-23"
}