{
    "debut2league": "KBO",
    "debut2date": "March 31",
    "debut2year": "2013",
    "debut2team": "SK Wyverns",
    "finalleague": "MLB",
    "finaldate": "October 3",
    "finalyear": "2012",
    "finalteam": "Cleveland Indians",
    "final3league": "KBO",
    "final3date": "June 9",
    "final3year": "2016",
    "final3team": "SK Wyverns |debut3team=Yomiuri Giants |debut3date=April 9 |debut3year=2014 |debut3league=NPB |final2league=NPB |final2date=September 25 |final2year=2014 |final2team=Yomiuri Giants |debut4team=Lamigo Monkeys |debut4date=April 23 |debut4year=2015 |debut4league=CPBL |final4league=CPBL |final4date=June 20 |final4year=2017 |final4team=Fubon Guardians |statleague = MLB |stat1label=Win\u2013loss record |stat1value=2\u20133 |stat2label=Earned run average |stat2value=5.47 |stat3label=Strikeouts |stat3value=44",
    "KBO": {
        "Win\u2013loss record": "26\u201316",
        "Earned run average": "3.90",
        "Strikeouts": [
            "Florida Marlins (2007)",
            "Seattle Mariners (2010)",
            "Cleveland Indians (2012)",
            "SK Wyverns (2013)",
            "Yomiuri Giants (2014)",
            "Lamigo Monkeys (2015)",
            "SK Wyverns (2015\u20132016)",
            "Fubon Guardians (2017)"
        ]
    }
}