{
    "name": "Chris Gomez",
    "position": "Shortstop",
    "bats": "Right",
    "throws": "Right",
    "birth_place": "Los Angeles, California, U.S. |debutleague = MLB",
    "debutdate": "July 19",
    "debutyear": "1993",
    "debutteam": "Detroit Tigers |finalleague = MLB",
    "finaldate": "September 18",
    "finalyear": "2008",
    "finalteam": "Pittsburgh Pirates |statleague = MLB",
    "teams": [
        "Detroit Tigers (1993\u20131996)",
        "San Diego Padres (1996\u20132001)",
        "Tampa Bay Devil Rays (2001\u20132002)",
        "Minnesota Twins (2003)",
        "Toronto Blue Jays (2004)",
        "Baltimore Orioles (2005\u20132007)",
        "Cleveland Indians (2007)",
        "Pittsburgh Pirates (2008) |medaltemplates= Men's baseball bb Pan American Games 1991 Havana"
    ],
    "stats": {
        "Batting average": ".262",
        "Home runs": "60",
        "Runs batted in": "487"
    },
    "birth_date": "1971-6-16"
}