{
    "name": "Chris Denorfia",
    "position": "Outfielder",
    "birth_place": "Bristol, Connecticut, U.S.",
    "bats": "Right",
    "throws": "Right",
    "number": "13 |debutleague = MLB",
    "debutdate": "September 7",
    "debutyear": "2005",
    "debutteam": "Cincinnati Reds |finalleague = MLB",
    "finaldate": "October 4",
    "finalyear": "2015",
    "finalteam": "Chicago Cubs",
    "teams": [
        "Cincinnati Reds (2005\u20132006)",
        "Oakland Athletics (2008\u20132009)",
        "San Diego Padres (2010\u20132014)",
        "Seattle Mariners (2014)",
        "Chicago Cubs (2015)"
    ],
    "MLB": {
        "Batting average": ".272",
        "Home runs": "41",
        "Runs batted in": "196"
    },
    "birth_date": "1980-7-15"
}