{
    "name": "Chris Brown",
    "position": "Third baseman",
    "bats": "Right",
    "throws": "Right",
    "birth_place": "Jackson, Mississippi, U.S.",
    "death_date": "2006",
    "death_place": "Houston, Texas, U.S. |debutleague = MLB",
    "debutdate": "September 3",
    "debutyear": "1984",
    "debutteam": "San Francisco Giants |finalleague = MLB",
    "finaldate": "May 16",
    "finalyear": "1989",
    "finalteam": "Detroit Tigers |statleague = MLB",
    "teams": [
        "San Francisco Giants (1984\u20131987)",
        "San Diego Padres (1987\u20131988)",
        "Detroit Tigers (1989)"
    ],
    "highlights": [
        "All-Star (1986)"
    ],
    "stats": {
        "Batting average": ".269",
        "Home runs": "38",
        "Runs batted in": "184"
    },
    "birth_date": "1961-8-15"
}