{
    "name": "Chris Resop",
    "position": "Pitcher",
    "birth_place": "Naples, Florida, U.S.",
    "bats": "Right",
    "throws": "Right |debutleague = MLB",
    "debutdate": "June 28",
    "debutyear": "2005",
    "debutteam": "Florida Marlins |debut2league = NPB",
    "debut2year": "2008",
    "debut2team": "Hanshin Tigers |finalleague=MLB |finaldate=May 14 |finalyear=2013 |finalteam=Oakland Athletics |final2league=NPB |final2date= |final2year=2008 |final2team=Hanshin Tigers |statleague = MLB",
    "teams": [
        "Florida Marlins (2005\u20132006)",
        "Los Angeles Angels of Anaheim (2007)",
        "Atlanta Braves (2008)",
        "Hanshin Tigers (2008)",
        "Atlanta Braves (2010)",
        "Pittsburgh Pirates (2010\u20132012)",
        "Oakland Athletics (2013)"
    ],
    "stats": {
        "Win\u2013loss record": "10\u201312",
        "Earned run average": "4.62",
        "Strikeouts": "204 |stat2league = NPB"
    },
    "stats2": {
        "Win\u2013loss record": "0\u20132",
        "Earned run average": "6.75",
        "Strikeouts": "6"
    },
    "birth_date": "1982-11-4"
}