{
    "name": "Chris Weinke",
    "current_title": "Assistant head coach, co-offensive coordinator, quarterbacks coach",
    "current_team": "Georgia Tech",
    "current_conference": "ACC",
    "birth_place": "Saint Paul, Minnesota, U.S.",
    "alma_mater": "Florida State University",
    "player_years1": "1997\u20132000",
    "player_team1": "Florida State",
    "player_years2": "2001\u20132006",
    "player_team2": "Carolina Panthers",
    "player_years3": "2007",
    "player_team3": "San Francisco 49ers",
    "player_positions": "Quarterback",
    "coach_years1": "2010\u20132014",
    "coach_team1": "IMG Academy (FL)",
    "coach_years2": "2015\u20132016",
    "coach_team2": "St. Louis / Los Angeles Rams (QB)",
    "coach_years3": "2017",
    "coach_team3": "Alabama (OA)",
    "coach_years4": "2018",
    "coach_team4": "Tennessee (RB)",
    "coach_years5": "2019\u20132020",
    "coach_team5": "Tennessee (QB)",
    "coach_years6": "2022",
    "coach_team6": "Georgia Tech (QB)",
    "coach_years7": "2023",
    "coach_team7": "Georgia Tech (co-OC/QB)",
    "coach_years8": "2024\u2013present",
    "coach_team8": "Georgia Tech (AHC/co-OC/QB)",
    "championships": [
        "CFP national (2017) ; As a player",
        "National (1999)"
    ],
    "awards": [
        "PFWA All-Rookie Team (2001)",
        "Heisman Trophy (2000)",
        "Johnny Unitas Golden Arm Award (2000)",
        "Davey O'Brien Award (2000)",
        "Sammy Baugh Trophy (2000)",
        "''SN'' Player of the Year (2000)",
        "First-team All-American (2000)",
        "ACC Player of the Year (2000)",
        "ACC Offensive Player of the Year (2000)",
        "Brian Piccolo Award (1999)",
        "Florida State Seminoles Jersey No. 16 honored"
    ],
    "birth_date": "1972-7-31"
}