{
    "name": "Chuck Connors",
    "birth_name": "Kevin Joseph Connors",
    "birth_place": "Brooklyn, New York City, U.S.",
    "death_date": "1992",
    "death_place": "Los Angeles, California, U.S.",
    "height": "6 ft 5 in",
    "years_active": "1952\u20131992",
    "occupation": "Actor, athlete",
    "spouse": "Faith Quabius",
    "children": "4",
    "party": "Republican",
    "position": "First baseman",
    "bats": "Left",
    "throws": "Left |debutleague = MLB",
    "debutdate": "May 1",
    "debutyear": "1949",
    "debutteam": "Brooklyn Dodgers |finalleague = MLB",
    "finaldate": "September 30",
    "finalyear": "1951",
    "finalteam": "Chicago Cubs |statleague = MLB",
    "teams": [
        "Brooklyn Dodgers (1949)",
        "Chicago Cubs (1951)"
    ],
    "stats": {
        "Batting average": ".238",
        "Home runs": "2",
        "Runs batted in": "18"
    },
    "birth_date": "1921-04-10"
}