{
    "name": "Chuck James",
    "position": "Pitcher",
    "birth_place": "Atlanta, Georgia, U.S.",
    "bats": "Left",
    "throws": "Left |debutleague = MLB",
    "debutdate": "September 28",
    "debutyear": "2005",
    "debutteam": "Atlanta Braves |finalleague = MLB",
    "finaldate": "July 25",
    "finalyear": "2011",
    "finalteam": "Minnesota Twins |statleague = MLB",
    "teams": [
        "Atlanta Braves (2005\u20132008)",
        "Minnesota Twins (2011)"
    ],
    "stats": {
        "Win\u2013loss record": "24\u201319",
        "Earned run average": "4.53",
        "Strikeouts": "242"
    },
    "birth_date": "1981-11-9"
}