{
    "name": "Clayton Andrews",
    "position": "Pitcher",
    "birth_place": "Dunedin, Florida",
    "bats": "Right",
    "throws": "Left",
    "debutleague": "MLB",
    "debutdate": "April 16",
    "debutyear": "2000",
    "debutteam": "Toronto Blue Jays",
    "finalleague": "MLB",
    "finaldate": "June 13",
    "finalyear": "2000",
    "finalteam": "Toronto Blue Jays",
    "teams": [
        "Toronto Blue Jays (2000)"
    ],
    "MLB": {
        "Win\u2013loss record": "1\u20132",
        "Earned run average": "10.02",
        "Strikeouts": "12"
    },
    "birth_date": "1978-05-15"
}