{
    "name": "Clay Hensley",
    "position": "Pitcher",
    "bats": "Right",
    "throws": "Right",
    "birth_place": "Pearland, Texas, U.S. |debutleague = MLB",
    "debutdate": "July 20",
    "debutyear": "2005",
    "debutteam": "San Diego Padres |finalleague = MLB",
    "finaldate": "October 3 |finalyear=2012 |finalteam=San Francisco Giants |statleague = MLB",
    "teams": [
        "San Diego Padres (2005\u20132008)",
        "Florida Marlins (2010\u20132011)",
        "San Francisco Giants (2012)"
    ],
    "stats": {
        "Win\u2013loss record": "28\u201334",
        "Earned run average": "4.00",
        "Strikeouts": "371"
    },
    "birth_date": "1979-8-31"
}