{
    "name": "Clay Buchholz",
    "position": "Pitcher",
    "birth_place": "Nederland, Texas, U.S.",
    "bats": "Left",
    "throws": "Right",
    "debutleague": "MLB",
    "debutdate": "August 17",
    "debutyear": "2007",
    "debutteam": "Boston Red Sox |finalleague  = MLB |finaldate    = September 29 |finalyear    = 2019 |finalteam    = Toronto Blue Jays",
    "teams": [
        "Boston Red Sox (2007\u20132016)",
        "Philadelphia Phillies (2017)",
        "Arizona Diamondbacks (2018)",
        "Toronto Blue Jays (2019)"
    ],
    "awards": [
        "2\u00d7 All-Star (2010, 2013)",
        "World Series champion (2013)",
        "Pitched a no-hitter on September 1, 2007 |"
    ],
    "MLB": {
        "Win\u2013loss record": "90\u201369",
        "Earned run average": "3.98",
        "Strikeouts": "1,024"
    },
    "birth_date": "1984-8-14"
}