{
    "embed": "yes",
    "number": "78",
    "position": "Tailback / defensive back",
    "height_ft": "6",
    "height_in": "0",
    "weight_lb": "195",
    "high_school": "Nicolas Senn High School",
    "college": [
        "Green Bay Packers (1946)"
    ],
    "statlabel1": "Rushing yards",
    "statvalue1": "161",
    "statlabel2": "Rush attempts",
    "statvalue2": "48",
    "statlabel3": "Passing yards",
    "statvalue3": "184",
    "statlabel4": "TD\u2013INT",
    "statvalue4": "0\u20135",
    "statlabel5": "Games played",
    "statvalue5": "10",
    "pfr": "A/AberCl20",
    "nfl": "cliff-aberson "
}