{
    "name": "Clint Hartung",
    "position": "Pitcher / Outfielder",
    "birth_place": "Hondo, Texas, U.S.",
    "death_date": "mf=yes",
    "death_place": "Sinton, Texas, U.S.",
    "bats": "Right",
    "throws": "Right",
    "debutleague": "MLB",
    "debutdate": "April 15",
    "debutyear": "1947",
    "debutteam": "New York Giants",
    "finalleague": "MLB",
    "finaldate": "September 28",
    "finalyear": "1952",
    "finalteam": "New York Giants",
    "teams": [
        "New York Giants (1947\u20131952)"
    ],
    "MLB": {
        "Win\u2013loss record": "29\u201329",
        "Earned run average": "5.02",
        "Strikeouts": "167",
        "Batting average": ".238",
        "Home runs": "14",
        "Runs batted in": "43"
    },
    "birth_date": "1922-8-10"
}