{
    "name": "Clyde Sukeforth",
    "position": "Catcher / Manager / Coach",
    "birth_place": "Washington, Maine, U.S.",
    "death_date": "2000",
    "death_place": "Waldoboro, Maine, U.S.",
    "bats": "Left",
    "throws": "Right",
    "debutleague": "MLB",
    "debutdate": "May 23",
    "debutyear": "1926",
    "debutteam": "Cincinnati Reds",
    "finalleague": "MLB",
    "finaldate": "June 7",
    "finalyear": "1945",
    "finalteam": "Brooklyn Dodgers",
    "teams": [
        "Cincinnati Reds (1926\u20131931)",
        "Brooklyn Dodgers (1932\u20131934, 1945) '''As coach'''",
        "Brooklyn Dodgers (1943\u20131951)",
        "Pittsburgh Pirates (1952\u20131957)"
    ],
    "MLB": {
        "Batting average": ".264",
        "Home runs": "2",
        "Runs batted in": "96"
    },
    "birth_date": "1901-11-30"
}