{
    "name": "Coco Crisp",
    "position": "Outfielder",
    "birth_place": "Los Angeles, California, U.S.",
    "bats": "Switch",
    "throws": "Right",
    "debutleague": "MLB",
    "debutdate": "August 15",
    "debutyear": "2002",
    "debutteam": "Cleveland Indians",
    "finalleague": "MLB",
    "finaldate": "October 2",
    "finalyear": "2016",
    "finalteam": "Cleveland Indians",
    "teams": [
        "Cleveland Indians (2002\u20132005)",
        "Boston Red Sox (2006\u20132008)",
        "Kansas City Royals (2009)",
        "Oakland Athletics (2010\u20132016)",
        "Cleveland Indians (2016)"
    ],
    "awards": [
        "World Series champion (2007)",
        "AL stolen base leader (2011)"
    ],
    "MLB": {
        "Batting average": ".265",
        "Home runs": "130",
        "Runs batted in": "639",
        "Stolen bases": "309"
    },
    "birth_date": "1979-11-1"
}