{
    "name": "Colby Lewis",
    "position": "Pitcher",
    "bats": "Right",
    "throws": "Right",
    "birth_place": "Bakersfield, California, U.S.",
    "debutleague": "MLB",
    "debutdate": "April 1",
    "debutyear": "2002",
    "debutteam": "Texas Rangers",
    "debut2league": "NPB",
    "debut2year": "2008",
    "debut2team": "Hiroshima Toyo Carp",
    "finalleague": "NPB",
    "finalyear": "2009",
    "finalteam": "Hiroshima Toyo Carp",
    "final2league": "MLB",
    "final2date": "October 1",
    "final2year": "2016",
    "final2team": "Texas Rangers",
    "teams": [
        "Texas Rangers (2002\u20132004)",
        "Detroit Tigers (2006)",
        "Oakland Athletics (2007)",
        "Hiroshima Toyo Carp (2008\u20132009)",
        "Texas Rangers (2010\u20132012, 2014\u20132016)"
    ],
    "MLB": {
        "Win\u2013loss record": "77\u201372",
        "Earned run average": "4.70",
        "Strikeouts": "961"
    },
    "NPB": {
        "Win\u2013loss record": "26\u201317",
        "Earned run average": "2.82",
        "Strikeouts": "369"
    },
    "birth_date": "1979-8-2"
}