{
    "name": "Colter Bean",
    "position": "Pitcher",
    "birth_place": "Anniston, Alabama, U.S.",
    "bats": "Right",
    "throws": "Right |debutleague = MLB",
    "debutdate": "April 26",
    "debutyear": "2005",
    "debutteam": "New York Yankees |finalleague = MLB",
    "finaldate": "May 4",
    "finalyear": "2007",
    "finalteam": "New York Yankees |statleague = MLB",
    "teams": [
        "New York Yankees (2005\u20132007)"
    ],
    "stats": {
        "Win\u2013loss record": "0\u20131",
        "Earned run average": "9.00",
        "Strikeouts": "5"
    },
    "birth_date": "1977-1-16"
}