{
    "name": "Conor Jackson",
    "width": "300",
    "position": "First baseman / Left fielder",
    "birth_place": "Austin, Texas, U.S.",
    "bats": "Right",
    "throws": "Right |debutleague = MLB",
    "debutdate": "July 28",
    "debutyear": "2005",
    "debutteam": "Arizona Diamondbacks |finalleague = MLB",
    "finaldate": "September 25",
    "finalyear": "2011",
    "finalteam": "Boston Red Sox |statleague = MLB",
    "teams": [
        "Arizona Diamondbacks  (2005\u20132010)",
        "Oakland Athletics (2010\u20132011)",
        "Boston Red Sox (2011)"
    ],
    "stats": {
        "Batting average": ".271",
        "Home runs": "52",
        "Runs batted in": "295"
    },
    "birth_date": "1982-5-7"
}