{
    "name": "Cool Papa Bell",
    "position": "Center fielder",
    "birth_place": "Starkville, Mississippi, U.S.",
    "death_date": "1991",
    "death_place": "St. Louis, Missouri, U.S.",
    "bats": "Switch",
    "throws": "Left",
    "debutleague": "Negro leagues",
    "debutyear": "1922",
    "debutteam": "St. Louis Stars",
    "finalyear": "1946",
    "finalteam": "Homestead Grays",
    "teams": [
        "St. Louis Stars (1922\u20131931)",
        "Detroit Wolves (1932)",
        "Kansas City Monarchs (1932\u20131934)",
        "Santo Domingo (1937)",
        "Homestead Grays (1932, 1943\u20131946)",
        "Pittsburgh Crawfords (1933\u20131938)",
        "Alijadores de Tampico (1938\u20131939)",
        "Algodoneros de Uni\u00f3n Laguna (1940)",
        "Rojos del \u00c1guila de Veracruz (1940)",
        "Sultanes de Monterrey (1941)",
        "Memphis Red Sox (1942)",
        "Chicago American Giants (1942)"
    ],
    "highlights": [
        "2x Negro World Series champ (1943, 1944)",
        "8x All-Star (1933\u20131936, 1942 (2)-1944)",
        "Lifetime batting average: .337 (Negro leagues)",
        "Washington Nationals Ring of Honor"
    ],
    "hoflink": "National Baseball Hall of Fame",
    "hoftype": "National",
    "hofdate": "1974",
    "hofmethod": "Negro Leagues Committee ",
    "Negro leagues": {
        "Batting average": ".325",
        "Hits": "1,548",
        "Home runs": "57",
        "Runs batted in": "596"
    },
    "birth_date": "1903-5-17"
}