{
    "name": "Corey Patterson",
    "position": "Center fielder",
    "birth_place": "Atlanta, Georgia, U.S.",
    "bats": "Left",
    "throws": "Right |debutleague = MLB",
    "debutdate": "September 18",
    "debutyear": "2000",
    "debutteam": "Chicago Cubs |finalleague = MLB",
    "finaldate": "September 27",
    "finalyear": "2011",
    "finalteam": "St. Louis Cardinals |statleague = MLB",
    "teams": [
        "Chicago Cubs (2000\u20132005)",
        "Baltimore Orioles (2006\u20132007)",
        "Cincinnati Reds (2008)",
        "Washington Nationals (2009)",
        "Milwaukee Brewers (2009)",
        "Baltimore Orioles (2010)",
        "Toronto Blue Jays (2011)",
        "St. Louis Cardinals (2011)"
    ],
    "stats": {
        "Batting average": ".252",
        "Home runs": "118",
        "Runs batted in": "431"
    },
    "birth_date": "1979-8-13"
}