{
    "name": "Corky Miller",
    "position": "Catcher",
    "birth_place": "Corbin City, New Jersey, U.S.",
    "bats": "Right",
    "throws": "Right |debutleague = MLB",
    "debutdate": "September 4",
    "debutyear": "2001",
    "debutteam": "Cincinnati Reds |finalleague = MLB",
    "finaldate": "September 29",
    "finalyear": "2013",
    "finalteam": "Cincinnati Reds |statleague = MLB",
    "teams": [
        "Cincinnati Reds (2001\u20132004)",
        "Minnesota Twins (2005)",
        "Boston Red Sox (2006)",
        "Atlanta Braves (2007\u20132008)",
        "Chicago White Sox (2009)",
        "Cincinnati Reds (2009\u20132010, 2013)"
    ],
    "stats": {
        "Batting average": ".205",
        "Home runs": "11",
        "Runs batted in": "67"
    },
    "birth_date": "1976-3-18"
}