{
    "name": "Cory Sullivan",
    "position": "Outfielder",
    "birth_place": "Tulsa, Oklahoma, U.S.",
    "bats": "Left",
    "throws": "Left |debutleague = MLB",
    "debutdate": "April 4",
    "debutyear": "2005",
    "debutteam": "Colorado Rockies |finalleague = MLB",
    "finaldate": "June 20",
    "finalyear": "2010",
    "finalteam": "Houston Astros",
    "statyear": "|statleague = MLB",
    "teams": [
        "Colorado Rockies (2005\u20132008)",
        "New York Mets (2009)",
        "Houston Astros (2010)"
    ],
    "stats": {
        "Batting average": ".271",
        "Home runs": "10",
        "Runs batted in": "97"
    },
    "birth_date": "1979-8-20"
}