{
    "name": "Courtney Blades",
    "team": "Southern Miss Golden Eagles",
    "number": "5",
    "position": "Pitcher",
    "birth_place": "Baton Rouge, Louisiana",
    "bats": "Right",
    "throws": "Right",
    "highlights": [
        "Southland Player of the Year (1998)",
        "Southland Pitcher of the Year (1998)",
        "2\u00d7 WCWS All-Tournament Team (1999\u20132000)",
        "2\u00d7 First Team All-American (1999\u20132000)",
        "Honda Sports Award (2000)"
    ],
    "teams": [
        "Nicholls State Colonels (1997\u20131998)",
        "Southern Miss Golden Eagles (1999\u20132000)"
    ],
    "birth_date": "1978-05-16"
}