{
    "name": "Craig Hansen",
    "position": "Pitcher",
    "birth_place": "Glen Cove, New York, U.S.",
    "bats": "Right",
    "throws": "Right |debutleague = MLB",
    "debutdate": "September 19",
    "debutyear": "2005",
    "debutteam": "Boston Red Sox |finalleague = MLB",
    "finaldate": "April 19",
    "finalyear": "2009",
    "finalteam": "Pittsburgh Pirates |statleague = MLB",
    "teams": [
        "Boston Red Sox (2005\u20132006, 2008)",
        "Pittsburgh Pirates (2008\u20132009)"
    ],
    "stats": {
        "Win\u2013loss record": "4\u20139",
        "Earned run average": "6.34",
        "Strikeouts": "70"
    },
    "birth_date": "1983-11-15"
}