{
    "name": "Craig Anderson",
    "position": "Pitcher",
    "birth_place": "Washington, D.C., U.S.",
    "bats": "Right",
    "throws": "Right |debutleague = MLB",
    "debutdate": "June 23",
    "debutyear": "1961",
    "debutteam": "St. Louis Cardinals |finalleague = MLB",
    "finaldate": "May 31",
    "finalyear": "1964",
    "finalteam": "New York Mets |statleague = MLB",
    "teams": [
        "St. Louis Cardinals (1961)",
        "New York Mets (1962\u20131964)"
    ],
    "stats": {
        "Win\u2013loss record": "7\u201323",
        "Earned run average": "5.10",
        "Strikeouts": "94"
    },
    "birth_date": "1938-07-01"
}