{
    "name": "Craig Monroe",
    "position": "Outfielder",
    "bats": "Right",
    "throws": "Right",
    "birth_place": "Texarkana, Texas, U.S. |debutleague = MLB",
    "debutdate": "July 28",
    "debutyear": "2001",
    "debutteam": "Texas Rangers |finalleague = MLB",
    "finaldate": "June 16",
    "finalyear": "2009",
    "finalteam": "Pittsburgh Pirates |statleague = MLB",
    "teams": [
        "Texas Rangers (2001)",
        "Detroit Tigers (2002\u20132007)",
        "Chicago Cubs (2007)",
        "Minnesota Twins (2008)",
        "Pittsburgh Pirates (2009)"
    ],
    "stats": {
        "Batting average": ".252",
        "Home runs": "115",
        "Runs batted in": "433"
    },
    "birth_date": "1977-2-27"
}