{
    "name": "Craig Wilson",
    "positionplain": "Right fielder / First baseman",
    "birth_place": "Fountain Valley, California, U.S.",
    "bats": "Right",
    "throws": "Right |debutleague = MLB",
    "debutdate": "April 22",
    "debutyear": "2001",
    "debutteam": "Pittsburgh Pirates |finalleague = MLB",
    "finaldate": "May 11",
    "finalyear": "2007",
    "finalteam": "Atlanta Braves |statleague = MLB",
    "teams": [
        "Pittsburgh Pirates (2001\u20132006)",
        "New York Yankees (2006)",
        "Atlanta Braves (2007)"
    ],
    "stats": {
        "Batting average": ".262",
        "Home runs": "99",
        "Runs batted in": "292"
    },
    "birth_date": "1976-11-30"
}