{
    "name": "Cristobal Torriente",
    "position": "Outfielder",
    "birth_place": "Cienfuegos, Cuba",
    "death_date": "1938",
    "death_place": "New York City, United States",
    "bats": "Left",
    "throws": "Left",
    "debutleague": "Negro leagues",
    "debutyear": "1920",
    "debutteam": "Chicago American Giants",
    "finalleague": "Negro leagues",
    "finalyear": "1932",
    "finalteam": "Louisville Black Caps",
    "teams": [
        "Habana (1912\u20131913)",
        "Cuban Stars (1913)",
        "All Nations (1913)",
        "Almendares (1913\u20131916)",
        "Cuban Stars (1915\u20131916)",
        "All Nations (1916\u20131917) http://johndonaldson.bravehost.com/pdf/00798.pdf \"All Nations Tackle the American Giants\" ''Chicago Defender'', September 23, 1916, Page 5",
        "Cuban Stars (1918) ; Negro leagues",
        "Chicago American Giants (1919\u20131925) http://johndonaldson.bravehost.com/pdf/01640.pdf \"Beckwith's Home Run Didn't Win Against Mendez\" ''Chicago Defender'', National Edition, May 5, 1923, Page 10",
        "Detroit Stars (1920) http://negroleagues.bravehost.com/pdf/000156.pdf \"Stars Even Series With Republics\" ''Detroit Free Press'', July 17, 1920, Page 12, Column 5",
        "Kansas City Monarchs (1926)",
        "Detroit Stars (1927\u20131928)",
        "Louisville Black Caps (1932)",
        "Atlanta Black Crackers (1932)",
        "Cleveland Cubs (1932)"
    ],
    "highlights": [
        "Negro National League batting champion (1920)",
        "3\u00d7 Negro National League pennant (1920\u20131922) ;Cuban Winter League Baseball",
        "All time career batting average record: .352"
    ],
    "hoflink": "National Baseball Hall of Fame",
    "hoftype": "National",
    "hofdate": "2006",
    "hofmethod": "Committee on African-American Baseball ",
    "Negro leaguesOn December 16, 2020, Major League Baseball declared the Negro leagues, from the span of 1920\u20131948, to be a \"Major League\".   Torriente's statistics reflect his time in the Negro leagues from 1920 until the end of his career.": {
        "Batting average": ".340",
        "Hits": "759",
        "Home runs": "55",
        "Runs batted in": "532",
        "Stolen bases": "93"
    },
    "birth_date": "1893-11-16"
}