{
    "name": "Cumberland Posey",
    "birth_place": "Homestead, Pennsylvania",
    "death_date": "1946",
    "death_place": "Pittsburgh, Pennsylvania",
    "bats": "Right",
    "throws": "Right",
    "teams": [
        "Homestead Grays (1911\u20131946) |highlights =",
        "Washington Nationals Ring of Honor"
    ],
    "hoflink": "National Baseball Hall of Fame",
    "hoftype": "National",
    "hofdate": "2006",
    "hofmethod": "Committee on African-American Baseball |module= embed=y",
    "height_ft": "5",
    "height_in": "9",
    "nationality": "American",
    "high_school": "Homestead (Homestead, Pennsylvania)",
    "college": [
        "Penn State (1909\u20131911)",
        "Duquesne (1916\u20131918)"
    ],
    "highlights": [
        "5\u00d7 Colored Basketball World Champion (1912, 1920\u20131923)",
        "Pittsburgh City Champion (1908)"
    ],
    "HOF_player": "cumberland-posey ",
    "birth_date": "1890-6-20-1890-10-25"
}