{
    "name": "Curtis Granderson",
    "position": "Outfielder",
    "bats": "Left",
    "throws": "Right",
    "birth_place": "Blue Island, Illinois, U.S.",
    "debutleague": "MLB",
    "debutdate": "September 13",
    "debutyear": "2004",
    "debutteam": "Detroit Tigers |finalleague=MLB |finaldate=September 29 |finalyear=2019 |finalteam=Miami Marlins",
    "teams": [
        "Detroit Tigers (2004\u20132009)",
        "New York Yankees (2010\u20132013)",
        "New York Mets (2014\u20132017)",
        "Los Angeles Dodgers (2017)",
        "Toronto Blue Jays (2018)",
        "Milwaukee Brewers  (2018)",
        "Miami Marlins (2019)"
    ],
    "awards": [
        "3\u00d7 All-Star (2009, 2011, 2012)",
        "Silver Slugger Award (2011)",
        "Roberto Clemente Award (2016)",
        "AL RBI leader (2011)"
    ],
    "MLB": {
        "Batting average": ".249",
        "Home runs": "344",
        "Runs batted in": "937"
    },
    "birth_date": "1981-3-16"
}