{
    "name": "D. J. Carrasco",
    "position": "Pitcher",
    "birth_place": "Safford, Arizona, U.S.",
    "bats": "Right",
    "throws": "Right |debutleague = MLB",
    "debutdate": "April 2",
    "debutyear": "2003",
    "debutteam": "Kansas City Royals |debut2league = NPB",
    "debut2date": "March 29",
    "debut2year": "2006",
    "debut2team": "Fukuoka SoftBank Hawks |finalleague = MLB",
    "finaldate": "May 16",
    "finalyear": "2012",
    "finalteam": "New York Mets |final2league = NPB",
    "final2date": "May 11",
    "final2year": "2006",
    "final2team": "Fukuoka SoftBank Hawks |statleague = MLB",
    "teams": [
        "Kansas City Royals (2003\u20132005)",
        "Fukuoka SoftBank Hawks (2006)",
        "Chicago White Sox (2008\u20132009)",
        "Pittsburgh Pirates (2010)",
        "Arizona Diamondbacks (2010)",
        "New York Mets (2011\u20132012)"
    ],
    "stats": {
        "Win\u2013loss record": "24\u201321",
        "Earned run average": "4.50",
        "Strikeouts": "315 |stat2league = NPB"
    },
    "stats2": {
        "Win\u2013loss record": "0-3",
        "Earned run average": "14.81",
        "Strikeouts": "9"
    },
    "birth_date": "1977-4-12"
}