{
    "name": "Dale Alexander",
    "position": "First baseman",
    "birth_place": "Greeneville, Tennessee, U.S.",
    "death_date": "1979",
    "death_place": "Greeneville, Tennessee, U.S.",
    "bats": "Right",
    "throws": "Right |debutleague = MLB",
    "debutdate": "April 16",
    "debutyear": "1929",
    "debutteam": "Detroit Tigers |finalleague = MLB",
    "finaldate": "September 23",
    "finalyear": "1933",
    "finalteam": "Boston Red Sox |statleague = MLB",
    "teams": [
        "Detroit Tigers (1929\u20131932)",
        "Boston Red Sox (1932\u20131933)"
    ],
    "highlights": [
        "AL batting champion  (1932)"
    ],
    "stats": {
        "Batting average": ".331",
        "Home runs": "61",
        "Runs batted in": "459"
    },
    "birth_date": "1903-4-26"
}