{
    "name": "Dallas McPherson",
    "position": "Third baseman / First baseman",
    "birth_place": "Greensboro, North Carolina, U.S.",
    "bats": "Left",
    "throws": "Right |debutleague = MLB",
    "debutdate": "September 10",
    "debutyear": "2004",
    "debutteam": "Anaheim Angels |finalleague = MLB",
    "finaldate": "May 29",
    "finalyear": "2011",
    "finalteam": "Chicago White Sox |statleague = MLB",
    "teams": [
        "Anaheim Angels / Los Angeles Angels of Anaheim (2004\u20132006)",
        "Florida Marlins (2008)",
        "Chicago White Sox (2011)"
    ],
    "stats": {
        "Batting average": ".241",
        "Home runs": "18",
        "Runs batted in": "45"
    },
    "birth_date": "1980-7-23"
}