{
    "name": "Damion Easley",
    "team": "Arizona Diamondbacks",
    "number": "75",
    "position": "Second baseman / Coach",
    "bats": "Right",
    "throws": "Right",
    "birth_place": "New York City, New York, U.S.",
    "debutleague": "MLB",
    "debutdate": "August 13",
    "debutyear": "1992",
    "debutteam": "California Angels",
    "finalleague": "MLB",
    "finaldate": "September 28",
    "finalyear": "2008",
    "finalteam": "New York Mets",
    "teams": [
        "California Angels (1992\u20131996)",
        "Detroit Tigers (1996\u20132002)",
        "Tampa Bay Devil Rays (2003)",
        "Florida Marlins (2004\u20132005)",
        "Arizona Diamondbacks (2006)",
        "New York Mets (2007\u20132008) '''As Coach'''",
        "San Diego Padres (2019\u20132021)",
        "Arizona Diamondbacks (2022\u2013present) |awards=",
        "All-Star (1998)",
        "Silver Slugger Award (1998) |"
    ],
    "MLB": {
        "Batting average": ".253",
        "Home runs": "163",
        "Runs batted in": "684"
    },
    "birth_date": "1969-11-11"
}