{
    "name": "Damon Berryhill",
    "position": "Catcher",
    "birth_place": "South Laguna, California, U.S.",
    "bats": "Switch",
    "throws": "Right |debutleague = MLB",
    "debutdate": "September 5",
    "debutyear": "1987",
    "debutteam": "Chicago Cubs |finalleague = MLB",
    "finaldate": "September 28",
    "finalyear": "1997",
    "finalteam": "San Francisco Giants |statleague = MLB",
    "teams": [
        "Chicago Cubs (1987\u20131991)",
        "Atlanta Braves (1991\u20131993)",
        "Boston Red Sox (1994)",
        "Cincinnati Reds (1995)",
        "San Francisco Giants (1997)"
    ],
    "stats": {
        "Batting average": ".240",
        "Home runs": "47",
        "Runs batted in": "257"
    },
    "birth_date": "1963-12-03"
}