{
    "name": "Dan Uggla",
    "position": "Second baseman",
    "birth_place": "Louisville, Kentucky, U.S.",
    "bats": "Right",
    "throws": "Right",
    "debutleague": "MLB",
    "debutdate": "April 3",
    "debutyear": "2006",
    "debutteam": "Florida Marlins",
    "finalleague": "MLB",
    "finaldate": "October 3",
    "finalyear": "2015",
    "finalteam": "Washington Nationals",
    "teams": [
        "Florida Marlins (2006\u20132010)",
        "Atlanta Braves (2011\u20132014)",
        "San Francisco Giants (2014)",
        "Washington Nationals (2015)"
    ],
    "awards": [
        "3\u00d7 All-Star (2006, 2008, 2012)",
        "Silver Slugger Award (2010)"
    ],
    "MLB": {
        "Batting average": ".241",
        "Home runs": "235",
        "Runs batted in": "706"
    },
    "birth_date": "1980-3-11"
}