{
    "name": "Dan Pasqua",
    "position": "Outfielder / First baseman",
    "birth_place": "Yonkers, New York, U.S.",
    "bats": "Left",
    "throws": "Left |debutleague = MLB",
    "debutdate": "May 30",
    "debutyear": "1985",
    "debutteam": "New York Yankees |finalleague = MLB",
    "finaldate": "May 1",
    "finalyear": "1994",
    "finalteam": "Chicago White Sox |statleague = MLB",
    "teams": [
        "New York Yankees (1985\u20131987)",
        "Chicago White Sox (1988\u20131994)"
    ],
    "stats": {
        "Batting average": ".244",
        "Home runs": "117",
        "Runs batted in": "390"
    },
    "birth_date": "1961-10-17"
}