{
    "name": "Dan Johnson",
    "width": "250",
    "position": "First baseman",
    "birth_place": "Coon Rapids, Minnesota, U.S.",
    "bats": "Left",
    "throws": "Right",
    "debutleague": "MLB",
    "debutdate": "May 27",
    "debutyear": "2005",
    "debutteam": "Oakland Athletics",
    "debut2league": "NPB",
    "debut2date": "April 3",
    "debut2year": "2009",
    "debut2team": "Yokohama BayStars",
    "finalleague": "NPB",
    "finaldate": "October 2",
    "finalyear": "2009",
    "finalteam": "Yokohama BayStars",
    "final2league": "MLB",
    "final2date": "July 28",
    "final2year": "2015",
    "final2team": "St. Louis Cardinals",
    "teams": [
        "Oakland Athletics (2005\u20132008)",
        "Tampa Bay Rays (2008)",
        "Yokohama BayStars (2009)",
        "Tampa Bay Rays (2010\u20132011)",
        "Chicago White Sox (2012)",
        "Baltimore Orioles (2013)",
        "Toronto Blue Jays (2014)",
        "St. Louis Cardinals (2015)"
    ],
    "MLB": {
        "Batting average": ".234",
        "Home runs": "57",
        "Runs batted in": "203"
    },
    "NPB": {
        "Batting average": ".215",
        "Home runs": "24",
        "Runs batted in": "57"
    },
    "birth_date": "1979-8-10"
}