{
    "name": "Dan Duquette",
    "birth_place": "Dalton, Massachusetts, U.S.",
    "position": "General manager",
    "teams": [
        "Milwaukee Brewers (1980\u20131987)",
        "Montreal Expos (1987\u20131994)",
        "Boston Red Sox (1994\u20132002)",
        "Baltimore Orioles (2011\u20132018)"
    ],
    "highlights": [
        "2\u00d7 Sporting News Executive of the Year",
        "2x Executive of the Year 1995 and 2014 by the BBWA",
        "Executive of the Year 2014 by Baseball America",
        "Boston Red Sox Hall of Fame"
    ],
    "birth_date": "1958-05-26"
}