{
    "name": "Dan Kolb",
    "position": "Pitcher",
    "birth_place": "Sterling, Illinois, U.S.",
    "bats": "Right",
    "throws": "Right |debutleague = MLB",
    "debutdate": "June 4",
    "debutyear": "1999",
    "debutteam": "Texas Rangers |finalleague = MLB",
    "finaldate": "June 20",
    "finalyear": "2007",
    "finalteam": "Pittsburgh Pirates |statleague = MLB",
    "teams": [
        "Texas Rangers (1999\u20132002)",
        "Milwaukee Brewers (2003\u20132004)",
        "Atlanta Braves (2005)",
        "Milwaukee Brewers (2006)",
        "Pittsburgh Pirates (2007)"
    ],
    "awards": [
        "All-Star (2004)"
    ],
    "stats": {
        "Win\u2013loss record": "11\u201323",
        "Earned run average": "4.36",
        "Strikeouts": "177",
        "Saves": "73"
    },
    "birth_date": "1975-3-29"
}