{
    "name": "Dana Eveland",
    "position": "Pitcher",
    "birth_place": "Olympia, Washington, U.S.",
    "bats": "Left",
    "throws": "Left",
    "debutleague": "MLB",
    "debutdate": "July 16",
    "debutyear": "2005",
    "debutteam": "Milwaukee Brewers",
    "debut2league": "KBO",
    "debut2date": "March 31",
    "debut2year": "2013",
    "debut2team": "Hanwha Eagles |finalleague=MLB",
    "finaldate": "September 27",
    "finalyear": "2016",
    "finalteam": "Tampa Bay Rays |final2league=KBO",
    "final2date": "October 2",
    "final2year": "2013",
    "final2team": "Hanwha Eagles",
    "teams": [
        "Milwaukee Brewers (2005\u20132006)",
        "Arizona Diamondbacks (2007)",
        "Oakland Athletics (2008\u20132009)",
        "Toronto Blue Jays (2010)",
        "Pittsburgh Pirates (2010)",
        "Los Angeles Dodgers (2011)",
        "Baltimore Orioles (2012)",
        "Hanwha Eagles (2013)",
        "New York Mets (2014)",
        "Atlanta Braves (2015)",
        "Tampa Bay Rays (2016) |show-medals=no |medaltemplates= Men's baseball  Country  WBSC Premier12 2015 Tokyo"
    ],
    "MLB": {
        "Win\u2013loss record": "20\u201328",
        "Earned run average": "5.46",
        "Strikeouts": "308"
    },
    "KBO": {
        "Win\u2013loss record": "6\u201314",
        "Earned run average": "5.54",
        "Strikeouts": "129"
    },
    "birth_date": "1983-10-29"
}