{
    "number": "32",
    "name": "Dana DeMuth",
    "birth_place": "Fremont, Ohio",
    "debutyear": "June 3, 1983",
    "highlights": [
        "All-Star Game (1990, 2001, 2009)",
        "Division Series (1996, 1997, 1999, 2001, 2008, 2009, 2010, 2012, 2013, 2015, 2017)",
        "League Championship Series (1991, 1995, 2000, 2002, 2007)",
        "World Series (1993, 1998, 2001, 2009, 2013)",
        "World Baseball Classic (2009)"
    ],
    "hofmethod": "|finalyear=July 12, 2019",
    "birth_date": "1956-5-30"
}