{
    "name": "Daniel Cabrera",
    "position": "Pitcher",
    "birth_place": "San Pedro de Macor\u00eds, Dominican Republic",
    "bats": "Right",
    "throws": "Right |debutleague = MLB",
    "debutdate": "May 13",
    "debutyear": "2004",
    "debutteam": "Baltimore Orioles |debut2league = NPB",
    "debut2date": "April 4",
    "debut2year": "2013",
    "debut2team": "Chunichi Dragons |finalleague = MLB",
    "finaldate": "October 3",
    "finalyear": "2009",
    "finalteam": "Arizona Diamondbacks |final2league = NPB",
    "final2date": "August 28",
    "final2year": "2014",
    "final2team": "Chunichi Dragons |statleague = MLB",
    "teams": [
        "Baltimore Orioles (2004\u20132008)",
        "Washington Nationals (2009)",
        "Arizona Diamondbacks (2009)",
        "Chunichi Dragons (2013\u20132014)"
    ],
    "stats": {
        "Win\u2013loss record": "48\u201365",
        "Earned run average": "5.10",
        "Strikeouts": "674 |stat2league = NPB"
    },
    "stats2": {
        "Win\u2013loss record": "11\u201312",
        "Earned run average": "3.49",
        "Strikeouts": "157"
    },
    "birth_date": "1981-5-28"
}