{
    "name": "Danny Ainge",
    "team": "Utah Jazz",
    "position": "CEO of basketball operations / alternate governor",
    "league": "NBA",
    "birth_place": "Eugene, Oregon, U.S.",
    "height_ft": "6",
    "height_in": "5",
    "weight_lb": "190",
    "high_school": "North Eugene (Eugene, Oregon)",
    "college": "BYU (1977\u20131981)",
    "draft_year": "1981",
    "draft_round": "2",
    "draft_pick": "31",
    "draft_team": "Boston Celtics",
    "career_start": "1981",
    "career_end": "1995",
    "career_position": "Shooting guard",
    "career_number": "44, 7, 9, 22",
    "coach_start": "1996",
    "coach_end": "1999",
    "years1": "1981\u20131988",
    "team1": "Boston Celtics",
    "years2": "1988\u20131989",
    "team2": "Sacramento Kings",
    "years3": "1990\u20131991",
    "team3": "Portland Trail Blazers",
    "years4": "1992\u20131994",
    "team4": "Phoenix Suns",
    "cyears1": "1996",
    "cteam1": "Phoenix Suns (assistant)",
    "cyears2": "1996\u20131999",
    "cteam2": "Phoenix Suns",
    "highlights": [
        "2\u00d7 NBA champion (1984, 1986)",
        "NBA All-Star (1988)",
        "John R. Wooden Award (1981)",
        "NABC Player of the Year (1981)",
        "Consensus first-team All-American (1981)",
        "Third-team All-American \u2013 NABC (1980)",
        "Fourth-team All-American \u2013 NABC (1979)",
        "WAC Player of the Year (1981)",
        "4\u00d7 First-team All-WAC (1978\u20131981)",
        "No. 22 retired by BYU Cougars",
        "Second-team ''Parade'' All-American (1977) '''As executive:'''",
        "NBA champion (2008)",
        "NBA Executive of the Year (2007)"
    ],
    "stats_league": "NBA",
    "stats": {
        "Points": "11,964 (11.5 ppg)",
        "Assists": "4,199 (4.0 apg)",
        "Steals": "1,133 (1.1 spg) "
    },
    "birth_date": "1959-03-17"
}