{
    "name": "Danny Walton",
    "position": "Outfielder",
    "birth_place": "Los Angeles, California, U.S.",
    "death_date": "2017",
    "death_place": "Morgan, Utah, U.S.",
    "bats": "Right",
    "throws": "Right |debutleague = MLB",
    "debutdate": "April 20",
    "debutyear": "1968",
    "debutteam": "Houston Astros |finalleague = MLB",
    "finaldate": "June 6",
    "finalyear": "1980",
    "finalteam": "Texas Rangers |statleague = MLB",
    "teams": [
        "Houston Astros (1968)",
        "Seattle Pilots / Milwaukee Brewers (1969\u20131971)",
        "New York Yankees (1971)",
        "Minnesota Twins (1973, 1975)",
        "Los Angeles Dodgers (1976)",
        "Houston Astros (1977)",
        "Yokohama Taiyo Whales (1978)",
        "Texas Rangers (1980)"
    ],
    "stats": {
        "Batting average": ".223",
        "Home runs": "28",
        "Runs batted in": "107"
    },
    "birth_date": "1947-7-14"
}