{
    "name": "Danny Ozark",
    "position": "Manager",
    "birth_place": "Buffalo, New York, U.S.",
    "death_date": "2009",
    "death_place": "Vero Beach, Florida, U.S.",
    "bats": "Right",
    "throws": "Right |stat1label=Games managed |stat1value=1,161 |stat2label=Managerial record |stat2value=618\u2013542 |stat3label=Winning % |stat3value=.533",
    "teams": [
        "Philadelphia Phillies (1973\u20131979)",
        "San Francisco Giants (1984) '''As coach'''",
        "Los Angeles Dodgers (1965\u20131972, 1980\u20131982)",
        "San Francisco Giants (1983\u20131984) |highlights=",
        "2\u00d7 World Series champion (1965, 1981)"
    ],
    "birth_date": "1923-11-24"
}