{
    "name": "Danny Sandoval",
    "position": "Shortstop",
    "birth_place": "Barquisimeto, Lara, Venezuela",
    "bats": "Both",
    "throws": "Right |debutleague = MLB",
    "debutdate": "July 17",
    "debutyear": "2005",
    "debutteam": "Philadelphia Phillies |finalleague = MLB",
    "finaldate": "October 1",
    "finalyear": "2006",
    "finalteam": "Philadelphia Phillies |statleague = MLB",
    "teams": [
        "Philadelphia Phillies (2005\u20132006)"
    ],
    "stats": {
        "Batting average": ".200",
        "Home runs": "0",
        "Runs batted in": "4"
    },
    "birth_date": "1979-4-7"
}