{
    "name": "Danny Bautista",
    "position": "Outfielder",
    "bats": "Right",
    "throws": "Right",
    "birth_place": "Santo Domingo, Dominican Republic |debutleague = MLB",
    "debutdate": "September 15",
    "debutyear": "1993",
    "debutteam": "Detroit Tigers |finalleague = MLB",
    "finaldate": "September 28",
    "finalyear": "2004",
    "finalteam": "Arizona Diamondbacks |statleague = MLB",
    "teams": [
        "Detroit Tigers (1993\u20131996)",
        "Atlanta Braves (1996\u20131998)",
        "Florida Marlins (1999\u20132000)",
        "Arizona Diamondbacks (2000\u20132004)"
    ],
    "awards": [
        "World Series champion (2001)"
    ],
    "stats": {
        "Batting average": ".272",
        "Home runs": "62",
        "Runs batted in": "319"
    },
    "birth_date": "1972-5-24"
}