{
    "name": "Danny Klassen",
    "width": "260",
    "position": "Shortstop",
    "birth_place": "Leamington, Ontario,  Canada",
    "bats": "Right",
    "throws": "Right |debutleague = MLB",
    "debutdate": "July 4",
    "debutyear": "1998",
    "debutteam": "Arizona Diamondbacks |finalleague = MLB",
    "finaldate": "September 25",
    "finalyear": "2003",
    "finalteam": "Detroit Tigers |statleague = MLB",
    "teams": [
        "Arizona Diamondbacks (1998\u20132000, 2002)",
        "Detroit Tigers (2003)"
    ],
    "stats": {
        "Batting average": ".226",
        "Home runs": "6",
        "Runs batted in": "23"
    },
    "birth_date": "1975-9-22"
}