{
    "name": "Darrel Akerfelds",
    "position": "Pitcher",
    "birth_place": "Denver, Colorado, U.S.",
    "death_date": "2012",
    "death_place": "Phoenix, Arizona, U.S.",
    "bats": "Right",
    "throws": "Right |debutleague = MLB",
    "debutdate": "August 1",
    "debutyear": "1986",
    "debutteam": "Oakland Athletics |finalleague = MLB",
    "finaldate": "July 2",
    "finalyear": "1991",
    "finalteam": "Philadelphia Phillies |statleague = MLB",
    "teams": [
        "Oakland Athletics (1986)",
        "Cleveland Indians (1987)",
        "Texas Rangers (1989)",
        "Philadelphia Phillies (1990\u20131991)",
        "Wei Chuan Dragons (1994)"
    ],
    "stats": {
        "Win\u2013loss record": "9\u201310",
        "Earned run average": "5.08",
        "Strikeouts": "129"
    },
    "birth_date": "1962-6-12"
}