{
    "name": "Dave Sax",
    "position": "Catcher",
    "birth_place": "Sacramento, California",
    "bats": "Right",
    "throws": "Right |debutleague = MLB",
    "debutdate": "September 1",
    "debutyear": "1982",
    "debutteam": "Los Angeles Dodgers |finalleague = MLB",
    "finaldate": "April 26",
    "finalyear": "1987",
    "finalteam": "Boston Red Sox |statleague = MLB",
    "teams": [
        "Los Angeles Dodgers (1982\u20131983)",
        "Boston Red Sox (1985\u20131987)"
    ],
    "stats": {
        "Batting average": ".267",
        "Home runs": "1",
        "Runs batted in": "8"
    },
    "birth_date": "1958-9-22"
}