{
    "name": "Dave Borkowski",
    "position": "Pitcher",
    "bats": "Right",
    "throws": "Right",
    "birth_place": "Detroit, Michigan, U.S. |debutleague = MLB",
    "debutdate": "July 17",
    "debutyear": "1999",
    "debutteam": "Detroit Tigers |finalleague = MLB",
    "finaldate": "September 28",
    "finalyear": "2008",
    "finalteam": "Houston Astros |statleague = MLB",
    "teams": [
        "Detroit Tigers (1999\u20132001)",
        "Baltimore Orioles (2004)",
        "Houston Astros (2006\u20132008)"
    ],
    "stats": {
        "Win\u2013loss record": "13\u201320",
        "Earned run average": "5.87",
        "Strikeouts": "265"
    },
    "birth_date": "1977-2-7"
}