{
    "name": "Dave Henderson",
    "position": "Center fielder",
    "bats": "Right",
    "throws": "Right",
    "birth_place": "Merced, California, U.S.",
    "death_date": "2015",
    "death_place": "Seattle, Washington, U.S.",
    "debutleague": "MLB",
    "debutdate": "April 9",
    "debutyear": "1981",
    "debutteam": "Seattle Mariners",
    "finalleague": "MLB",
    "finaldate": "July 29",
    "finalyear": "1994",
    "finalteam": "Kansas City Royals",
    "teams": [
        "Seattle Mariners (1981\u20131986)",
        "Boston Red Sox (1986\u20131987)",
        "San Francisco Giants (1987)",
        "Oakland Athletics (1988\u20131993)",
        "Kansas City Royals (1994)"
    ],
    "highlights": [
        "All-Star (1991)",
        "World Series champion (1989)"
    ],
    "MLB": {
        "Batting average": ".258",
        "Home runs": "197",
        "Runs batted in": "708"
    },
    "birth_date": "1958-7-21"
}