{
    "| name": "Dave Fleming",
    "position": "Pitcher",
    "birth_place": "Jackson Heights, New York, U.S.",
    "bats": "Left",
    "throws": "Left |debutleague = MLB",
    "debutdate": "August 6",
    "debutyear": "1991",
    "debutteam": "Seattle Mariners |finalleague = MLB",
    "finaldate": "September 30",
    "finalyear": "1995",
    "finalteam": "Kansas City Royals |statleague = MLB",
    "teams": [
        "Seattle Mariners (1991\u20131995)",
        "Kansas City Royals (1995)"
    ],
    "stats": {
        "Win\u2013loss record": "38\u201332",
        "Earned run average": "4.67",
        "Strikeouts": "303"
    },
    "birth_date": "1969-11-7"
}