{
    "| name": "Dave Gassner",
    "position": "Pitcher",
    "birth_place": "Hortonville, Wisconsin",
    "bats": "Right",
    "throws": "Left |debutleague = MLB",
    "debutdate": "April 16",
    "debutyear": "2005",
    "debutteam": "Minnesota Twins",
    "finaldate": "April 21",
    "finalyear": "2005",
    "finalteam": "Minnesota Twins |statleague = MLB",
    "teams": [
        "Minnesota Twins (2005)"
    ],
    "stats": {
        "Win\u2013loss record": "1-0",
        "Earned run average": "5.87",
        "Strikeouts": "2"
    },
    "birth_date": "1978-12-14"
}