{
    "name": "Dave LaPoint",
    "position": "Pitcher",
    "birth_place": "Glens Falls, New York, U.S.",
    "bats": "Left",
    "throws": "Left  |debutleague = MLB",
    "debutdate": "September 10",
    "debutyear": "1980",
    "debutteam": "Milwaukee Brewers  |finalleague = MLB",
    "finaldate": "April 20",
    "finalyear": "1991",
    "finalteam": "Philadelphia Phillies  |statleague = MLB",
    "teams": [
        "Milwaukee Brewers (1980)",
        "St. Louis Cardinals (1981\u20131984)",
        "San Francisco Giants (1985)",
        "Detroit Tigers (1986)",
        "San Diego Padres (1986)",
        "St. Louis Cardinals (1987)",
        "Chicago White Sox (1987\u20131988)",
        "Pittsburgh Pirates (1988)",
        "New York Yankees (1989\u20131990)",
        "Philadelphia Phillies (1991)"
    ],
    "highlights": [
        "World Series champion (1982)"
    ],
    "stats": {
        "Win\u2013loss record": "80\u201386",
        "Earned run average": "4.02",
        "Strikeouts": "802"
    },
    "birth_date": "1959-7-29"
}