{
    "name": "Dave Wallace",
    "position": "Pitcher",
    "birth_place": "Waterbury, Connecticut, U.S.",
    "bats": "Right",
    "throws": "Right |debutleague = MLB",
    "debutdate": "July 18",
    "debutyear": "1973",
    "debutteam": "Philadelphia Phillies |finalleague = MLB",
    "finaldate": "May 19",
    "finalyear": "1978",
    "finalteam": "Toronto Blue Jays |statleague = MLB",
    "teams": [
        "Philadelphia Phillies (1973\u20131974)",
        "Toronto Blue Jays (1978) '''As coach'''",
        "Los Angeles Dodgers (1995\u20131997)",
        "New York Mets (1999\u20132000)",
        "Boston Red Sox (2003\u20132006)",
        "Houston Astros (2007)",
        "Baltimore Orioles (2014\u20132016)"
    ],
    "stats": {
        "Win\u2013loss record": "0\u20131",
        "Earned run average": "7.84",
        "Strikeouts": "12"
    },
    "birth_date": "1947-9-7"
}