{
    "name": "Dave Roberts",
    "number": "30",
    "position": "Outfielder / Manager",
    "team": "Los Angeles Dodgers",
    "bats": "Left",
    "throws": "Left",
    "birth_place": "Naha, Okinawa, Japan",
    "debutleague": "MLB",
    "debutdate": "August 7",
    "debutyear": "1999",
    "debutteam": "Cleveland Indians",
    "finalleague": "MLB",
    "finaldate": "September 27",
    "finalyear": "2008",
    "finalteam": "San Francisco Giants",
    "teams": [
        "Cleveland Indians (1999\u20132001)",
        "Los Angeles Dodgers (2002\u20132004)",
        "Boston Red Sox (2004)",
        "San Diego Padres (2005\u20132006)",
        "San Francisco Giants (2007\u20132008) '''As manager'''",
        "San Diego Padres (2015)",
        "Los Angeles Dodgers (2016\u2013present) '''As coach'''",
        "San Diego Padres (2011\u20132015)"
    ],
    "highlights": [
        "2\u00d7 World Series champion (2004, 2020)",
        "NL Manager of the Year (2016)"
    ],
    "MLB": {
        "Batting average": ".266",
        "Home runs": "23",
        "Runs batted in": "213",
        "Stolen bases": "243",
        "Managerial record": "766\u2013454",
        "Winning %": "766"
    },
    "birth_date": "1972-5-31",
    "medaltemplates": [
        "Sport: Men's baseball",
        "Competition: Pan American Games",
        "Silver Medal: 1999 Winnipeg Team competition"
    ]
}