{
    "name": "Dave Dombrowski",
    "team": "Philadelphia Phillies",
    "birth_place": "Chicago, Illinois, U.S.",
    "position": "President of Baseball Operations",
    "teams": [
        "Chicago White Sox (1978\u20131986)",
        "Montreal Expos (1987\u20131991)",
        "Florida Marlins (1991\u20132001)",
        "Detroit Tigers (2002\u20132015)",
        "Boston Red Sox (2015\u20132019)",
        "Philadelphia Phillies (2021\u2013present)"
    ],
    "highlights": [
        "2\u00d7 World Series champion (1997, 2018)",
        "1990 UPI Executive of the Year",
        "2\u00d7 ''Baseball America'' Executive of the Year (2006, 2018)",
        "2011 co-''Sporting News'' Executive of the Year (with Doug Melvin)"
    ],
    "birth_date": "1956-7-27"
}