{
    "name": "Dave Dravecky",
    "position": "Pitcher",
    "bats": "Right",
    "throws": "Left",
    "birth_place": "Youngstown, Ohio, U.S.",
    "death_date": "|debutleague = MLB",
    "debutdate": "June 15",
    "debutyear": "1982",
    "debutteam": "San Diego Padres |finalleague = MLB",
    "finaldate": "August 15",
    "finalyear": "1989",
    "finalteam": "San Francisco Giants |statleague = MLB",
    "teams": [
        "San Diego Padres (1982\u20131987)",
        "San Francisco Giants (1987\u20131989)"
    ],
    "highlights": [
        "All-Star (1983)"
    ],
    "stats": {
        "Win\u2013loss record": "64\u201357",
        "Earned run average": "3.13",
        "Strikeouts": "558"
    },
    "birth_date": "1956-02-14"
}