{
    "name": "Dave DeBusschere",
    "birth_place": "Detroit, Michigan, U.S.",
    "death_date": "2003",
    "death_place": "New York City, U.S.",
    "height_ft": "6",
    "height_in": "6",
    "weight_lb": "220",
    "high_school": "Austin Catholic Preparatory School (Detroit, Michigan)",
    "college": "Detroit Mercy (1959\u20131962)",
    "draft_pick": "territorial pick",
    "draft_year": "1962",
    "draft_team": "Detroit Pistons",
    "career_start": "1962",
    "career_end": "1974",
    "career_position": "Power forward / small forward",
    "career_number": "22",
    "years1": "1962\u20131968",
    "team1": "Detroit Pistons",
    "years2": "1968\u20131973",
    "team2": "New York Knicks",
    "cyears1": "1964\u20131966",
    "cteam1": "Detroit Pistons",
    "highlights": [
        "2\u00d7 NBA champion (1970, 1973)",
        "8\u00d7 NBA All-Star (1966\u20131968, 1970\u20131974)",
        "6\u00d7 NBA All-Defensive First Team (1969\u20131974)",
        "All-NBA Second Team (1969)",
        "NBA All-Rookie First Team (1963)",
        "NBA anniversary team (50th, 75th)",
        "No. 22 retired by New York Knicks",
        "2\u00d7 Second-team All-American \u2013 NEA (1961, 1962)",
        "Second-team All-American \u2013 NABC (1961)",
        "3\u00d7 Third-team All-American \u2013 UPI (1960\u20131962)",
        "Third-team All-American \u2013 AP, NABC (1962)",
        "No. 22 retired by Detroit Mercy Titans",
        "Fourth-team ''Parade'' All-American (1958)"
    ],
    "stats_league": "NBA",
    "HOF_player": "dave-debusschere",
    "CBBASKHOF_year": "2006  embed=yes \u20131963) ",
    "stats": {
        "Points": "14,053 (16.1 ppg)",
        "Rebounds": "9,618 (11.0 rpg)",
        "Assists": "2,497 (2.9 apg)"
    },
    "birth_date": "1940-10-16"
}