{
    "name": "Dave Tomlin",
    "position": "Pitcher",
    "birth_place": "Maysville, Kentucky, U.S.",
    "bats": "Left",
    "throws": "Left |debutleague = MLB",
    "debutdate": "September 2",
    "debutyear": "1972",
    "debutteam": "Cincinnati Reds |finalleague = MLB",
    "finaldate": "August 19",
    "finalyear": "1986",
    "finalteam": "Montreal Expos |statleague = MLB",
    "teams": [
        "Cincinnati Reds (1972\u20131973)",
        "San Diego Padres (1974\u20131977)",
        "Cincinnati Reds (1978\u20131980)",
        "Montreal Expos (1982)",
        "Pittsburgh Pirates (1983, 1985)",
        "Montreal Expos (1986)"
    ],
    "stats": {
        "Win\u2013loss record": "25\u201312",
        "Earned run average": "3.82",
        "Strikeouts": "278"
    },
    "birth_date": "1949-6-22"
}