{
    "name": "Dave Orr",
    "position": "First baseman",
    "birth_place": "New York City, New York, U.S.",
    "death_date": "mf=yes",
    "death_place": "Richmond Hill, New York, U.S.",
    "bats": "Right",
    "throws": "Right  |debutleague = MLB",
    "debutdate": "May 17",
    "debutyear": "1883",
    "debutteam": "New York Metropolitans  |finalleague = MLB",
    "finaldate": "October 2",
    "finalyear": "1890",
    "finalteam": "Brooklyn Ward's Wonders  |statleague = MLB",
    "teams": [
        "New York Metropolitans (1883\u20131887)",
        "New York Gothams (1883)",
        "Brooklyn Bridegrooms (1888)",
        "Columbus Solons (1889)",
        "Brooklyn Ward's Wonders (1890)"
    ],
    "highlights": [
        "American Association batting champion (1884)",
        "American Association RBI champion (1884)",
        "2\u00d7 American Association hits leader (1884, 1886)",
        "2\u00d7 American Association triples leader (1885, 1886)"
    ],
    "stats": {
        "Batting average": ".342",
        "Runs scored": "536",
        "Runs batted in": "627"
    },
    "birth_date": "1859-9-29"
}