{
    "name": "David Pauley",
    "position": "Pitcher",
    "birth_place": "Longmont, Colorado, U.S.",
    "bats": "Right",
    "throws": "Right |debutleague = MLB",
    "debutdate": "May 31",
    "debutyear": "2006",
    "debutteam": "Boston Red Sox",
    "finalleague": "MLB |finaldate=July 2 |finalyear=2012 |finalteam=Toronto Blue Jays |statleague = MLB",
    "teams": [
        "Boston Red Sox (2006, 2008)",
        "Seattle Mariners (2010\u20132011)",
        "Detroit Tigers (2011)",
        "Los Angeles Angels of Anaheim (2012)",
        "Toronto Blue Jays (2012)"
    ],
    "stats": {
        "Win\u2013loss record": "9\u201319",
        "Earned run average": "4.68",
        "Strikeouts": "122"
    },
    "birth_date": "1983-6-17"
}