{
    "name": "David Newhan",
    "position": "Utility player",
    "bats": "Left",
    "throws": "Right",
    "birth_place": "Fullerton, California, U.S.",
    "debutleague": "MLB",
    "debutdate": "June 4",
    "debutyear": "1999",
    "debutteam": "San Diego Padres",
    "finalleague": "MLB",
    "finaldate": "September 28",
    "finalyear": "2008",
    "finalteam": "Houston Astros",
    "teams": [
        "San Diego Padres (1999\u20132000)",
        "Philadelphia Phillies (2000\u20132001)",
        "Baltimore Orioles (2004\u20132006)",
        "New York Mets (2007)",
        "Houston Astros (2008)"
    ],
    "MLB": {
        "Batting average": ".253",
        "Home runs": "23",
        "Runs batted in": "120"
    },
    "birth_date": "1973-9-7"
}