{
    "name": "David Ortiz",
    "position": "Designated hitter / First baseman",
    "number": "34",
    "birth_place": "Santo Domingo, Dominican Republic",
    "bats": "Left",
    "throws": "Left",
    "debutleague": "MLB",
    "debutdate": "September 2",
    "debutyear": "1997",
    "debutteam": "Minnesota Twins",
    "finalleague": "MLB",
    "finaldate": "October 2",
    "finalyear": "2016",
    "finalteam": "Boston Red Sox",
    "teams": [
        "Minnesota Twins (1997\u20132002)",
        "Boston Red Sox (2003\u20132016)"
    ],
    "awards": [
        "10\u00d7 All-Star (2004\u20132008, 2010\u20132013, 2016)",
        "3\u00d7 World Series champion (2004, 2007, 2013)",
        "World Series MVP (2013)",
        "ALCS MVP (2004)",
        "7\u00d7 Silver Slugger Award (2004\u20132007, 2011, 2013, 2016)",
        "2\u00d7 AL Hank Aaron Award (2005, 2016)",
        "Roberto Clemente Award (2011)",
        "AL home run leader (2006)",
        "3\u00d7 AL RBI leader (2005, 2006, 2016)",
        "Boston Red Sox No. 34 retired",
        "Boston Red Sox Hall of Fame |hoflink = National Baseball Hall of Fame and Museum |hoftype = National |hofdate = 2022 |hofvote = 77.9% (first ballot)"
    ],
    "MLB": {
        "Batting average": ".286",
        "Hits": "2,472",
        "Home runs": "541",
        "Runs batted in": "1,768"
    },
    "birth_date": "1975-11-18"
}