{
    "name": "David Eckstein",
    "width": "250",
    "position": "Shortstop",
    "birth_place": "Sanford, Florida, U.S.",
    "bats": "Right",
    "throws": "Right |debutleague = MLB",
    "debutdate": "April 3",
    "debutyear": "2001",
    "debutteam": "Anaheim Angels |finalleague = MLB",
    "finaldate": "October 3",
    "finalyear": "2010",
    "finalteam": "San Diego Padres |statleague = MLB",
    "teams": [
        "Anaheim Angels (2001\u20132004)",
        "St. Louis Cardinals (2005\u20132007)",
        "Toronto Blue Jays (2008)",
        "Arizona Diamondbacks (2008)",
        "San Diego Padres (2009\u20132010)"
    ],
    "awards": [
        "2\u00d7 All-Star (2005, 2006)",
        "2\u00d7 World Series champion (2002, 2006)",
        "World Series MVP (2006)"
    ],
    "stats": {
        "Batting average": ".280",
        "Home runs": "35",
        "Runs batted in": "392"
    },
    "birth_date": "1975-1-20"
}