{
    "name": "David Ross",
    "position": "Catcher / Manager",
    "birth_place": "Bainbridge, Georgia, U.S.",
    "bats": "Right",
    "throws": "Right |debutleague = MLB",
    "debutdate": "June 29",
    "debutyear": "2002",
    "debutteam": "Los Angeles Dodgers",
    "finalleague": "MLB",
    "finaldate": "October 1",
    "finalyear": "2016",
    "finalteam": "Chicago Cubs",
    "teams": [
        "Los Angeles Dodgers (2002\u20132004)",
        "Pittsburgh Pirates (2005)",
        "San Diego Padres (2005)",
        "Cincinnati Reds (2006\u20132008)",
        "Boston Red Sox (2008)",
        "Atlanta Braves (2009\u20132012)",
        "Boston Red Sox (2013\u20132014)",
        "Chicago Cubs (2015\u20132016) ;As manager",
        "Chicago Cubs (2020\u20132023) |awards=",
        "Team"
    ],
    "MLB": {
        "Batting average": ".229",
        "Home runs": "106",
        "Runs batted in": "314",
        "Managerial record": "262\u2013284",
        "Winning %.": "262"
    },
    "birth_date": "1977-3-19"
}