{
    "name": "David Weathers",
    "position": "Pitcher",
    "birth_place": "Lawrenceburg, Tennessee, U.S.",
    "bats": "Right",
    "throws": "Right |debutleague = MLB",
    "debutdate": "August 2",
    "debutyear": "1991",
    "debutteam": "Toronto Blue Jays |finalleague = MLB",
    "finaldate": "October 3",
    "finalyear": "2009",
    "finalteam": "Milwaukee Brewers |statleague = MLB",
    "teams": [
        "Toronto Blue Jays (1991\u20131992)",
        "Florida Marlins (1993\u20131996)",
        "New York Yankees (1996\u20131997)",
        "Cleveland Indians (1997)",
        "Cincinnati Reds (1998)",
        "Milwaukee Brewers (1998\u20132001)",
        "Chicago Cubs (2001)",
        "New York Mets (2002\u20132004)",
        "Houston Astros (2004)",
        "Florida Marlins (2004)",
        "Cincinnati Reds (2005\u20132009)",
        "Milwaukee Brewers (2009) |awards=",
        "World Series champion (1996)"
    ],
    "stats": {
        "Win\u2013loss record": "73\u201388",
        "Earned run average": "4.25",
        "Strikeouts": "976"
    },
    "birth_date": "1969-9-25"
}