{
    "name": "Deion Sanders",
    "current_title": "Head coach",
    "current_team": "Colorado Buffaloes",
    "current_conference": "Big 12",
    "current_record": "4\u20138",
    "birth_place": "Fort Myers, Florida, U.S.",
    "alma_mater": "Florida State University",
    "player_years1": "1985\u20131988",
    "player_team1": "Florida State",
    "player_years2": "1989\u20131993",
    "player_team2": "Atlanta Falcons",
    "player_years3": "1994",
    "player_team3": "San Francisco 49ers",
    "player_years4": "1995\u20131999",
    "player_team4": "Dallas Cowboys",
    "player_years5": "2000",
    "player_team5": "Washington Redskins",
    "player_years6": "2004\u20132005",
    "player_team6": "Baltimore Ravens",
    "player_positions": "Cornerback ,  Return specialist",
    "coach_years1": "2012\u20132013",
    "coach_team1": "Prime Prep",
    "coach_years2": "2015\u20132016",
    "coach_team2": "Triple A (TX)",
    "coach_years3": "2017\u20132020",
    "coach_team3": "Trinity Christian (TX) (OC)",
    "coach_years4": "2020\u20132022",
    "coach_team4": "Jackson State",
    "coach_years5": "2023\u2013present",
    "coach_team5": "Colorado",
    "overall_record": "31\u201314",
    "bowl_record": "0\u20132",
    "championships": [
        "2\u00d7 SWAC (2021, 2022)",
        "2\u00d7 SWAC East (2021, 2022) ; As a player",
        "2\u00d7 Super Bowl (XXIX, XXX)"
    ],
    "awards": [
        "''SI'' Sportsman of the Year (2023)",
        "Eddie Robinson Award (2021)",
        "2\u00d7 SWAC Coach of the Year (2021, 2022) ; As a player",
        "NFL Defensive Player of the Year (1994)",
        "6\u00d7 First-team All-Pro (1992\u20131994, 1996\u20131998)",
        "2\u00d7 Second-team All-Pro (1991, 1999)",
        "8\u00d7 Pro Bowl (1991\u20131994, 1996\u20131999)",
        "NFL kickoff return yards leader (1992)",
        "NFL 1990s All-Decade Team",
        "NFL 100th Anniversary All-Time Team",
        "PFWA All-Rookie Team (1989)",
        "Atlanta Falcons Ring of Honor",
        "Jim Thorpe Award (1988)",
        "2\u00d7 Unanimous All-American (1987, 1988)",
        "Third-team All-American (1986)",
        "Florida State Seminoles Jersey No. 2 honored"
    ],
    "HOF": "deion-sanders ",
    "birth_date": "1967-8-9"
}