{
    "name": "Del Baker",
    "position": "Catcher",
    "bats": "Right",
    "throws": "Right",
    "birth_place": "Sherwood, Oregon, U.S.",
    "death_date": "1973",
    "death_place": "Olmos Park, Texas, U.S. |debutleague = MLB",
    "debutdate": "April 16",
    "debutyear": "1914",
    "debutteam": "Detroit Tigers |finalleague = MLB",
    "finaldate": "September 30",
    "finalyear": "1916",
    "finalteam": "Detroit Tigers |statleague = MLB",
    "teams": [
        "Detroit Tigers (1914\u20131916)"
    ],
    "highlights": [
        "Manager of 1940 AL champion Tigers",
        "World Series champion (1935)"
    ],
    "stats": {
        "Batting average": ".209",
        "Home runs": "0",
        "Runs batted in": "22"
    },
    "birth_date": "1892-5-3"
}