{
    "name": "Delmon Young",
    "position": "Outfielder / Designated hitter",
    "bats": "Right",
    "throws": "Right",
    "birth_place": "Montgomery, Alabama, U.S.",
    "debutleague": "MLB",
    "debutdate": "August 29",
    "debutyear": "2006",
    "debutteam": "Tampa Bay Devil Rays",
    "finalleague": "MLB",
    "finaldate": "June 29",
    "finalyear": "2015",
    "finalteam": "Baltimore Orioles",
    "teams": [
        "Tampa Bay Devil Rays (2006\u20132007)",
        "Minnesota Twins (2008\u20132011)",
        "Detroit Tigers (2011\u20132012)",
        "Philadelphia Phillies (2013)",
        "Tampa Bay Rays (2013)",
        "Baltimore Orioles  (2014\u20132015)"
    ],
    "highlights": [
        "ALCS MVP (2012) |medaltemplates=Men's baseball USA World Junior Baseball Championship 2002 Sherbrooke"
    ],
    "MLB": {
        "Batting average": ".283",
        "Home runs": "109",
        "Runs batted in": "566"
    },
    "birth_date": "1985-9-14"
}