{
    "name": "Derek Jeter",
    "width": "270",
    "position": "Shortstop",
    "bats": "Right",
    "throws": "Right",
    "birth_place": "Pequannock Township, New Jersey, U.S.",
    "debutleague": "MLB",
    "debutdate": "May 29",
    "debutyear": "1995",
    "debutteam": "New York Yankees",
    "finalleague": "MLB",
    "finaldate": "September 28",
    "finalyear": "2014",
    "finalteam": "New York Yankees",
    "teams": [
        "New York Yankees (1995\u20132014)"
    ],
    "awards": [
        "14\u00d7 All-Star (1998\u20132002, 2004, 2006\u20132012, 2014)",
        "5\u00d7 World Series champion (1996, 1998\u20132000, 2009)",
        "World Series MVP (2000)",
        "AL Rookie of the Year (1996)",
        "5\u00d7 Gold Glove Award (2004\u20132006, 2009, 2010)",
        "5\u00d7 Silver Slugger Award (2006\u20132009, 2012)",
        "2\u00d7 AL Hank Aaron Award (2006, 2009)",
        "Roberto Clemente Award (2009)",
        "New York Yankees No. 2 retired",
        "Monument Park honoree"
    ],
    "hoflink": "National Baseball Hall of Fame and Museum",
    "hoftype": "National",
    "hofdate": "2020",
    "hofvote": "99.7% (first ballot) ",
    "MLB": {
        "Batting average": ".310",
        "Hits": "3,465",
        "Home runs": "260",
        "Runs batted in": "1,311"
    },
    "birth_date": "1974-6-26"
}