{
    "name": "Derek Lowe",
    "position": "Pitcher",
    "bats": "Right",
    "throws": "Right",
    "birth_place": "Dearborn, Michigan, U.S. |debutleague = MLB",
    "debutdate": "April 26",
    "debutyear": "1997",
    "debutteam": "Seattle Mariners |finalleague = MLB",
    "finaldate": "May 19",
    "finalyear": "2013",
    "finalteam": "Texas Rangers |statleague = MLB",
    "teams": [
        "Seattle Mariners (1997)",
        "Boston Red Sox (1997\u20132004)",
        "Los Angeles Dodgers (2005\u20132008)",
        "Atlanta Braves (2009\u20132011)",
        "Cleveland Indians (2012)",
        "New York Yankees (2012)",
        "Texas Rangers (2013) |awards=",
        "2\u00d7 All-Star (2000, 2002)",
        "World Series champion (2004)",
        "NL wins leader (2006)",
        "AL saves leader (2000)",
        "Pitched a no-hitter on April 27, 2002",
        "Boston Red Sox Hall of Fame"
    ],
    "stats": {
        "Win\u2013loss record": "176\u2013157",
        "Earned run average": "4.03",
        "Strikeouts": "1,722",
        "Saves": "86"
    },
    "birth_date": "1973-6-1"
}