{
    "name": "Dernell Stenson",
    "position": "Outfielder",
    "birth_place": "LaGrange, Georgia, U.S.",
    "death_date": "2003",
    "death_place": "Chandler, Arizona, U.S.",
    "bats": "Left",
    "throws": "Left |debutleague = MLB",
    "debutdate": "August 13",
    "debutyear": "2003",
    "debutteam": "Cincinnati Reds |finalleague = MLB",
    "finaldate": "September 28",
    "finalyear": "2003",
    "finalteam": "Cincinnati Reds |statleague = MLB",
    "teams": [
        "Cincinnati Reds (2003)"
    ],
    "stats": {
        "Batting average": ".247",
        "Home runs": "3",
        "Runs batted in": "13"
    },
    "birth_date": "1978-6-17"
}