{
    "name": "DeWayne Wise",
    "position": "Outfielder",
    "birth_place": "Chapin, South Carolina, U.S.",
    "bats": "Left",
    "throws": "Left |debutleague = MLB",
    "debutdate": "April 6",
    "debutyear": "2000 |debutteam=Toronto Blue Jays |finalleague = MLB",
    "finaldate": "May 29 |finalyear=2013 |finalteam=Chicago White Sox |statleague = MLB",
    "teams": [
        "Toronto Blue Jays (2000, 2002)",
        "Atlanta Braves (2004)",
        "Cincinnati Reds (2006\u20132007)",
        "Chicago White Sox (2008\u20132009)",
        "Toronto Blue Jays (2010)",
        "Florida Marlins (2011)",
        "Toronto Blue Jays (2011)",
        "New York Yankees (2012)",
        "Chicago White Sox (2012\u20132013)"
    ],
    "stats": {
        "Batting average": ".228",
        "Home runs": "31",
        "Runs batted in": "115"
    },
    "birth_date": "1978-2-24"
}