{
    "name": "Dewon Brazelton",
    "position": "Pitcher",
    "bats": "Right",
    "throws": "Right",
    "birth_place": "Tullahoma, Tennessee, U.S. |debutleague = MLB",
    "debutdate": "September 13",
    "debutyear": "2002",
    "debutteam": "Tampa Bay Devil Rays |finalleague = MLB",
    "finaldate": "May 11",
    "finalyear": "2006",
    "finalteam": "San Diego Padres |statleague = MLB",
    "teams": [
        "Tampa Bay Devil Rays (2002\u20132005)",
        "San Diego Padres (2006)"
    ],
    "stats": {
        "Win\u2013loss record": "8\u201325",
        "Earned run average": "6.38",
        "Strikeouts": "145"
    },
    "birth_date": "1980-6-16"
}