{
    "name": "Dick Ellsworth",
    "position": "Pitcher",
    "birth_place": "Lusk, Wyoming, U.S.",
    "death_date": "2022",
    "death_place": "Fresno, California, U.S.",
    "bats": "Left",
    "throws": "Left",
    "debutleague": "MLB",
    "debutdate": "June 22",
    "debutyear": "1958",
    "debutteam": "Chicago Cubs",
    "finalleague": "MLB",
    "finaldate": "June 23",
    "finalyear": "1971",
    "finalteam": "Milwaukee Brewers",
    "teams": [
        "Chicago Cubs (1958\u20131966)",
        "Philadelphia Phillies (1967)",
        "Boston Red Sox (1968\u20131969)",
        "Cleveland Indians (1969\u20131970)",
        "Milwaukee Brewers (1970\u20131971) |highlights=",
        "All-Star (1964)"
    ],
    "MLB": {
        "Win\u2013loss record": "115\u2013137",
        "Earned run average": "3.72",
        "Strikeouts": "1,140"
    },
    "birth_date": "1940-3-22"
}