{
    "highlights": [
        "2\u00d7 Eastern Colored League pennant (1926, 1927)",
        "2\u00d7 All-Star (1933, 1934)",
        "East-West League batting champion (1932)"
    ],
    "stats": {
        "Batting average": ".331",
        "Hits": "667",
        "Home runs": "36",
        "Runs batted in": "422",
        "Stolen bases": "63",
        "Managerial record": [
            "Atlantic City Bacharach Giants (1916\u20131918, 1920\u20131928) https://docs.google.com/open?id=0B1Wcncq5-bHdcHRLb0hlbDg3S00 \"Chester Defeats Bacharach Giants\" Chester Times, Chester, PA, Friday, June 11, 1926, Page 20, Column 1",
            "Brooklyn Royal Giants (1916)",
            "Hilldale Daisies (1918\u20131919, 1923) https://docs.google.com/open?id=0B1Wcncq5-bHdelZPc0FUaDJDZEk \"Hilldale Again\" Philadelphia Inquirer, Philadelphia, PA, Sunday, June 30, 1918, Page 20, Column 2",
            "New York Bacharach Giants (1922)",
            "Baltimore Black Sox (1929\u20131932)",
            "Philadelphia Stars (1933)",
            "Newark Dodgers (1934)",
            "New York Cubans (1935)",
            "Newark Eagles (1937) '''As manager'''",
            "New York Bacharach Giants (1922)",
            "Atlantic City Bacharach Giants (1923, 1926\u20131928)",
            "Baltimore Black Sox (1932)",
            "Philadelphia Stars (1933)",
            "Newark Dodgers (1934\u20131935)",
            "Newark Eagles (1937\u20131940)",
            "Atlanta Black Crackers (1938)"
        ]
    }
}