{
    "name": "Dick Bartell",
    "position": "Shortstop",
    "bats": "Right",
    "throws": "Right",
    "birth_place": "Chicago, Illinois, U.S.",
    "death_date": "1995",
    "death_place": "Alameda, California, U.S. |debutleague = MLB",
    "debutdate": "October 2",
    "debutyear": "1927",
    "debutteam": "Pittsburgh Pirates |finalleague = MLB",
    "finaldate": "May 24",
    "finalyear": "1946",
    "finalteam": "New York Giants |statleague = MLB",
    "teams": [
        "Pittsburgh Pirates (1927\u20131930)",
        "Philadelphia Phillies (1931\u20131934)",
        "New York Giants (1935\u20131938)",
        "Chicago Cubs (1939)",
        "Detroit Tigers (1940\u20131941)",
        "New York Giants (1941\u20131943, 1946)"
    ],
    "highlights": [
        "2\u00d7 All-Star (1933, 1937)"
    ],
    "stats": {
        "Batting average": ".284",
        "Hits": "2,165",
        "Home runs": "79",
        "Runs batted in": "710"
    },
    "birth_date": "1907-11-22"
}