{
    "name": "Dick Redding",
    "position": "Pitcher",
    "death_date": "1948 Islip, New York",
    "bats": "Right",
    "throws": "Right",
    "debutleague": "Negro league baseball",
    "debutdate": "1911",
    "debutteam": "Lincoln Giants",
    "finaldate": "1932",
    "finalteam": "Bacharach Giants",
    "stat3value": [
        "\u2013 Post-1920 Negro league statistics"
    ],
    "teams": [
        "Lincoln Giants (1911\u201314, 1915\u201316) https://docs.google.com/open?id=0B1Wcncq5-bHdbUVLTUZYSlNPcjA \"Lincoln Giants Adds Another Brace of Victories to its Brace\" Indianapolis Freeman, Indianapolis, Indiana, May 20, 1916, Page 4, Column 4",
        "Lincoln Stars (1914\u201315)",
        "Indianapolis ABCs (1915)",
        "Chicago American Giants (1917)",
        "Brooklyn Royal Giants (1918\u201319, 1923\u201331)",
        "Bacharach Giants (1919\u201322, 1932) https://docs.google.com/open?id=0B1Wcncq5-bHdZU53RHd4eEVBcjg \"Empey Has Fine Bill\" ''New York Sun'', Page 4, Column 2  ;Other:",
        "Fe, Cuba (1912\u201313, 1914\u201315)",
        "Habana, Cuba (1922\u201323)"
    ],
    "stats": {
        "Run average": "4.71",
        "Earned run average": "3.64"
    },
    "birth_date": "1890-4-15"
}