{
    "name": "Dick Nen",
    "position": "First baseman",
    "birth_place": "South Gate, California, U.S.",
    "bats": "Left",
    "throws": "Left |debutleague = MLB",
    "debutdate": "September 18",
    "debutyear": "1963",
    "debutteam": "Los Angeles Dodgers |finalleague = MLB",
    "finaldate": "June 28",
    "finalyear": "1970",
    "finalteam": "Washington Senators |statleague = MLB",
    "teams": [
        "Los Angeles Dodgers (1963)",
        "Washington Senators (1965\u20131967)",
        "Chicago Cubs (1968)",
        "Washington Senators (1970)"
    ],
    "stats": {
        "Batting average": ".224",
        "Home runs": "21",
        "Runs batted in": "107"
    },
    "birth_date": "1939-9-24"
}