{
    "name": "Dick Groat",
    "height_ft": "5",
    "height_in": "11",
    "weight_lbs": "180",
    "nationality": "American",
    "high_school": "Swissvale, (Swissvale, Pennsylvania)",
    "college": "Duke (1949\u20131952)",
    "draft_year": "1952",
    "draft_round": "1",
    "draft_pick": "3",
    "draft_team": "Fort Wayne Pistons",
    "career_start": "1952",
    "career_end": "1953",
    "career_position": "Point guard",
    "career_number": "5",
    "years1": "1952",
    "team1": [
        "UPI Player of the Year (1952)",
        "Helms Foundation Player of the Year (1951)",
        "Consensus first-team All-American (1952)",
        "Consensus second-team All-American (1951)",
        "2x Southern Conference McKelvin Award (Male Athlete of the Year) (1951, 1952)",
        "2x SoCon Tournament MVP (1951, 1952)",
        "No. 10 retired by Duke Blue Devils"
    ],
    "stats_league": "NBA",
    "bbr": "groatdi01",
    "CBBASKHOF_year": "2007 ",
    "stats": {
        "Points": "309 (11.9 ppg)",
        "Assists": "69 (2.7 asp)",
        "Rebounds": "86 (3.3 rpg)"
    }
}