{
    "name": "Dilson Torres",
    "position": "Pitcher",
    "birth_place": "Maracay, Aragua, Venezuela",
    "bats": "Right",
    "throws": "Right |debutleague = MLB",
    "debutdate": "April 29",
    "debutyear": "1995",
    "debutteam": "Kansas City Royals |finalleague = MLB",
    "finaldate": "September 27",
    "finalyear": "1995",
    "finalteam": "Kansas City Royals |statleague = MLB",
    "teams": [
        "Kansas City Royals (1995)",
        "Mercuries Tigers (1998)"
    ],
    "stats": {
        "Win\u2013loss record": "1\u20132",
        "Earned run average": "6.09",
        "Strikeouts": "28 |stat2league = CPBL"
    },
    "stats2": {
        "Win\u2013loss record": "0\u20130",
        "Earned run average": "21.00",
        "Strikeouts": "3"
    },
    "birth_date": "1970-5-31"
}