{
    "name": "Dioner Navarro",
    "position": "Catcher",
    "birth_place": "Caracas, Venezuela",
    "bats": "Switch",
    "throws": "Right",
    "debutleague": "MLB",
    "debutdate": "September 7",
    "debutyear": "2004",
    "debutteam": "New York Yankees |finalleague  = MLB |finaldate    = September 30 |finalyear    = 2016 |finalteam    = Toronto Blue Jays",
    "teams": [
        "New York Yankees (2004)",
        "Los Angeles Dodgers (2005\u20132006)",
        "Tampa Bay Devil Rays / Rays (2006\u20132010)",
        "Los Angeles Dodgers (2011)",
        "Cincinnati Reds (2012)",
        "Chicago Cubs (2013)",
        "Toronto Blue Jays (2014\u20132015)",
        "Chicago White Sox (2016)",
        "Toronto Blue Jays (2016)"
    ],
    "awards": [
        "All-Star (2008)"
    ],
    "MLB": {
        "Batting average": ".250",
        "Home runs": "77",
        "Runs batted in": "367"
    },
    "birth_date": "1984-2-9"
}