{
    "name": "Doc Hamann",
    "position": "Pitcher",
    "birth_place": "New Ulm, Minnesota",
    "death_date": "1973",
    "death_place": "Bayside, Wisconsin",
    "bats": "Right",
    "throws": "Right |debutleague = MLB",
    "debutdate": "September 21",
    "debutyear": "1922",
    "debutteam": "Cleveland Indians |finalleague = MLB",
    "finaldate": "September 21",
    "finalyear": "1922",
    "finalteam": "Cleveland Indians |statleague = MLB",
    "teams": [
        "Cleveland Indians (1922)"
    ],
    "stats": {
        "Games played": "1",
        "Earned run average": "infinity"
    }
}