{
    "name": "Don Elston",
    "position": "Pitcher",
    "birth_place": "Campbellstown, Ohio, U.S.",
    "death_date": "1995",
    "death_place": "Arlington Heights, Illinois, U.S.",
    "bats": "Right",
    "throws": "Right |debutleague = MLB",
    "debutdate": "September 17",
    "debutyear": "1953",
    "debutteam": "Chicago Cubs |finalleague = MLB",
    "finaldate": "October 2",
    "finalyear": "1964",
    "finalteam": "Chicago Cubs |statleague = MLB",
    "teams": [
        "Chicago Cubs (1953)",
        "Brooklyn Dodgers (1957)",
        "Chicago Cubs (1957\u20131964)"
    ],
    "highlights": [
        "2\u00d7 All-Star (1959, 1959\u00b2)"
    ],
    "stats": {
        "Win\u2013loss record": "49\u201354",
        "Earned run average": "3.69",
        "Strikeouts": "519",
        "Saves": "64"
    },
    "birth_date": "1929-4-6"
}