{
    "name": "Don Stanhouse",
    "position": "Pitcher",
    "birth_place": "Du Quoin, Illinois, U.S.",
    "bats": "Right",
    "throws": "Right |debutleague = MLB",
    "debutdate": "April 19",
    "debutyear": "1972",
    "debutteam": "Texas Rangers |finalleague = MLB",
    "finaldate": "September 24",
    "finalyear": "1982",
    "finalteam": "Baltimore Orioles |statleague = MLB",
    "teams": [
        "Texas Rangers (1972\u20131974)",
        "Montreal Expos (1975\u20131977)",
        "Baltimore Orioles (1978\u20131979)",
        "Los Angeles Dodgers (1980)",
        "Baltimore Orioles (1982)"
    ],
    "highlights": [
        "All-Star (1979)"
    ],
    "stats": {
        "Win\u2013loss record": "38\u201354",
        "Earned run average": "3.84",
        "Strikeouts": "408",
        "Saves": "64"
    },
    "birth_date": "1951-2-12"
}