{
    "name": "Don Buddin",
    "position": "Shortstop",
    "bats": "Right",
    "throws": "Right",
    "birth_place": "Turbeville, South Carolina, U.S.",
    "death_date": "2011",
    "death_place": "Greenville, South Carolina, U.S. |debutleague = MLB",
    "debutdate": "April 17",
    "debutyear": "1956",
    "debutteam": "Boston Red Sox |finalleague = MLB",
    "finaldate": "September 25",
    "finalyear": "1962",
    "finalteam": "Detroit Tigers |statleague = MLB",
    "teams": [
        "Boston Red Sox (1956, 1958\u201361)",
        "Houston Colt .45s (1962)",
        "Detroit Tigers (1962)"
    ],
    "stats": {
        "Batting average": ".241",
        "Home runs": "41",
        "Runs batted in": "225"
    },
    "birth_date": "1934-5-5"
}