{
    "name": "Donaldo Mendez",
    "position": "Shortstop",
    "birth_place": "Barquisimeto, Lara State, Venezuela",
    "bats": "Right",
    "throws": "Right |debutleague = MLB",
    "debutdate": "April 5",
    "debutyear": "2001",
    "debutteam": "San Diego Padres |finalleague = MLB",
    "finaldate": "July 6",
    "finalyear": "2003",
    "finalteam": "San Diego Padres |statleague = MLB",
    "teams": [
        "San Diego Padres (2001, 2003)"
    ],
    "stats": {
        "Batting average": ".183",
        "Home runs": "3",
        "Runs batted in": "14"
    },
    "birth_date": "1978-6-7"
}