{
    "name": "Donnie Murphy",
    "position": "Infielder",
    "birth_place": "Lakewood, California, U.S.",
    "bats": "Right",
    "throws": "Right |debutleague = MLB",
    "debutdate": "September 18",
    "debutyear": "2004",
    "debutteam": "Kansas City Royals",
    "finalleague": "MLB |finaldate=July 4 |finalyear=2014 |finalteam=Texas Rangers |statleague = MLB",
    "teams": [
        "Kansas City Royals (2004\u20132005)",
        "Oakland Athletics (2007\u20132008)",
        "Florida / Miami Marlins (2010\u20132012)",
        "Chicago Cubs (2013)",
        "Texas Rangers (2014)"
    ],
    "stats": {
        "Batting average": ".212",
        "Home runs": "33",
        "Runs batted in": "119"
    },
    "birth_date": "1983-3-10"
}