{
    "name": "Dontrelle Willis",
    "width": "250",
    "position": "Pitcher",
    "birth_place": "Oakland, California, U.S.",
    "bats": "Left",
    "throws": "Left |debutleague = MLB",
    "debutdate": "May 9",
    "debutyear": "2003",
    "debutteam": "Florida Marlins |finalleague = MLB",
    "finaldate": "September 27",
    "finalyear": "2011",
    "finalteam": "Cincinnati Reds |statleague = MLB",
    "teams": [
        "Florida Marlins (2003\u20132007)",
        "Detroit Tigers (2008\u20132010)",
        "Arizona Diamondbacks (2010)",
        "Cincinnati Reds (2011) |awards      =",
        "2\u00d7 All-Star (2003, 2005)",
        "World Series champion (2003)",
        "NL Rookie of the Year (2003)",
        "NL wins leader (2005)"
    ],
    "stats": {
        "Win\u2013loss record": "72\u201369",
        "Earned run average": "4.17",
        "Strikeouts": "896"
    },
    "birth_date": "1982-1-12"
}