{
    "name": "Dorothy Kamenshek",
    "team": "All-American Girls Professional Baseball League",
    "position": "First base",
    "bats": "Left",
    "throws": "Left",
    "birth_place": "Norwood, Ohio, US",
    "death_date": "2010",
    "death_place": "Palm Desert, California, US",
    "teams": [
        "Rockford Peaches (1943\u20131951, 1953)"
    ],
    "highlights": [
        "Seven-time All-Star Team (1943, 1946\u20131951)",
        "Two-time batting champion (1946\u20131947)",
        "All-time leader in hits and total bases",
        "Women in Baseball \u2013 AAGPBL Permanent Display at Baseball Hall of Fame and Museum (1988)",
        "http://www.eteamz.com/hallfame/ National Women's Baseball Hall of Fame Induction (2010)"
    ],
    "birth_date": "1925-12-21"
}