{
    "name": "Doug Davis",
    "position": "Pitcher",
    "birth_place": "Sacramento, California, U.S.",
    "bats": "Right",
    "throws": "Left |debutleague = MLB",
    "debutdate": "August 9",
    "debutyear": "1999",
    "debutteam": "Texas Rangers |finalleague = MLB |finaldate=June 28 |finalyear=2011 |finalteam=Chicago Cubs |statleague = MLB",
    "teams": [
        "Texas Rangers (1999\u20132003)",
        "Toronto Blue Jays (2003)",
        "Milwaukee Brewers (2003\u20132006)",
        "Arizona Diamondbacks (2007\u20132009)",
        "Milwaukee Brewers (2010)",
        "Chicago Cubs (2011)"
    ],
    "stats": {
        "Win\u2013loss record": "92\u2013108",
        "Earned run average": "4.44",
        "Strikeouts": "1,279"
    },
    "birth_date": "1975-9-21"
}