{
    "name": "Doug Brocail",
    "position": "Pitcher",
    "bats": "Left",
    "throws": "Right",
    "birth_place": "Clearfield, Pennsylvania, U.S. |debutleague = MLB",
    "debutdate": "September 8",
    "debutyear": "1992",
    "debutteam": "San Diego Padres |finalleague = MLB",
    "finaldate": "October 2",
    "finalyear": "2009",
    "finalteam": "Houston Astros |statleague = MLB",
    "teams": [
        "San Diego Padres (1992\u20131994)",
        "Houston Astros (1995\u20131996)",
        "Detroit Tigers (1997\u20132000)",
        "Texas Rangers (2004\u20132005)",
        "San Diego Padres (2006\u20132007)",
        "Houston Astros (2008\u20132009)"
    ],
    "stats": {
        "Win\u2013loss record": "52\u201348",
        "Earned run average": "4.00",
        "Strikeouts": "642"
    },
    "birth_date": "1967-5-16"
}