{
    "number": "88",
    "name": "Doug Eddings",
    "birth_place": "Las Cruces, New Mexico, U.S.",
    "debutleague": "MLB",
    "debutyear": "August 16, 1998",
    "umpirecrew": "2",
    "crewchief": "#26 Bill Miller",
    "crew2": "#88 Doug Eddings",
    "crew3": "#62 Chad Whitson",
    "crew4": "#44 Malachi Moore",
    "highlights": [
        "All-Star Game (2004, 2017)",
        "Wild Card Game/Series (2014, 2020, 2022, 2023)",
        "Division Series (2000, 2002, 2018, 2019, 2020, 2021)",
        "League Championship Series (2005, 2022, (2023)",
        "World Series (2019)",
        "World Baseball Classic (2023)"
    ],
    "birth_date": "1968-9-14"
}