{
    "name": "Doug DeCinces",
    "position": "Third baseman",
    "bats": "Right",
    "throws": "Right",
    "birth_place": "Burbank, California, U.S. |debutleague = MLB",
    "debutdate": "September 9",
    "debutyear": "1973",
    "debutteam": "Baltimore Orioles |finalleague = MLB",
    "finaldate": "October 4",
    "finalyear": "1987",
    "finalteam": "St. Louis Cardinals |debut2league = NPB |debut2date=April 8 |debut2year=1988 |debut2team=Yakult Swallows |final2league = NPB |final2date=August 23 |final2year=1988 |final2team=Yakult Swallows |statleague = MLB",
    "teams": [
        "Baltimore Orioles (1973\u20131981)",
        "California Angels (1982\u20131987)",
        "St. Louis Cardinals (1987)",
        "Yakult Swallows (1988)"
    ],
    "highlights": [
        "All-Star (1983)",
        "Silver Slugger Award (1982)",
        "Baltimore Orioles Hall of Fame"
    ],
    "stats": {
        "Batting average": ".259",
        "Home runs": "237",
        "Runs batted in": "879 |stat2league = NPB |stat21label=Batting average |stat21value=.244 |stat22label=Home runs |stat22value=19 |stat23label=Runs batted in |stat23value=44"
    },
    "birth_date": "1950-8-29"
}