{
    "name": "Doug Waechter",
    "position": "Pitcher",
    "birth_place": "St. Petersburg, Florida, U.S.",
    "bats": "Right",
    "throws": "Right |debutleague = MLB",
    "debutdate": "August 27",
    "debutyear": "2003",
    "debutteam": "Tampa Bay Devil Rays |finalleague = MLB",
    "finaldate": "August 11",
    "finalyear": "2009",
    "finalteam": "Kansas City Royals |statleague = MLB",
    "teams": [
        "Tampa Bay Devil Rays (2003\u20132006)",
        "Florida Marlins (2008)",
        "Kansas City Royals (2009)"
    ],
    "stats": {
        "Win\u2013loss record": "18\u201327",
        "Earned run average": "5.34",
        "Strikeouts": "226"
    },
    "birth_date": "1981-1-28"
}