{
    "name": "Doyle Alexander",
    "position": "Pitcher",
    "bats": "Right",
    "throws": "Right",
    "birth_place": "Cordova, Alabama, U.S. |debutleague = MLB",
    "debutdate": "June 26",
    "debutyear": "1971",
    "debutteam": "Los Angeles Dodgers |finalleague = MLB",
    "finaldate": "September 27",
    "finalyear": "1989",
    "finalteam": "Detroit Tigers |statleague = MLB",
    "teams": [
        "Los Angeles Dodgers (1971)",
        "Baltimore Orioles (1972\u20131976)",
        "New York Yankees (1976)",
        "Texas Rangers (1977\u20131979)",
        "Atlanta Braves (1980)",
        "San Francisco Giants (1981)",
        "New York Yankees (1982\u20131983)",
        "Toronto Blue Jays (1983\u20131986)",
        "Atlanta Braves (1986\u20131987)",
        "Detroit Tigers (1987\u20131989)"
    ],
    "highlights": [
        "All-Star (1988)"
    ],
    "stats": {
        "Win\u2013loss record": "194\u2013174",
        "Earned run average": "3.76",
        "Strikeouts": "1,528"
    },
    "birth_date": "1950-9-4"
}