{
    "name": "Drew Meyer",
    "position": "Second baseman",
    "birth_place": "Charleston, South Carolina",
    "bats": "Left",
    "throws": "Right",
    "debutleague": "MLB",
    "debutdate": "April 21",
    "debutyear": "2006",
    "debutteam": "Texas Rangers",
    "finalleague": "MLB",
    "finaldate": "May 9",
    "finalyear": "2006",
    "finalteam": "Texas Rangers",
    "teams": [
        "Texas Rangers (2006)"
    ],
    "MLB": {
        "Batting average": ".214",
        "Home runs": "0",
        "Runs batted in": "0"
    },
    "birth_date": "1981-8-29"
}