{
    "debut2league": "KBO",
    "debut2date": "April 2",
    "debut2year": "2011",
    "debut2team": "Doosan Bears",
    "finalleague": "MLB",
    "finalteam": "Texas Rangers",
    "finaldate": "July 19",
    "finalyear": "2010",
    "final2league": "KBO",
    "final2team": "KT Wiz",
    "final2year": [
        "Arizona Diamondbacks (2005\u20132007)",
        "Texas Rangers (2008\u20132010)",
        "Doosan Bears (2011\u20132017)",
        "KT Wiz (2018) |awards=",
        "KBO MVP (2016)",
        "1x KBO ERA Leader (2016)",
        "1x KBO Wins Leader (2016)",
        "1x KBO Golden Gloves Award (2016)",
        "2x Korean Series champion (2015, 2016) |"
    ]
}