{
    "name": "Dustin McGowan",
    "position": "Pitcher",
    "bats": "Right",
    "throws": "Right",
    "birth_place": "Savannah, Georgia, U.S.",
    "debutleague": "MLB",
    "debutdate": "July 30",
    "debutyear": "2005",
    "debutteam": "Toronto Blue Jays",
    "finalleague": "MLB",
    "finaldate": "October 1",
    "finalyear": "2017",
    "finalteam": "Miami Marlins",
    "teams": [
        "Toronto Blue Jays (2005\u20132008, 2011, 2013\u20132014)",
        "Philadelphia Phillies (2015)",
        "Miami Marlins (2016\u20132017)"
    ],
    "stats": {
        "Win\u2013loss record": "35\u201334",
        "Earned run average": "4.50",
        "Strikeouts": "540"
    },
    "birth_date": "1982-3-24"
}