{
    "name": "Dusty Bergman",
    "position": "Relief pitcher",
    "birth_place": "Carson City, Nevada",
    "bats": "Left",
    "throws": "Left |debutleague = MLB",
    "debutdate": "June 9",
    "debutyear": "2004",
    "debutteam": "Anaheim Angels",
    "finalleague": "MLB",
    "finaldate": "June 9",
    "finalyear": "2004",
    "finalteam": "Anaheim Angels |statleague = MLB",
    "teams": [
        "Anaheim Angels (2004)"
    ],
    "stats": {
        "Win\u2013loss record": "0\u20130",
        "Earned run average": "13.50",
        "Strikeouts": "1"
    },
    "birth_date": "1978-2-1"
}