{
    "name": "Earl Averill",
    "position": "Center fielder",
    "bats": "Left",
    "throws": "Right",
    "birth_place": "Snohomish, Washington, U.S.",
    "death_date": "1983",
    "death_place": "Everett, Washington, U.S. |debutleague = MLB",
    "debutdate": "April 16",
    "debutyear": "1929",
    "debutteam": "Cleveland Indians |finalleague = MLB",
    "finaldate": "April 25",
    "finalyear": "1941",
    "finalteam": "Boston Braves |statleague = MLB",
    "teams": [
        "Cleveland Indians (1929\u20131939)",
        "Detroit Tigers (1939\u20131940)",
        "Boston Braves (1941)"
    ],
    "highlights": [
        "6\u00d7 All-Star (1933\u20131938)",
        "Cleveland Guardians No. 3 retired",
        "Cleveland Guardians Hall of Fame |hoflink = National Baseball Hall of Fame and Museum |hoftype = National |hofdate=1975 |hofmethod=Veterans Committee"
    ],
    "stats": {
        "Batting average": ".318",
        "Hits": "2,019",
        "Home runs": "238",
        "Runs batted in": "1,164"
    },
    "birth_date": "1902-5-21"
}