{
    "name": "Ed Brinkman",
    "position": "Shortstop",
    "bats": "Right",
    "throws": "Right",
    "birth_place": "Cincinnati, Ohio, U.S.",
    "death_date": "2008",
    "death_place": "Cincinnati, Ohio, U.S. |debutleague = MLB",
    "debutdate": "September 6",
    "debutyear": "1961",
    "debutteam": "Washington Senators |finalleague = MLB",
    "finaldate": "September 28",
    "finalyear": "1975",
    "finalteam": "New York Yankees |statleague = MLB",
    "teams": [
        "Washington Senators (1961\u20131970)",
        "Detroit Tigers (1971\u20131974)",
        "St. Louis Cardinals (1975)",
        "Texas Rangers (1975)",
        "New York Yankees (1975)"
    ],
    "highlights": [
        "All-Star (1973)",
        "Gold Glove Award (1972)"
    ],
    "stats": {
        "Batting average": ".224",
        "Home runs": "60",
        "Runs batted in": "461"
    },
    "birth_date": "1941-12-8"
}