{
    "name": "Ed Jurak",
    "position": "Utility infielder",
    "birth_place": "Los Angeles",
    "bats": "Right",
    "throws": "Right |debutleague = MLB",
    "debutdate": "June 30",
    "debutyear": "1982",
    "debutteam": "Boston Red Sox |finalleague = MLB",
    "finaldate": "June 26",
    "finalyear": "1989",
    "finalteam": "San Francisco Giants |statleague = MLB",
    "teams": [
        "Boston Red Sox (1982\u20131985)",
        "Oakland Athletics (1988)",
        "San Francisco Giants (1989)"
    ],
    "stats": {
        "Batting average": ".265",
        "On-base percentage": ".346",
        "Slugging percentage": ".344"
    },
    "birth_date": "1957-10-24"
}