{
    "name": "Ed McKean",
    "position": "Shortstop",
    "birth_place": "Grafton, Ohio",
    "death_date": "1919",
    "death_place": "Cleveland, Ohio",
    "bats": "Right",
    "throws": "Right |debutleague = MLB",
    "debutdate": "April 16",
    "debutyear": "1887",
    "debutteam": "Cleveland Blues |finalleague = MLB",
    "finaldate": "July 27",
    "finalyear": "1899",
    "finalteam": "St. Louis Perfectos |statleague = MLB",
    "teams": [
        "Cleveland Blues/Spiders (1887\u20131898)",
        "St. Louis Perfectos (1899)"
    ],
    "stats": {
        "Batting average": ".302",
        "Hits": "2,084",
        "Home runs": "67",
        "Runs batted in": "1,124"
    },
    "birth_date": "1864-06-06"
}