{
    "name": "Ed Rakow",
    "position": "Pitcher",
    "birth_place": "Pittsburgh, Pennsylvania, U.S.",
    "death_date": "2000",
    "death_place": "West Palm Beach, Florida, U.S.",
    "bats": "Switch",
    "throws": "Right |debutleague = MLB",
    "debutdate": "April 22",
    "debutyear": "1960",
    "debutteam": "Los Angeles Dodgers |finalleague = MLB",
    "finaldate": "September 28",
    "finalyear": "1967",
    "finalteam": "Atlanta Braves |statleague = MLB",
    "teams": [
        "Los Angeles Dodgers (1960)",
        "Kansas City Athletics (1961\u20131963)",
        "Detroit Tigers (1964\u20131965)",
        "Atlanta Braves (1967)"
    ],
    "stats": {
        "Win\u2013loss record": "36\u201347",
        "Earned run average": "4.33",
        "Strikeouts": "484"
    },
    "birth_date": "1935-5-30"
}