{
    "name": "Ed Vosberg",
    "position": "Pitcher",
    "birth_place": "Tucson, Arizona, U.S.",
    "bats": "Left",
    "throws": "Left |debutleague = MLB",
    "debutdate": "September 17",
    "debutyear": "1986",
    "debutteam": "San Diego Padres |finalleague = MLB",
    "finaldate": "April 10",
    "finalyear": "2002",
    "finalteam": "Montreal Expos |statleague = MLB",
    "teams": [
        "San Diego Padres (1986)",
        "San Francisco Giants (1990)",
        "Oakland Athletics (1994)",
        "Texas Rangers (1995\u20131997)",
        "Florida Marlins (1997)",
        "San Diego Padres (1999)",
        "Arizona Diamondbacks (1999)",
        "Philadelphia Phillies (2000\u20132001)",
        "Montreal Expos (2002)"
    ],
    "awards": [
        "World Series champion (1997) |medaltemplates= Men's baseball  the USA  World Games  1981 Santa Clara Baseball World Cup  2001 Taipei"
    ],
    "stats": {
        "Win\u2013loss record": "10\u201315",
        "Earned run average": "4.32",
        "Strikeouts": "179"
    },
    "birth_date": "1961-9-28"
}