{
    "name": "Ed Vande Berg",
    "position": "Pitcher",
    "birth_place": "Redlands, California, U.S.",
    "bats": "Right",
    "throws": "Left |debutleague = MLB",
    "debutdate": "April 7",
    "debutyear": "1982",
    "debutteam": "Seattle Mariners |finalleague = MLB",
    "finaldate": "September 30",
    "finalyear": "1988",
    "finalteam": "Texas Rangers |statleague = MLB",
    "teams": [
        "Seattle Mariners (1982\u20131985)",
        "Los Angeles Dodgers (1986)",
        "Cleveland Indians (1987)",
        "Texas Rangers (1988) |medaltemplates= Men's baseball Country Amateur World Series 1978 Italy"
    ],
    "stats": {
        "Win\u2013loss record": "25\u201328",
        "Earned run average": "3.92",
        "Strikeouts": "314"
    },
    "birth_date": "1958-10-26"
}