{
    "name": "Eddie Haas",
    "position": "Outfielder",
    "birth_place": "Paducah, Kentucky, U.S.",
    "bats": "Left",
    "throws": "Right |debutleague = MLB",
    "debutdate": "September 8",
    "debutyear": "1957",
    "debutteam": "Chicago Cubs |finalleague = MLB",
    "finaldate": "October 1",
    "finalyear": "1960",
    "finalteam": "Milwaukee Braves",
    "statyear": "|statleague = MLB",
    "teams": [
        "Chicago Cubs (1957)",
        "Milwaukee Braves (1958, 1960) ;As manager",
        "Atlanta Braves (1985)"
    ],
    "stats": {
        "Batting average": ".243",
        "Hits": "17",
        "Runs batted in": "10"
    },
    "birth_date": "1935-5-26"
}