{
    "name": "Eddie Dyer",
    "position": "Pitcher / Manager",
    "birth_place": "Morgan City, Louisiana, U.S.",
    "death_date": "1964",
    "death_place": "Houston, Texas, U.S.",
    "bats": "Left",
    "throws": "Left  |debutleague = MLB",
    "debutdate": "July 8",
    "debutyear": "1922",
    "debutteam": "St. Louis Cardinals |finalleague = MLB",
    "finaldate": "April 12",
    "finalyear": "1927",
    "finalteam": "St. Louis Cardinals |statleague = MLB",
    "teams": [
        "St. Louis Cardinals (1922\u20131927) '''As manager'''",
        "St. Louis Cardinals (1946\u20131950)"
    ],
    "highlights": [
        "World Series champion (1946)"
    ],
    "stats": {
        "Win\u2013loss record": "15\u201315",
        "Earned run average": "4.75",
        "Strikeouts": "63",
        "Managerial record": "446\u2013325",
        "Winning %": ".578"
    },
    "birth_date": "1899-10-11"
}