{
    "name": "Eddie Gaedel",
    "position": "Pinch hitter",
    "bats": "Right",
    "throws": "Left",
    "birth_place": "Chicago, Illinois, U.S.",
    "death_date": "1961",
    "death_place": "Chicago, Illinois, U.S. |debutleague = MLB",
    "debutdate": "August 19",
    "debutyear": "1951",
    "debutteam": "St. Louis Browns |finalleague = MLB",
    "finaldate": "August 19",
    "finalyear": "1951",
    "finalteam": "St. Louis Browns |statleague = MLB",
    "teams": [
        "St. Louis Browns (1951)"
    ],
    "highlights": [
        "Shortest player in Major League Baseball history"
    ],
    "stats": {
        "On-base percentage": "1.000",
        "Batting average": "\u2013",
        "Plate appearances": "1",
        "Base on balls": "1"
    },
    "birth_date": "1925-6-8"
}