{
    "name": "Eddie Waitkus",
    "position": "First baseman",
    "bats": "Left",
    "throws": "Left",
    "birth_place": "Cambridge, Massachusetts, U.S.",
    "death_date": "1972",
    "death_place": "Jamaica Plain, Massachusetts, U.S.",
    "debutleague": "MLB",
    "debutdate": "April 15",
    "debutyear": "1941",
    "debutteam": "Chicago Cubs",
    "finalleague": "MLB",
    "finaldate": "September 20",
    "finalyear": "1955",
    "finalteam": "Philadelphia Phillies",
    "teams": [
        "Chicago Cubs (1941, 1946\u20131948)",
        "Philadelphia Phillies (1949\u20131953)",
        "Baltimore Orioles (1954\u20131955)",
        "Philadelphia Phillies (1955)"
    ],
    "highlights": [
        "2\u00d7 All-Star (1948, 1949)"
    ],
    "MLB": {
        "Batting average": ".285",
        "Home runs": "24",
        "Runs batted in": "373"
    },
    "birth_date": "1919-9-4"
}