{
    "name": "Edward Mujica",
    "position": "Pitcher",
    "birth_place": "Valencia, Carabobo, Venezuela",
    "bats": "Right",
    "throws": "Right",
    "debutleague": "MLB",
    "debutdate": "June 21",
    "debutyear": "2006",
    "debutteam": "Cleveland Indians",
    "finalleague": "MLB",
    "finaldate": "August 12",
    "finalyear": "2017",
    "finalteam": "Detroit Tigers",
    "teams": [
        "Cleveland Indians (2006\u20132008)",
        "San Diego Padres (2009\u20132010)",
        "Florida / Miami Marlins (2011\u20132012)",
        "St. Louis Cardinals (2012\u20132013)",
        "Boston Red Sox (2014\u20132015)",
        "Oakland Athletics (2015)",
        "Detroit Tigers (2017) |awards =",
        "All-Star (2013)"
    ],
    "MLB": {
        "Win\u2013loss record": "24\u201328",
        "Earned run average": "3.92",
        "Strikeouts": "430",
        "Saves": "50"
    },
    "birth_date": "1984-5-10"
}