{
    "name": "Edwin Encarnaci\u00f3n",
    "position": "Designated hitter / Third baseman / First baseman",
    "birth_place": "La Romana, Dominican Republic",
    "bats": "Right",
    "throws": "Right",
    "debutleague": "MLB",
    "debutdate": "June 24",
    "debutyear": "2005",
    "debutteam": "Cincinnati Reds",
    "finalleague": "MLB",
    "finaldate": "September 27",
    "finalyear": "2020",
    "finalteam": "Chicago White Sox",
    "teams": [
        "Cincinnati Reds (2005\u20132009)",
        "Toronto Blue Jays (2009\u20132016)",
        "Cleveland Indians (2017\u20132018)",
        "Seattle Mariners (2019)",
        "New York Yankees (2019)",
        "Chicago White Sox (2020)"
    ],
    "awards": [
        "3\u00d7 All-Star (2013, 2014, 2016)",
        "AL RBI leader (2016) |show-medals=no |medaltemplates= Men's baseball bb World Baseball Classic 2013 San Francisco"
    ],
    "MLB": {
        "Batting average": ".260",
        "Home runs": "424",
        "Runs batted in": "1,261"
    },
    "birth_date": "1983-1-7"
}