{
    "name": "Effa Manley",
    "birth_place": "Philadelphia, Pennsylvania, U.S.",
    "death_date": "1981",
    "death_place": "Los Angeles, California, U.S.",
    "occupation": "Owner of the Newark Eagles of the Negro leagues",
    "spouse": [],
    "{{marriage|George Bush|1920||reason": "divorced",
    "{{marriage|[[Abe Manley|Abraham Lincoln Manley]]|1933|1952|reason": "died",
    "{{marriage|Henry Moton Clinton|1953|1954|reason": "divorced",
    "{{marriage|Charles Wesley Alexander|1956|1957|reason": "divorced ",
    "highlights": [
        "Negro World Series champion (1946)"
    ],
    "embed": "yes",
    "hoflink": "National Baseball Hall of Fame",
    "hoftype": "National",
    "hofdate": "2006",
    "hofmethod": "Committee on African-American Baseball  ",
    "birth_date": "1897-3-27"
}