{
    "name": "Eiji Sawamura",
    "position": "Pitcher",
    "birth_place": "Ujiyamada, Mie Prefecture, Japanese Empire",
    "death_date": "1944",
    "death_place": "SS ''Hawaii Maru'', Pacific Ocean, off Yakushima, Japanese Empire",
    "debutleague": "Japanese Baseball League",
    "debutdate": "July 1",
    "debutyear": "1936",
    "debutteam": "Tokyo Kyojin",
    "finaldate": "October 24",
    "finalyear": "1943",
    "finalteam": "Tokyo Kyojin",
    "teams": [
        "Tokyo Kyojin (1936\u20131937, 1940\u20131941, 1943)"
    ],
    "highlights": [
        "4\u00d7 Japanese Baseball League Champion (1936 Fall), (1940), (1941), (1943)",
        "Japanese Triple Crown (1937 Spring)",
        "Japanese Baseball League MVP (1937 Spring)",
        "Pitched three no-hitters",
        "Yomiuri Giants #14 retired"
    ],
    "hoflink": "Japanese Baseball Hall of Fame",
    "hoftype": "Japanese",
    "hofdate": "1959 ",
    "NPB": {
        "Win\u2013loss": "63-22",
        "ERA": "1.74",
        "Strikeouts": "554"
    },
    "birth_date": "1917-2-1"
}