{
    "name": "Eileen Burmeister",
    "team": "All-American Girls Professional Baseball League",
    "position": "Utility Player",
    "birth_place": "Milwaukee, Wisconsin",
    "death_date": "1990",
    "death_place": "Fall River, Wisconsin",
    "bats": "Left",
    "throws": "Left",
    "teams": [
        "Rockford Peaches (1943\u20131944)"
    ],
    "highlights": [
        "Women in Baseball \u2013 AAGPBL Permanent Display at Baseball Hall of Fame and Museum (1988)"
    ],
    "birth_date": "1924-11-30"
}