{
    "name": "El Potro \u00c1lvarez",
    "birth_name": "Antonio Enrique \u00c1lvarez Cisneros",
    "birth_place": "Caracas, Venezuela",
    "nationality": "Venezuelan",
    "other_names": "El Potro",
    "occupation": [
        "Musician",
        "singer",
        "politician"
    ],
    "years_active": "2009\u2013present",
    "spouse": [
        "marriage",
        "Mari\u00e1ngel Ruiz",
        "Dayana Colmenares"
    ],
    "children": "2",
    "embed": "yes",
    "position": "Outfielder",
    "bats": "Right",
    "throws": "Right",
    "debutleague": "MLB",
    "debutdate": "September 4",
    "debutyear": "2002",
    "debutteam": "Pittsburgh Pirates |finalleague = MLB",
    "finaldate": "October 3",
    "finalyear": "2004",
    "finalteam": "Pittsburgh Pirates |statleague = MLB",
    "teams": [
        "Pittsburgh Pirates (2002, 2004)",
        "Brother Elephants (2007)"
    ],
    "module2": "embed = y",
    "party": "United Socialist Party of Venezuela",
    "office": "Minister of Youth and Sports of Venezuela",
    "term_start": "September 2, 2014",
    "term_end": "April 28, 2015",
    "president": "Nicol\u00e1s Maduro",
    "stats": {
        "Batting average": ".250",
        "Home runs": "2",
        "Runs batted in": "10",
        "On-base percentage": ".324",
        "Games played": "38"
    },
    "birth_date": "1979-05-9"
}