{
    "name": "Eli Whiteside",
    "position": "Catcher / Bullpen Catcher",
    "birth_place": "New Albany, Mississippi, U.S.",
    "bats": "Right",
    "throws": "Right",
    "debutleague": "MLB",
    "debutdate": "July 5",
    "debutyear": "2005",
    "debutteam": "Baltimore Orioles",
    "finalleague": "MLB",
    "finaldate": "June 21",
    "finalyear": "2014",
    "finalteam": "Chicago Cubs",
    "teams": [
        "Baltimore Orioles (2005)",
        "San Francisco Giants (2009\u20132012)",
        "Texas Rangers (2013)",
        "Chicago Cubs (2014) '''As coach'''",
        "San Francisco Giants (2015\u2013present) |highlights=",
        "World Series champion (2010)"
    ],
    "MLB": {
        "Batting average": ".210",
        "Home runs": "10",
        "Runs batted in": "45"
    },
    "birth_date": "1979-10-22"
}