{
    "name": "Elmer Sexauer",
    "position": "Pitcher",
    "birth_place": "St. Louis County, Missouri",
    "death_date": "2011",
    "death_place": "Atlanta",
    "bats": "Right",
    "throws": "Right |debutleague = MLB",
    "debutdate": "September 6",
    "debutyear": "1948",
    "debutteam": "Brooklyn Dodgers |finalleague = MLB",
    "finaldate": "September 12",
    "finalyear": "1948",
    "finalteam": "Brooklyn Dodgers |statleague = MLB",
    "teams": [
        "Brooklyn Dodgers (1948)"
    ],
    "stats": {
        "Win\u2013loss record": "0\u20130",
        "Earned run average": "13.50",
        "Strikeouts": "0"
    }
}