{
    "position": "Umpire",
    "name": "Emmett Ashford |birth_date   = birth_place  = Los Angeles, California, U.S. |death_date   = 1980 |death_place  = Marina del Rey, California, U.",
    "width": "180",
    "debutyear": "April 11, 1966",
    "debutleague": "MLB",
    "finalyear": "October 15, 1970",
    "finalleague": "MLB",
    "highlights": [
        "First African\u2013American Umpire in MLB Special Assignments",
        "All-Star Game (1967)",
        "World Series (1970)"
    ],
    "hofmethod": "|module       = branch       = United States Navy |serviceyears = 1943\u20131946 |rank         =  |unit         =  |battles      = World War II |awards       = "
}