{
    "name": "Enos Cabell",
    "position": "Third baseman / First baseman",
    "bats": "Right",
    "throws": "Right",
    "birth_place": "Fort Riley, Kansas, U.S. |debutleague = MLB",
    "debutdate": "September 17",
    "debutyear": "1972",
    "debutteam": "Baltimore Orioles |finalleague = MLB",
    "finaldate": "September 29",
    "finalyear": "1986",
    "finalteam": "Los Angeles Dodgers |statleague = MLB",
    "teams": [
        "Baltimore Orioles (1972\u20131974)",
        "Houston Astros (1975\u20131980)",
        "San Francisco Giants (1981)",
        "Detroit Tigers (1982\u20131983)",
        "Houston Astros (1984\u20131985)",
        "Los Angeles Dodgers (1985\u20131986)"
    ],
    "stats": {
        "Batting average": ".277",
        "Home runs": "60",
        "Runs batted in": "596"
    },
    "birth_date": "1949-10-8"
}