{
    "debutdate": "May 28",
    "debutyear": "2006",
    "debutteam": "Arizona Diamondbacks |debut2league=NPB",
    "debut2date": "March 31",
    "debut2year": "2012",
    "debut2team": "Saitama Seibu Lions |finalleague=MLB",
    "finaldate": "June 8",
    "finalyear": "2011",
    "finalteam": "Detroit Tigers |final2league=NPB",
    "final2date": "August 4",
    "final2year": "2012",
    "final2team": "Saitama Seibu Lions |statleague=MLB",
    "stats": {
        "Win\u2013loss record": "4\u20138",
        "Earned run average": "5.81",
        "Strikeouts": "84 |stat2league=NPB"
    },
    "stats2": {
        "Win\u2013loss record": "3\u20133",
        "Earned run average": "7.04",
        "Strikeouts": [
            "Arizona Diamondbacks (2006\u20132007)",
            "San Diego Padres (2008)",
            "Boston Red Sox (2009)",
            "Detroit Tigers (2010\u20132011)",
            "Saitama Seibu Lions (2012)"
        ]
    }
}