{
    "name": "Eric Reed",
    "position": "Center fielder",
    "birth_place": "Little Rock, Arkansas",
    "bats": "Left",
    "throws": "Left |debutleague = MLB",
    "debutdate": "April 3",
    "debutyear": "2006",
    "debutteam": "Florida Marlins |finalleague = MLB",
    "finaldate": "July 18",
    "finalyear": "2007",
    "finalteam": "Florida Marlins |statleague = MLB",
    "teams": [
        "Florida Marlins (2006\u20132007)"
    ],
    "stats": {
        "Batting average": ".098",
        "Home runs": "0",
        "Runs batted in": "0"
    },
    "birth_date": "1980-12-2"
}