{
    "name": "Eric Chavez",
    "width": "250",
    "team": "New York Mets",
    "number": "61",
    "position": "Third baseman / Hitting coach",
    "birth_place": "Los Angeles, California, U.S.",
    "bats": "Left",
    "throws": "Right |debutleague = MLB",
    "debutdate": "September 8",
    "debutyear": "1998",
    "debutteam": "Oakland Athletics |finalleague = MLB",
    "finaldate": "June 8",
    "finalyear": "2014",
    "finalteam": "Arizona Diamondbacks |statleague = MLB",
    "teams": [
        "Oakland Athletics (1998\u20132010)",
        "New York Yankees (2011\u20132012)",
        "Arizona Diamondbacks (2013\u20132014) ;As coach",
        "New York Mets (2022&ndash;present)"
    ],
    "awards": [
        "6\u00d7 Gold Glove Award (2001\u20132006)",
        "Silver Slugger Award (2002)",
        "Athletics Hall of Fame"
    ],
    "stats": {
        "Batting average": ".268",
        "Home runs": "260",
        "Runs batted in": "902"
    },
    "birth_date": "1977-12-7"
}