{
    "name": "Eric Gunderson",
    "position": "Relief pitcher",
    "birth_place": "Portland, Oregon, U.S.",
    "bats": "Right",
    "throws": "Left |debutleague = MLB",
    "debutdate": "April 11",
    "debutyear": "1990",
    "debutteam": "San Francisco Giants |finalleague = MLB",
    "finaldate": "May 17",
    "finalyear": "2000",
    "finalteam": "Toronto Blue Jays |statleague = MLB",
    "teams": [
        "San Francisco Giants (1990\u20131991)",
        "Seattle Mariners (1992)",
        "New York Mets (1994\u20131995)",
        "Boston Red Sox (1995\u20131996)",
        "Texas Rangers (1997\u20131999)",
        "Toronto Blue Jays (2000)"
    ],
    "stats": {
        "Win\u2013loss record": "8\u201311",
        "Earned run average": "4.95",
        "Strikeouts": "137"
    },
    "birth_date": "1966-3-29"
}