{
    "name": "Eric Hinske",
    "position": "Third baseman / Outfielder / First baseman",
    "birth_place": "Menasha, Wisconsin, U.S.",
    "bats": "Left",
    "throws": "Right |debutleague = MLB",
    "debutdate": "April 1",
    "debutyear": "2002",
    "debutteam": "Toronto Blue Jays |finalleague = MLB",
    "finaldate": "June 27",
    "finalyear": "2013",
    "finalteam": "Arizona Diamondbacks |statleague = MLB",
    "teams": [
        "Toronto Blue Jays (2002\u20132006)",
        "Boston Red Sox (2006\u20132007)",
        "Tampa Bay Rays (2008)",
        "Pittsburgh Pirates (2009)",
        "New York Yankees (2009)",
        "Atlanta Braves (2010\u20132012)",
        "Arizona Diamondbacks (2013) '''As coach'''",
        "Chicago Cubs (2014\u20132017)",
        "Los Angeles Angels (2018)",
        "Arizona Diamondbacks (2019\u20132021)",
        "New York Mets (2023) |awards     =",
        "3\u00d7 World Series champion (2007, 2009, 2016)",
        "AL Rookie of the Year (2002)"
    ],
    "stats": {
        "Batting average": ".249",
        "Home runs": "137",
        "Runs batted in": "522"
    },
    "birth_date": "1977-8-5"
}