{
    "name": "Eric Milton",
    "position": "Pitcher",
    "bats": "Left",
    "throws": "Left",
    "birth_place": "State College, Pennsylvania, U.S. |debutleague = MLB",
    "debutdate": "April 5",
    "debutyear": "1998",
    "debutteam": "Minnesota Twins |finalleague = MLB",
    "finaldate": "June 27",
    "finalyear": "2009",
    "finalteam": "Los Angeles Dodgers |statleague = MLB",
    "teams": [
        "Minnesota Twins (1998\u20132003)",
        "Philadelphia Phillies (2004)",
        "Cincinnati Reds (2005\u20132007)",
        "Los Angeles Dodgers (2009) |highlights=",
        "All-Star (2001)",
        "Pitched no-hitter on September 11, 1999"
    ],
    "stats": {
        "Win\u2013loss record": "89\u201385",
        "Earned run average": "4.99",
        "Strikeouts": "1,127"
    },
    "birth_date": "1975-8-4"
}