{
    "name": "Eric Weaver",
    "position": "Pitcher",
    "birth_place": "Springfield, Illinois",
    "bats": "Right",
    "throws": "Right |debutleague = MLB",
    "debutdate": "May 30",
    "debutyear": "1998",
    "debutteam": "Los Angeles Dodgers |finalleague = MLB",
    "finaldate": "August 17",
    "finalyear": "2000",
    "finalteam": "Anaheim Angels |statleague = MLB",
    "teams": [
        "Los Angeles Dodgers (1998)",
        "Seattle Mariners (1999)",
        "Anaheim Angels (2000)"
    ],
    "stats": {
        "Win\u2013loss record": "2-3",
        "Earned run average": "6.27",
        "Strikeouts": "27"
    },
    "birth_date": "1973-8-4"
}