{
    "name": "Eric Byrnes",
    "position": "Outfielder",
    "birth_place": "Redwood City, California, U.S.",
    "bats": "Right",
    "throws": "Right |debutleague = MLB",
    "debutdate": "August 22",
    "debutyear": "2000",
    "debutteam": "Oakland Athletics |finalleague = MLB",
    "finaldate": "May 2",
    "finalyear": "2010",
    "finalteam": "Seattle Mariners |statleague = MLB",
    "teams": [
        "Oakland Athletics (2000\u20132005)",
        "Colorado Rockies (2005)",
        "Baltimore Orioles (2005)",
        "Arizona Diamondbacks (2006\u20132009)",
        "Seattle Mariners (2010)"
    ],
    "stats": {
        "Batting average": ".258",
        "Home runs": "109",
        "Runs batted in": "396"
    },
    "birth_date": "1976-2-16"
}