{
    "name": "Erick Aybar",
    "position": "Shortstop",
    "birth_place": "Ban\u00ed, Dominican Republic",
    "bats": "Switch",
    "throws": "Right",
    "debutleague": "MLB",
    "debutdate": "May 16",
    "debutyear": "2006",
    "debutteam": "Los Angeles Angels of Anaheim",
    "finalleague": "MLB",
    "finaldate": "October 1",
    "finalyear": "2017",
    "finalteam": "San Diego Padres",
    "teams": [
        "Los Angeles Angels of Anaheim (2006\u20132015)",
        "Atlanta Braves (2016)",
        "Detroit Tigers (2016)",
        "San Diego Padres (2017)"
    ],
    "awards": [
        "All-Star (2014)",
        "Gold Glove Award (2011) |medaltemplates= Men's baseball bb World Baseball Classic 2013 San Francisco"
    ],
    "MLB": {
        "Batting average": ".271",
        "Home runs": "58",
        "Runs batted in": "473"
    },
    "birth_date": "1984-1-14"
}