{
    "name": "Ernie Quigley",
    "alma_mater": "University of Kansas",
    "coach_sport1": "Football",
    "coach_years2": "1900\u20131901",
    "coach_team2": "Warrensburg Teachers",
    "coach_years3": "1903\u20131911",
    "coach_team3": "St. Mary's (KS)",
    "coach_years4": "1918",
    "coach_team4": "Saint Louis",
    "admin_years1": "1944\u20131950",
    "admin_team1": "Kansas",
    "BASKHOF_year": "1961",
    "BASKHOF_id": "ernest-quigley",
    "number": "22",
    "width": "150",
    "debutyear": "June 25, 1913",
    "finalyear": "September 18, 1938",
    "highlights": [
        "World Series (1916, 1919, 1921, 1924, 1927, 1935)"
    ],
    "hofcolor": "#EC1C40",
    "hoflink": "Canadian Baseball Hall of Fame",
    "hoftype": "Canadian",
    "hofdate": "2021 ",
    "birth_date": "1880-3-22"
}