{
    "name": "Ernest Burke",
    "position": "Pitcher",
    "birth_place": "Havre de Grace, Maryland",
    "death_date": "2004",
    "death_place": "Baltimore, Maryland",
    "bats": "Left",
    "throws": "Right",
    "debutleague": "Negro league baseball",
    "debutyear": "1946",
    "debutteam": "Baltimore Elite Giants",
    "finalyear": "1948",
    "finalteam": "Baltimore Elite Giants",
    "teams": [
        "Baltimore Elite Giants (1946\u201348)"
    ],
    "birth_date": "1924-6-26"
}