{
    "name": "Ernie Andres",
    "position": "Third baseman",
    "birth_place": "Jeffersonville, Indiana, U.S.",
    "death_date": "2008",
    "death_place": "Bradenton, Florida, U.S.",
    "bats": "Right",
    "throws": "Right |debutleague = MLB",
    "debutdate": "April 16",
    "debutyear": "1946",
    "debutteam": "Boston Red Sox |finalleague = MLB",
    "finaldate": "May 16",
    "finalyear": "1946",
    "finalteam": "Boston Red Sox",
    "statyear": "|statleague = MLB",
    "teams": [
        "Boston Red Sox (1946) |hoflink = National Baseball Hall of Fame and Museum |hoftype = National"
    ],
    "stats": {
        "Batting average": ".098",
        "Home runs": "0",
        "Runs batted in": "1"
    }
}