{
    "name": "Ernie Nevers",
    "birth_name": "Ernest Alonzo Nevers",
    "birth_place": "Willow River, Minnesota, U.S.",
    "death_date": "1976",
    "death_place": "Greenbrae, California, U.S.",
    "embed": "yes",
    "number": "4, 11, 44",
    "position": "Pitcher",
    "height_ft": "6",
    "height_in": "0",
    "weight_lb": "204",
    "high_school": "Superior Central ,  (Superior, Wisconsin)",
    "college": "Stanford (1923\u20131925)",
    "pastteams": [
        "Duluth Eskimos (1926)",
        "Chicago Cardinals (1929)"
    ],
    "pastcoaching": [
        "Duluth Eskimos (1927) ,  Head coach",
        "Chicago Cardinals (1930) ,  Head coach",
        "Stanford (1928, 1932\u20131935) ,  Assistant coach",
        "Lafayette (1936) ,  Head coach",
        "Iowa (1937\u20131938) ,  Backfield & ends coach",
        "Chicago Cardinals (1939) ,  Head coach",
        "Chicago Rockets (1946) ,  Backfield coach"
    ],
    "statlabel1": "Rushing touchdowns",
    "statvalue1": "38",
    "statlabel2": "Points scored",
    "statvalue2": "301",
    "overall_record": "NFL: 12 ,  College: 1",
    "nfl": "ernie-nevers",
    "pfr": "N/NeveEr20",
    "pfrcoach": "NeveEr0",
    "HOF": "ernie-nevers",
    "CollegeHOF": "1391 ",
    "module2": "Infobox baseball biography",
    "bats": "Right",
    "throws": "Right",
    "debutleague": "MLB",
    "debutdate": "April 26",
    "debutyear": "1926",
    "debutteam": "St. Louis Browns",
    "finalleague": "MLB",
    "finaldate": "May 4",
    "finalyear": "1928",
    "finalteam": "St. Louis Browns",
    "teams": [
        "St. Louis Browns (1926\u20131928)"
    ],
    "MLB": {
        "Win\u2013loss record": "6\u201312",
        "ERA": "4.64",
        "Strikeouts": "39",
        "Saves": "2",
        "Batting average": ".200",
        "Hits": "12",
        "RBI": "1"
    },
    "birth_date": "1902-6-11"
}