{
    "name": "Esteban Yan",
    "position": "Pitcher",
    "birth_place": "Campi\u00f1a del Seibo, Dominican Republic",
    "bats": "Right",
    "throws": "Right |debutleague=MLB",
    "debutdate": "May 20",
    "debutyear": "1996",
    "debutteam": "Baltimore Orioles |finalleague=MLB",
    "finaldate": "July 6",
    "finalyear": "2006",
    "finalteam": "Cincinnati Reds |debut2league=NPB",
    "debut2date": "April 3",
    "debut2year": "2007",
    "debut2team": "Hanshin Tigers |final2league=NPB",
    "final2date": "August 21",
    "final2year": "2007",
    "final2team": "Hanshin Tigers |debut3league=KBO",
    "debut3date": "August 26",
    "debut3year": "2008",
    "debut3team": "SK Wyverns |final3league=KBO",
    "final3date": "October 2",
    "final3year": "2008",
    "final3team": "SK Wyverns |statleague=MLB",
    "teams": [
        "Baltimore Orioles (1996\u20131997)",
        "Tampa Bay Devil Rays (1998\u20132002)",
        "Texas Rangers (2003)",
        "St. Louis Cardinals (2003)",
        "Detroit Tigers (2004)",
        "Los Angeles Angels of Anaheim (2005\u20132006)",
        "Cincinnati Reds (2006)",
        "Hanshin Tigers (2007)",
        "SK Wyverns (2008)"
    ],
    "stats": {
        "Win\u2013loss record": "33\u201339",
        "Earned run average": "5.14",
        "Strikeouts": "553 |stat2league=NPB"
    },
    "stats2": {
        "Win\u2013loss record": "6\u20135",
        "Earned run average": "4.66",
        "Strikeouts": "52 |stat3league=KBO"
    },
    "stats3": {
        "Win\u2013loss record": "1\u20132",
        "Earned run average": "2.15",
        "Strikeouts": "17"
    },
    "birth_date": "1975-6-22"
}