{
    "width": "240",
    "name": "Evan Longoria",
    "team": "Free agent",
    "position": "Third baseman",
    "birth_place": "Downey, California, U.S.",
    "bats": "Right",
    "throws": "Right",
    "debutleague": "MLB",
    "debutdate": "April 12",
    "debutyear": "2008",
    "debutteam": "Tampa Bay Rays",
    "statyear": "2023 season",
    "teams": [
        "Tampa Bay Rays (2008\u20132017)",
        "San Francisco Giants (2018\u20132022)",
        "Arizona Diamondbacks (2023)"
    ],
    "awards": [
        "3\u00d7 All-Star (2008\u20132010)",
        "AL Rookie of the Year (2008)",
        "Silver Slugger Award (2009)",
        "3\u00d7 Gold Glove Award (2009, 2010, 2017)",
        "Fielding Bible Award (2010)",
        "Wilson Defensive Player of the Year Award (2013)",
        "Hit for the cycle on August 1, 2017 |show-medals=no |medaltemplates=  Men's baseball  Country  Baseball World Cup  2007 Tianmu"
    ],
    "MLB": {
        "Batting average": ".264",
        "Hits": "1,930",
        "Home runs": "342",
        "Runs batted in": "1,159"
    },
    "birth_date": "1985-10-7"
}