{
    "name": "F\u00e9lix Pie",
    "team": "Free agent",
    "position": "Outfielder",
    "birth_place": "La Romana, Dominican Republic",
    "bats": "Left",
    "throws": "Left",
    "debutleague": "MLB",
    "debutdate": "April 17",
    "debutyear": "2007",
    "debutteam": "Chicago Cubs",
    "debut2league": "KBO",
    "debut2date": "March 30",
    "debut2year": "2014",
    "debut2team": "Hanwha Eagles",
    "debut3league": "CPBL",
    "debut3date": "March 20",
    "debut3year": "2016",
    "debut3team": "Uni-President 7-Eleven Lions <!--| finalleague = MLB",
    "finaldate": "September 29",
    "finalyear": "2013",
    "finalteam": "Pittsburgh Pirates",
    "final2league": "KBO",
    "final2date": "October 13",
    "final2year": "2014",
    "final2team": "Hanwha Eagles",
    "final3league": "CPBL",
    "final3date": "March 27",
    "final3year": "2016",
    "final3team": "Uni-President 7-Eleven Lions -->",
    "statyear": "2013 season",
    "stat2year": "2014 season",
    "stat3year": "2016 season",
    "teams": [
        "Chicago Cubs (2007\u20132008)",
        "Baltimore Orioles (2009\u20132011)",
        "Pittsburgh Pirates (2013)",
        "Hanwha Eagles (2014)",
        "Uni-President 7-Eleven Lions (2016)"
    ],
    "highlights": [
        "Hit for the cycle on August 14, 2009"
    ],
    "MLB": {
        "Batting average": ".246",
        "Home runs": "17",
        "Runs batted in": "99"
    },
    "KBO": {
        "Batting average": ".326",
        "Home runs": "17",
        "Runs batted in": "92"
    },
    "CPBL": {
        "Batting average": ".300",
        "Home runs": "1",
        "Runs batted in": "4"
    },
    "birth_date": "1985-2-8"
}