{
    "name": "F\u00e9lix D\u00edaz",
    "position": "Pitcher",
    "birth_place": "Las Matas de Farf\u00e1n, Dominican Republic",
    "bats": "Right",
    "throws": "Right |debutleague = MLB",
    "debutdate": "May 13",
    "debutyear": "2004",
    "debutteam": "Chicago White Sox |finalleague = MLB",
    "finaldate": "September 24",
    "finalyear": "2004",
    "finalteam": "Chicago White Sox |debut2league = NPB",
    "debut2date": "March 28",
    "debut2year": "2006",
    "debut2team": "Hokkaido Nippon Ham Fighters |final2league = NPB",
    "final2date": "July 17",
    "final2year": "2006",
    "final2team": "Hokkaido Nippon Ham Fighters |debut3league = KBO",
    "debut3date": "June 15",
    "debut3year": "2008",
    "debut3team": "Kia Tigers |final3league = KBO",
    "final3date": "September 3",
    "final3year": "2008",
    "final3team": "Kia Tigers |statleague = MLB",
    "teams": [
        "Chicago White Sox (2004)",
        "Hokkaido Nippon Ham Fighters (2006)",
        "Kia Tigers (2008)"
    ],
    "stats": {
        "Win\u2013loss record": "2\u20135",
        "Earned run average": "6.75",
        "Strikeouts": "33 |stat2league = NPB"
    },
    "stats2": {
        "Win\u2013loss record": "3\u20135",
        "Earned run average": "4.91",
        "Strikeouts": "22 |stat3league = KBO"
    },
    "stats3": {
        "Win\u2013loss record": "0\u20132",
        "Earned run average": "2.98",
        "Strikeouts": "23"
    },
    "birth_date": "1980-7-27"
}