{
    "name": "F\u00e9lix Heredia",
    "position": "Pitcher",
    "birth_place": "Santa Cruz de Barahona, Dominican Republic",
    "bats": "Left",
    "throws": "Left |debutleague = MLB",
    "debutdate": "August 9",
    "debutyear": "1996",
    "debutteam": "Florida Marlins",
    "finalteam": "New York Mets",
    "finalyear": "2005 |finalleague = MLB",
    "finaldate": "April 18 |statleague = MLB",
    "formerteams": [
        "Florida Marlins (1996\u20131998)",
        "Chicago Cubs (1998\u20132001)",
        "Toronto Blue Jays (2002)",
        "Cincinnati Reds (2003)",
        "New York Yankees (2003\u20132004)",
        "New York Mets (2005)"
    ],
    "awards": [
        "World Series champion (1997)"
    ],
    "stats": {
        "Win\u2013loss record": "28\u201319",
        "Earned run average": "4.42",
        "Strikeouts": "351"
    },
    "birth_date": "1975-6-18"
}