{
    "name": "Fabio Castro",
    "position": "Pitcher",
    "bats": "Left",
    "throws": "Left",
    "birth_place": "Monte Cristi, Dominican Republic |debutleague = MLB",
    "debutdate": "April 6",
    "debutyear": "2006",
    "debutteam": "Texas Rangers |finalleague= MLB |finaldate= September 17 |finalyear= 2007 |finalteam= Philadelphia Phillies |statleague = MLB",
    "teams": [
        "Texas Rangers (2006)",
        "Philadelphia Phillies (2006\u20132007) |medaltemplates= DOM Men's Baseball Central American and Caribbean Games  2002 San Salvador"
    ],
    "stats": {
        "Win\u2013loss record": "0\u20131",
        "Earned run average": "3.30",
        "Strikeouts": "32"
    },
    "birth_date": "1985-1-20"
}