{
    "name": "Fats Jenkins",
    "position": "Outfielder",
    "birth_place": "New York, New York, U.S.",
    "death_date": "1968",
    "death_place": "Philadelphia, Pennsylvania, U.S.",
    "bats": "Left",
    "throws": "Left",
    "debutleague": "Negro league baseball",
    "debutyear": "1920",
    "debutteam": "New York Lincoln Giants",
    "finalyear": "1940",
    "finalteam": "Philadelphia Stars",
    "teams": [
        "New York Lincoln Giants (1920)",
        "Bacharach Giants (1922)",
        "Harrisburg Giants (1923\u201327)",
        "New York Lincoln Giants (1928)",
        "Philadelphia Hilldale Giants (1928)",
        "Bacharach Giants (1928\u201329)",
        "New York Lincoln Giants (1930)",
        "Baltimore Black Sox (1930)",
        "New York Black Yankees (1931\u201334)",
        "Brooklyn Eagles (1935)",
        "New York Black Yankees (1936\u201338)",
        "Pittsburgh Crawfords (1938)",
        "Washington Black Senators (1938)",
        "Philadelphia Stars (1940)"
    ],
    "birth_date": "1898-1-10"
}