{
    "name": "Felipe L\u00f3pez",
    "position": "Infielder",
    "bats": "Switch",
    "throws": "Right",
    "birth_place": "Bayam\u00f3n, Puerto Rico |debutleague = MLB",
    "debutdate": "August 3",
    "debutyear": "2001",
    "debutteam": "Toronto Blue Jays |finalleague = MLB",
    "finaldate": "August 20",
    "finalyear": "2011",
    "finalteam": "Milwaukee Brewers |statleague = MLB",
    "teams": [
        "Toronto Blue Jays (2001\u20132002)",
        "Cincinnati Reds (2003\u20132006)",
        "Washington Nationals (2006\u20132008)",
        "St. Louis Cardinals (2008)",
        "Arizona Diamondbacks (2009)",
        "Milwaukee Brewers (2009)",
        "St. Louis Cardinals (2010)",
        "Boston Red Sox (2010)",
        "Tampa Bay Rays (2011)",
        "Milwaukee Brewers (2011) |awards=",
        "All Star (2005)",
        "Silver Slugger Award (2005)"
    ],
    "stats": {
        "Batting average": ".264",
        "Home runs": "90",
        "Runs batted in": "439"
    },
    "birth_date": "1980-5-12"
}