{
    "name": "Felipe Lira",
    "position": "Pitcher",
    "birth_place": "Santa Teresa, Venezuela",
    "bats": "Right",
    "throws": "Right |debutleague = MLB",
    "debutdate": "April 27",
    "debutyear": "1995",
    "debutteam": "Detroit Tigers  |finalleague = MLB",
    "finaldate": "May 21",
    "finalyear": "2001",
    "finalteam": "Montreal Expos |statleague = MLB",
    "teams": [
        "Detroit Tigers (1995\u20131997)",
        "Seattle Mariners (1997\u20131998)",
        "Detroit Tigers (1999)",
        "Montreal Expos (2000\u20132001)",
        "Macoto Cobras (2004)"
    ],
    "stats": {
        "Win\u2013loss record": "26\u201346",
        "Earned run average": "5.30",
        "Strikeouts": "346 |stat2league = CPBL"
    },
    "stats2": {
        "Win\u2013loss record": "0\u20130",
        "Earned run average": "5.40",
        "Strikeouts": "3"
    },
    "birth_date": "1972-4-26"
}