{
    "name": "Felton Snow",
    "position": "Third base",
    "birth_place": "Oxford, Alabama",
    "death_date": "1974",
    "death_place": "Louisville, Kentucky",
    "bats": "Right",
    "throws": "Right",
    "debutleague": "Negro league baseball",
    "debutyear": "1931",
    "debutteam": "Louisville White Sox",
    "finalyear": "1947",
    "finalteam": "Baltimore Elite Giants",
    "teams": [
        "Louisville White Sox (1931)",
        "Louisville Black Caps (1932)",
        "Nashville Elite Giants (1933\u201334)",
        "Columbus Elite Giants (1935)",
        "Washington Elite Giants (1936\u201337)",
        "Baltimore Elite Giants (1938\u201347) '''As manager'''",
        "Baltimore Elite Giants (1939\u201342, 1944\u201347) |highlights=",
        "2x East-West All Star Game (1935, 1936)",
        "Negro National League pennant (1939)"
    ],
    "stats": {
        "Batting average": ".265",
        "Hits": "513",
        "Managerial record": "279\u2013225\u20138"
    },
    "birth_date": "1905-10-23"
}