{
    "name": "Fernando Lunar",
    "position": "Catcher",
    "birth_place": "Cantaura, Anzo\u00e1tegui State, Venezuela",
    "bats": "Right",
    "throws": "Right |debutleague = MLB",
    "debutdate": "May 8",
    "debutyear": "2000",
    "debutteam": "Atlanta Braves |finalleague = MLB",
    "finaldate": "April 11",
    "finalyear": "2002",
    "finalteam": "Baltimore Orioles |statleague = MLB",
    "teams": [
        "Atlanta Braves (2000)",
        "Baltimore Orioles (2000\u20132002)"
    ],
    "stats": {
        "Batting average": ".224",
        "Doubles": "8",
        "Runs batted in": "22"
    },
    "birth_date": "1977-5-25"
}