{
    "name": "Fernando Cabrera",
    "position": "Relief pitcher",
    "birth_place": "Toa Baja, Puerto Rico",
    "bats": "Right",
    "throws": "Right",
    "debutleague": "MLB",
    "debutdate": "August 20",
    "debutyear": "2004",
    "debutteam": "Cleveland Indians",
    "finalleague": "MLB",
    "finaldate": "July 16",
    "finalyear": "2010",
    "finalteam": "Boston Red Sox",
    "teams": [
        "Cleveland Indians (2004\u20132007)",
        "Baltimore Orioles (2007\u20132008)",
        "Boston Red Sox (2009\u20132010) |medaltemplates= Men's baseball Country World Baseball Classic 2013 San Francisco Pan American Games  2019 Lima"
    ],
    "MLB": {
        "Win\u2013loss record": "8\u20137",
        "Earned run average": "5.24",
        "Strikeouts": "193"
    },
    "birth_date": "1981-11-16"
}