{
    "name": "Fernando Rodney",
    "position": "Pitcher",
    "birth_place": "Saman\u00e1, Dominican Republic",
    "bats": "Right",
    "throws": "Right",
    "debutleague": "MLB",
    "debutdate": "May 4",
    "debutyear": "2002",
    "debutteam": "Detroit Tigers |finalleague=MLB |finaldate=September 28 |finalyear=2019 |finalteam=Washington Nationals",
    "teams": [
        "Detroit Tigers (2002\u20132003, 2005\u20132009)",
        "Los Angeles Angels of Anaheim (2010\u20132011)",
        "Tampa Bay Rays (2012\u20132013)",
        "Seattle Mariners (2014\u20132015)",
        "Chicago Cubs (2015)",
        "San Diego Padres (2016)",
        "Miami Marlins (2016)",
        "Arizona Diamondbacks (2017)",
        "Minnesota Twins (2018)",
        "Oakland Athletics (2018\u20132019)",
        "Washington Nationals (2019)"
    ],
    "awards": [
        "3\u00d7 All-Star (2012, 2014, 2016)",
        "World Series champion (2019)",
        "AL Comeback Player of the Year (2012)",
        "Delivery Man of the Year (2012)",
        "AL saves leader (2014)",
        "All-World Baseball Classic Team (2013)",
        "Mexican League saves leader (2021) |medaltemplates= Men's baseball DOM World Baseball Classic 2013 San Francisco"
    ],
    "MLB": {
        "Win\u2013loss record": "48\u201371",
        "Earned run average": "3.80",
        "Strikeouts": "943",
        "Saves": "327"
    },
    "birth_date": "1977-3-18"
}