{
    "name": "Ford Frick",
    "office": "Commissioner of Baseball",
    "order": "3rd",
    "term_start": "September 20, 1951",
    "term_end": "November 16, 1965",
    "predecessor": "Happy Chandler",
    "successor": "William Eckert",
    "office1": "11th President of the National League",
    "term_start1": "1934",
    "term_end1": "1951",
    "predecessor1": "John Heydler",
    "successor1": "Warren Giles |birth_name=Ford Christopher Frick",
    "birth_place": "Wawaka, Indiana, U.S.",
    "death_date": "1978",
    "death_place": "Bronxville, New York, U.S.",
    "alma_mater": "DePauw University",
    "embed": "yes |name= |hoflink = National Baseball Hall of Fame and Museum |hoftype = National |hofdate = 1970 |hofmethod = Veterans Committee  ",
    "birth_date": "1894-12-19"
}