{
    "name": "Franklin W. Olin",
    "birth_place": "Woodford, Vermont, United States",
    "death_date": "1951",
    "death_place": "St. Louis, Missouri, United States",
    "education": "Cornell University",
    "occupation": "Industrialist, philanthropist, professional baseball player",
    "known_for": "Founder of Olin Corporation",
    "spouse": "Mary Mott Moulton",
    "children": "1) Franklin Walter Jr., 2) John Merrill (1892\u20131982), 3) Spencer Truman (1900\u20131995)",
    "boards": "Olin Corporation",
    "misc": [
        "Washington Nationals (UA) (1884)",
        "Toledo Blue Stockings (1884)",
        "Detroit Wolverines (1885)"
    ],
    "birth_date": "1860-1-9"
}