{
    "name": "Francisco C\u00f3rdova",
    "position": "Pitcher",
    "birth_place": "Cerro Azul, Veracruz, Mexico",
    "bats": "Right",
    "throws": "Right",
    "debutleague": "MLB",
    "debutdate": "April 2",
    "debutyear": "1996",
    "debutteam": "Pittsburgh Pirates",
    "finalleague": "MLB",
    "finaldate": "August 8",
    "finalyear": "2000",
    "finalteam": "Pittsburgh Pirates",
    "teams": [
        "Pittsburgh Pirates (1996\u20132000)"
    ],
    "highlights": [
        "Pitched a combined no-hitter on July 12, 1997"
    ],
    "MLB": {
        "Win\u2013loss record": "42\u201347",
        "Earned run average": "3.96",
        "Strikeouts": "537"
    },
    "birth_date": "1972-4-26",
    "medaltemplates": [
        "Sport: Men's baseball",
        "Country: {{MEX}}",
        "Competition: Pan American Games",
        "Bronze Medal: 2003 Santo Domingo Team competition"
    ]
}