{
    "name": "Frank Shaughnessy",
    "birth_place": "Amboy, Illinois, U.S.",
    "death_date": "1969",
    "death_place": "Montreal, Quebec, Canada",
    "player_years1": "1901\u20131904",
    "player_team1": "Notre Dame",
    "player_positions": "End, OF/C",
    "coach_sport1": "Football",
    "coach_years2": "1907",
    "coach_team2": "Clemson",
    "coach_years3": "1909",
    "coach_team3": "Washington & Lee (freshmen)",
    "coach_years4": "1912\u201327, 1932\u201334",
    "coach_team4": "McGill",
    "coach_years5": "1915",
    "coach_team5": "Ottawa Rough Riders",
    "coach_sport6": "Baseball",
    "coach_years7": "1907",
    "coach_team7": "Clemson",
    "coach_years8": "1909\u20131911",
    "coach_team8": "Roanoke Tigers",
    "coach_years9": "1912",
    "coach_team9": "Fort Wayne Railroaders",
    "coach_years10": "1913\u20131915",
    "coach_team10": "Ottawa Senators",
    "coach_years11": "1916",
    "coach_team11": "Warren Warriors",
    "coach_years12": "1913\u20131915",
    "coach_team12": "Hamilton Tigers",
    "coach_years13": "1921\u20131925",
    "coach_team13": "Syracuse Stars",
    "coach_years14": "1925",
    "coach_team14": "Newark Bears",
    "coach_years15": "1926",
    "coach_team15": "Reading Keystones",
    "coach_years16": "1928",
    "coach_team16": "Detroit Tigers (asst.)",
    "coach_years17": "1934\u20131936",
    "coach_team17": "Montreal Royals",
    "coach_sport18": "Ice hockey",
    "coach_years19": "1914\u20131916",
    "coach_team19": "Ottawa Senators (manager)",
    "coach_years20": "1919\u20131927",
    "coach_team20": "McGill (men)",
    "coach_years21": "?",
    "coach_team21": "McGill (women)",
    "admin_years1": "1932\u20131934",
    "admin_team1": "Montreal Royals (GM)",
    "admin_years2": "1936\u20131960",
    "admin_team2": "International League (president)",
    "awards": "Canadian Football Hall of Fame (1963) Canadian Baseball Hall of Fame (1983)",
    "birth_date": "1883-4-08"
}