{
    "name": "Frank Miller",
    "position": "Pitcher",
    "birth_place": "Allegan, Michigan",
    "death_date": "February 19, 1974",
    "death_place": "Allegan, Michigan",
    "bats": "Right",
    "throws": "Right |debutleague = MLB",
    "debutdate": "July 12",
    "debutyear": "1913",
    "debutteam": "Chicago White Sox |finalleague = MLB",
    "finaldate": "July 30",
    "finalyear": "1923",
    "finalteam": "Boston Braves |statleague = MLB",
    "teams": [
        "Chicago White Sox (1913)",
        "Pittsburgh Pirates (1916\u20131919)",
        "Boston Braves (1922\u20131923)"
    ],
    "stats": {
        "Win\u2013loss record": "52-66",
        "Strikeouts": "359",
        "Earned run average": "3.01"
    }
}