{
    "name": "Francisco Liriano",
    "position": "Pitcher",
    "bats": "Left",
    "throws": "Left",
    "birth_place": "San Crist\u00f3bal, Dominican Republic",
    "debutleague": "MLB",
    "debutdate": "September 5",
    "debutyear": "2005",
    "debutteam": "Minnesota Twins",
    "finalleague": "MLB",
    "finaldate": "September 27",
    "finalyear": "2019",
    "finalteam": "Pittsburgh Pirates",
    "teams": [
        "Minnesota Twins (2005\u20132006, 2008\u20132012)",
        "Chicago White Sox (2012)",
        "Pittsburgh Pirates (2013\u20132016)",
        "Toronto Blue Jays (2016\u20132017)",
        "Houston Astros (2017)",
        "Detroit Tigers (2018)",
        "Pittsburgh Pirates (2019)"
    ],
    "awards": [
        "All-Star (2006)",
        "World Series champion (2017)",
        "2\u00d7 Comeback Player of the Year (2010, 2013)",
        "Pitched a no-hitter on May 3, 2011 |"
    ],
    "MLB": {
        "Win\u2013loss record": "112\u2013114",
        "Earned run average": "4.15",
        "Strikeouts": "1,815"
    },
    "birth_date": "1983-10-26"
}