{
    "name": "Frank Pastore",
    "position": "Pitcher",
    "birth_place": "Alhambra, California, U.S.",
    "death_date": "2012",
    "death_place": "Upland, California, U.S.",
    "bats": "Right",
    "throws": "Right |debutleague = MLB",
    "debutdate": "April 4",
    "debutyear": "1979",
    "debutteam": "Cincinnati Reds |finalleague = MLB",
    "finaldate": "September 5",
    "finalyear": "1986",
    "finalteam": "Minnesota Twins",
    "statyear": "|statleague = MLB |stat1label=Win\u2013loss record |stat1value=48\u201358 |stat2label=Earned run average |stat2value=4.29 |stat3label=Strikeouts |stat3value=541",
    "teams": [
        "Cincinnati Reds (1979\u20131985)",
        "Minnesota Twins (1986)"
    ],
    "birth_date": "1957-8-21"
}