{
    "position": "General manager, executive",
    "birth_place": "Cincinnati, Ohio, U.S.",
    "death_date": "1981",
    "death_place": "Dallas, Texas, U.S.",
    "teams": [
        "Chicago White Sox (1948\u20131955)",
        "St. Louis Cardinals (1955\u20131957)",
        "Cleveland Indians (1957\u20131961)",
        "Kansas City Athletics (1961)",
        "Milwaukee Brewers (1970\u20131972)"
    ],
    "highlights": [
        "''Sporting News'' Executive of the Year (1957)"
    ],
    "birth_date": "1895-02-01"
}