{
    "name": "Fran Healy",
    "position": "Catcher",
    "birth_place": "Holyoke, Massachusetts, U.S.",
    "bats": "Right",
    "throws": "Right |debutleague = MLB",
    "debutdate": "September 3",
    "debutyear": "1969",
    "debutteam": "Kansas City Royals |finalleague = MLB",
    "finaldate": "April 21",
    "finalyear": "1978",
    "finalteam": "New York Yankees |statleague = MLB",
    "teams": [
        "Kansas City Royals (1969)",
        "San Francisco Giants (1971\u20131972)",
        "Kansas City Royals (1973\u20131976)",
        "New York Yankees (1976\u20131978)"
    ],
    "highlights": [
        "World Series champion (1977)"
    ],
    "stats": {
        "Batting average": ".250",
        "Home runs": "20",
        "Runs batted in": "141"
    },
    "birth_date": "1946-9-6"
}