{
    "name": "Franklin Guti\u00e9rrez",
    "position": "Outfielder",
    "birth_place": "Caracas, Venezuela",
    "bats": "Right",
    "throws": "Right",
    "debutleague": "MLB",
    "debutdate": "August 31",
    "debutyear": "2005",
    "debutteam": "Cleveland Indians",
    "finalleague": "MLB",
    "finaldate": "June 24",
    "finalyear": "2017",
    "finalteam": "Los Angeles Dodgers",
    "teams": [
        "Cleveland Indians (2005\u20132008)",
        "Seattle Mariners (2009\u20132013, 2015\u20132016)",
        "Los Angeles Dodgers (2017) |awards=",
        "Gold Glove Award (2010)"
    ],
    "MLB": {
        "Batting average": ".257",
        "Home runs": "97",
        "Runs batted in": "361"
    },
    "birth_date": "1983-2-21"
}