{
    "name": "Frank Castillo",
    "position": "Pitcher",
    "birth_place": "El Paso, Texas, U.S.",
    "death_date": "2013",
    "death_place": "Bartlett Lake, Arizona, U.S.",
    "bats": "Right",
    "throws": "Right |debutleague = MLB",
    "debutdate": "June 27",
    "debutyear": "1991",
    "debutteam": "Chicago Cubs |finalleague = MLB",
    "finaldate": "May 26",
    "finalyear": "2005",
    "finalteam": "Florida Marlins |statleague = MLB",
    "teams": [
        "Chicago Cubs (1991\u20131997)",
        "Colorado Rockies (1997)",
        "Detroit Tigers (1998)",
        "Toronto Blue Jays (2000)",
        "Boston Red Sox (2001\u20132002, 2004)",
        "Florida Marlins (2005)"
    ],
    "stats": {
        "Win\u2013loss record": "82\u2013104",
        "Earned run average": "4.56",
        "Strikeouts": "1,101"
    },
    "birth_date": "1969-4-1"
}