{
    "name": "Frank Bolling",
    "position": "Second baseman",
    "bats": "Right",
    "throws": "Right",
    "birth_place": "Mobile, Alabama, U.S.",
    "death_date": "2020",
    "death_place": "Mobile, Alabama, U.S. |debutleague = MLB",
    "debutdate": "April 13",
    "debutyear": "1954",
    "debutteam": "Detroit Tigers |finalleague = MLB",
    "finaldate": "September 15",
    "finalyear": "1966",
    "finalteam": "Atlanta Braves |statleague = MLB",
    "teams": [
        "Detroit Tigers (1954\u20131960)",
        "Milwaukee / Atlanta Braves (1961\u20131966)"
    ],
    "highlights": [
        "4\u00d7 All-Star (1961\u20131962\u00b2)",
        "Gold Glove Award (1958)"
    ],
    "stats": {
        "Batting average": ".254",
        "Home runs": "106",
        "Runs batted in": "556"
    },
    "birth_date": "1931-11-16"
}