{
    "name": "Francisco Cordero",
    "position": "Pitcher",
    "birth_place": "Santo Domingo, Dominican Republic",
    "bats": "Right",
    "throws": "Right |debutleague = MLB",
    "debutdate": "August 2",
    "debutyear": "1999",
    "debutteam": "Detroit Tigers |finalleague = MLB",
    "finaldate": "August 1",
    "finalyear": "2012",
    "finalteam": "Houston Astros |statleague = MLB",
    "teams": [
        "Detroit Tigers (1999)",
        "Texas Rangers (2000\u20132006)",
        "Milwaukee Brewers (2006\u20132007)",
        "Cincinnati Reds (2008\u20132011)",
        "Toronto Blue Jays (2012)",
        "Houston Astros (2012)"
    ],
    "awards": [
        "3\u00d7 All-Star (2004, 2007, 2009)"
    ],
    "stats": {
        "Win\u2013loss record": "47\u201353",
        "Earned run average": "3.38",
        "Strikeouts": "796",
        "Saves": "329"
    },
    "birth_date": "1975-5-11"
}