{
    "name": "Frank Grant",
    "position": "Second baseman",
    "birth_place": "Pittsfield, Massachusetts",
    "death_date": "1937",
    "death_place": "New York, New York",
    "bats": "Right",
    "throws": "Right",
    "debutleague": "Negro Leagues",
    "debutyear": "1889",
    "debutteam": "Cuban Giants",
    "finalyear": "1903",
    "finalteam": "Philadelphia Giants",
    "teams": [
        "Meriden Silvermen (1886)",
        "Buffalo Bisons (1886)",
        "Buffalo Bisons (1887\u20131888)",
        "Cuban Giants (1889, 1891\u20131897, 1899) https://docs.google.com/file/d/0B1Wcncq5-bHdRUF6eWc0d0lYckk/edit \"Genuine Cuban Giants\", ''The Evening Times,'' Washington, DC, 23 May 1896, p. 3",
        "New York Big Gorhams (1891)",
        "Page Fence Giants (1891)",
        "Cuban X-Giants (1899)",
        "Philadelphia Giants (1902\u20131903) https://docs.google.com/open?id=0B1Wcncq5-bHdZFhzRDh2T1R4alU \"Giants Were Twice Defeated\", ''The Patriot,'' Harrisburg, Pennsylvania, September 11, 1903, p. 7",
        "Brooklyn Royal Giants (1907)",
        "New York Gorhams",
        "Colored Capital All-Americans",
        "Genuine Cuban Giants"
    ],
    "hoflink": "National Baseball Hall of Fame",
    "hoftype": "National",
    "hofdate": "2006",
    "hofmethod": "Committee on African-American Baseball ",
    "birth_date": "1865-8-1"
}