{
    "name": "Francis Beltr\u00e1n",
    "position": "Pitcher",
    "birth_place": "Santo Domingo, Dominican Republic",
    "bats": "Right",
    "throws": "Right |debutleague = MLB",
    "debutdate": "June 28",
    "debutyear": "2002",
    "debutteam": "Chicago Cubs |finalleague = MLB",
    "finaldate": "August 24",
    "finalyear": "2008",
    "finalteam": "Detroit Tigers |statleague = MLB",
    "teams": [
        "Chicago Cubs (2002, 2004)",
        "Montreal Expos (2004)",
        "Detroit Tigers (2008)"
    ],
    "stats": {
        "Win\u2013loss record": "3\u20132",
        "Earned run average": "5.69",
        "Strikeouts": "68"
    },
    "birth_date": "1979-11-29"
}