{
    "name": "Frank Lankford",
    "position": "Pitcher",
    "birth_place": "Atlanta, Georgia",
    "bats": "Right",
    "throws": "Right |debutleague = MLB",
    "debutdate": "March 31",
    "debutyear": "1998",
    "debutteam": "Los Angeles Dodgers |finalleague = MLB",
    "finaldate": "May 13",
    "finalyear": "1998",
    "finalteam": "Los Angeles Dodgers |statleague = MLB |stat1label=Win\u2013loss record |stat1value=0\u20132",
    "teams": [
        "Los Angeles Dodgers (1998)"
    ],
    "stats": {
        "Earned run average": "5.95",
        "Strikeouts": "7"
    },
    "birth_date": "1971-3-26"
}