{
    "name": "Fred Breining",
    "position": "Pitcher",
    "birth_place": "San Francisco, California, U.S.",
    "bats": "Right",
    "throws": "Right |debutleague = MLB",
    "debutdate": "September 4",
    "debutyear": "1980",
    "debutteam": "San Francisco Giants |finalleague = MLB",
    "finaldate": "May 6",
    "finalyear": "1984",
    "finalteam": "Montreal Expos |statleague = MLB",
    "teams": [
        "San Francisco Giants (1980\u20131983)",
        "Montreal Expos (1984)"
    ],
    "stats": {
        "Win\u2013loss record": "27\u201320",
        "Earned run average": "3.34",
        "Strikeouts": "260"
    },
    "birth_date": "1955-11-15"
}