{
    "name": "Fred Manrique",
    "position": "Second baseman",
    "bats": "Right",
    "throws": "Right",
    "birth_place": "Ciudad Bolivar, Venezuela",
    "death_place": "|debutleague = MLB",
    "debutdate": "August 23",
    "debutyear": "1981",
    "debutteam": "Toronto Blue Jays |finalleague = MLB",
    "finaldate": "May 11",
    "finalyear": "1991",
    "finalteam": "Oakland Athletics |statleague = MLB",
    "teams": [
        "Toronto Blue Jays (1981, 1984)",
        "Montreal Expos (1985)",
        "St. Louis Cardinals (1986)",
        "Chicago White Sox (1987\u20131989)",
        "Texas Rangers (1989)",
        "Minnesota Twins (1990)",
        "Oakland Athletics (1991)"
    ],
    "stats": {
        "Batting average": ".254",
        "Home runs": "20",
        "Runs batted in": "151"
    },
    "birth_date": "1961-11-5"
}