{
    "name": "Freddie Benavides",
    "team": "Cincinnati Reds",
    "number": "45",
    "position": "Infielder / Coach",
    "birth_place": "Laredo, Texas, U.S.",
    "bats": "Right",
    "throws": "Right |debutleague = MLB",
    "debutdate": "May 14",
    "debutyear": "1991",
    "debutteam": "Cincinnati Reds |finalleague = MLB",
    "finaldate": "August 11",
    "finalyear": "1994",
    "finalteam": "Montreal Expos |statleague = MLB",
    "teams": [
        "Cincinnati Reds (1991\u20131992)",
        "Colorado Rockies (1993)",
        "Montreal Expos (1994) '''As Coach'''",
        "Cincinnati Reds (2016\u2013present)"
    ],
    "stats": {
        "Batting average": ".253",
        "Hits": "135",
        "Doubles": "26"
    },
    "birth_date": "1966-4-7"
}