{
    "name": "Fred Buelow",
    "position": "Catcher",
    "bats": "Right",
    "throws": "Right",
    "birth_place": "Berlin, German Empire",
    "death_date": "1933",
    "death_place": "Detroit, Michigan, U.S. |debutleague = MLB",
    "debutdate": "September 28",
    "debutyear": "1899",
    "debutteam": "St. Louis Perfectos |finalleague = MLB",
    "finaldate": "July 13",
    "finalyear": "1907",
    "finalteam": "St. Louis Browns |statleague = MLB",
    "teams": [
        "St. Louis Perfectos/Cardinals (1899\u20131900)",
        "Detroit Tigers (1901\u20131904)",
        "Cleveland Naps (1904\u20131906)",
        "St. Louis Browns (1907)"
    ],
    "stats": {
        "Batting average": ".192",
        "Home runs": "6",
        "Runs batted in": "112"
    },
    "birth_date": "1876-2-13"
}