{
    "name": "Freddie Bynum",
    "position": "Shortstop / Outfielder",
    "birth_place": "Wilson, North Carolina, U.S.",
    "bats": "Left",
    "throws": "Right",
    "debutleague": "MLB",
    "debutdate": "August 30",
    "debutyear": "2005",
    "debutteam": "Oakland Athletics",
    "debut2league": "NPB",
    "debut2date": "March 31",
    "debut2year": "2010",
    "debut2team": "Orix Buffaloes",
    "finalleague": "MLB",
    "finaldate": "July 17",
    "finalyear": "2008",
    "finalteam": "Baltimore Orioles",
    "final2league": "NPB",
    "final2date": "October 1",
    "final2year": "2010",
    "final2team": "Orix Buffaloes",
    "teams": [
        "Oakland Athletics (2005)",
        "Chicago Cubs (2006)",
        "Baltimore Orioles (2007\u20132008)",
        "Orix Buffaloes (2010)"
    ],
    "MLB": {
        "Batting average": ".234",
        "Home runs": "6",
        "Runs batted in": "32"
    },
    "NPB": {
        "Batting average": ".138",
        "Home runs": "0",
        "Runs batted in": "1"
    },
    "birth_date": "1980-3-15"
}