{
    "name": "Freddy Garc\u00eda",
    "position": "Pitcher",
    "bats": "Right",
    "throws": "Right",
    "birth_place": "Caracas, Venezuela |debutleague = MLB",
    "debutdate": "April 7",
    "debutyear": "1999",
    "debutteam": "Seattle Mariners",
    "finalleague": "MLB",
    "finaldate": "September 24",
    "finalyear": "2013",
    "finalteam": "Atlanta Braves |statleague = MLB",
    "teams": [
        "Seattle Mariners (1999\u20132004)",
        "Chicago White Sox (2004\u20132006)",
        "Philadelphia Phillies (2007)",
        "Detroit Tigers (2008)",
        "Chicago White Sox (2009\u20132010)",
        "New York Yankees (2011\u20132012)",
        "Baltimore Orioles (2013)",
        "Atlanta Braves (2013)"
    ],
    "awards": [
        "2\u00d7 All-Star (2001, 2002)",
        "World Series champion (2005)",
        "AL ERA leader (2001)"
    ],
    "stats": {
        "Win\u2013loss record": "156\u2013108",
        "Earned run average": "4.15",
        "Strikeouts": "1,621"
    },
    "birth_date": "1976-10-6"
}