{
    "name": "A. G. Milkha Singh",
    "fullname": "Amritsar Govindsingh Milkha Singh",
    "birth_place": "Madras, Madras State, British India",
    "death_date": "2017",
    "death_place": "Chennai",
    "batting": "Left-handed",
    "bowling": "Right-arm Right-arm medium",
    "family": "A. G. Ram Singh (father)",
    "country": "India",
    "testcap": "97",
    "testdebutagainst": "Australia",
    "testdebutdate": "13 January",
    "testdebutyear": "1960",
    "lasttestdate": "11 November",
    "lasttestagainst": "Australia",
    "lasttestyear": "1961",
    "source": "http://www.espncricinfo.com/ci/content/player/31004.html ESPNcricinfo",
    "Test": {
        "matches": "4",
        "runs": "92",
        "bat avg": "15.33",
        "100s/50s": "0/0",
        "top score": "35",
        "deliveries": "6",
        "wickets": "0",
        "bowl avg": "\u2013",
        "fivefor": "\u2013",
        "tenfor": "\u2013",
        "best bowling": "\u2013",
        "catches/stumpings": "2/\u2013"
    },
    "First-class": {
        "matches": "88",
        "runs": "4,324",
        "bat avg": "35.44",
        "100s/50s": "8/27",
        "top score": "151",
        "deliveries": "410",
        "wickets": "5",
        "bowl avg": "49.00",
        "fivefor": "0",
        "tenfor": "0",
        "best bowling": "2/22",
        "catches/stumpings": "44/\u2013"
    },
    "clubs": {},
    "birth_date": "1941-12-31"
}