{
    "name": "A. N. Hornby",
    "country": "England",
    "fullname": "Albert Neilson Hornby",
    "nickname": "Monkey, The Boss",
    "birth_place": "Blackburn, Lancashire, England",
    "death_date": "df=yes",
    "death_place": "Nantwich, Cheshire, England",
    "batting": "Right-handed",
    "testdebutdate": "2 January",
    "testdebutyear": "1879",
    "testdebutagainst": "Australia",
    "testcap": "15",
    "lasttestdate": "12 July",
    "lasttestyear": "1884",
    "lasttestagainst": "Australia",
    "source": "https://cricketarchive.com/Archive/Players/0/32/32.html CricketArchive",
    "module": "Infobox rugby biography",
    "embed": "yes",
    "ru_position": "three-quarter/full back",
    "repteam1": "England",
    "repcaps1": "9",
    "repyears1": "1877\u20131882",
    "clubs1": "Manchester Football Club",
    "clubs2": "Lancashire  ",
    "Test": {
        "matches": "3",
        "runs": "21",
        "bat avg": "3.50",
        "100s/50s": "0/0",
        "top score": "9",
        "deliveries": "28",
        "wickets": "1",
        "bowl avg": "0.00",
        "fivefor": "0",
        "tenfor": "0",
        "best bowling": "1/0",
        "catches/stumpings": "0/\u2013"
    },
    "First-class": {
        "matches": "437",
        "runs": "16,109",
        "bat avg": "24.07",
        "100s/50s": "16/74",
        "top score": "188",
        "deliveries": "593",
        "wickets": "11",
        "bowl avg": "23.45",
        "fivefor": "0",
        "tenfor": "0",
        "best bowling": "4/40",
        "catches/stumpings": "313/3"
    },
    "clubs": {
        "Lancashire": "1867\u20131899"
    },
    "birth_date": "1847-2-10"
}