{
    "name": "A. P. Lucas",
    "birth_place": "Westminster, London",
    "death_date": "1923",
    "death_place": "Great Waltham, Essex",
    "family": "Charles Lucas (cousin)",
    "batting": "Right-handed",
    "bowling": "Right-arm Right-arm slow",
    "country": "England",
    "testdebutagainst": "Australia",
    "testdebutdate": "2 January",
    "testdebutyear": "1879",
    "lasttestdate": "23 July",
    "lasttestagainst": "Australia",
    "lasttestyear": "1884",
    "testcap": "16",
    "source": "http://content.cricinfo.com/england/content/player/16364.html CricInfo",
    "Test": {
        "matches": "5",
        "runs": "157",
        "bat avg": "19.62",
        "100s/50s": "0/1",
        "top score": "55",
        "deliveries": "120",
        "wickets": "0",
        "bowl avg": "\u2013",
        "fivefor": "\u2013",
        "tenfor": "\u2013",
        "best bowling": "\u2013",
        "catches/stumpings": "1/\u2013"
    },
    "First-class": {
        "matches": "256",
        "runs": "10,263",
        "bat avg": "26.38",
        "100s/50s": "8/50",
        "top score": "145",
        "deliveries": "7,824",
        "wickets": "155",
        "bowl avg": "18.38",
        "fivefor": "4",
        "tenfor": "0",
        "best bowling": "6/10",
        "catches/stumpings": "152/\u2013"
    },
    "clubs": {},
    "birth_date": "1857-2-20"
}