{
    "name": "Aamer Hanif",
    "birth_place": "Lahore, Punjab",
    "country": "Pakistan",
    "batting": "Right-hand bat",
    "bowling": "Right-arm Right-arm medium",
    "source": "http://www.espncricinfo.com/pakistan/content/player/38964.html",
    "Tests": {
        "matches": "-",
        "runs": "-",
        "bat avg": "-",
        "100s/50s": "-/-",
        "top score": "-",
        "deliveries": "-",
        "wickets": "-",
        "bowl avg": "-",
        "fivefor": "-",
        "tenfor": "-",
        "best bowling": "-/-",
        "catches/stumpings": "-/-"
    },
    "ODIs": {
        "matches": "5",
        "runs": "89",
        "bat avg": "44.50",
        "100s/50s": "-/-",
        "deliveries": "130",
        "wickets": "4",
        "bowl avg": "30.50",
        "fivefor": "-",
        "tenfor": "n/a",
        "best bowling": "3/36",
        "catches/stumpings": "-/-"
    },
    "clubs": {},
    "birth_date": "October 4, 1967"
}