{
    "name": "Aamer Hameed",
    "birth_place": "Lahore, Punjab, Pakistan",
    "country": "Pakistan",
    "batting": "Right-handed",
    "bowling": "Right-arm Right-arm fast-medium",
    "odicap": "18",
    "source": "http://content-aus.cricinfo.com/ci/content/player/38963.html CricInfo ",
    "ODI": {
        "matches": "1",
        "runs": "\u2013",
        "bat avg": "\u2013",
        "100s/50s": "\u2013",
        "top score": "\u2013",
        "deliveries": "88",
        "wickets": "1",
        "bowl avg": "38.00",
        "fivefor": "0",
        "tenfor": "0",
        "best bowling": "1/32",
        "catches/stumpings": "1/\u2013"
    },
    "clubs": {},
    "birth_date": "18 October 1954"
}