{
    "name": "Aamer Nazir",
    "fullname": "Aamer Nazir",
    "birth_place": "Lahore, Punjab, Pakistan",
    "country": "Pakistan",
    "batting": "Right-handed",
    "bowling": "Right-arm Right-arm fast-medium",
    "internationalspan": "1993\u20131995",
    "testdebutdate": "23 April",
    "testdebutyear": "1993",
    "testdebutagainst": "West Indies",
    "testcap": "127",
    "lasttestdate": "22 September",
    "lasttestyear": "1995",
    "lasttestagainst": "Sri Lanka",
    "odidebutdate": "26 March",
    "odidebutyear": "1993",
    "odidebutagainst": "West Indies",
    "odicap": "90",
    "lastodidate": "11 April",
    "lastodiyear": "1995",
    "lastodiagainst": "Sri Lanka",
    "source": "http://www.espncricinfo.com/ci/content/player/38966.html ESPNcricinfo ",
    "Test": {
        "matches": "6",
        "runs": "31",
        "bat avg": "6.20",
        "100s/50s": "0/0",
        "top score": "11",
        "deliveries": "1,057",
        "wickets": "20",
        "bowl avg": "29.85",
        "fivefor": "1",
        "tenfor": "0",
        "best bowling": "5/46",
        "catches/stumpings": "2/\u2013"
    },
    "ODI": {
        "matches": "9",
        "runs": "13",
        "bat avg": "13.00",
        "100s/50s": "0/0",
        "deliveries": "417",
        "wickets": "11",
        "bowl avg": "31.45",
        "fivefor": "0",
        "tenfor": "0",
        "best bowling": "3/43",
        "catches/stumpings": "0/\u2013"
    },
    "clubs": {},
    "birth_date": "January 2, 1971"
}