{
    "name": "Abbas Ali Baig",
    "country": "India",
    "fullname": "Abbas Ali Baig",
    "birth_place": "Hyderabad, British India",
    "batting": "Right-handed",
    "bowling": "Leg Leg break",
    "testdebutdate": "23 July",
    "testdebutyear": "1959",
    "testdebutagainst": "England",
    "testcap": "93",
    "lasttestdate": "31 December",
    "lasttestyear": "1966",
    "lasttestagainst": "West Indies",
    "source": "https://cricketarchive.com/Archive/Players/1/1113/1113.html CricketArchive",
    "Tests": {
        "matches": "10",
        "runs": "428",
        "bat avg": "23.77",
        "100s/50s": "1/2",
        "top score": "112",
        "deliveries": "18",
        "wickets": "\u2013",
        "bowl avg": "\u2013",
        "fivefor": "\u2013",
        "tenfor": "\u2013",
        "best bowling": "\u2013",
        "catches/stumpings": "6/\u2013"
    },
    "First-class": {
        "matches": "235",
        "runs": "12367",
        "bat avg": "34.16",
        "100s/50s": "21/64",
        "deliveries": "660",
        "wickets": "9",
        "bowl avg": "48.00",
        "fivefor": "0",
        "tenfor": "0",
        "best bowling": "2/26",
        "catches/stumpings": "154/\u2013"
    },
    "clubs": {
        "Hyderabad": "1954\u20131976",
        "Oxford University": "1959\u20131962",
        "Somerset": "1960\u20131962"
    },
    "birth_date": "1939-03-19"
}