{
    "name": "Achey Kelly",
    "batting": "Right-handed",
    "bowling": "Right-arm Right-arm medium",
    "country": "Ireland",
    "source": "http://www.cricketarchive.co.uk/Archive/Players/26/26794/26794.html CricketArchive",
    "First-class": {
        "matches": "4",
        "runs": "92",
        "bat avg": "11.50",
        "100s/50s": "0/0",
        "top score": "35",
        "deliveries": "102",
        "wickets": "3",
        "bowl avg": "19.66",
        "fivefor": "0",
        "tenfor": "0",
        "best bowling": "3/29",
        "catches/stumpings": "1/\u2013"
    },
    "clubs": {}
}