{
    "name": "Adam Harrison",
    "country": "England",
    "fullname": "Adam James Harrison",
    "nickname": "Ads, The Worm url=http://www.espncricinfo.com/ci/content/player/15346.html",
    "birth_place": "Newport, Monmouthshire, Wales",
    "heightft": "5",
    "heightinch": "2",
    "batting": "Right-handed",
    "bowling": "Right-arm Right-arm medium",
    "family": "Stuart Harrison (father)",
    "source": "http://www.espncricinfo.com/ci/content/player/15346.html ESPNcricinfo ",
    "FC": {
        "matches": "3",
        "runs": "37",
        "bat avg": "18.50",
        "100s/50s": "0/0",
        "deliveries": "370",
        "wickets": "5",
        "bowl avg": "48.60",
        "fivefor": "0",
        "tenfor": "0",
        "best bowling": "2/65",
        "catches/stumpings": "0/\u2013"
    },
    "LA": {
        "matches": "3",
        "runs": "13",
        "bat avg": "4.33",
        "100s/50s": "0/0",
        "top score": "7",
        "deliveries": "102",
        "wickets": "2",
        "bowl avg": "70.50",
        "fivefor": "0",
        "tenfor": "0",
        "best bowling": "1/45",
        "catches/stumpings": "1/\u2013"
    },
    "T20": {
        "matches": "3",
        "runs": "1",
        "bat avg": "\u2013",
        "100s/50s": "0/0",
        "deliveries": "67",
        "wickets": "5",
        "bowl avg": "18.40",
        "fivefor": "0",
        "tenfor": "0",
        "best bowling": "2/12",
        "catches/stumpings": "2/\u2013"
    },
    "clubs": {
        "Wales Minor Counties": "2004\u20132010",
        "Glamorgan": "2005\u20132007"
    },
    "birth_date": "1985-10-30"
}