{
    "name": "Adam Bacher",
    "fullname": "Adam Marc Bacher",
    "birth_place": "Johannesburg, South Africa",
    "country": "South Africa",
    "batting": "Right-handed",
    "bowling": "Right-arm Right-arm medium",
    "source": "http://content-aus.cricinfo.com/ci/content/player/44024.html ESPNcricinfo ",
    "Test": {
        "matches": "19",
        "runs": "833",
        "bat avg": "26.03",
        "100s/50s": "0/5",
        "top score": "96",
        "deliveries": "6",
        "wickets": "0",
        "bowl avg": "\u2013",
        "fivefor": "\u2013",
        "tenfor": "\u2013",
        "best bowling": "\u2013",
        "catches/stumpings": "11/\u2013"
    },
    "ODI": {
        "matches": "13",
        "runs": "270",
        "bat avg": "20.76",
        "100s/50s": "0/1",
        "top score": "56",
        "deliveries": "108",
        "wickets": "3",
        "bowl avg": "21.33",
        "fivefor": "0",
        "tenfor": "0",
        "best bowling": "2/36",
        "catches/stumpings": "4/\u2013"
    },
    "clubs": {},
    "birth_date": "29 October 1973"
}