{
    "name": "Adrian Griffith",
    "country": "West Indies",
    "fullname": "Adrian Frank Gordon Griffith",
    "birth_place": "Holders Hill, Saint James, Barbados",
    "batting": "Left-handed",
    "bowling": "Right-arm Right-arm medium",
    "testdebutdate": "25 January",
    "testdebutyear": "1997",
    "testdebutagainst": "Australia",
    "lasttestdate": "31 August",
    "lasttestyear": "2000",
    "lasttestagainst": "England",
    "odidebutdate": "8 December",
    "odidebutyear": "1996",
    "odidebutagainst": "Australia",
    "lastodidate": "6 July",
    "lastodiyear": "2000",
    "lastodiagainst": "Zimbabwe",
    "source": "https://cricketarchive.com/Archive/Players/3/3321/3321.html Cricket Archive ",
    "Test": {
        "matches": "14",
        "runs": "638",
        "bat avg": "24.53",
        "100s/50s": "1/4",
        "top score": "114",
        "deliveries": "0",
        "wickets": "\u2013",
        "bowl avg": "\u2013",
        "fivefor": "\u2013",
        "tenfor": "\u2013",
        "best bowling": "\u2013",
        "catches/stumpings": "5/\u2013"
    },
    "ODI": {
        "matches": "9",
        "runs": "99",
        "bat avg": "14.14",
        "100s/50s": "0/0",
        "top score": "47",
        "deliveries": "0",
        "wickets": "\u2013",
        "bowl avg": "\u2013",
        "fivefor": "\u2013",
        "tenfor": "\u2013",
        "best bowling": "\u2013",
        "catches/stumpings": "5/\u2013"
    },
    "FC": {
        "matches": "79",
        "runs": "4,044",
        "bat avg": "29.95",
        "100s/50s": "7/20",
        "top score": "186",
        "deliveries": "36",
        "wickets": "0",
        "bowl avg": "\u2013",
        "fivefor": "\u2013",
        "tenfor": "\u2013",
        "best bowling": "\u2013",
        "catches/stumpings": "59/\u2013"
    },
    "LA": {
        "matches": "63",
        "runs": "1,283",
        "bat avg": "21.74",
        "100s/50s": "0/6",
        "top score": "66",
        "deliveries": "0",
        "wickets": "\u2013",
        "bowl avg": "\u2013",
        "fivefor": "\u2013",
        "tenfor": "\u2013",
        "best bowling": "\u2013",
        "catches/stumpings": "24/\u2013"
    },
    "clubs": {
        "Barbados": "1992\u20132002"
    },
    "birth_date": "1971-11-19"
}