{
    "name": "Agha Saadat Ali",
    "birth_place": "Lahore, British India",
    "death_date": "1995",
    "death_place": "Lahore, Pakistan",
    "batting": "Right-handed",
    "country": "Pakistan",
    "testdebutagainst": "New Zealand",
    "testdebutdate": "7 November",
    "testdebutyear": "1955",
    "onetest": "true",
    "testcap": "22",
    "source": "http://www.espncricinfo.com/ci/content/player/38981.html ESPNCricinfo",
    "Test": {
        "matches": "1",
        "runs": "8",
        "bat avg": "\u2013",
        "100s/50s": "0/0",
        "deliveries": "\u2013",
        "wickets": "\u2013",
        "bowl avg": "\u2013",
        "fivefor": "\u2013",
        "tenfor": "\u2013",
        "best bowling": "\u2013",
        "catches/stumpings": "3/\u2013"
    },
    "First-class": {
        "matches": "17",
        "runs": "325",
        "bat avg": "13.54",
        "100s/50s": "0/2",
        "top score": "56",
        "deliveries": "152",
        "wickets": "1",
        "bowl avg": "62.00",
        "fivefor": "0",
        "tenfor": "0",
        "best bowling": "1/46",
        "catches/stumpings": "8/\u2013"
    },
    "clubs": {},
    "birth_date": "1929-1-21"
}