{
    "name": "Agha Zahid",
    "birth_place": "Lahore, Punjab, Pakistan",
    "batting": "Right-handed",
    "bowling": "Right-arm Right-arm medium",
    "country": "Pakistan",
    "testcap": "69",
    "onetest": "true",
    "testdebutagainst": "West Indies",
    "testdebutdate": "15 February",
    "testdebutyear": "1975",
    "source": "http://www.espncricinfo.com/ci/content/player/38982.html ESPNcricinfo",
    "Test": {
        "matches": "1",
        "runs": "15",
        "bat avg": "7.50",
        "100s/50s": "0/0",
        "top score": "14",
        "deliveries": "\u2013",
        "wickets": "\u2013",
        "bowl avg": "\u2013",
        "fivefor": "\u2013",
        "tenfor": "\u2013",
        "best bowling": "\u2013",
        "catches/stumpings": "0/\u2013"
    },
    "First-class": {
        "matches": "227",
        "runs": "13,484",
        "bat avg": "36.84",
        "100s/50s": "29/66",
        "deliveries": "7,621",
        "wickets": "108",
        "bowl avg": "32.18",
        "fivefor": "1",
        "tenfor": "0",
        "best bowling": "5/24",
        "catches/stumpings": "136/\u2013"
    },
    "clubs": {},
    "birth_date": "1953-1-7"
}