{
    "name": "Ahsan-ul-Haq",
    "batting": "Right-handed",
    "bowling": "Right-arm Right-arm medium",
    "source": "http://cricketarchive.co.uk/Archive/Players/34/34161/34161.html CricketArchive",
    "First-class": {
        "matches": "7",
        "runs": "172",
        "bat avg": "21.50",
        "100s/50s": "1/0",
        "deliveries": "90",
        "wickets": "0",
        "bowl avg": "\u2013",
        "fivefor": "\u2013",
        "tenfor": "\u2013",
        "best bowling": "\u2013",
        "catches/stumpings": "4/\u2013"
    },
    "clubs": {}
}