{
    "name": "Ajith Weerakkody",
    "birth_place": "Colombo",
    "country": "Sri Lanka",
    "internationalspan": "1994",
    "oneodi": "true",
    "odidebutdate": "18 April",
    "odidebutyear": "1994",
    "odidebutagainst": "New Zealand",
    "odicap": "80",
    "batting": "Right-handed",
    "bowling": "Right-arm Right-arm fast-medium",
    "source": "http://www.espncricinfo.com/srilanka/content/player/50837.html Cricinfo  ",
    "ODI": {
        "matches": "1",
        "runs": "2",
        "bat avg": "2.00",
        "100s/50s": "0/0",
        "top score": "2",
        "deliveries": "6",
        "wickets": "0",
        "bowl avg": "\u2013",
        "fivefor": "\u2013",
        "tenfor": "\u2013",
        "best bowling": "\u2013",
        "catches/stumpings": "0/\u2013"
    },
    "clubs": {},
    "birth_date": "1 October 1970"
}