{
    "name": "Ajit de Silva",
    "fullname": "Ginigalgodage Ramba Ajit de Silva",
    "birth_place": "Ambalangoda, Sri Lanka",
    "country": "Sri Lanka",
    "batting": "Left-handed",
    "bowling": "Slow left-arm Slow left-arm orthodox",
    "internationalspan": "1975\u20131982",
    "testdebutdate": "17 February",
    "testdebutyear": "1982",
    "testdebutagainst": "England",
    "testcap": "3",
    "lasttestdate": "17 September",
    "lasttestyear": "1982",
    "lasttestagainst": "India",
    "odidebutdate": "14 June",
    "odidebutyear": "1975",
    "odidebutagainst": "Pakistan",
    "odicap": "13",
    "lastodidate": "15 September",
    "lastodiyear": "1982",
    "lastodiagainst": "India",
    "source": "https://www.espncricinfo.com/srilanka/content/player/48458.html ESPNcricinfo  ",
    "Test": {
        "matches": "4",
        "runs": "41",
        "bat avg": "8.19",
        "100s/50s": "0/0",
        "top score": "14",
        "deliveries": "962",
        "wickets": "7",
        "bowl avg": "55.00",
        "fivefor": "0",
        "tenfor": "0",
        "best bowling": "2/38",
        "catches/stumpings": "0/0"
    },
    "ODI": {
        "matches": "6",
        "runs": "9",
        "bat avg": "4.50",
        "100s/50s": "0/0",
        "deliveries": "305",
        "wickets": "9",
        "bowl avg": "29.11",
        "fivefor": "0",
        "tenfor": "0",
        "best bowling": "3/41",
        "catches/stumpings": "2/0"
    },
    "FC": {
        "matches": "53",
        "runs": "317",
        "bat avg": "7.73",
        "100s/50s": "0/1",
        "top score": "75",
        "deliveries": "11,736",
        "wickets": "161",
        "bowl avg": "27.44",
        "fivefor": "4",
        "tenfor": "0",
        "best bowling": "6/30",
        "catches/stumpings": "21/0"
    },
    "LA": {
        "matches": "15",
        "runs": "20",
        "bat avg": "5.00",
        "100s/50s": "0/0",
        "deliveries": "822",
        "wickets": "19",
        "bowl avg": "27.21",
        "fivefor": "0",
        "tenfor": "0",
        "best bowling": "3/41",
        "catches/stumpings": "0/0"
    },
    "clubs": {},
    "birth_date": "12 December 1952"
}