{
    "name": "Akhlaq Qureshi",
    "country": "Italy",
    "fullname": "Akhlaq Ahmed Qureshi",
    "birth_place": "Lahore, Punjab, Pakistan",
    "batting": "Right-handed",
    "bowling": "Right-arm Right-arm medium",
    "source": "https://cricketarchive.com/Archive/Players/4/4983/4983.html CricketArchive ",
    "First-class": {
        "matches": "1",
        "runs": "50",
        "bat avg": "25.00",
        "100s/50s": "0/1",
        "top score": "50",
        "deliveries": "100",
        "wickets": "1",
        "bowl avg": "64.00",
        "fivefor": "0",
        "tenfor": "0",
        "best bowling": "1/25",
        "catches/stumpings": "0/\u2013"
    },
    "List A": {
        "matches": "3",
        "runs": "16",
        "bat avg": "8.00",
        "100s/50s": "0/0",
        "top score": "16",
        "deliveries": "126",
        "wickets": "1",
        "bowl avg": "82.00",
        "fivefor": "0",
        "tenfor": "0",
        "best bowling": "1/20",
        "catches/stumpings": "1/\u2013"
    },
    "clubs": {
        "Lahore City Whites": "1984/85",
        "Lahore City": "1988/89"
    },
    "birth_date": "1962-2-7"
}