{
    "name": "Al Sahariar Rokon",
    "heightm": "1.81",
    "birth_place": "Dhaka, Bangladesh",
    "country": "Bangladesh",
    "batting": "Right-handed",
    "bowling": "Leg-break",
    "testdebutagainst": "India",
    "testdebutdate": "10 November",
    "testdebutyear": "2000",
    "lasttestagainst": "Australia",
    "lasttestdate": "18 July",
    "lasttestyear": "2003",
    "testcap": "2",
    "odidebutagainst": "Pakistan",
    "odidebutdate": "16 March",
    "odidebutyear": "1999",
    "lastodiagainst": "Australia",
    "lastodidate": "3 August",
    "lastodiyear": "2003",
    "odicap": "44",
    "odishirt": "33 (previously 1)",
    "source": "https://www.espncricinfo.com/bangladesh/content/player/56219.html Cricinfo",
    "module": "Infobox officeholder",
    "embed": "yes",
    "spouse": "Pinky Mahjabin (m. 2000)",
    "children": "Sameer Al Sahariar Naisa Simran Sahariar  ",
    "Tests": {
        "matches": "15",
        "runs": "683",
        "bat avg": "22.76",
        "100s/50s": "0/4",
        "top score": "71",
        "deliveries": "\u2013",
        "wickets": "\u2013",
        "bowl avg": "\u2013",
        "fivefor": "\u2013",
        "tenfor": "\u2013",
        "best bowling": "\u2013",
        "catches/stumpings": "10/\u2013"
    },
    "ODIs": {
        "matches": "29",
        "runs": "374",
        "bat avg": "13.35",
        "100s/50s": "0/2",
        "deliveries": "\u2013",
        "wickets": "\u2013",
        "bowl avg": "\u2013",
        "fivefor": "\u2013",
        "tenfor": "\u2013",
        "best bowling": "\u2013",
        "catches/stumpings": "7/\u2013"
    },
    "FC": {
        "matches": "68",
        "runs": "3596",
        "bat avg": "29.96",
        "100s/50s": "4/24",
        "deliveries": "416",
        "wickets": "3",
        "bowl avg": "90.66",
        "fivefor": "0",
        "tenfor": "0",
        "best bowling": "1/46",
        "catches/stumpings": "41/\u2013"
    },
    "clubs": {},
    "birth_date": "1978-4-23"
}