{
    "name": "Mohammad Alamgir Kabir",
    "birth_place": "Chapai Nawabganj, Bangladesh",
    "batting": "Right-handed",
    "bowling": "Right-arm Right-arm medium-fast",
    "internationalspan": "2002\u20132004",
    "country": "Bangladesh",
    "testdebutagainst": "Sri Lanka",
    "testdebutdate": "21 July",
    "testdebutyear": "2002",
    "lasttestagainst": "Zimbabwe",
    "lasttestdate": "26 February",
    "lasttestyear": "2004",
    "testcap": "22",
    "source": "http://content-aus.cricinfo.com/ci/content/player/56249.html CricInfo",
    "Test": {
        "matches": "3",
        "runs": "8",
        "bat avg": "2.00",
        "100s/50s": "0/0",
        "top score": "4",
        "deliveries": "261",
        "wickets": "0",
        "bowl avg": "\u2013",
        "fivefor": "\u2013",
        "tenfor": "\u2013",
        "best bowling": "\u2013",
        "catches/stumpings": "0/\u2013"
    },
    "First-class": {
        "matches": "38",
        "runs": "413",
        "bat avg": "8.60",
        "100s/50s": "0/0",
        "deliveries": "5,812",
        "wickets": "126",
        "bowl avg": "26.65",
        "fivefor": "5",
        "tenfor": "0",
        "best bowling": "6/71",
        "catches/stumpings": "11/\u2013"
    },
    "clubs": {},
    "birth_date": "January 10, 1981"
}