{
    "name": "Alamgir Sheriyar",
    "country": "England",
    "birth_place": "Birmingham, Warwickshire, England",
    "batting": "Right-handed",
    "bowling": "Left-arm Left-arm fast-medium",
    "source": "https://www.espncricinfo.com/player/alamgir-sheriyar-20162 Cricinfo ",
    "FC": {
        "matches": "152",
        "runs": "829",
        "bat avg": "8.29",
        "100s/50s": "0/0",
        "top score": "21",
        "deliveries": "25,890",
        "wickets": "503",
        "bowl avg": "29.99",
        "fivefor": "23",
        "tenfor": "3",
        "best bowling": "7/130",
        "catches/stumpings": "22/\u2013"
    },
    "LA": {
        "matches": "122",
        "runs": "156",
        "bat avg": "9.17",
        "100s/50s": "0/0",
        "top score": "19",
        "deliveries": "4,682",
        "wickets": "133",
        "bowl avg": "28.99",
        "fivefor": "0",
        "tenfor": "0",
        "best bowling": "4/18",
        "catches/stumpings": "7/\u2013"
    },
    "T20": {
        "matches": "3",
        "runs": "13",
        "bat avg": "\u2013",
        "100s/50s": "\u2013",
        "deliveries": "60",
        "wickets": "2",
        "bowl avg": "32.00",
        "fivefor": "0",
        "tenfor": "0",
        "best bowling": "1/18",
        "catches/stumpings": "0/\u2013"
    },
    "clubs": {
        "Leicestershire": "2006",
        "Worcestershire": "2005",
        "Kent": "2003&ndash;2004"
    },
    "birth_date": "1973-11-15"
}