{
    "name": "Alan Thomson",
    "country": "Australia",
    "fullname": "Alan Lloyd Thomson",
    "birth_place": "Reservoir, Victoria, Australia",
    "death_date": "2022",
    "nickname": "Froggy",
    "heightcm": "188",
    "batting": "Right-handed",
    "bowling": "Right-arm Right-arm fast-medium",
    "oneodi": "true",
    "testdebutdate": "27 November",
    "testdebutyear": "1970",
    "testdebutagainst": "England",
    "testcap": "250",
    "lasttestdate": "29 January",
    "lasttestyear": "1971",
    "lasttestagainst": "England",
    "odidebutdate": "5 January",
    "odidebutyear": "1971",
    "odidebutagainst": "England",
    "odicap": "10",
    "source": "https://cricketarchive.com/Archive/Players/1/1363/1363.html Cricket Archive ",
    "Test": {
        "matches": "4",
        "runs": "22",
        "bat avg": "22.00",
        "100s/50s": "0/0",
        "deliveries": "1,519",
        "wickets": "12",
        "bowl avg": "54.50",
        "fivefor": "0",
        "tenfor": "0",
        "best bowling": "3/79",
        "catches/stumpings": "0/\u2013"
    },
    "ODI": {
        "matches": "1",
        "runs": "\u2013",
        "bat avg": "\u2013",
        "100s/50s": "\u2013",
        "top score": "\u2013",
        "deliveries": "64",
        "wickets": "1",
        "bowl avg": "22.00",
        "fivefor": "0",
        "tenfor": "0",
        "best bowling": "1/22",
        "catches/stumpings": "0/\u2013"
    },
    "FC": {
        "matches": "44",
        "runs": "260",
        "bat avg": "8.12",
        "100s/50s": "0/0",
        "deliveries": "11,215",
        "wickets": "184",
        "bowl avg": "26.72",
        "fivefor": "12",
        "tenfor": "3",
        "best bowling": "8/87",
        "catches/stumpings": "12/\u2013"
    },
    "LA": {
        "matches": "7",
        "runs": "0",
        "bat avg": "0.00",
        "100s/50s": "0/0",
        "deliveries": "429",
        "wickets": "12",
        "bowl avg": "17.16",
        "fivefor": "0",
        "tenfor": "0",
        "best bowling": "4/13",
        "catches/stumpings": "0/\u2013"
    },
    "clubs": {
        "Victoria": "1968/69\u20131974/75"
    },
    "birth_date": "1945-12-2"
}