{
    "name": "Alan Fairfax",
    "birth_place": "Summer Hill, New South Wales, Sydney",
    "death_date": "1955",
    "death_place": "Kensington, London, England",
    "batting": "Right-handed",
    "bowling": "Right-arm Right-arm fast-medium",
    "country": "Australia",
    "testdebutagainst": "England",
    "testdebutdate": "8 March",
    "testdebutyear": "1929",
    "testcap": "131",
    "lasttestdate": "27 February",
    "lasttestagainst": "West Indies",
    "lasttestyear": "1931",
    "source": "https://cricketarchive.com/Archive/Players/0/499/499.html CricketArchive",
    "Test": {
        "matches": "10",
        "runs": "410",
        "bat avg": "51.25",
        "100s/50s": "0/4",
        "top score": "65",
        "deliveries": "1,520",
        "wickets": "21",
        "bowl avg": "30.71",
        "fivefor": "0",
        "tenfor": "0",
        "best bowling": "4/31",
        "catches/stumpings": "15/\u2013"
    },
    "First-class": {
        "matches": "56",
        "runs": "1,910",
        "bat avg": "28.93",
        "100s/50s": "1/9",
        "top score": "104",
        "deliveries": "9,897",
        "wickets": "134",
        "bowl avg": "27.87",
        "fivefor": "2",
        "tenfor": "0",
        "best bowling": "6/54",
        "catches/stumpings": "41/\u2013"
    },
    "clubs": {},
    "birth_date": "1906-6-16"
}