{
    "name": "Herbert Alan Peach",
    "birth_place": "Maidstone, Kent, England",
    "death_date": "8 October 1961 (aged 70)",
    "death_place": "North End, Newbury, Berkshire, England",
    "batting": "Right-handed",
    "bowling": "Right-arm Right-arm medium",
    "source": "https://www.espncricinfo.com/player/harry-peach-18833",
    "First-class": {
        "matches": "338",
        "runs": "8,940",
        "bat avg": "23.71",
        "100s/50s": "4/49",
        "deliveries": "54,883",
        "wickets": "795",
        "bowl avg": "26.58",
        "fivefor": "30",
        "tenfor": "1",
        "best bowling": "8/60",
        "catches/stumpings": "182/\u2013"
    },
    "clubs": {}
}