{
    "name": "Alan Duff",
    "batting": "Right-handed",
    "bowling": "Leg-break Leg-break googly",
    "source": "http://content-uk.cricinfo.com/england/content/player/12263.html Cricinfo",
    "First-class": {
        "matches": "36",
        "runs": "676",
        "bat avg": "13.48",
        "100s/50s": "0/3",
        "deliveries": "3,262",
        "wickets": "54",
        "bowl avg": "25.85",
        "fivefor": "0",
        "tenfor": "0",
        "best bowling": "4/24",
        "catches/stumpings": "33/\u2013"
    },
    "clubs": {}
}