{
    "first": "RU",
    "name": "Alan Walker",
    "fullname": "Alan Keith Walker",
    "birth_place": "Australia",
    "death_date": "df=y",
    "death_place": "Australia",
    "position": "CE",
    "year1start": "1952",
    "appearances1": "1",
    "tries1": "0",
    "goals1": "0",
    "fieldgoals1": "0",
    "points1": "0",
    "year2start": "1953",
    "year2end": "54",
    "appearances2": "9",
    "tries2": "2",
    "goals2": "0",
    "fieldgoals2": "0",
    "points2": "6",
    "ru_teamA": "Australia",
    "ru_yearAstart": "1947",
    "ru_yearAend": "50",
    "ru_appearancesA": "5",
    "ru_triesA": "19",
    "ru_goalsA": "0",
    "ru_fieldgoalsA": "0",
    "ru_pointsA": "76",
    "updated": "30 Jul 2021",
    "new": "yes",
    "module": "Infobox cricketer",
    "embed": "yes",
    "country": "Australia",
    "batting": "Left-handed",
    "bowling": "Left-arm Left-arm fast-medium",
    "clubs": {
        "New South Wales": "1948/49",
        "Nottinghamshire": "1956  "
    },
    "birth_date": "1925-10-4"
}