{
    "name": "Alan Burridge",
    "country": "England",
    "fullname": "Alan James Burridge",
    "nickname": "Budgie",
    "birth_place": "Sunderland, County Durham, England",
    "batting": "Left-handed",
    "bowling": "Right-arm Right-arm slow",
    "source": "https://www.espncricinfo.com/player/alan-burridge-10178 Cricinfo ",
    "First-class": {
        "matches": "1",
        "runs": "42",
        "bat avg": "21.00",
        "100s/50s": "0/0",
        "top score": "37",
        "deliveries": "\u2013",
        "wickets": "\u2013",
        "bowl avg": "\u2013",
        "fivefor": "\u2013",
        "tenfor": "\u2013",
        "best bowling": "\u2013",
        "catches/stumpings": "0/\u2013"
    },
    "List A": {
        "matches": "36",
        "runs": "639",
        "bat avg": "18.79",
        "100s/50s": "2/0",
        "top score": "95",
        "deliveries": "170",
        "wickets": "5",
        "bowl avg": "28.20",
        "fivefor": "0",
        "tenfor": "0",
        "best bowling": "3/40",
        "catches/stumpings": "15/\u2013"
    },
    "clubs": {
        "Durham": "1961\u20131972",
        "Minor Counties North": "1972\u20131974",
        "Lincolnshire": "1973\u20131974",
        "Minor Counties": "1973",
        "Minor Counties South": "1975",
        "Hertfordshire": "1975\u20131978",
        "Minor Counties West": "1976\u20131978"
    },
    "birth_date": "1936-10-8"
}