{
    "name": "Alan Dawson",
    "birth_place": "Cape Town, Cape Province",
    "country": "South Africa",
    "batting": "Right-handed",
    "bowling": "Right-arm Right-arm medium-fast",
    "source": "http://www.espncricinfo.com/ci/content/player/44682.html ESPNcricinfo",
    "module": "Infobox medal templates",
    "titlestyle": "background-color: lightsteelblue;",
    "expand": "yes",
    "Test": {
        "matches": "2",
        "runs": "10",
        "bat avg": "10.00",
        "100s/50s": "0/0",
        "top score": "10",
        "deliveries": "252",
        "wickets": "5",
        "bowl avg": "23.39",
        "fivefor": "0",
        "tenfor": "0",
        "best bowling": "2/20",
        "catches/stumpings": "0/\u2013"
    },
    "ODI": {
        "matches": "19",
        "runs": "69",
        "bat avg": "23.00",
        "100s/50s": "0/0",
        "deliveries": "901",
        "wickets": "21",
        "bowl avg": "34.04",
        "fivefor": "0",
        "tenfor": "0",
        "best bowling": "4/49",
        "catches/stumpings": "2/\u2013"
    },
    "clubs": {
        "Western Province": "1992/93\u20132004/05",
        "Western Province Boland/Cape Cobras": "2005/06\u20132006/07"
    },
    "birth_date": "27 November 1969",
    "medaltemplates": [
        "Country: {{RSA}}",
        "Sport: Men's Cricket",
        "Competition: Commonwealth Games",
        "Gold Medal: 1998 Kuala Lumpur List-A cricket"
    ]
}