{
    "name": "Alan Richardson",
    "country": "England",
    "fullname": "Alan Richardson",
    "birth_place": "Newcastle-under-Lyme, Staffordshire, England",
    "heightft": "6",
    "heightinch": "2",
    "batting": "Right-handed",
    "bowling": "Right-arm medium Right-arm medium pace",
    "type1": "FC",
    "debutdate1": "25 May",
    "debutyear1": "1995",
    "debutfor1": "Derbyshire",
    "debutagainst1": "Oxford University",
    "type2": "LA",
    "debutdate2": "27 August",
    "debutyear2": "1995",
    "debutfor2": "Derbyshire",
    "debutagainst2": "Bedfordshire",
    "lastdate2": "30 August",
    "lastyear2": "2010",
    "lastfor2": "Worcestershire",
    "lastagainst2": "Somerset",
    "source": "https://cricketarchive.com/Archive/Players/4/4606/4606.html CricketArchive ",
    "FC": {
        "matches": "169",
        "runs": "1,176",
        "bat avg": "10.59",
        "100s/50s": "0/1",
        "top score": "91",
        "deliveries": "32,892",
        "wickets": "569",
        "bowl avg": "26.37",
        "fivefor": "23",
        "tenfor": "4",
        "best bowling": "8/37",
        "catches/stumpings": "50/\u2013"
    },
    "LA": {
        "matches": "66",
        "runs": "107",
        "bat avg": "10.70",
        "100s/50s": "0/0",
        "deliveries": "2,860",
        "wickets": "65",
        "bowl avg": "34.46",
        "fivefor": "1",
        "tenfor": "0",
        "best bowling": "5/35",
        "catches/stumpings": "14/\u2013"
    },
    "T20": {
        "matches": "11",
        "runs": "6",
        "bat avg": "6.00",
        "100s/50s": "0/0",
        "deliveries": "228",
        "wickets": "10",
        "bowl avg": "26.80",
        "fivefor": "0",
        "tenfor": "0",
        "best bowling": "3/13",
        "catches/stumpings": "2/\u2013"
    },
    "clubs": {
        "Derbyshire": "1995",
        "Staffordshire": "1996\u20131998",
        "Warwickshire": "1999\u20132004",
        "Middlesex": "2005\u20132009",
        "Worcestershire": "2010\u20132013"
    },
    "birth_date": "1975-5-6"
}