{
    "name": "Alan Wharton",
    "birth_place": "Heywood, Lancashire, England",
    "death_date": "1993",
    "death_place": "Colne, Lancashire, England",
    "batting": "Left-handed",
    "bowling": "Right-arm Right-arm medium",
    "country": "England",
    "testdebutagainst": "New Zealand",
    "testdebutdate": "11 June",
    "testdebutyear": "1949",
    "source": "http://content-aus.cricinfo.com/ci/content/player/22381.html CricInfo",
    "module": "infobox rugby league biography",
    "embed": "yes",
    "Test": {
        "matches": "1",
        "runs": "20",
        "bat avg": "10.00",
        "100s/50s": "0/0",
        "top score": "13",
        "deliveries": "&ndash;",
        "wickets": "&ndash;",
        "bowl avg": "&ndash;",
        "fivefor": "&ndash;",
        "tenfor": "&ndash;",
        "best bowling": "&ndash;",
        "catches/stumpings": "0/&ndash;"
    },
    "First-class": {
        "matches": "482",
        "runs": "21,796",
        "bat avg": "32.24",
        "100s/50s": "31/110",
        "top score": "199",
        "deliveries": "16,844",
        "wickets": "237",
        "bowl avg": "31.59",
        "fivefor": "2",
        "tenfor": "0",
        "best bowling": "7/33",
        "catches/stumpings": "288/&ndash;"
    },
    "clubs": {
        "Salford  ": ""
    },
    "birth_date": "1923-4-30"
}