{
    "name": "Alan Brown",
    "country": "England",
    "birth_place": "Rainworth, Nottinghamshire",
    "batting": "Right-handed",
    "bowling": "Right-arm Right-arm fast-medium",
    "testdebutfor": "England",
    "testdebutagainst": "Pakistan",
    "testdebutdate": "21 October",
    "testdebutyear": "1961",
    "lasttestdate": "11 November",
    "lasttestfor": "England",
    "lasttestagainst": "India",
    "lasttestyear": "1961",
    "source": "http://www.espncricinfo.com/ci/content/player/9249.html CricInfo",
    "Test": {
        "matches": "2",
        "runs": "3",
        "bat avg": "\u2013",
        "100s/50s": "0/0",
        "deliveries": "323",
        "wickets": "3",
        "bowl avg": "50.00",
        "fivefor": "0",
        "tenfor": "0",
        "best bowling": "3/27",
        "catches/stumpings": "1/\u2013"
    },
    "FC": {
        "matches": "251",
        "runs": "2,189",
        "bat avg": "9.72",
        "100s/50s": "0/3",
        "top score": "81",
        "deliveries": "40,603",
        "wickets": "743",
        "bowl avg": "24.66",
        "fivefor": "26",
        "tenfor": "4",
        "best bowling": "8/47",
        "catches/stumpings": "104/\u2013"
    },
    "LA": {
        "matches": "31",
        "runs": "194",
        "bat avg": "9.70",
        "100s/50s": "0/0",
        "top score": "37",
        "deliveries": "1,516",
        "wickets": "37",
        "bowl avg": "25.54",
        "fivefor": "0",
        "tenfor": "0",
        "best bowling": "4/17",
        "catches/stumpings": "8/\u2013"
    },
    "clubs": {},
    "birth_date": "1935-10-17"
}