{
    "name": "Alan Butcher",
    "country": "England",
    "fullname": "Alan Raymond Butcher",
    "birth_place": "Croydon, Surrey, England",
    "batting": "Left-handed",
    "bowling": "Left-arm medium Slow left-arm Left-arm medium Slow left-arm orthodox",
    "heightft": "5",
    "heightinch": "8",
    "family": "Ian Butcher (brother) Martin Butcher (brother) Mark Butcher (son) Gary Butcher (son)",
    "onetest": "true",
    "testdebutdate": "30 August",
    "testdebutyear": "1979",
    "testdebutagainst": "India",
    "testcap": "482",
    "oneodi": "true",
    "odidebutdate": "20 August",
    "odidebutyear": "1980",
    "odidebutagainst": "Australia",
    "odicap": "57",
    "source": "http://www.espncricinfo.com/ci/content/player/9323.html ESPNcricinfo ",
    "Test": {
        "matches": "1",
        "runs": "34",
        "bat avg": "17.00",
        "100s/50s": "0/0",
        "top score": "20",
        "deliveries": "12",
        "wickets": "0",
        "bowl avg": "\u2013",
        "fivefor": "\u2013",
        "tenfor": "\u2013",
        "best bowling": "\u2013",
        "catches/stumpings": "0/\u2013"
    },
    "ODI": {
        "matches": "1",
        "runs": "14",
        "bat avg": "14.00",
        "100s/50s": "0/0",
        "top score": "14",
        "deliveries": "\u2013",
        "wickets": "\u2013",
        "bowl avg": "\u2013",
        "fivefor": "\u2013",
        "tenfor": "\u2013",
        "best bowling": "\u2013",
        "catches/stumpings": "0/\u2013"
    },
    "FC": {
        "matches": "402",
        "runs": "22,667",
        "bat avg": "36.32",
        "100s/50s": "46/123",
        "deliveries": "10,008",
        "wickets": "141",
        "bowl avg": "38.53",
        "fivefor": "1",
        "tenfor": "0",
        "best bowling": "6/48",
        "catches/stumpings": "185/\u2013"
    },
    "LA": {
        "matches": "359",
        "runs": "9,619",
        "bat avg": "31.43",
        "100s/50s": "7/56",
        "top score": "140",
        "deliveries": "3,788",
        "wickets": "75",
        "bowl avg": "33.72",
        "fivefor": "1",
        "tenfor": "0",
        "best bowling": "5/19",
        "catches/stumpings": "85/\u2013"
    },
    "clubs": {
        "Surrey": "1972\u20131998",
        "Glamorgan": "1987\u20131992"
    },
    "birth_date": "1954-1-7"
}