{
    "country": "England",
    "fullname": "Alan Morris",
    "birth_place": "Staveley, Derbyshire, England",
    "batting": "Right-handed",
    "bowling": "Leg Leg break",
    "source": "https://www.espncricinfo.com/player/alan-morris-17238 Cricinfo ",
    "First-class": {
        "matches": "49",
        "runs": "1,188",
        "bat avg": "15.63",
        "100s/50s": "\u2013/4",
        "top score": "74",
        "deliveries": "153",
        "wickets": "0",
        "bowl avg": "\u2013",
        "fivefor": "\u2013",
        "tenfor": "\u2013",
        "best bowling": "\u2013",
        "catches/stumpings": "31/\u2013"
    },
    "List A": {
        "matches": "21",
        "runs": "290",
        "bat avg": "18.12",
        "100s/50s": "\u2013/\u2013",
        "top score": "49",
        "deliveries": "0",
        "wickets": "\u2013",
        "bowl avg": "\u2013",
        "fivefor": "\u2013",
        "tenfor": "\u2013",
        "best bowling": "\u2013",
        "catches/stumpings": "5/\u2013"
    },
    "clubs": {
        "Derbyshire": "1974&ndash;1978",
        "Griqualand West": "1979/80"
    },
    "birth_date": "1953-8-23"
}