{
    "name": "Alan Smith",
    "fullname": "Alan Christopher Smith",
    "birth_place": "Hall Green, Birmingham, Warwickshire",
    "country": "England",
    "testdebutagainst": "Australia",
    "testdebutdate": "30 November",
    "testdebutyear": "1962",
    "lasttestdate": "15 March",
    "lasttestagainst": "New Zealand",
    "lasttestyear": "1963",
    "batting": "Right-handed",
    "bowling": "Right-arm Right-arm fast-medium",
    "source": "http://content-aus.cricinfo.com/ci/content/player/20222.html Cricinfo",
    "Test": {
        "matches": "6",
        "runs": "118",
        "bat avg": "29.50",
        "100s/50s": "0/1",
        "deliveries": "\u2013",
        "wickets": "\u2013",
        "bowl avg": "\u2013",
        "fivefor": "\u2013",
        "tenfor": "\u2013",
        "best bowling": "\u2013",
        "catches/stumpings": "20/\u2013"
    },
    "FC": {
        "matches": "428",
        "runs": "11,027",
        "bat avg": "20.92",
        "100s/50s": "3/38",
        "top score": "145",
        "deliveries": "7,158",
        "wickets": "131",
        "bowl avg": "23.46",
        "fivefor": "2",
        "tenfor": "0",
        "best bowling": "5/32",
        "catches/stumpings": "715/61"
    },
    "LA": {
        "matches": "82",
        "runs": "594",
        "bat avg": "14.14",
        "100s/50s": "0/0",
        "deliveries": "1,038",
        "wickets": "19",
        "bowl avg": "33.68",
        "fivefor": "1",
        "tenfor": "0",
        "best bowling": "5/19",
        "catches/stumpings": "58/2"
    },
    "clubs": {},
    "birth_date": "1936-10-25"
}