{
    "name": "Alan Moss",
    "fullname": "Alan Edward Moss",
    "birth_place": "Tottenham, London, England",
    "death_date": "2019",
    "batting": "Right-handed",
    "bowling": "Right-arm Right-arm fast-medium",
    "country": "England",
    "testdebutagainst": "West Indies",
    "testdebutdate": "15 January",
    "testdebutyear": "1954",
    "lasttestdate": "7 July",
    "lasttestagainst": "South Africa",
    "lasttestyear": "1960",
    "source": "http://content-aus.cricinfo.com/ci/content/player/17114.html CricInfo",
    "Test": {
        "matches": "9",
        "runs": "61",
        "bat avg": "10.16",
        "100s/50s": "0/0",
        "top score": "26",
        "deliveries": "1,657",
        "wickets": "21",
        "bowl avg": "29.80",
        "fivefor": "0",
        "tenfor": "0",
        "best bowling": "4/35",
        "catches/stumpings": "1/\u2013"
    },
    "First-class": {
        "matches": "382",
        "runs": "1,671",
        "bat avg": "6.99",
        "100s/50s": "0/0",
        "top score": "40",
        "deliveries": "63,523",
        "wickets": "1,301",
        "bowl avg": "20.78",
        "fivefor": "65",
        "tenfor": "13",
        "best bowling": "8/31",
        "catches/stumpings": "143/\u2013"
    },
    "clubs": {},
    "birth_date": "1930-11-14"
}