{
    "name": "Alan Igglesden",
    "fullname": "Alan Paul Igglesden",
    "birth_place": "Farnborough, Kent, England",
    "death_date": "2021",
    "death_place": "Apperley Bridge, West Yorkshire, England",
    "batting": "Right-handed",
    "bowling": "Right-arm Right-arm fast-medium",
    "country": "England",
    "internationalspan": "1989\u20131993/94",
    "testdebutdate": "24 August",
    "testdebutyear": "1989",
    "testdebutfor": "England",
    "testdebutagainst": "Australia",
    "testcap": "540",
    "lasttestdate": "17 March",
    "lasttestyear": "1994",
    "lasttestfor": "England",
    "lasttestagainst": "West Indies",
    "odidebutdate": "16 February",
    "odidebutyear": "1994",
    "odidebutfor": "England",
    "odidebutagainst": "West Indies",
    "odicap": "123",
    "lastodidate": "5 March",
    "lastodiyear": "1994",
    "lastodifor": "England",
    "lastodiagainst": "West Indies",
    "source": "https://www.espncricinfo.com/player/alan-igglesden-15380 CricInfo ",
    "Tests": {
        "matches": "3",
        "runs": "6",
        "bat avg": "3.00",
        "100s/50s": "0/0",
        "deliveries": "555",
        "wickets": "6",
        "bowl avg": "54.83",
        "fivefor": "0",
        "tenfor": "0",
        "best bowling": "2/91",
        "catches/stumpings": "1/\u2013"
    },
    "ODIs": {
        "matches": "4",
        "runs": "20",
        "bat avg": "10.00",
        "100s/50s": "0/0",
        "top score": "18",
        "deliveries": "168",
        "wickets": "2",
        "bowl avg": "61.00",
        "fivefor": "0",
        "tenfor": "0",
        "best bowling": "2/12",
        "catches/stumpings": "1/\u2013"
    },
    "FC": {
        "matches": "154",
        "runs": "876",
        "bat avg": "8.34",
        "100s/50s": "0/0",
        "top score": "41",
        "deliveries": "26,579",
        "wickets": "503",
        "bowl avg": "26.81",
        "fivefor": "23",
        "tenfor": "4",
        "best bowling": "7/28",
        "catches/stumpings": "40/\u2013"
    },
    "LA": {
        "matches": "151",
        "runs": "185",
        "bat avg": "10.27",
        "100s/50s": "0/0",
        "deliveries": "7,225",
        "wickets": "190",
        "bowl avg": "24.60",
        "fivefor": "2",
        "tenfor": "0",
        "best bowling": "5/13",
        "catches/stumpings": "29/\u2013"
    },
    "clubs": {
        "Kent": "1986\u20131998",
        "Western Province": "1987/88\u20131988/89",
        "Boland": "1992/93",
        "Berkshire": "1999"
    },
    "birth_date": "1964-10-8"
}