{
    "name": "Alan McGilvray",
    "country": "Australia",
    "fullname": "Alan David McGilvray",
    "birth_place": "Birchgrove, Sydney, New South Wales, Australia",
    "death_date": "1996",
    "death_place": "Sydney, Australia",
    "batting": "Left-handed",
    "bowling": "Right-arm Right-arm fast-medium",
    "source": "https://cricketarchive.com/Archive/Players/3/3319/3319.html CricketArchive",
    "First-class": {
        "matches": "20",
        "runs": "684",
        "bat avg": "24.42",
        "100s/50s": "0/3",
        "top score": "68",
        "deliveries": "2813",
        "wickets": "20",
        "bowl avg": "54.04",
        "fivefor": "0",
        "tenfor": "0",
        "best bowling": "3/35",
        "catches/stumpings": "20/0"
    },
    "clubs": {
        "New South Wales": "1933/34\u20131936/37"
    },
    "birth_date": "1909-12-6"
}