{
    "country": "England",
    "fullname": "Alan Esmond Warner",
    "birth_place": "Winson Green, Warwickshire, England",
    "batting": "Right-handed",
    "bowling": "Right-arm Right-arm fast-medium",
    "source": "https://www.espncricinfo.com/player/alan-warner-22308 Cricinfo ",
    "First-class": {
        "matches": "200",
        "runs": "3,763",
        "bat avg": "17.10",
        "100s/50s": "\u2013/15",
        "deliveries": "26,942",
        "wickets": "426",
        "bowl avg": "31.45",
        "fivefor": "8",
        "tenfor": "1",
        "best bowling": "6/21",
        "catches/stumpings": "46/\u2013"
    },
    "List A": {
        "matches": "227",
        "runs": "1,356",
        "bat avg": "12.44",
        "100s/50s": "\u2013/2",
        "top score": "68",
        "deliveries": "10,154",
        "wickets": "275",
        "bowl avg": "27.81",
        "fivefor": "1",
        "tenfor": "\u2013",
        "best bowling": "5/39",
        "catches/stumpings": "30/\u2013"
    },
    "clubs": {
        "Worcestershire": "1982&ndash;1984",
        "Derbyshire": "1985&ndash;1996",
        "Worcestershire Cricket Board": "2000"
    },
    "birth_date": "1957-5-12"
}