{
    "name": "Alan Spencer",
    "batting": "Right-handed",
    "bowling": "Right arm Right arm off-break",
    "source": "http://content-uk.cricinfo.com/england/content/player/20952.html Cricinfo",
    "First-class": {
        "matches": "27",
        "runs": "934",
        "bat avg": "18.31",
        "100s/50s": "0/4",
        "top score": "85",
        "deliveries": "42",
        "wickets": "0",
        "bowl avg": "\u2013",
        "fivefor": "\u2013",
        "tenfor": "\u2013",
        "best bowling": "\u2013",
        "catches/stumpings": "22/\u2013"
    },
    "clubs": {}
}