{
    "name": "Alastair James Hignell    CBE",
    "birth_place": "Ely, Cambridgeshire, England",
    "occupation": "Schoolmaster and Professional Cricketer",
    "university": "Cambridge University",
    "spouse": "Jeannie (married 1980)",
    "children": "Adam, Dan",
    "relatives": "AF Hignell (father)",
    "ru_position": "Fullback",
    "amatteam1": "Bristol",
    "repyears1": "1975 \u2013 1979",
    "repteam1": "England",
    "repcaps1": "14",
    "reppoints1": "48",
    "website": "http://www.alastairhignell.com ",
    "clubs": {},
    "birth_date": "1955-9-4"
}