{
    "name": "Albert Moss",
    "fullname": "Albert Edward Moss",
    "birth_place": "Hugglescote, Leicestershire, England",
    "death_date": "1945",
    "death_place": "Hadleigh, Essex, England",
    "bowling": "Right-arm Right-arm fast",
    "source": "http://www.cricketarchive.co.uk/Archive/Players/22/22531/22531.html CricketArchive",
    "First-class": {
        "matches": "4",
        "runs": "13",
        "bat avg": "2.60",
        "100s/50s": "0/0",
        "top score": "8",
        "deliveries": "1,024",
        "wickets": "26",
        "bowl avg": "10.96",
        "fivefor": "2",
        "tenfor": "1",
        "best bowling": "10-28",
        "catches/stumpings": "6/0"
    },
    "clubs": {},
    "birth_date": "1863-10-3"
}