{
    "country": "England",
    "fullname": "Albert Champion",
    "birth_place": "Handsworth, Yorkshire, England",
    "death_date": "df=yes",
    "death_place": "Wadsley Asylum, Yorkshire, England",
    "batting": "Left-handed",
    "bowling": "Right-arm Right-arm medium",
    "source": "http://www.espncricinfo.com/england/content/player/11080.html Cricinfo ",
    "First-class": {
        "matches": "18",
        "runs": "218",
        "bat avg": "8.07",
        "100s/50s": "\u2013/\u2013",
        "top score": "29",
        "deliveries": "84",
        "wickets": "1",
        "bowl avg": "17.00",
        "fivefor": "\u2013",
        "tenfor": "\u2013",
        "best bowling": "1/10",
        "catches/stumpings": "9/\u2013"
    },
    "clubs": {
        "Yorkshire": "1876&ndash;1879",
        "Lancashire": "1886"
    }
}