{
    "name": "Albert Hallam",
    "birth_place": "East Leake, Nottinghamshire, England",
    "death_date": "24 July 1940 (aged 70)",
    "death_place": "Loughborough, England",
    "batting": "Right-handed",
    "bowling": "Right-arm off Right-arm off break",
    "source": "http://www.cricketarchive.co.uk/Archive/Players/29/29900/29900.html CricketArchive",
    "First-class": {
        "matches": "273",
        "runs": "2,606",
        "bat avg": "9.83",
        "100s/50s": "0/2",
        "top score": "57",
        "deliveries": "52,810",
        "wickets": "1,012",
        "bowl avg": "19.02",
        "fivefor": "63",
        "tenfor": "10",
        "best bowling": "8/63",
        "catches/stumpings": "173/\u2013"
    },
    "clubs": {}
}