{
    "name": "Albert Knight",
    "country": "England",
    "fullname": "Albert Ernest Knight",
    "birth_place": "Leicester, England",
    "death_date": "1946",
    "death_place": "Edmonton, Middlesex, England",
    "batting": "Right-handed",
    "testdebutdate": "1 January",
    "testdebutyear": "1904",
    "testdebutagainst": "Australia",
    "testcap": "141",
    "lasttestdate": "8 March",
    "lasttestyear": "1904",
    "lasttestagainst": "Australia",
    "source": "http://www.cricinfo.com/england/content/player/15908.html Cricinfo ",
    "Test": {
        "matches": "3",
        "runs": "81",
        "bat avg": "16.20",
        "100s/50s": "0/1",
        "deliveries": "\u2013",
        "wickets": "\u2013",
        "bowl avg": "\u2013",
        "fivefor": "\u2013",
        "tenfor": "\u2013",
        "best bowling": "\u2013",
        "catches/stumpings": "1/\u2013"
    },
    "First-class": {
        "matches": "391",
        "runs": "19,357",
        "bat avg": "29.24",
        "100s/50s": "34/91",
        "deliveries": "156",
        "wickets": "4",
        "bowl avg": "29.25",
        "fivefor": "0",
        "tenfor": "0",
        "best bowling": "2/34",
        "catches/stumpings": "133/\u2013"
    },
    "clubs": {
        "Leicestershire": "1895\u20131912",
        "London County": "1903\u20131904"
    },
    "birth_date": "1872-10-8"
}