{
    "name": "Albert Widdowson",
    "country": "England",
    "fullname": "Albert Widdowson",
    "birth_place": "Bingham, Nottinghamshire, England",
    "death_date": "1938",
    "death_place": "Duffield, Derbyshire, England",
    "type1": "FC",
    "debutdate1": "16 July",
    "debutyear1": "1894",
    "debutfor1": "Derbyshire",
    "debutagainst1": "Surrey",
    "onetype1": "true",
    "source": "https://cricketarchive.com/Players/33/33846/33846.html CricketArchive ",
    "First-class": {
        "matches": "1",
        "runs": "1",
        "bat avg": "1.00",
        "100s/50s": "0/0",
        "top score": "1",
        "catches/stumpings": "0/\u2013"
    },
    "clubs": {
        "Derbyshire": "1894"
    },
    "birth_date": "1864-3-31"
}