{
    "country": "Bermuda",
    "fullname": "Albert Bertie Steede",
    "birth_place": "Bermuda",
    "batting": "Right-handed",
    "source": "https://cricketarchive.com/Archive/Players/5/5414/5414.html CricketArchive ",
    "List A": {
        "matches": "19",
        "runs": "301",
        "bat avg": "16.72",
        "100s/50s": "&ndash;/&ndash;",
        "top score": "47",
        "deliveries": "&ndash;",
        "wickets": "&ndash;",
        "bowl avg": "&ndash;",
        "fivefor": "&ndash;",
        "tenfor": "&ndash;",
        "best bowling": "&ndash;",
        "catches/stumpings": "5/&ndash;"
    },
    "clubs": {},
    "birth_date": "1968-5-17"
}