{
    "name": "Albert Shutt",
    "birth_place": "Stockton-on-Tees, County Durham",
    "batting": "Right-handed",
    "bowling": "Right-arm Right-arm medium-fast",
    "source": "http://www.espncricinfo.com/ci/content/player/20759.html Cricinfo",
    "First-class": {
        "matches": "2",
        "runs": "\u2013",
        "bat avg": "\u2013",
        "100s/50s": "\u2013",
        "top score": "\u2013",
        "deliveries": "300",
        "wickets": "2",
        "bowl avg": "90.50",
        "fivefor": "0",
        "tenfor": "0",
        "best bowling": "1/36",
        "catches/stumpings": "1/\u2013"
    },
    "List A": {
        "matches": "4",
        "runs": "0",
        "bat avg": "0.00",
        "100s/50s": "0/0",
        "deliveries": "212",
        "wickets": "2",
        "bowl avg": "72.00",
        "fivefor": "0",
        "tenfor": "0",
        "best bowling": "2/25",
        "catches/stumpings": "1/\u2013"
    },
    "clubs": {
        "Worcestershire": "1972\u20131973",
        "Durham": "1977"
    },
    "birth_date": "21 September 1952"
}