{
    "name": "Albert Rose-Innes",
    "birth_place": "Port Elizabeth, Cape Colony",
    "death_date": "1946",
    "death_place": "East London, South Africa",
    "batting": "Right-handed",
    "bowling": "Slow left-arm Slow left-arm orthodox",
    "country": "South Africa",
    "testdebutagainst": "England",
    "testdebutdate": "12 March",
    "testdebutyear": "1889",
    "testcap": "7",
    "lasttestdate": "25 March",
    "lasttestyear": "1889",
    "lasttestagainst": "England",
    "source": "http://content-aus.cricinfo.com/ci/content/player/46996.html Cricinfo",
    "Test": {
        "matches": "2",
        "runs": "14",
        "bat avg": "3.50",
        "100s/50s": "0/0",
        "top score": "13",
        "deliveries": "128",
        "wickets": "5",
        "bowl avg": "17.80",
        "fivefor": "1",
        "tenfor": "0",
        "best bowling": "5/43",
        "catches/stumpings": "2/\u2013"
    },
    "FC": {
        "matches": "7",
        "runs": "70",
        "bat avg": "7.77",
        "100s/50s": "0/0",
        "top score": "20",
        "deliveries": "608",
        "wickets": "18",
        "bowl avg": "17.27",
        "fivefor": "1",
        "tenfor": "0",
        "best bowling": "5/43",
        "catches/stumpings": "5/\u2013"
    },
    "clubs": {},
    "birth_date": "1868-2-16"
}