{
    "name": "Albert Hartkopf",
    "fullname": "Albert Ernst Victor Hartkopf",
    "birth_place": "Fitzroy North, Victoria",
    "death_date": "df=yes",
    "death_place": "Kew, Victoria",
    "batting": "Right-handed",
    "bowling": "Legbreak",
    "onetest": "true",
    "country": "Australia",
    "testdebutagainst": "England",
    "testcap": "120",
    "testdebutdate": "1 January",
    "testdebutyear": "1925",
    "source": "http://content-aus.cricinfo.com/ci/content/player/5591.html CricInfo",
    "Test": {
        "matches": "1",
        "runs": "80",
        "bat avg": "40.00",
        "100s/50s": "0/1",
        "top score": "80",
        "deliveries": "240",
        "wickets": "1",
        "bowl avg": "134.00",
        "fivefor": "0",
        "tenfor": "0",
        "best bowling": "1/120",
        "catches/stumpings": "0/\u2013"
    },
    "First-class": {
        "matches": "41",
        "runs": "1,758",
        "bat avg": "34.47",
        "100s/50s": "2/12",
        "top score": "126",
        "deliveries": "6,494",
        "wickets": "121",
        "bowl avg": "30.79",
        "fivefor": "7",
        "tenfor": "1",
        "best bowling": "8/105",
        "catches/stumpings": "36/\u2013"
    },
    "clubs": {},
    "birth_date": "1889-12-28"
}