{
    "name": "Albert Powell",
    "fullname": "Albert William Powell",
    "birth_place": "Kimberley, Cape Colony",
    "death_date": "11 September 1948",
    "death_place": "Cape Town, Cape Province, South Africa",
    "family": "Jackie Powell (brother)",
    "batting": "Right-handed",
    "bowling": "Right-arm",
    "country": "South Africa",
    "testdebutagainst": "England",
    "testdebutdate": "1 April",
    "testdebutyear": "1899",
    "onetest": "true",
    "source": "http://content-aus.cricinfo.com/ci/content/player/46782.html Cricinfo",
    "Test": {
        "matches": "1",
        "runs": "16",
        "bat avg": "8.00",
        "100s/50s": "0/0",
        "top score": "11",
        "deliveries": "20",
        "wickets": "1",
        "bowl avg": "10.00",
        "fivefor": "0",
        "tenfor": "0",
        "best bowling": "1/10",
        "catches/stumpings": "2/\u2013"
    },
    "First-class": {
        "matches": "16",
        "runs": "296",
        "bat avg": "9.86",
        "100s/50s": "0/0",
        "top score": "31",
        "deliveries": "709",
        "wickets": "12",
        "bowl avg": "34.33",
        "fivefor": "0",
        "tenfor": "0",
        "best bowling": "4/62",
        "catches/stumpings": "16/\u2013"
    },
    "clubs": {},
    "birth_date": "18 July 1873"
}