{
    "name": "Albert Ward",
    "country": "England",
    "fullname": "Albert Ward",
    "birth_place": "Leeds, Yorkshire, England",
    "death_date": "1939",
    "death_place": "Heaton, Bolton, Lancashire, England",
    "batting": "Right-handed",
    "bowling": "Right-arm Right-arm slow",
    "testdebutagainst": "Australia",
    "testdebutdate": "14 August",
    "testdebutyear": "1893",
    "lasttestdate": "6 May",
    "lasttestagainst": "Australia",
    "lasttestyear": "1895",
    "source": "https://cricketarchive.com/Archive/Players/0/168/168.html CricketArchive",
    "Test": {
        "matches": "7",
        "runs": "487",
        "bat avg": "37.46",
        "100s/50s": "1/3",
        "top score": "117",
        "deliveries": "\u2013",
        "wickets": "\u2013",
        "bowl avg": "\u2013",
        "fivefor": "\u2013",
        "tenfor": "\u2013",
        "best bowling": "\u2013",
        "catches/stumpings": "0/\u2013"
    },
    "First-class": {
        "matches": "385",
        "runs": "17,783",
        "bat avg": "30.08",
        "100s/50s": "29/87",
        "top score": "219",
        "deliveries": "5,036",
        "wickets": "71",
        "bowl avg": "34.83",
        "fivefor": "4",
        "tenfor": "0",
        "best bowling": "6/29",
        "catches/stumpings": "172/\u2013"
    },
    "clubs": {},
    "birth_date": "1865-11-21"
}