{
    "name": "Alec Coxon",
    "fullname": "Alexander Coxon",
    "birth_place": "Huddersfield, Yorkshire, England",
    "death_date": "2006",
    "death_place": "Roker, Sunderland, Tyne and Wear, England",
    "batting": "Right-handed",
    "bowling": "Right-arm Right-arm medium-fast",
    "country": "England",
    "testdebutagainst": "Australia",
    "testdebutdate": "24 June",
    "testdebutyear": "1948",
    "onetest": "true",
    "source": "https://cricketarchive.com/Archive/Players/0/827/827.html CricketArchive",
    "Test": {
        "matches": "1",
        "runs": "19",
        "bat avg": "9.50",
        "100s/50s": "0/0",
        "top score": "19",
        "deliveries": "378",
        "wickets": "3",
        "bowl avg": "57.33",
        "fivefor": "0",
        "tenfor": "0",
        "best bowling": "2/90",
        "catches/stumpings": "0/\u2013"
    },
    "First-class": {
        "matches": "146",
        "runs": "2,817",
        "bat avg": "18.17",
        "100s/50s": "0/13",
        "top score": "83",
        "deliveries": "26,504",
        "wickets": "473",
        "bowl avg": "20.91",
        "fivefor": "24",
        "tenfor": "2",
        "best bowling": "8/31",
        "catches/stumpings": "127/\u2013"
    },
    "clubs": {},
    "birth_date": "1916-1-18"
}