{
    "name": "Alec Hurwood",
    "fullname": "Alexander Hurwood",
    "birth_place": "Kangaroo Point, Brisbane, Queensland, Australia",
    "death_date": "26 September 1982 (aged 80)",
    "death_place": "Coffs Harbour, New South Wales, Australia",
    "batting": "Right-handed",
    "bowling": "Right-arm medium-paced Right-arm medium-paced off-spin",
    "country": "Australia",
    "testdebutagainst": "West Indies",
    "testdebutdate": "12 December",
    "testdebutyear": "1930",
    "testcap": "135",
    "lasttestdate": "1 January",
    "lasttestagainst": "West Indies",
    "lasttestyear": "1931",
    "source": "https://www.espncricinfo.com/player/alec-hurwood-5733 Cricinfo",
    "Tests": {
        "matches": "2",
        "runs": "5",
        "bat avg": "2.50",
        "100s/50s": "0/0",
        "top score": "5",
        "deliveries": "517",
        "wickets": "11",
        "bowl avg": "15.45",
        "fivefor": "0",
        "tenfor": "0",
        "best bowling": "4/22",
        "catches/stumpings": "2/\u2013"
    },
    "First-class": {
        "matches": "43",
        "runs": "575",
        "bat avg": "11.27",
        "100s/50s": "0/3",
        "top score": "89",
        "deliveries": "7864",
        "wickets": "113",
        "bowl avg": "27.62",
        "fivefor": "5",
        "tenfor": "1",
        "best bowling": "6/80",
        "catches/stumpings": "29/\u2013"
    },
    "clubs": {
        "Queensland": "1925\u201326 to 1931\u201332"
    }
}