{
    "honorific-prefix": "The Right Honourable",
    "name": "The Lord Home of the Hirsel",
    "honorific-suffix": "country=GBR",
    "office": "Member of the House of Lords",
    "monarch": "Elizabeth II",
    "term_start": "24 December 1974",
    "term_end": "9 October 1995",
    "predecessor": "Michael Stewart",
    "successor": "James Callaghan",
    "office2": "Lord President of the Council",
    "monarch2": "Elizabeth II",
    "primeminister2": "Harold Macmillan",
    "term_start2": "8 November 1963",
    "term_end2": "20 September 1974",
    "predecessor2": "Gilmour Leburn",
    "successor2": "Nicholas Fairbairn",
    "office3": "Leader of the Conservative Party",
    "term_start3": "23 February 1950",
    "term_end3": "11 July 1951",
    "predecessor3": "Tom Steele",
    "successor3": "Patrick Maitland",
    "primeminister": "Edward Heath",
    "primeminister1": "Harold Macmillan",
    "term_start1": "11 July 1951",
    "term_end1": "23 October 1963",
    "predecessor1": "The 13th Earl of Home",
    "successor1": "The 15th Earl of Home (1996)",
    "primeminister3": "Harold Macmillan",
    "office4": "Leader of the House of Lords",
    "primeminister4": "Harold Macmillan",
    "term_start4": "27 October 1931",
    "term_end4": "15 June 1945",
    "predecessor4": "Thomas Dickson",
    "successor4": "Tom SteeleCollapsed infobox section end",
    "office5": "Secretary of State for Commonwealth Relations",
    "term_start5": "7 April 1955",
    "term_end5": "27 July 1960",
    "primeminister5": [
        "Anthony Eden",
        "Harold Macmillan"
    ],
    "predecessor5": "The Viscount Swinton",
    "successor5": "Duncan Sandys",
    "office6": "Minister of State for Scotland",
    "primeminister6": "Winston Churchill",
    "term_start6": "2 November 1951",
    "term_end6": "7 April 1955",
    "predecessor6": "''Position established''",
    "successor6": "Thomas Galbraith",
    "office7": "Parliamentary Under-Secretary of State for Foreign Affairs",
    "alongside7": "The Lord Lovat",
    "primeminister7": "Winston Churchill",
    "term_start7": "26 May 1945",
    "term_end7": "26 July 1945",
    "predecessor7": "George Hall",
    "successor7": "Hector McNeilembed=y",
    "status": "Lord Temporal",
    "term_label": "Life peerage",
    "term_label1": "Hereditary peerage",
    "parliament2": "United Kingdom",
    "constituency_MP2": "Kinross and Western Perthshire",
    "constituency_MP3": "Lanark",
    "birth_name": "Alexander Frederick Douglas-Home",
    "birth_place": "London, England",
    "death_date": "1995",
    "death_place": "Coldstream, Berwickshire, Scotland",
    "resting_place": "Lennel Churchyard, Coldstream",
    "party": "Conservative",
    "otherparty": "Unionist",
    "spouse": "Elizabeth Alington",
    "children": "4, including David, 15th nowrap",
    "father": "Charles Douglas-Home, 13th Earl of Home",
    "relatives": "Robin Douglas-Home (nephew)",
    "education": "Eton College",
    "module3": "Infobox cricketer",
    "child": "yes",
    "batting": "Right-handed",
    "bowling": "Right-arm Right-arm fast-medium",
    "source": "https://www.espncricinfo.com/player/alec-douglas-home-12295 Cricinfo ",
    "branch": "British Army",
    "unit": "Territorial Army",
    "rank": "Major",
    "commands": "Lanarkshire Yeomanry",
    "signature": "Alec Douglas-Home signature.svg ",
    "First-class": {
        "matches": "10",
        "runs": "147",
        "bat avg": "16.33",
        "100s/50s": "0/0",
        "deliveries": "688",
        "wickets": "12",
        "bowl avg": "30.25",
        "fivefor": "0",
        "tenfor": "0",
        "best bowling": "3/43",
        "catches/stumpings": "9/\u2013"
    },
    "clubs": {
        "Middlesex": "1924\u20131925",
        "Oxford Univ.": "1926",
        "MCC": "1926/27"
    },
    "birth_date": "1903-7-2"
}