{
    "country": "Italy",
    "fullname": "Alessandro Bonora",
    "birth_place": "Bordighera, Liguria, Italy",
    "batting": "Right-handed",
    "bowling": "Right-arm Right-arm fast-medium",
    "source": "http://www.espncricinfo.com/ci/content/player/296136.html Cricinfo ",
    "Twenty20": {
        "matches": "15",
        "runs": "146",
        "bat avg": "20.85",
        "100s/50s": "\u2013/\u2013",
        "catches/stumpings": "6/\u2013"
    },
    "clubs": {},
    "birth_date": "1978-5-24"
}