{
    "name": "Alex Gidman",
    "country": "England",
    "fullname": "Alexander Peter Richard Gidman",
    "birth_place": "High Wycombe, Buckinghamshire, England",
    "nickname": "Giddo",
    "family": "Will Gidman (brother)",
    "heightft": "6",
    "heightinch": "2",
    "batting": "Right-handed",
    "bowling": "Right-arm Right-arm medium",
    "type1": "FC",
    "debutdate1": "3 July",
    "debutyear1": "2002",
    "debutfor1": "Gloucestershire",
    "debutagainst1": "Derbyshire",
    "lastdate1": "1 September",
    "lastyear1": "2015",
    "lastfor1": "Worcestershire",
    "lastagainst1": "Sussex",
    "type2": "LA",
    "debutdate2": "15 May",
    "debutyear2": "2001",
    "debutfor2": "Gloucestershire CB",
    "debutagainst2": "Herefordshire",
    "lastdate2": "18 August",
    "lastyear2": "2015",
    "lastfor2": "Worcestershire",
    "lastagainst2": "Derbyshire",
    "source": "http://www.cricketarchive.co.uk/Archive/Players/35/35609/35609.html CricketArchive ",
    "FC": {
        "matches": "204",
        "runs": "11,622",
        "bat avg": "36.31",
        "100s/50s": "24/60",
        "top score": "264",
        "deliveries": "7,340",
        "wickets": "103",
        "bowl avg": "44.05",
        "fivefor": "0",
        "tenfor": "0",
        "best bowling": "4/47",
        "catches/stumpings": "141/\u2013"
    },
    "LA": {
        "matches": "195",
        "runs": "4,473",
        "bat avg": "27.44",
        "100s/50s": "5/21",
        "top score": "116",
        "deliveries": "3,256",
        "wickets": "71",
        "bowl avg": "39.23",
        "fivefor": "1",
        "tenfor": "0",
        "best bowling": "5/42",
        "catches/stumpings": "67/\u2013"
    },
    "T20": {
        "matches": "96",
        "runs": "1,448",
        "bat avg": "19.56",
        "100s/50s": "0/4",
        "top score": "64",
        "deliveries": "292",
        "wickets": "9",
        "bowl avg": "45.55",
        "fivefor": "0",
        "tenfor": "0",
        "best bowling": "2/24",
        "catches/stumpings": "22/\u2013"
    },
    "clubs": {
        "Gloucestershire( 5 )": "2001\u20132014",
        "Gloucestershire Cricket Board": "2001",
        "Otago": "2007/08",
        "Worcestershire( 3 )": "2015"
    },
    "birth_date": "1981-6-22"
}