{
    "name": "Alex Loudon",
    "country": "England",
    "fullname": "Alexander Guy Rushworth Loudon",
    "birth_place": "Westminster, London, England",
    "heightft": "6",
    "heightinch": "3",
    "batting": "Right-handed",
    "bowling": "Right arm off Right arm off break",
    "family": "Hugo Loudon (brother)",
    "oneodi": "true",
    "odidebutdate": "24 June",
    "odidebutyear": "2006",
    "odidebutagainst": "Sri Lanka",
    "odicap": "195",
    "source": "http://www.espncricinfo.com/england/content/player/16388.html CricInfo ",
    "ODI": {
        "matches": "1",
        "runs": "0",
        "bat avg": "0.00",
        "100s/50s": "0/0",
        "top score": "0",
        "deliveries": "36",
        "wickets": "0",
        "bowl avg": "\u2013",
        "fivefor": "\u2013",
        "tenfor": "\u2013",
        "best bowling": "\u2013",
        "catches/stumpings": "0/\u2013"
    },
    "FC": {
        "matches": "76",
        "runs": "3,594",
        "bat avg": "31.25",
        "100s/50s": "5/20",
        "top score": "172",
        "deliveries": "8,381",
        "wickets": "116",
        "bowl avg": "39.75",
        "fivefor": "7",
        "tenfor": "0",
        "best bowling": "6/47",
        "catches/stumpings": "52/\u2013"
    },
    "LA": {
        "matches": "77",
        "runs": "1,312",
        "bat avg": "23.42",
        "100s/50s": "0/8",
        "deliveries": "2,199",
        "wickets": "44",
        "bowl avg": "40.43",
        "fivefor": "0",
        "tenfor": "0",
        "best bowling": "4/48",
        "catches/stumpings": "29/\u2013"
    },
    "T20": {
        "matches": "25",
        "runs": "222",
        "bat avg": "10.57",
        "100s/50s": "0/0",
        "top score": "27",
        "deliveries": "270",
        "wickets": "20",
        "bowl avg": "16.35",
        "fivefor": "1",
        "tenfor": "0",
        "best bowling": "5/33",
        "catches/stumpings": "12/\u2013"
    },
    "clubs": {
        "Durham UCCE": "2001\u20132003",
        "Kent": "2003\u20132004",
        "Warwickshire": "2005\u20132007"
    },
    "birth_date": "1980-9-6"
}