{
    "name": "Alex Moir",
    "fullname": "Alexander McKenzie Moir",
    "birth_place": "Dunedin, Otago, New Zealand",
    "death_date": "2000",
    "death_place": "Dunedin, Otago, New Zealand",
    "internationalspan": "1951\u20131959",
    "country": "New Zealand",
    "testdebutagainst": "England",
    "testdebutdate": "17 March",
    "testdebutyear": "1951",
    "testcap": "53",
    "lasttestdate": "14 March",
    "lasttestagainst": "England",
    "lasttestyear": "1959",
    "batting": "Right-handed",
    "bowling": "Legbreak",
    "source": "http://www.espncricinfo.com/ci/content/player/37724.html Cricinfo ",
    "Test": {
        "matches": "17",
        "runs": "327",
        "bat avg": "14.86",
        "100s/50s": "0/0",
        "deliveries": "2,650",
        "wickets": "28",
        "bowl avg": "50.64",
        "fivefor": "2",
        "tenfor": "0",
        "best bowling": "6/155",
        "catches/stumpings": "2/\u2013"
    },
    "First-class": {
        "matches": "97",
        "runs": "2,102",
        "bat avg": "16.42",
        "100s/50s": "0/8",
        "top score": "70",
        "deliveries": "18,648",
        "wickets": "368",
        "bowl avg": "24.56",
        "fivefor": "25",
        "tenfor": "5",
        "best bowling": "8/37",
        "catches/stumpings": "44/\u2013"
    },
    "clubs": {
        "Otago": "1949/50\u20131961/62"
    },
    "birth_date": "1919-7-17"
}