{
    "name": "Alexander Downes",
    "fullname": "Alexander Dalziel Downes",
    "birth_place": "Emerald Hill, Victoria, Australia",
    "death_date": "1950",
    "death_place": "Dunedin, New Zealand",
    "batting": "Right-handed",
    "bowling": "Right-arm Right-arm off-spin",
    "country": "New Zealand",
    "source": "https://cricketarchive.com/Archive/Players/16/16921/16921.html CricketArchive",
    "First-class": {
        "matches": "51",
        "runs": "882",
        "bat avg": "10.62",
        "100s/50s": "0/1",
        "top score": "63",
        "deliveries": "12,360",
        "wickets": "311",
        "bowl avg": "14.67",
        "fivefor": "33",
        "tenfor": "13",
        "best bowling": "8/35",
        "catches/stumpings": "31/0"
    },
    "clubs": {
        "Otago": "1887/88\u20131913/14"
    },
    "birth_date": "1868-2-2"
}