{
    "country": "England",
    "fullname": "Alexander Corfield Morris",
    "birth_place": "Barnsley, Yorkshire, England",
    "family": "Zac Morris (brother)",
    "batting": "Left-handed",
    "bowling": "Right-arm Right-arm medium",
    "source": "https://www.espncricinfo.com/player/alex-morris-17096 Cricinfo ",
    "First-class": {
        "matches": "62",
        "runs": "1,392",
        "bat avg": "20.17",
        "100s/50s": "\u2013/7",
        "top score": "65",
        "deliveries": "7,867",
        "wickets": "156",
        "bowl avg": "26.40",
        "fivefor": "5",
        "tenfor": "1",
        "best bowling": "5/39",
        "catches/stumpings": "34/\u2013"
    },
    "List A": {
        "matches": "42",
        "runs": "285",
        "bat avg": "17.81",
        "100s/50s": "\u2013/\u2013",
        "deliveries": "1,169",
        "wickets": "39",
        "bowl avg": "26.23",
        "fivefor": "1",
        "tenfor": "\u2013",
        "best bowling": "5/32",
        "catches/stumpings": "8/\u2013"
    },
    "clubs": {
        "Yorkshire": "1995&ndash;1997",
        "Hampshire": "1998&ndash;2003"
    },
    "birth_date": "1976-10-4"
}