{
    "name": "Alex Barnett",
    "country": "England",
    "fullname": "Alexander Anthony Barnett",
    "birth_place": "M\u00e1laga, Andalusia, Spain",
    "batting": "Right-handed",
    "bowling": "Slow left-arm Slow left-arm orthodox",
    "family": "Charlie Barnett (great-uncle)",
    "source": "http://www.cricinfo.com/ci/content/player/8999.html Cricinfo ",
    "First-class": {
        "matches": "50",
        "runs": "263",
        "bat avg": "9.39",
        "100s/50s": "0/0",
        "top score": "38",
        "deliveries": "9,808",
        "wickets": "113",
        "bowl avg": "45.93",
        "fivefor": "5",
        "tenfor": "0",
        "best bowling": "5/36",
        "catches/stumpings": "14/\u2013"
    },
    "List A": {
        "matches": "18",
        "runs": "43",
        "bat avg": "14.33",
        "100s/50s": "0/0",
        "top score": "22",
        "deliveries": "821",
        "wickets": "14",
        "bowl avg": "44.78",
        "fivefor": "0",
        "tenfor": "0",
        "best bowling": "3/15",
        "catches/stumpings": "3/\u2013"
    },
    "clubs": {
        "Middlesex": "1988\u20131991",
        "Lancashire": "1992\u20131994",
        "Surrey": "1995",
        "Berkshire": "1996"
    },
    "birth_date": "1970-9-11"
}