{
    "name": "Alf Hall",
    "fullname": "Alfred Ewart Hall",
    "birth_place": "Bolton, Lancashire, England",
    "death_date": "df=y",
    "death_place": "The Hill, Johannesburg, South Africa",
    "batting": "Left-handed",
    "bowling": "Left-arm Left-arm fast-medium",
    "country": "South Africa",
    "testdebutdate": "1 January",
    "testdebutyear": "1923",
    "lasttestdate": "13 February",
    "lasttestyear": "1931",
    "source": "https://cricketarchive.com/Archive/Players/0/425/425.html CricketArchive ",
    "Tests": {
        "matches": "7",
        "runs": "11",
        "bat avg": "1.83",
        "100s/50s": "0/0",
        "top score": "5",
        "deliveries": "2361",
        "wickets": "40",
        "bowl avg": "22.14",
        "fivefor": "3",
        "tenfor": "1",
        "best bowling": "7/63",
        "catches/stumpings": "4/-"
    },
    "First-class": {
        "matches": "46",
        "runs": "134",
        "bat avg": "3.72",
        "100s/50s": "0/0",
        "top score": "22",
        "deliveries": "11175",
        "wickets": "234",
        "bowl avg": "19.23",
        "fivefor": "21",
        "tenfor": "6",
        "best bowling": "8/80",
        "catches/stumpings": "13/-"
    },
    "clubs": {},
    "birth_date": "1896-1-23"
}