{
    "name": "Alf Gover",
    "fullname": "Alfred Richard Gover",
    "birth_place": "Epsom, Surrey, England",
    "death_date": "df=y",
    "death_place": "London, England",
    "batting": "Right-handed",
    "bowling": "Right-arm Right-arm fast",
    "country": "England",
    "testdebutagainst": "India",
    "testdebutdate": "25 July",
    "testdebutyear": "1936",
    "lasttestdate": "17 August",
    "lasttestagainst": "India",
    "lasttestyear": "1946",
    "source": "http://www.espncricinfo.com/ci/content/player/13416.html ESPNcricinfo",
    "Test": {
        "matches": "4",
        "runs": "2",
        "bat avg": "\u2013",
        "100s/50s": "0/0",
        "deliveries": "816",
        "wickets": "8",
        "bowl avg": "44.87",
        "fivefor": "0",
        "tenfor": "0",
        "best bowling": "3/85",
        "catches/stumpings": "1/\u2013"
    },
    "First-class": {
        "matches": "362",
        "runs": "2,312",
        "bat avg": "9.36",
        "100s/50s": "0/0",
        "deliveries": "74,503",
        "wickets": "1,555",
        "bowl avg": "23.63",
        "fivefor": "95",
        "tenfor": "17",
        "best bowling": "8/34",
        "catches/stumpings": "171/\u2013"
    },
    "clubs": {},
    "birth_date": "1908-2-29"
}