{
    "fullname": "Alfred Renfrew Richards",
    "death_place": "Salisbury, Rhodesia",
    "batting": "Right-handed",
    "country": "South Africa",
    "testdebutdate": "21 March",
    "testdebutyear": "1896",
    "lasttestdate": "21 March",
    "lasttestyear": "1896",
    "source": "http://content-aus.cricinfo.com/ci/content/player/46980.html Cricinfo",
    "module": "Infobox rugby biography",
    "embed": "yes",
    "ru_position": "Inside centre Fly-half",
    "amatteam1": "Villager Football Club",
    "repteam1": "South Africa",
    "repyears1": "1891",
    "repcaps1": "3",
    "ru_province1": "Western Province",
    "ru_provinceyears1": "1890\u20131895",
    "Tests": {
        "matches": "1",
        "runs": "6",
        "bat avg": "3.00",
        "100s/50s": "0/0",
        "top score": "6",
        "deliveries": "\u2013",
        "wickets": "\u2013",
        "bowl avg": "\u2013",
        "fivefor": "\u2013",
        "tenfor": "\u2013",
        "best bowling": "\u2013",
        "catches/stumpings": "0/\u2013"
    },
    "First-class": {
        "matches": "9",
        "runs": "346",
        "bat avg": "23.06",
        "100s/50s": "1/1",
        "top score": "108",
        "deliveries": "\u2013",
        "wickets": "\u2013",
        "bowl avg": "\u2013",
        "fivefor": "\u2013",
        "tenfor": "\u2013",
        "best bowling": "\u2013",
        "catches/stumpings": "13/2"
    },
    "clubs": {},
    "birth_date": "1867-12-14"
}