{
    "name": "Alfred Shaw",
    "country": "England",
    "fullname": "Alfred Shaw",
    "birth_place": "Burton Joyce, Nottinghamshire, England",
    "death_date": "1907",
    "death_place": "Gedling, Nottinghamshire, England",
    "batting": "Right-handed",
    "bowling": "Right-arm Right-arm slow-medium",
    "testdebutdate": "15 March",
    "testdebutyear": "1877",
    "testdebutagainst": "Australia",
    "testcap": "9",
    "lasttestdate": "14 March",
    "lasttestyear": "1882",
    "lasttestagainst": "Australia",
    "source": "https://cricketarchive.com/Archive/Players/0/19/19.html CricketArchive ",
    "Test": {
        "matches": "7",
        "runs": "111",
        "bat avg": "10.09",
        "100s/50s": "0/0",
        "top score": "40",
        "deliveries": "1,096",
        "wickets": "12",
        "bowl avg": "23.75",
        "fivefor": "1",
        "tenfor": "0",
        "best bowling": "5/38",
        "catches/stumpings": "4/\u2013"
    },
    "First-class": {
        "matches": "404",
        "runs": "6,585",
        "bat avg": "12.44",
        "100s/50s": "0/12",
        "top score": "88",
        "deliveries": "101,967",
        "wickets": "2,027",
        "bowl avg": "12.13",
        "fivefor": "177",
        "tenfor": "44",
        "best bowling": "10/73",
        "catches/stumpings": "368/\u2013"
    },
    "clubs": {
        "Nottinghamshire": "1864\u20131897",
        "MCC": "1865\u20131881",
        "Sussex": "1894\u20131895"
    },
    "birth_date": "1842-8-29"
}