{
    "name": "Alfred Scott",
    "fullname": "Alfred Homer Patrick Scott",
    "birth_place": "Spanish Town, St Catherine,  Jamaica",
    "family": "Tommy Scott (father)",
    "batting": "Right-handed",
    "bowling": "Right-arm Right-arm leg-break",
    "country": "West Indies",
    "testdebutdate": "28 March",
    "testdebutyear": "1953",
    "lasttestdate": "28 March",
    "lasttestyear": "1953",
    "source": "http://www.espncricinfo.com/westindies/content/player/53110.html Cricinfo",
    "Tests": {
        "matches": "1",
        "runs": "5",
        "bat avg": "5.00",
        "100s/50s": "0/0",
        "top score": "5",
        "deliveries": "264",
        "wickets": "0",
        "bowl avg": "-",
        "fivefor": "0",
        "tenfor": "0",
        "best bowling": "\u2013",
        "catches/stumpings": "0/0"
    },
    "First-class": {
        "matches": "5",
        "runs": "38",
        "bat avg": "12.66",
        "100s/50s": "0/0",
        "deliveries": "1195",
        "wickets": "18",
        "bowl avg": "33.00",
        "fivefor": "0",
        "tenfor": "0",
        "best bowling": "4/46",
        "catches/stumpings": "3/0"
    },
    "clubs": {
        "Jamaica": "1952-53 to 1953-54"
    },
    "birth_date": "1934-7-29"
}