{
    "honorific-prefix": "The Right Honourable",
    "name": "Alfred Lyttelton",
    "honorific-suffix": "KC",
    "term_start1": "11 October 1903",
    "term_end1": "4 December 1905",
    "monarch1": "Edward VII",
    "primeminister1": "Arthur Balfour",
    "predecessor1": "Joseph Chamberlain",
    "successor1": "The Earl of Elgin",
    "birth_place": "Westminster, London, U.K.",
    "death_date": "df=y",
    "death_place": "London, U.K.",
    "nationality": "British",
    "party": "Unionist (1912\u20131913)",
    "otherparty": "Liberal Unionist (1895\u20131912)",
    "alma_mater": "Trinity College, Cambridge",
    "spouse": [
        "marriage",
        "Edith Balfour"
    ],
    "children": "4",
    "parents": "George Lyttelton, 4th Baron Lyttelton, Mary Glynne",
    "office2": "Member of Parliament for Westminster St George's",
    "predecessor2": "Heneage Legge",
    "successor2": "Alexander Henderson",
    "termstart2": "15 June 1906",
    "termend2": "5 July 1913",
    "office": "Secretary of State for the Colonies",
    "office3": "Member of Parliament for Warwick and Leamington",
    "predecessor3": "Arthur Peel",
    "successor3": "Thomas Berridge",
    "termend3": "8 February 1906",
    "termstart3": "7 August 1895 ",
    "clubs": {},
    "birth_date": "1857-02-7"
}