{
    "name": "Algy Gehrs",
    "fullname": "Donald Raeburn Algernon Gehrs",
    "birth_place": "Port Victor, South Australia",
    "death_date": "1953",
    "death_place": "King's Park, South Australia",
    "batting": "Right-handed",
    "bowling": "Leg-break",
    "country": "Australia",
    "testdebutagainst": "England",
    "testdebutdate": "5 March",
    "testdebutyear": "1904",
    "testcap": "87",
    "lasttestdate": "17 February",
    "lasttestagainst": "South Africa",
    "lasttestyear": "1911",
    "source": "http://www.espncricinfo.com/australia/content/player/5375.html Cricinfo",
    "Test": {
        "matches": "6",
        "runs": "221",
        "bat avg": "20.09",
        "100s/50s": "0/2",
        "top score": "67",
        "deliveries": "6",
        "wickets": "0",
        "bowl avg": "\u2013",
        "fivefor": "\u2013",
        "tenfor": "\u2013",
        "best bowling": "\u2013",
        "catches/stumpings": "6/\u2013"
    },
    "First-class": {
        "matches": "83",
        "runs": "4,377",
        "bat avg": "33.66",
        "100s/50s": "13/16",
        "top score": "170",
        "deliveries": "638",
        "wickets": "8",
        "bowl avg": "52.00",
        "fivefor": "0",
        "tenfor": "0",
        "best bowling": "2/9",
        "catches/stumpings": "71/4"
    },
    "clubs": {
        "South Australia": "1902/03\u20131920/21"
    },
    "birth_date": "1880-11-29"
}