{
    "name": "Syed Ali Urooj Naqvi",
    "country": "Pakistan",
    "birth_place": "Lahore, Punjab, Pakistan",
    "batting": "Right-handed",
    "bowling": "Right-arm Right-arm offbreak",
    "internationalspan": "1997\u20131998",
    "testdebutagainst": "South Africa",
    "testdebutdate": "6 October",
    "testdebutyear": "1997",
    "lasttestdate": "21 March",
    "lasttestagainst": "Zimbabwe",
    "lasttestyear": "1998",
    "testcap": "145",
    "source": "http://www.espncricinfo.com/ci/content/player/38994.html ESPNCricinfo",
    "Test": {
        "matches": "5",
        "runs": "242",
        "bat avg": "30.20",
        "100s/50s": "1/0",
        "top score": "115",
        "deliveries": "11",
        "wickets": "0",
        "bowl avg": "\u2013",
        "fivefor": "\u2013",
        "tenfor": "\u2013",
        "best bowling": "\u2013",
        "catches/stumpings": "1/\u2013"
    },
    "First-class": {
        "matches": "116",
        "runs": "5,898",
        "bat avg": "34.90",
        "100s/50s": "14/24",
        "top score": "180",
        "deliveries": "6,484",
        "wickets": "102",
        "bowl avg": "28.50",
        "fivefor": "1",
        "tenfor": "0",
        "best bowling": "5/65",
        "catches/stumpings": "50/\u2013"
    },
    "clubs": {},
    "birth_date": "1977-3-19"
}