{
    "name": "Ali Bacher",
    "fullname": "Aron Bacher",
    "birth_place": "Roodepoort, South Africa",
    "batting": "Right-handed",
    "bowling": "Legbreak",
    "country": "South Africa",
    "testdebutagainst": "England",
    "testdebutdate": "22 July",
    "testdebutyear": "1965",
    "lasttestdate": "5 March",
    "lasttestagainst": "Australia",
    "lasttestyear": "1970",
    "source": "http://content-aus.cricinfo.com/ci/content/player/44026.html Cricinfo",
    "Test": {
        "matches": "12",
        "runs": "679",
        "bat avg": "32.33",
        "100s/50s": "0/6",
        "top score": "73",
        "deliveries": "\u2013",
        "wickets": "\u2013",
        "bowl avg": "\u2013",
        "fivefor": "\u2013",
        "tenfor": "\u2013",
        "best bowling": "\u2013",
        "catches/stumpings": "10/\u2013"
    },
    "First-class": {
        "matches": "120",
        "runs": "7,894",
        "bat avg": "39.07",
        "100s/50s": "18/45",
        "top score": "235",
        "deliveries": "114",
        "wickets": "2",
        "bowl avg": "43.50",
        "fivefor": "0",
        "tenfor": "0",
        "best bowling": "1/8",
        "catches/stumpings": "110/1"
    },
    "clubs": {},
    "birth_date": "1942-5-24"
}