{
    "name": "Ali Asad Abbas",
    "birth_place": "Lahore, Pakistan",
    "country": "UAE",
    "batting": "Right-handed",
    "bowling": "Right-arm Right-arm fast-medium",
    "source": "http://content-uk.cricinfo.com/other/content/player/39881.html Cricinfo ",
    "ODI": {
        "matches": "2",
        "runs": "21",
        "bat avg": "21.00",
        "100s/50s": "0/0",
        "top score": "12",
        "deliveries": "120",
        "wickets": "2",
        "bowl avg": "36.50",
        "fivefor": "0",
        "tenfor": "0",
        "best bowling": "2/35",
        "catches/stumpings": "0/0"
    },
    "FC": {
        "matches": "7",
        "runs": "123",
        "bat avg": "13.66",
        "100s/50s": "0/0",
        "top score": "29",
        "deliveries": "1,506",
        "wickets": "38",
        "bowl avg": "20.36",
        "fivefor": "2",
        "tenfor": "1",
        "best bowling": "9/74",
        "catches/stumpings": "5/0"
    },
    "LA": {
        "matches": "19",
        "runs": "113",
        "bat avg": "12.55",
        "100s/50s": "0/0",
        "top score": "28",
        "deliveries": "927",
        "wickets": "26",
        "bowl avg": "21.76",
        "fivefor": "0",
        "tenfor": "0",
        "best bowling": "3/30",
        "catches/stumpings": "2/0"
    },
    "clubs": {},
    "birth_date": "6 December 1976"
}