{
    "name": "Ali Hussain Rizvi",
    "country": "Pakistan",
    "birth_place": "Karachi, Pakistan",
    "batting": "Right-handed",
    "bowling": "Legbreak",
    "testdebutagainst": "South Africa",
    "testdebutdate": "17 October",
    "testdebutyear": "1997",
    "testcap": "148",
    "onetest": "true",
    "source": "http://www.espncricinfo.com/ci/content/player/38993.html ESPNCricinfo",
    "Test": {
        "matches": "1",
        "runs": "\u2013",
        "bat avg": "\u2013",
        "100s/50s": "\u2013",
        "top score": "\u2013",
        "deliveries": "111",
        "wickets": "2",
        "bowl avg": "36.00",
        "fivefor": "0",
        "tenfor": "0",
        "best bowling": "2/72",
        "catches/stumpings": "0/\u2013"
    },
    "First-class": {
        "matches": "54",
        "runs": "477",
        "bat avg": "7.81",
        "100s/50s": "0/0",
        "top score": "34",
        "deliveries": "9,602",
        "wickets": "171",
        "bowl avg": "26.44",
        "fivefor": "11",
        "tenfor": "2",
        "best bowling": "6/57",
        "catches/stumpings": "36/\u2013"
    },
    "clubs": {},
    "birth_date": "1974-1-6"
}