{
    "name": "Alistair Campbell",
    "country": "Zimbabwe",
    "fullname": "Alistair Douglas Ross Campbell",
    "birth_place": "Salisbury, Rhodesia",
    "batting": "Left-handed",
    "bowling": "Right-arm off Right-arm off break",
    "internationalspan": "1992\u20132003",
    "testdebutdate": "18 October",
    "testdebutyear": "1992",
    "testdebutagainst": "India",
    "testcap": "4",
    "lasttestdate": "16 November",
    "lasttestyear": "2002",
    "lasttestagainst": "Pakistan",
    "odidebutdate": "29 February",
    "odidebutyear": "1992",
    "odidebutagainst": "West Indies",
    "odicap": "22",
    "lastodidate": "12 March",
    "lastodiyear": "2003",
    "lastodiagainst": "Kenya",
    "source": "http://www.espncricinfo.com/ci/content/player/55301.html ESPNcricinfo ",
    "Test": {
        "matches": "60",
        "runs": "2,858",
        "bat avg": "27.21",
        "100s/50s": "2/18",
        "top score": "103",
        "deliveries": "66",
        "wickets": "0",
        "bowl avg": "\u2013",
        "fivefor": "\u2013",
        "tenfor": "\u2013",
        "best bowling": "\u2013",
        "catches/stumpings": "60/\u2013"
    },
    "ODI": {
        "matches": "188",
        "runs": "5,185",
        "bat avg": "30.50",
        "100s/50s": "7/30",
        "deliveries": "509",
        "wickets": "12",
        "bowl avg": "36.16",
        "fivefor": "0",
        "tenfor": "0",
        "best bowling": "2/20",
        "catches/stumpings": "76/\u2013"
    },
    "FC": {
        "matches": "129",
        "runs": "6,701",
        "bat avg": "33.84",
        "100s/50s": "11/38",
        "top score": "196",
        "deliveries": "1,737",
        "wickets": "22",
        "bowl avg": "45.63",
        "fivefor": "0",
        "tenfor": "0",
        "best bowling": "4/82",
        "catches/stumpings": "133/\u2013"
    },
    "LA": {
        "matches": "248",
        "runs": "7,098",
        "bat avg": "33.16",
        "100s/50s": "9/43",
        "deliveries": "842",
        "wickets": "24",
        "bowl avg": "29.83",
        "fivefor": "0",
        "tenfor": "0",
        "best bowling": "3/19",
        "catches/stumpings": "95/\u2013"
    },
    "clubs": {},
    "birth_date": "1972-9-23"
}