{
    "name": "Allan Rae",
    "fullname": "Allan Fitzroy Rae",
    "birth_place": "Rollington Town, Kingston, Jamaica",
    "death_date": "df=yes",
    "death_place": "Kingston, Jamaica",
    "family": "Ernest Rae (father)",
    "batting": "Left-handed",
    "country": "West Indies",
    "testdebutagainst": "India",
    "testdebutdate": "10 November",
    "testdebutyear": "1948",
    "lasttestdate": "19 February",
    "lasttestagainst": "India",
    "lasttestyear": "1953",
    "source": "http://www.espncricinfo.com/ci/content/player/52801.html Cricinfo",
    "Test": {
        "matches": "15",
        "runs": "1,016",
        "bat avg": "46.18",
        "100s/50s": "4/4",
        "top score": "109",
        "deliveries": "\u2013",
        "wickets": "\u2013",
        "bowl avg": "\u2013",
        "fivefor": "\u2013",
        "tenfor": "\u2013",
        "best bowling": "\u2013",
        "catches/stumpings": "10/\u2013"
    },
    "First-class": {
        "matches": "80",
        "runs": "4,798",
        "bat avg": "39.65",
        "100s/50s": "17/15",
        "top score": "179",
        "deliveries": "24",
        "wickets": "0",
        "bowl avg": "\u2013",
        "fivefor": "\u2013",
        "tenfor": "\u2013",
        "best bowling": "\u2013",
        "catches/stumpings": "42/\u2013"
    },
    "clubs": {},
    "birth_date": "1922-09-30"
}