{
    "name": "Allen Lissette",
    "honorific_suffix": "country=NZL",
    "fullname": "Allen Fisher Lissette",
    "birth_place": "Morrinsville, New Zealand",
    "death_place": "Hamilton, New Zealand",
    "death_date": "1973",
    "internationalspan": "1956",
    "country": "New Zealand",
    "testdebutagainst": "West Indies",
    "testdebutdate": "3 February",
    "testdebutyear": "1956",
    "testcap": "77",
    "lasttestdate": "18 February",
    "lasttestagainst": "West Indies",
    "lasttestyear": "1956",
    "batting": "Right-handed",
    "bowling": "Slow left-arm Slow left-arm orthodox",
    "source": "http://www.espncricinfo.com/newzealand/content/player/37608.html Cricinfo ",
    "Test": {
        "matches": "2",
        "runs": "2",
        "bat avg": "1.00",
        "100s/50s": "0/0",
        "deliveries": "288",
        "wickets": "3",
        "bowl avg": "41.33",
        "fivefor": "0",
        "tenfor": "0",
        "best bowling": "2/73",
        "catches/stumpings": "1/\u2013"
    },
    "First-class": {
        "matches": "38",
        "runs": "476",
        "bat avg": "10.81",
        "100s/50s": "0/0",
        "deliveries": "8,597",
        "wickets": "116",
        "bowl avg": "25.89",
        "fivefor": "5",
        "tenfor": "1",
        "best bowling": "7/45",
        "catches/stumpings": "20/\u2013"
    },
    "clubs": {},
    "birth_date": "1919-11-06"
}