{
    "name": "Alma Hunt  post-nominals",
    "batting": "Left-handed",
    "bowling": "Right-arm Right-arm fast-medium",
    "full_name": "Alma Victor Hunt",
    "birth_place": "Somerset, Bermuda",
    "death_date": "df=yes",
    "death_place": "Sandys, Bermuda",
    "nickname": "Champ",
    "country": "Bermuda",
    "internationalspan": "1925\u20131956",
    "source": "http://www.cricketarchive.co.uk/Archive/Players/23/23733/23733.html Cricket Archive",
    "First-class": {
        "matches": "2",
        "runs": "65",
        "bat avg": "16.25",
        "100s/50s": "0/0",
        "top score": "31",
        "deliveries": "228",
        "wickets": "2",
        "bowl avg": "35.50",
        "fivefor": "0",
        "tenfor": "0",
        "best bowling": "1/15",
        "catches/stumpings": "3/0"
    },
    "clubs": {
        "Scotland": "1938"
    },
    "birth_date": "1910-10-1"
}