{
    "name": "Alok Kapali",
    "country": "Bangladesh",
    "birth_place": "Sylhet, Bangladesh",
    "batting": "Right-handed",
    "bowling": "Leg Leg break",
    "testdebutdate": "28 July",
    "testdebutyear": "2002",
    "testdebutagainst": "Sri Lanka",
    "testcap": "26",
    "lasttestdate": "28 February",
    "lasttestyear": "2006",
    "lasttestagainst": "Sri Lanka",
    "odidebutdate": "4 August",
    "odidebutyear": "2002",
    "odidebutagainst": "Sri Lanka",
    "odicap": "57",
    "lastodidate": "6 December",
    "lastodiyear": "2011",
    "lastodiagainst": "Pakistan",
    "odishirt": "14",
    "T20Idebutagainst": "Kenya",
    "T20Idebutdate": "1 September",
    "T20Idebutyear": "2007",
    "lastT20Iagainst": "Pakistan",
    "lastT20Idate": "29 November",
    "lastT20Iyear": "2011",
    "T20Icap": "12",
    "source": "http://content-usa.cricinfo.com/ci/content/player/56251.html ESPNcricinfo ",
    "Test": {
        "matches": "17",
        "runs": "584",
        "bat avg": "17.69",
        "100s/50s": "0/2",
        "top score": "85",
        "deliveries": "1,103",
        "wickets": "6",
        "bowl avg": "118.16",
        "fivefor": "0",
        "tenfor": "0",
        "best bowling": "3/3",
        "catches/stumpings": "5/\u2013"
    },
    "ODI": {
        "matches": "69",
        "runs": "1,235",
        "bat avg": "19.60",
        "100s/50s": "1/5",
        "top score": "115",
        "deliveries": "1,452",
        "wickets": "24",
        "bowl avg": "52.29",
        "fivefor": "0",
        "tenfor": "0",
        "best bowling": "3/49",
        "catches/stumpings": "29/\u2013"
    },
    "FC": {
        "matches": "102",
        "runs": "5,075",
        "bat avg": "29.67",
        "100s/50s": "10/21",
        "top score": "173",
        "deliveries": "9,965",
        "wickets": "151",
        "bowl avg": "32.14",
        "fivefor": "6",
        "tenfor": "1",
        "best bowling": "7/33",
        "catches/stumpings": "75/\u2013"
    },
    "LA": {
        "matches": "150",
        "runs": "3,213",
        "bat avg": "25.70",
        "100s/50s": "4/13",
        "top score": "115",
        "deliveries": "3,511",
        "wickets": "81",
        "bowl avg": "34.59",
        "fivefor": "0",
        "tenfor": "0",
        "best bowling": "4/23",
        "catches/stumpings": "67/\u2013"
    },
    "clubs": {
        "Sylhet Division": "2000\u2013present",
        "Sylhet Royals": "2012",
        "Barisal Burners": "2013",
        "Comilla Victorians": "2015",
        "Khulna Titans": "2016",
        "Sylhet Sixers": "2017\u20132019",
        "Rajshahi Royals": "2019\u20132020"
    },
    "birth_date": "1984-1-1"
}