{
    "name": "Alonzo Drake",
    "fullname": "Alonzo Robson Drake",
    "height": "ft=5",
    "birth_place": "Parkgate, Rotherham, England",
    "death_date": "1919",
    "death_place": "Honley, England",
    "position": "Forward",
    "youthclubs1": "Parkgate",
    "years1": "1902\u20131903",
    "clubs1": "Doncaster Rovers",
    "caps1": "36",
    "goals1": "7",
    "years2": "1903\u20131907",
    "clubs2": "Sheffield United",
    "caps2": "95",
    "goals2": "20",
    "years3": "1907\u20131908",
    "clubs3": "Birmingham",
    "caps3": "11",
    "goals3": "2",
    "years4": "1908\u20131909",
    "clubs4": "Queens Park Rangers",
    "caps4": "19",
    "goals4": "5",
    "years5": "1909\u20131914",
    "clubs5": "Huddersfield Town",
    "years6": "1914\u20131915",
    "clubs6": "Rotherham Town",
    "clubs": {},
    "birth_date": "1884-4-16"
}