{
    "name": "Alvin Greenidge",
    "country": "West Indies",
    "fullname": "Alvin Ethelbert Greenidge",
    "birth_place": "Bath Village, Christ Church, Barbados",
    "batting": "Right-handed",
    "bowling": "Right-arm medium Right-arm medium pace",
    "oneodi": "true",
    "testdebutdate": "31 March",
    "testdebutyear": "1978",
    "testdebutagainst": "Australia",
    "testcap": "166",
    "lasttestdate": "2 February",
    "lasttestyear": "1979",
    "lasttestagainst": "India",
    "odidebutdate": "12 April",
    "odidebutyear": "1978",
    "odidebutagainst": "Australia",
    "odicap": "29",
    "source": "https://cricketarchive.com/Archive/Players/1/1557/1557.html Cricket Archive ",
    "Tests": {
        "matches": "6",
        "runs": "222",
        "bat avg": "22.20",
        "100s/50s": "0/2",
        "top score": "69",
        "deliveries": "0",
        "wickets": "\u2013",
        "bowl avg": "\u2013",
        "fivefor": "\u2013",
        "tenfor": "\u2013",
        "best bowling": "\u2013",
        "catches/stumpings": "5/\u2013"
    },
    "ODIs": {
        "matches": "1",
        "runs": "23",
        "bat avg": "23.00",
        "100s/50s": "0/0",
        "top score": "23",
        "deliveries": "0",
        "wickets": "\u2013",
        "bowl avg": "\u2013",
        "fivefor": "\u2013",
        "tenfor": "\u2013",
        "best bowling": "\u2013",
        "catches/stumpings": "0/\u2013"
    },
    "FC": {
        "matches": "48",
        "runs": "2,319",
        "bat avg": "30.51",
        "100s/50s": "4/8",
        "top score": "172",
        "deliveries": "285",
        "wickets": "5",
        "bowl avg": "29.40",
        "fivefor": "0",
        "tenfor": "0",
        "best bowling": "2/52",
        "catches/stumpings": "32/\u2013"
    },
    "LA": {
        "matches": "29",
        "runs": "610",
        "bat avg": "23.46",
        "100s/50s": "0/3",
        "deliveries": "60",
        "wickets": "1",
        "bowl avg": "37.00",
        "fivefor": "0",
        "tenfor": "0",
        "best bowling": "1/27",
        "catches/stumpings": "7/\u2013"
    },
    "clubs": {
        "Barbados": "1974\u20131982"
    },
    "birth_date": "1956-8-20"
}