{
    "name": "Alwyn Eato",
    "country": "England",
    "fullname": "Alwyn Eato",
    "birth_place": "Duckmanton, Derbyshire, England",
    "death_date": "2008",
    "death_place": "Oxford, England",
    "batting": "Right-handed",
    "bowling": "Right-arm Right-arm medium-fast",
    "type1": "FC",
    "debutdate1": "7 June",
    "debutyear1": "1950",
    "debutfor1": "Derbyshire",
    "debutagainst1": "Worcestershire",
    "lastdate1": "9 July",
    "lastyear1": "1955",
    "lastfor1": "Derbyshire",
    "lastagainst1": "Leicestershire",
    "source": "https://cricketarchive.com/Players/29/29209/29209.html CricketArchive ",
    "First-class": {
        "matches": "25",
        "runs": "220",
        "bat avg": "9.56",
        "100s/50s": "0/0",
        "top score": "44",
        "deliveries": "3,039",
        "wickets": "50",
        "bowl avg": "28.58",
        "fivefor": "1",
        "tenfor": "0",
        "best bowling": "5/14",
        "catches/stumpings": "7/\u2013"
    },
    "clubs": {
        "Derbyshire": "1950\u20131955"
    },
    "birth_date": "1929-2-13"
}