{
    "name": "Amandeep Singh",
    "fullname": "Amandeep Singh",
    "birth_place": "Punjab, India",
    "batting": "Right-handed",
    "bowling": "Right arm Right arm fast-medium",
    "source": "http://www.cricinfo.com/ci/content/player/242594.html Cricinfo ",
    "FC": {
        "matches": "4",
        "runs": "13",
        "bat avg": "4.33",
        "100s/50s": "0/0",
        "top score": "6",
        "deliveries": "480",
        "wickets": "7",
        "bowl avg": "40.14",
        "fivefor": "0",
        "tenfor": "0",
        "best bowling": "2/38",
        "catches/stumpings": "0/\u2013"
    },
    "clubs": {
        "Canterbury": ""
    },
    "birth_date": "1987-8-17"
}