{
    "name": "Ambar Roy",
    "fullname": "Ambar Khirid Roy",
    "birth_place": "Calcutta, Bengal Presidency, British India",
    "death_date": "df=yes",
    "death_place": "Calcutta, West Bengal, India",
    "family": "Pankaj Roy (uncle)",
    "batting": "Left-handed",
    "bowling": "Right-arm Right-arm medium",
    "country": "India",
    "testcap": "121",
    "testdebutagainst": "New Zealand",
    "testdebutdate": "3 October",
    "testdebutyear": "1969",
    "lasttestdate": "12 December",
    "lasttestagainst": "Australia",
    "lasttestyear": "1969",
    "source": "http://content-aus.cricinfo.com/ci/content/player/33182.html ESPNcricinfo",
    "Test": {
        "matches": "4",
        "runs": "91",
        "bat avg": "13.00",
        "100s/50s": "0/0",
        "top score": "48",
        "deliveries": "\u2013",
        "wickets": "\u2013",
        "bowl avg": "\u2013",
        "fivefor": "\u2013",
        "tenfor": "\u2013",
        "best bowling": "\u2013",
        "catches/stumpings": "0/\u2013"
    },
    "First-class": {
        "matches": "132",
        "runs": "7,163",
        "bat avg": "43.15",
        "100s/50s": "18/32",
        "top score": "197",
        "deliveries": "1,952",
        "wickets": "29",
        "bowl avg": "34.86",
        "fivefor": "0",
        "tenfor": "0",
        "best bowling": "4/44",
        "catches/stumpings": "83/2"
    },
    "clubs": {},
    "birth_date": "1945-6-5"
}