{
    "name": "Aminul Islam",
    "country": "Bangladesh",
    "fullname": "Mohammad Aminul Islam",
    "nickname": "Bulbul",
    "birth_place": "Dacca, East Pakistan (now Dhaka, Bangladesh)",
    "batting": "Right-handed",
    "bowling": "Right-arm off Right-arm off break",
    "internationalspan": "1988-2002",
    "testdebutagainst": "India",
    "testdebutdate": "10 November",
    "testdebutyear": "2000",
    "lasttestagainst": "West Indies",
    "lasttestdate": "8 December",
    "lasttestyear": "2002",
    "testcap": "3",
    "odidebutagainst": "India",
    "odidebutdate": "27 October",
    "odidebutyear": "1988",
    "lastodiagainst": "Pakistan",
    "lastodidate": "25 January",
    "lastodiyear": "2002",
    "odicap": "12",
    "odishirt": "1",
    "source": "http://content-aus.cricinfo.com/ci/content/player/56224.html ESPNcricinfo ",
    "Tests": {
        "matches": "13",
        "runs": "530",
        "bat avg": "21.19",
        "100s/50s": "1/2",
        "top score": "145",
        "deliveries": "198",
        "wickets": "1",
        "bowl avg": "149.00",
        "fivefor": "0",
        "tenfor": "0",
        "best bowling": "1/66",
        "catches/stumpings": "5/\u2013"
    },
    "ODIs": {
        "matches": "39",
        "runs": "794",
        "bat avg": "23.35",
        "100s/50s": "0/3",
        "top score": "70",
        "deliveries": "412",
        "wickets": "7",
        "bowl avg": "58.71",
        "fivefor": "0",
        "tenfor": "0",
        "best bowling": "3/57",
        "catches/stumpings": "13/\u2013"
    },
    "clubs": {
        "Biman Bangladesh": "2000\u20132001",
        "Dhaka Division": "\u2013"
    },
    "birth_date": "1968-2-2"
}