{
    "name": "Aminul Islam",
    "fullname": "Mohammad Aminul Islam",
    "birth_place": "Rajshahi, Bangladesh",
    "country": "Bangladesh",
    "batting": "Right-handed",
    "bowling": "Right-arm Right-arm fast-medium",
    "internationalspan": "1999",
    "oneodi": "true",
    "odidebutagainst": "Kenya",
    "odidebutdate": "20 March",
    "odidebutyear": "1999",
    "odicap": "46",
    "source": "http://content-aus.cricinfo.com/ci/content/player/56225.html ESPNcricinfo ",
    "Tests": {
        "matches": "\u2013",
        "runs": "\u2013",
        "bat avg": "\u2013",
        "100s/50s": "0/0",
        "top score": "\u2013",
        "deliveries": "\u2013",
        "wickets": "\u2013",
        "bowl avg": "\u2013",
        "fivefor": "\u2013",
        "tenfor": "\u2013",
        "best bowling": "\u2013",
        "catches/stumpings": "\u2013/\u2013"
    },
    "ODIs": {
        "matches": "1",
        "runs": "1",
        "bat avg": "\u2013",
        "100s/50s": "0/0",
        "deliveries": "30",
        "wickets": "1",
        "bowl avg": "33.00",
        "fivefor": "\u2013",
        "tenfor": "\u2013",
        "best bowling": "1/33",
        "catches/stumpings": "\u2013/\u2013"
    },
    "clubs": {
        "Rajshahi Division": "\u2013"
    },
    "birth_date": "1 April 1975"
}