{
    "name": "Amir Elahi",
    "fullname": "Amir Elahi",
    "birth_place": "Lahore, Punjab, British India",
    "death_date": "1980",
    "death_place": "Karachi, Sindh, Pakistan",
    "batting": "Right-handed",
    "bowling": "Right-arm Leg Right-arm Leg break",
    "internationalspan": "1947",
    "internationalspan2": "1952",
    "country": "India",
    "country2": "Pakistan",
    "testdebutfor": "India",
    "testdebutagainst": "Australia",
    "testcap": "40",
    "testcap2": "1",
    "testdebutdate": "12 December",
    "testdebutyear": "1947",
    "lasttestdate": "12 December",
    "lasttestfor": "Pakistan",
    "lasttestagainst": "India",
    "lasttestyear": "1952",
    "source": "http://content-aus.cricinfo.com/ci/content/player/38997.html ESPNcricinfo.com",
    "Tests": {
        "matches": "6",
        "runs": "82",
        "bat avg": "10.25",
        "100s/50s": "0/0",
        "top score": "47",
        "deliveries": "400",
        "wickets": "7",
        "bowl avg": "35.42",
        "fivefor": "0",
        "tenfor": "0",
        "best bowling": "4/134",
        "catches/stumpings": "0/\u2013"
    },
    "First-class": {
        "matches": "125",
        "runs": "2,562",
        "bat avg": "16.85",
        "100s/50s": "0/3",
        "top score": "96",
        "deliveries": "24,822",
        "wickets": "513",
        "bowl avg": "25.77",
        "fivefor": "30",
        "tenfor": "6",
        "best bowling": "8/94",
        "catches/stumpings": "67/\u2013"
    },
    "clubs": {},
    "birth_date": "1908-09-01"
}