{
    "name": "Andrew Hilditch",
    "fullname": "Andrew Mark Jefferson Hilditch",
    "birth_place": "North Adelaide, South Australia",
    "country": "Australia",
    "batting": "Right-handed",
    "bowling": "Right-arm Right-arm medium",
    "testdebutdate": "10 February",
    "testdebutyear": "1979",
    "testdebutagainst": "England",
    "testcap": "302",
    "lasttestdate": "8 November",
    "lasttestyear": "1985",
    "lasttestagainst": "New Zealand",
    "odidebutdate": "24 January",
    "odidebutyear": "1979",
    "odidebutagainst": "England",
    "odicap": "52",
    "lastodidate": "3 June",
    "lastodiyear": "1985",
    "lastodiagainst": "England",
    "source": "http://www.espncricinfo.com/ci/content/player/5656.html CricInfo ",
    "Test": {
        "matches": "18",
        "runs": "1,073",
        "bat avg": "31.55",
        "100s/50s": "2/6",
        "top score": "119",
        "catches/stumpings": "13/\u2013"
    },
    "ODI": {
        "matches": "8",
        "runs": "226",
        "bat avg": "28.25",
        "100s/50s": "0/1",
        "top score": "72",
        "catches/stumpings": "1/\u2013"
    },
    "clubs": {
        "New South Wales": "1976/77\u20131980/81",
        "South Australia": "1982/83\u20131991/92"
    },
    "birth_date": "20 May 1956"
}