{
    "name": "Andrew Penn",
    "fullname": "Andrew Jonathan Penn",
    "birth_place": "Wanganui, New Zealand",
    "country": "New Zealand",
    "internationalspan": "1997\u20132001",
    "odidebutdate": "27 March",
    "odidebutyear": "1997",
    "odidebutagainst": "Sri Lanka",
    "odicap": "101",
    "lastodidate": "31 January",
    "lastodiyear": "2001",
    "lastodiagainst": "Sri Lanka",
    "batting": "Right-handed",
    "bowling": "Right-arm Right-arm fast-medium",
    "source": "https://www.espncricinfo.com/player/andrew-penn-38120 Cricinfo  ",
    "ODI": {
        "matches": "5",
        "runs": "23",
        "bat avg": "11.50",
        "100s/50s": "0/0",
        "top score": "15",
        "deliveries": "159",
        "wickets": "1",
        "bowl avg": "201.00",
        "fivefor": "0",
        "tenfor": "0",
        "best bowling": "1/50",
        "catches/stumpings": "1/\u2013"
    },
    "FC": {
        "matches": "66",
        "runs": "1,276",
        "bat avg": "18.49",
        "100s/50s": "0/6",
        "top score": "90",
        "deliveries": "12,638",
        "wickets": "252",
        "bowl avg": "23.03",
        "fivefor": "11",
        "tenfor": "2",
        "best bowling": "8/21",
        "catches/stumpings": "15/\u2013"
    },
    "LA": {
        "matches": "60",
        "runs": "546",
        "bat avg": "14.75",
        "100s/50s": "0/1",
        "top score": "63",
        "deliveries": "2,813",
        "wickets": "88",
        "bowl avg": "25.48",
        "fivefor": "3",
        "tenfor": "0",
        "best bowling": "7/28",
        "catches/stumpings": "16/\u2013"
    },
    "clubs": {
        "Central Districts": "1994/95\u20131999/00",
        "Wellington": "2000/01\u20132003/04"
    },
    "birth_date": "1974-07-27"
}