{
    "name": "Andrew Dalton",
    "country": "England",
    "fullname": "Andrew John Dalton",
    "birth_place": "Horsforth, Yorkshire, England",
    "batting": "Right-handed",
    "source": "http://www.cricinfo.com/ci/content/player/12035.html Cricinfo ",
    "First-class": {
        "matches": "21",
        "runs": "710",
        "bat avg": "24.48",
        "100s/50s": "3/\u2013",
        "top score": "128",
        "catches/stumpings": "6/\u2013"
    },
    "List A": {
        "matches": "17",
        "runs": "280",
        "bat avg": "18.66",
        "100s/50s": "\u2013/1",
        "top score": "55",
        "catches/stumpings": "7/\u2013"
    },
    "clubs": {
        "Yorkshire": "1969\u20131972"
    },
    "birth_date": "1947-3-14"
}