{
    "name": "Andrew Sexton",
    "country": "England",
    "fullname": "Andrew John Sexton",
    "birth_place": "Southampton, Hampshire, England",
    "batting": "Left-handed",
    "bowling": "Right-arm off Right-arm off break",
    "source": "https://www.espncricinfo.com/cricketers/andrew-sexton-20110 Cricinfo ",
    "First-class": {
        "matches": "4",
        "runs": "71",
        "bat avg": "10.14",
        "100s/50s": "\u2013/\u2013",
        "top score": "36",
        "catches/stumpings": "3/\u2013"
    },
    "List A": {
        "matches": "2",
        "runs": "35",
        "bat avg": "17.50",
        "100s/50s": "\u2013/\u2013",
        "top score": "34",
        "catches/stumpings": "1/\u2013"
    },
    "clubs": {
        "Dorset": "1997-1999",
        "Hampshire": "2000"
    },
    "birth_date": "1979-7-23"
}