{
    "name": "Andrew Saballus",
    "country": "Australia",
    "fullname": "Andrew William Saballus",
    "birth_place": "Hobart, Tasmania, Australia",
    "batting": "Right-handed",
    "bowling": "Right-arm Right-arm fast-medium",
    "type1": "FC",
    "onetype1": "true",
    "debutdate1": "15 November",
    "debutyear1": "1996",
    "debutfor1": "Tasmania",
    "debutagainst1": "Western Australia",
    "type2": "LA",
    "debutdate2": "27 October",
    "debutyear2": "1996",
    "debutfor2": "Tasmania",
    "debutagainst2": "Victoria",
    "lastdate2": "2 November",
    "lastyear2": "1996",
    "lastfor2": "Tasmania",
    "lastagainst2": "New South Wales",
    "source": "http://www.cricketarchive.co.uk/Archive/Players/5/5654/5654.html CricketArchive ",
    "First-class": {
        "matches": "1",
        "runs": "\u2013",
        "bat avg": "\u2013",
        "100s/50s": "\u2013",
        "top score": "\u2013",
        "deliveries": "120",
        "wickets": "0",
        "bowl avg": "\u2013",
        "fivefor": "\u2013",
        "tenfor": "\u2013",
        "best bowling": "\u2013",
        "catches/stumpings": "1/&ndash;"
    },
    "List A": {
        "matches": "2",
        "runs": "5",
        "bat avg": "2.50",
        "100s/50s": "0/0",
        "top score": "5",
        "deliveries": "78",
        "wickets": "1",
        "bowl avg": "76.00",
        "fivefor": "0",
        "tenfor": "0",
        "best bowling": "1/35",
        "catches/stumpings": "0/\u2013"
    },
    "clubs": {
        "Tasmania": "1996/97"
    },
    "birth_date": "1969-6-1"
}