{
    "name": "Andre Adams",
    "fullname": "Andre Ryan Adams",
    "birth_place": "Auckland, New Zealand",
    "batting": "Right-handed",
    "bowling": "Right-arm Right-arm fast-medium",
    "internationalspan": "2001\u20132007",
    "country": "New Zealand",
    "onetest": "yes",
    "testcap": "219",
    "testdebutagainst": "England",
    "testdebutdate": "30 March",
    "testdebutyear": "2002",
    "odicap": "122",
    "odidebutagainst": "Sri Lanka",
    "odidebutdate": "10 April",
    "odidebutyear": "2001",
    "lastodiagainst": "Sri Lanka",
    "lastodidate": "6 January",
    "lastodiyear": "2007",
    "odishirt": "41",
    "T20Idebutdate": "17 February",
    "T20Idebutyear": "2005",
    "T20Idebutagainst": "Australia",
    "T20Icap": "1",
    "lastT20Idate": "26 December",
    "lastT20Iyear": "2006",
    "lastT20Iagainst": "Sri Lanka",
    "source": "http://www.espncricinfo.com/newzealand/content/player/36192.html ESPNcricinfo ",
    "Test": {
        "matches": "1",
        "runs": "18",
        "bat avg": "9.00",
        "100s/50s": "0/0",
        "top score": "11",
        "deliveries": "190",
        "wickets": "6",
        "bowl avg": "17.50",
        "fivefor": "0",
        "tenfor": "0",
        "best bowling": "3/44",
        "catches/stumpings": "1/\u2013"
    },
    "ODI": {
        "matches": "42",
        "runs": "419",
        "bat avg": "17.45",
        "100s/50s": "0/0",
        "top score": "45",
        "deliveries": "1,885",
        "wickets": "53",
        "bowl avg": "31.00",
        "fivefor": "1",
        "tenfor": "0",
        "best bowling": "5/22",
        "catches/stumpings": "8/\u2013"
    },
    "FC": {
        "matches": "173",
        "runs": "4,540",
        "bat avg": "21.31",
        "100s/50s": "3/18",
        "top score": "124",
        "deliveries": "33,380",
        "wickets": "692",
        "bowl avg": "23.95",
        "fivefor": "27",
        "tenfor": "5",
        "best bowling": "7/32",
        "catches/stumpings": "114/\u2013"
    },
    "LA": {
        "matches": "165",
        "runs": "1,504",
        "bat avg": "16.71",
        "100s/50s": "0/1",
        "deliveries": "7,561",
        "wickets": "209",
        "bowl avg": "28.50",
        "fivefor": "4",
        "tenfor": "0",
        "best bowling": "5/7",
        "catches/stumpings": "40/\u2013"
    },
    "clubs": {
        "Auckland": "1997/98\u20132012/13",
        "Herefordshire": "2001",
        "Essex": "2004\u20132006",
        "Nottinghamshire": "2007\u20132014",
        "Kolkata Tigers": "2008",
        "Khulna Royal Bengal": "2012",
        "Hampshire": "2015"
    },
    "birth_date": "1975-7-17"
}