{
    "country": "West Indies",
    "fullname": "Andre Ricardo Percival",
    "birth_place": "New Amsterdam, East Berbice-Corentyne, Guyana",
    "batting": "Left-handed",
    "bowling": "Right-arm Right-arm medium",
    "source": "https://cricketarchive.com/Archive/Players/8/8126/8126.html CricketArchive ",
    "FC": {
        "matches": "31",
        "runs": "1,271",
        "bat avg": "27.04",
        "100s/50s": "&ndash;/7",
        "top score": "96",
        "deliveries": "168",
        "wickets": "3",
        "bowl avg": "32.33",
        "fivefor": "&ndash;",
        "tenfor": "&ndash;",
        "best bowling": "1/11",
        "catches/stumpings": "31/&ndash;"
    },
    "LA": {
        "matches": "22",
        "runs": "234",
        "bat avg": "21.27",
        "100s/50s": "&ndash;/&ndash;",
        "top score": "45",
        "deliveries": "42",
        "wickets": "1",
        "bowl avg": "13.00",
        "fivefor": "&ndash;",
        "tenfor": "&ndash;",
        "best bowling": "1/3",
        "catches/stumpings": "8/&ndash;"
    },
    "T20": {
        "matches": "4",
        "runs": "17",
        "bat avg": "&ndash;",
        "100s/50s": "&ndash;/&ndash;",
        "deliveries": "6",
        "wickets": "1",
        "bowl avg": "5.00",
        "fivefor": "&ndash;",
        "tenfor": "&ndash;",
        "best bowling": "1/5",
        "catches/stumpings": "1/&ndash;"
    },
    "clubs": {
        "Guyana": "1991/92&ndash;2006"
    },
    "birth_date": "1975-1-5"
}