{
    "name": "Andrew Schwass",
    "fullname": "Andrew Mark Schwass",
    "birth_place": "Nelson, New Zealand",
    "batting": "Right-handed",
    "bowling": "Right-arm Right-arm fast-medium",
    "source": "https://www.espncricinfo.com/cricketers/andrew-schwass-38414 Cricinfo ",
    "FC": {
        "matches": "29",
        "runs": "558",
        "bat avg": "18.00",
        "100s/50s": "0/0",
        "top score": "44",
        "deliveries": "5,565",
        "wickets": "109",
        "bowl avg": "23.43",
        "fivefor": "6",
        "tenfor": "0",
        "best bowling": "7/36",
        "catches/stumpings": "10/\u2013"
    },
    "LA": {
        "matches": "46",
        "runs": "252",
        "bat avg": "10.95",
        "100s/50s": "0/0",
        "deliveries": "2,217",
        "wickets": "70",
        "bowl avg": "23.97",
        "fivefor": "1",
        "tenfor": "\u2013",
        "best bowling": "5/22",
        "catches/stumpings": "17/\u2013"
    },
    "clubs": {
        "Central Districts": "1998/99\u20132004/05"
    },
    "birth_date": "1974-1-11"
}