{
    "name": "Andrew Dykes",
    "country": "Australia",
    "fullname": "James Andrew Dykes",
    "birth_place": "Hobart, Tasmania, Australia",
    "batting": "Right-handed",
    "bowling": "Right-arm Right-arm medium",
    "type1": "FC",
    "debutdate1": "21 January",
    "debutyear1": "1999",
    "debutfor1": "Tasmania",
    "debutagainst1": "New South Wales",
    "lastdate1": "14 December",
    "lastyear1": "2000",
    "lastfor1": "Tasmania",
    "lastagainst1": "Victoria",
    "type2": "LA",
    "debutdate2": "5 January",
    "debutyear2": "1997",
    "debutfor2": "Tasmania",
    "debutagainst2": "Pakistanis",
    "lastdate2": "10 December",
    "lastyear2": "2000",
    "lastfor2": "Tasmania",
    "lastagainst2": "Victoria",
    "source": "http://www.cricketarchive.co.uk/Archive/Players/7/7067/7067.html CricketArchive ",
    "First-class": {
        "matches": "18",
        "runs": "811",
        "bat avg": "27.96",
        "100s/50s": "2/1",
        "top score": "153",
        "deliveries": "584",
        "wickets": "2",
        "bowl avg": "172.50",
        "fivefor": "0",
        "tenfor": "0",
        "best bowling": "1/23",
        "catches/stumpings": "10/&ndash;"
    },
    "List A": {
        "matches": "17",
        "runs": "93",
        "bat avg": "18.60",
        "100s/50s": "0/0",
        "deliveries": "499",
        "wickets": "12",
        "bowl avg": "33.83",
        "fivefor": "0",
        "tenfor": "0",
        "best bowling": "2/27",
        "catches/stumpings": "1/&ndash;"
    },
    "clubs": {
        "Tasmania": "1996/97\u20132000/01"
    },
    "birth_date": "1971-11-15"
}