{
    "name": "Andy Ducat",
    "fullname": "Andrew Ducat",
    "nickname": "Mac David Foot, ''Beyond Bat & Ball: Eleven Intimate Portraits'', Aurum, London, 1993, pp. 89\u2013104.",
    "birth_place": "Brixton, South London, England",
    "death_date": "1942",
    "death_place": "Lord's Cricket Ground, St John's Wood, London, England",
    "heightft": "5",
    "heightinch": "10",
    "batting": "Right-handed",
    "bowling": "Right-arm Right-arm slow",
    "country": "England",
    "testdebutdate": "2 July",
    "testdebutyear": "1921",
    "lasttestdate": "2 July",
    "lasttestyear": "1921",
    "source": "http://www.espncricinfo.com/england/content/player/11943.html Cricinfo",
    "Tests": {
        "matches": "1",
        "runs": "5",
        "bat avg": "2.50",
        "100s/50s": "0/0",
        "top score": "3",
        "deliveries": "\u2013",
        "wickets": "\u2013",
        "bowl avg": "\u2013",
        "fivefor": "\u2013",
        "tenfor": "\u2013",
        "best bowling": "\u2013",
        "catches/stumpings": "1/-"
    },
    "First-class": {
        "matches": "429",
        "runs": "23373",
        "bat avg": "38.31",
        "100s/50s": "52/109",
        "deliveries": "1981",
        "wickets": "21",
        "bowl avg": "43.00",
        "fivefor": "\u2013",
        "tenfor": "\u2013",
        "best bowling": "3/12",
        "catches/stumpings": "206/-"
    },
    "clubs": {},
    "birth_date": "1886-2-15"
}