{
    "name": "Andy Roberts",
    "country": "New Zealand",
    "fullname": "Andrew Duncan Glenn Roberts",
    "birth_place": "Te Aroha, New Zealand",
    "death_date": "1989",
    "death_place": "Wellington, New Zealand",
    "internationalspan": "1976",
    "testdebutdate": "5 February",
    "testdebutyear": "1976",
    "testdebutagainst": "India",
    "testcap": "133",
    "lasttestdate": "26 November",
    "lasttestyear": "1976",
    "lasttestagainst": "India",
    "oneodi": "true",
    "odidebutdate": "16 October",
    "odidebutyear": "1976",
    "odidebutagainst": "Pakistan",
    "odicap": "25",
    "batting": "Right-handed",
    "bowling": "Right-arm Right-arm medium",
    "source": "http://www.espncricinfo.com/newzealand/content/player/38253.html Cricinfo  ",
    "Test": {
        "matches": "7",
        "runs": "254",
        "bat avg": "23.09",
        "100s/50s": "0/1",
        "deliveries": "440",
        "wickets": "4",
        "bowl avg": "45.50",
        "fivefor": "0",
        "tenfor": "0",
        "best bowling": "1/12",
        "catches/stumpings": "4/\u2013"
    },
    "ODI": {
        "matches": "1",
        "runs": "16",
        "bat avg": "16.00",
        "100s/50s": "0/0",
        "top score": "16",
        "deliveries": "56",
        "wickets": "1",
        "bowl avg": "30.00",
        "fivefor": "0",
        "tenfor": "0",
        "best bowling": "1/30",
        "catches/stumpings": "1/\u2013"
    },
    "FC": {
        "matches": "112",
        "runs": "5,865",
        "bat avg": "34.70",
        "100s/50s": "7/31",
        "deliveries": "2,520",
        "wickets": "84",
        "bowl avg": "30.00",
        "fivefor": "1",
        "tenfor": "0",
        "best bowling": "5/30",
        "catches/stumpings": "73/\u2013"
    },
    "LA": {
        "matches": "34",
        "runs": "668",
        "bat avg": "30.36",
        "100s/50s": "0/7",
        "top score": "80",
        "deliveries": "706",
        "wickets": "22",
        "bowl avg": "32.09",
        "fivefor": "0",
        "tenfor": "0",
        "best bowling": "2/21",
        "catches/stumpings": "13/\u2013"
    },
    "clubs": {
        "Northern Districts": "1967/68\u20131983/84"
    },
    "birth_date": "1947-5-6"
}