{
    "name": "Andy Moles",
    "country": "England",
    "fullname": "Andrew James Moles",
    "nickname": "Molar",
    "birth_place": "Solihull, Warwickshire, England",
    "heightft": "5",
    "heightinch": "10",
    "batting": "Right-handed",
    "bowling": "Right arm Right arm fast-medium",
    "coachclub1": "Hong Kong",
    "coachyear1": "2001",
    "coachclub2": "Kenya",
    "coachyear2": "2003\u20132004",
    "coachclub3": "Scotland",
    "coachyear3": "2005",
    "coachclub4": "New Zealand",
    "coachyear4": "2008\u20132009",
    "coachclub5": "Afghanistan",
    "coachyear5": "2014\u20132015",
    "coachclub6": "Bahamas",
    "coachyear6": "2021",
    "source": "http://www.espncricinfo.com/ci/content/player/17061.html ESPNCricinfo ",
    "First-class": {
        "matches": "230",
        "runs": "15,305",
        "bat avg": "40.70",
        "100s/50s": "29/89",
        "deliveries": "1,882",
        "wickets": "40",
        "bowl avg": "47.05",
        "fivefor": "0",
        "tenfor": "0",
        "best bowling": "3/21",
        "catches/stumpings": "146/\u2013"
    },
    "List A": {
        "matches": "185",
        "runs": "4,733",
        "bat avg": "28.00",
        "100s/50s": "2/15",
        "top score": "127",
        "deliveries": "824",
        "wickets": "12",
        "bowl avg": "69.50",
        "fivefor": "0",
        "tenfor": "0",
        "best bowling": "2/24",
        "catches/stumpings": "50/\u2013"
    },
    "clubs": {
        "Warwickshire": "1986\u20131997",
        "Griqualand West": "1986/87\u20131988/89"
    },
    "birth_date": "1961-02-12"
}