{
    "name": "Andy Waller",
    "fullname": "Andrew Christopher Waller",
    "birth_place": "Salisbury, Rhodesia",
    "nickname": "Bundu",
    "country": "Zimbabwe",
    "batting": "Right-handed",
    "bowling": "Right-arm Right-arm medium",
    "family": "Malcolm Waller (son)",
    "internationalspan": "1987\u20131997",
    "testdebutdate": "18 December",
    "testdebutyear": "1996",
    "testdebutagainst": "England",
    "testcap": "34",
    "lasttestdate": "26 December",
    "lasttestyear": "1996",
    "lasttestagainst": "England",
    "odidebutdate": "10 October",
    "odidebutyear": "1987",
    "odidebutagainst": "New Zealand",
    "odicap": "15",
    "lastodidate": "15 February",
    "lastodiyear": "1997",
    "lastodiagainst": "India",
    "source": "http://content-aus.cricinfo.com/ci/content/player/55840.html Cricinfo  ",
    "Test": {
        "matches": "2",
        "runs": "69",
        "bat avg": "23.00",
        "100s/50s": "0/1",
        "top score": "50",
        "deliveries": "\u2013",
        "wickets": "\u2013",
        "bowl avg": "\u2013",
        "fivefor": "\u2013",
        "tenfor": "\u2013",
        "best bowling": "\u2013",
        "catches/stumpings": "1/\u2013"
    },
    "ODI": {
        "matches": "39",
        "runs": "818",
        "bat avg": "23.37",
        "100s/50s": "0/4",
        "deliveries": "\u2013",
        "wickets": "\u2013",
        "bowl avg": "\u2013",
        "fivefor": "\u2013",
        "tenfor": "\u2013",
        "best bowling": "\u2013",
        "catches/stumpings": "10/\u2013"
    },
    "FC": {
        "matches": "39",
        "runs": "1,653",
        "bat avg": "27.09",
        "100s/50s": "1/11",
        "top score": "104",
        "deliveries": "546",
        "wickets": "5",
        "bowl avg": "51.00",
        "fivefor": "0",
        "tenfor": "0",
        "best bowling": "1/1",
        "catches/stumpings": "24/\u2013"
    },
    "LA": {
        "matches": "97",
        "runs": "2,469",
        "bat avg": "29.39",
        "100s/50s": "1/14",
        "top score": "124",
        "deliveries": "153",
        "wickets": "3",
        "bowl avg": "42.00",
        "fivefor": "0",
        "tenfor": "0",
        "best bowling": "1/3",
        "catches/stumpings": "45/\u2013"
    },
    "clubs": {},
    "birth_date": "25 September 1959"
}