{
    "name": "Andy Cottam",
    "fullname": "Andrew Colin Cottam",
    "birth_place": "Northampton, Northamptonshire, England",
    "batting": "Right-handed",
    "bowling": "Slow left-arm Slow left-arm orthodox",
    "source": "https://cricketarchive.com/Archive/Players/3/3499/3499.html CricketArchive ",
    "First-class": {
        "matches": "13",
        "runs": "153",
        "bat avg": "10.20",
        "100s/50s": "\u2013/\u2013",
        "top score": "36",
        "deliveries": "1708",
        "wickets": "13",
        "bowl avg": "63.00",
        "fivefor": "\u2013",
        "tenfor": "\u2013",
        "best bowling": "2/5",
        "catches/stumpings": "1/\u2013"
    },
    "List A": {
        "matches": "6",
        "runs": "24",
        "bat avg": "12.00",
        "100s/50s": "\u2013/\u2013",
        "deliveries": "290",
        "wickets": "1",
        "bowl avg": "193.00",
        "fivefor": "\u2013",
        "tenfor": "\u2013",
        "best bowling": "1/45",
        "catches/stumpings": "1/\u2013"
    },
    "clubs": {
        "Somerset": "1992\u20131996",
        "Derbyshire": "1995",
        "Devon": "1993\u20131998"
    },
    "birth_date": "1973-7-14"
}