{
    "name": "Anne Palmer",
    "country": "Australia",
    "female": "yes",
    "batting": "Right-handed",
    "bowling": "Right-arm Right-arm off-spin",
    "testdebutdate": "28 December",
    "testdebutyear": "1934",
    "testdebutagainst": "England",
    "lasttestdate": "18 January",
    "lasttestyear": "1935",
    "lasttestagainst": "England",
    "testcap": "9",
    "source": "http://www.espncricinfo.com/ci/content/player/53552.html Cricinfo ",
    "Test": {
        "matches": "3",
        "runs": "92",
        "bat avg": "15.33",
        "100s/50s": "0/0",
        "top score": "39",
        "deliveries": "278",
        "wickets": "10",
        "bowl avg": "12.00",
        "fivefor": "1",
        "tenfor": "0",
        "best bowling": "7/27",
        "catches/stumpings": "1/\u2013"
    },
    "clubs": {}
}