{
    "name": "Anthony Stuart",
    "birth_place": "Newcastle, New South Wales",
    "country": "Australia",
    "batting": "Right-handed",
    "bowling": "Right-arm Right-arm fast-medium",
    "odidebutdate": "5 January",
    "odidebutyear": "1997",
    "odidebutagainst": "West Indies",
    "odicap": "131",
    "lastodidate": "16 January",
    "lastodiyear": "1997",
    "lastodiagainst": "Pakistan",
    "source": "http://content-aus.cricinfo.com/australia/content/player/7691.html Cricinfo  ",
    "ODI": {
        "matches": "3",
        "runs": "1",
        "bat avg": "1.00",
        "100s/50s": "0/0",
        "top score": "1",
        "deliveries": "180",
        "wickets": "8",
        "bowl avg": "13.62",
        "fivefor": "1",
        "tenfor": "0",
        "best bowling": "5/26",
        "catches/stumpings": "2/\u2013"
    },
    "FC": {
        "matches": "26",
        "runs": "204",
        "bat avg": "8.50",
        "100s/50s": "0/0",
        "deliveries": "3757",
        "wickets": "70",
        "bowl avg": "30.82",
        "fivefor": "2",
        "tenfor": "0",
        "best bowling": "7/76",
        "catches/stumpings": "9/\u2013"
    },
    "LA": {
        "matches": "27",
        "runs": "135",
        "bat avg": "9.00",
        "100s/50s": "0/0",
        "top score": "38",
        "deliveries": "1423",
        "wickets": "45",
        "bowl avg": "22.93",
        "fivefor": "1",
        "tenfor": "0",
        "best bowling": "5/26",
        "catches/stumpings": "3/\u2013"
    },
    "clubs": {
        "New South Wales": "1994/95\u20131998/99",
        "Canberra Comets": "1999/00"
    },
    "birth_date": "2 January 1970"
}