{
    "name": "Anthony de Mello",
    "birth_place": "Karachi, Bombay Presidency,, British India url=http://saligaoserenade.com/2011/01/doyen-of-indian-cricket/",
    "death_date": "df=yes",
    "death_place": "Delhi, India",
    "bowling": "Right-handed medium Right-handed medium pace",
    "source": "http://cricketarchive.co.uk/Archive/Players/38/38689/38689.html CricketArchive",
    "First-class": {
        "matches": "11",
        "runs": "82",
        "bat avg": "5.12",
        "100s/50s": "0/0",
        "top score": "15",
        "deliveries": "1350",
        "wickets": "17",
        "bowl avg": "38.23",
        "fivefor": "1",
        "tenfor": "0",
        "best bowling": "6/66",
        "catches/stumpings": "2/0"
    },
    "clubs": {},
    "birth_date": "1900-10-11"
}