{
    "country": "England",
    "fullname": "Anthony Paul Woolley",
    "birth_place": "Derby, Derbyshire, England",
    "batting": "Right-handed",
    "bowling": "Right-arm Right-arm medium",
    "source": "https://www.espncricinfo.com/player/anthony-woolley-22516 Cricinfo ",
    "First-class": {
        "matches": "1",
        "runs": "9",
        "bat avg": "4.50",
        "100s/50s": "\u2013/\u2013",
        "top score": "8",
        "deliveries": "66",
        "wickets": "0",
        "bowl avg": "\u2013",
        "fivefor": "\u2013",
        "tenfor": "\u2013",
        "best bowling": "\u2013",
        "catches/stumpings": "\u2013/\u2013"
    },
    "List A": {
        "matches": "5",
        "runs": "2",
        "bat avg": "1.00",
        "100s/50s": "\u2013/\u2013",
        "deliveries": "186",
        "wickets": "5",
        "bowl avg": "36.20",
        "fivefor": "\u2013",
        "tenfor": "\u2013",
        "best bowling": "4/61",
        "catches/stumpings": "\u2013/\u2013"
    },
    "clubs": {
        "Derbyshire": "1999"
    },
    "birth_date": "1971-12-4"
}