{
    "name": "Anthony Harris",
    "fullname": "Anthony James Harris",
    "birth_place": "Dunedin, Otago, New Zealand",
    "batting": "Right-handed",
    "source": "http://www.cricinfo.com/ci/content/player/229772.html Cricinfo ",
    "First-class": {
        "matches": "2",
        "runs": "17",
        "bat avg": "4.25",
        "100s/50s": "0/0",
        "top score": "13",
        "catches/stumpings": "1/\u2013"
    },
    "clubs": {
        "Otago": "2005/06"
    },
    "birth_date": "1982-6-26"
}