{
    "name": "Anthony Ireland",
    "country": "Zimbabwe",
    "fullname": "Anthony John Ireland",
    "birth_place": "Masvingo, Zimbabwe",
    "batting": "Right-handed",
    "bowling": "Right-arm fast Right-arm fast medium",
    "T20Idebutdate": "28 November",
    "T20Idebutyear": "2006",
    "T20Idebutagainst": "Bangladesh",
    "oneT20I": "true",
    "odidebutdate": "24 August",
    "odidebutyear": "2005",
    "odidebutagainst": "New Zealand",
    "odicap": "87",
    "lastodidate": "19 March",
    "lastodiyear": "2007",
    "lastodiagainst": "West Indies",
    "source": "http://www.espncricinfo.com/zimbabwe/content/player/55522.html Cricinfo ",
    "ODI": {
        "matches": "26",
        "runs": "30",
        "bat avg": "3.75",
        "100s/50s": "0/0",
        "deliveries": "1,326",
        "wickets": "38",
        "bowl avg": "29.34",
        "fivefor": "0",
        "tenfor": "0",
        "best bowling": "3/41",
        "catches/stumpings": "2/&ndash;"
    },
    "T20I": {
        "matches": "1",
        "runs": "2",
        "bat avg": "\u2013",
        "100s/50s": "0/0",
        "deliveries": "18",
        "wickets": "1",
        "bowl avg": "33.00",
        "fivefor": "0",
        "tenfor": "0",
        "best bowling": "1/33",
        "catches/stumpings": "0/&ndash;"
    },
    "FC": {
        "matches": "43",
        "runs": "285",
        "bat avg": "6.19",
        "100s/50s": "0/0",
        "top score": "29",
        "deliveries": "6,354",
        "wickets": "124",
        "bowl avg": "31.50",
        "fivefor": "4",
        "tenfor": "1",
        "best bowling": "7/36",
        "catches/stumpings": "10/&ndash;"
    },
    "LA": {
        "matches": "85",
        "runs": "192",
        "bat avg": "7.38",
        "100s/50s": "0/0",
        "top score": "27",
        "deliveries": "3,553",
        "wickets": "103",
        "bowl avg": "31.56",
        "fivefor": "0",
        "tenfor": "0",
        "best bowling": "4/16",
        "catches/stumpings": "9/&ndash;"
    },
    "clubs": {
        "Southern Rocks": "2009/10",
        "Gloucestershire": "2007&ndash;2010",
        "Middlesex( 88 )": "2011&ndash;2012",
        "\u2192 Gloucestershire (loan)": "2012",
        "Leicestershire( 88 )": "2013&ndash;2014"
    },
    "birth_date": "1984-8-30"
}