{
    "name": "Anton Devcich",
    "fullname": "Anton Paul Devcich",
    "birth_place": "Hamilton, New Zealand",
    "batting": "Left-handed",
    "bowling": "Slow left arm Slow left arm orthodox",
    "country": "New Zealand",
    "internationalspan": "2013\u20132016",
    "odidebutdate": "29 October",
    "odidebutyear": "2013",
    "odidebutagainst": "Bangladesh",
    "odicap": "60",
    "lastodidate": "26 October",
    "lastodiyear": "2016",
    "lastodiagainst": "India",
    "T20Idebutdate": "6 November",
    "T20Idebutyear": "2013",
    "T20Idebutagainst": "Bangladesh",
    "T20Icap": "62",
    "lastT20Idate": "5 December",
    "lastT20Iyear": "2014",
    "lastT20Iagainst": "Pakistan",
    "source": "http://www.espncricinfo.com/newzealand/content/player/36948.html Cricinfo",
    "ODI": {
        "matches": "12",
        "runs": "195",
        "bat avg": "17.72",
        "100s/50s": "0/1",
        "top score": "58",
        "deliveries": "324",
        "wickets": "4",
        "bowl avg": "72.75",
        "fivefor": "0",
        "tenfor": "0",
        "best bowling": "2/33",
        "catches/stumpings": "3/\u2013"
    },
    "T20I": {
        "matches": "4",
        "runs": "111",
        "bat avg": "27.75",
        "100s/50s": "0/1",
        "top score": "59",
        "deliveries": "72",
        "wickets": "2",
        "bowl avg": "40.00",
        "fivefor": "0",
        "tenfor": "0",
        "best bowling": "2/16",
        "catches/stumpings": "2/\u2013"
    },
    "FC": {
        "matches": "56",
        "runs": "2,826",
        "bat avg": "30.06",
        "100s/50s": "5/13",
        "top score": "132",
        "deliveries": "3,203",
        "wickets": "51",
        "bowl avg": "37.33",
        "fivefor": "0",
        "tenfor": "0",
        "best bowling": "4/43",
        "catches/stumpings": "34/\u2013"
    },
    "LA": {
        "matches": "101",
        "runs": "2,665",
        "bat avg": "29.94",
        "100s/50s": "1/21",
        "deliveries": "3,017",
        "wickets": "53",
        "bowl avg": "52.20",
        "fivefor": "1",
        "tenfor": "0",
        "best bowling": "5/46",
        "catches/stumpings": "37/\u2013"
    },
    "clubs": {
        "Northern Districts": "2004/05\u20132020/21",
        "Trinbago Knight Riders": "2016",
        "Nangarhar Leopards": "2018",
        "St Kitts & Nevis Patriots": "2018",
        "Lahore Qalandars": "2018/19",
        "Sydney Thunder": "2018/19"
    },
    "birth_date": "1985-9-28"
}