{
    "name": "Anura Ranasinghe",
    "birth_place": "Kalutara",
    "death_date": "1998",
    "death_place": "Colombo",
    "country": "Sri Lanka",
    "batting": "Right-handed",
    "bowling": "Left-arm Left-arm medium",
    "internationalspan": "1975\u20131982",
    "testdebutdate": "14 March",
    "testdebutyear": "1982",
    "testdebutagainst": "England",
    "testcap": "13",
    "lasttestdate": "17 September",
    "lasttestyear": "1982",
    "lasttestagainst": "India",
    "odidebutdate": "7 June",
    "odidebutyear": "1975",
    "odidebutagainst": "West Indies",
    "odicap": "8",
    "lastodidate": "15 September",
    "lastodiyear": "1982",
    "lastodiagainst": "India",
    "source": "http://www.espncricinfo.com/ci/content/player/50241.html ESPNcricinfo ",
    "Test": {
        "matches": "2",
        "runs": "88",
        "bat avg": "22.00",
        "100s/50s": "0/1",
        "top score": "77",
        "deliveries": "19",
        "wickets": "1",
        "bowl avg": "69.00",
        "fivefor": "0",
        "tenfor": "0",
        "best bowling": "1/23",
        "catches/stumpings": "0/\u2013"
    },
    "ODI": {
        "matches": "9",
        "runs": "153",
        "bat avg": "21.85",
        "100s/50s": "0/1",
        "top score": "51",
        "deliveries": "324",
        "wickets": "2",
        "bowl avg": "140.50",
        "fivefor": "0",
        "tenfor": "0",
        "best bowling": "1/21",
        "catches/stumpings": "0/\u2013"
    },
    "clubs": {},
    "birth_date": "1956-10-13"
}