{
    "name": "Anwar Hossain Monir",
    "birth_place": "Munshiganj, Bangladesh",
    "country": "Bangladesh",
    "batting": "Right-handed",
    "bowling": "Right-arm Right-arm fast-medium",
    "testdebutagainst": "Australia",
    "testdebutdate": "25 July",
    "testdebutyear": "2003",
    "lasttestagainst": "England",
    "lasttestdate": "3 June",
    "lasttestyear": "2005",
    "testcap": "32",
    "oneodi": "true",
    "odidebutagainst": "South Africa",
    "odidebutdate": "9 October",
    "odidebutyear": "2002",
    "odicap": "62",
    "source": "http://content-aus.cricinfo.com/ci/content/player/56235.html CricInfo ",
    "Test": {
        "matches": "3",
        "runs": "22",
        "bat avg": "7.33",
        "100s/50s": "0/0",
        "top score": "13",
        "deliveries": "348",
        "wickets": "0",
        "bowl avg": "\u2013",
        "fivefor": "\u2013",
        "tenfor": "\u2013",
        "best bowling": "\u2013",
        "catches/stumpings": "0/\u2013"
    },
    "ODI": {
        "matches": "1",
        "runs": "\u2013",
        "bat avg": "\u2013",
        "100s/50s": "\u2013",
        "top score": "\u2013",
        "deliveries": "48",
        "wickets": "0",
        "bowl avg": "\u2013",
        "fivefor": "\u2013",
        "tenfor": "\u2013",
        "best bowling": "\u2013",
        "catches/stumpings": "0/\u2013"
    },
    "clubs": {},
    "birth_date": "31 December 1981"
}