{
    "name": "Anwar Hussain",
    "fullname": "Anwar Hussain Khokhar",
    "birth_place": "Lahore, British India",
    "death_date": "2002",
    "death_place": "Lahore, Pakistan",
    "batting": "Right-handed",
    "bowling": "Right-arm Right-arm fast-medium",
    "family": "Aslam Khokhar (cousin)",
    "internationalspan": "1952",
    "country": "Pakistan",
    "testdebutagainst": "India",
    "testcap": "2",
    "testdebutdate": "16 October",
    "testdebutyear": "1952",
    "lasttestdate": "12 December",
    "lasttestagainst": "India",
    "lasttestyear": "1952",
    "source": "http://content-aus.cricinfo.com/ci/content/player/39001.html ESPNcricinfo",
    "Test": {
        "matches": "4",
        "runs": "42",
        "bat avg": "7.00",
        "100s/50s": "0/0",
        "top score": "17",
        "deliveries": "36",
        "wickets": "1",
        "bowl avg": "29.00",
        "fivefor": "0",
        "tenfor": "0",
        "best bowling": "1/25",
        "catches/stumpings": "0/\u2013"
    },
    "First-class": {
        "matches": "45",
        "runs": "1,511",
        "bat avg": "26.98",
        "100s/50s": "0/12",
        "top score": "81",
        "deliveries": "2,910",
        "wickets": "36",
        "bowl avg": "36.02",
        "fivefor": "0",
        "tenfor": "0",
        "best bowling": "4/66",
        "catches/stumpings": "14/\u2013"
    },
    "clubs": {},
    "birth_date": "1920-7-16"
}