{
    "name": "Anwar Hossain",
    "birth_place": "Lalbagh, Dhaka, Bangladesh",
    "country": "Bangladesh",
    "batting": "Right-handed",
    "onetest": "true",
    "testdebutagainst": "West Indies",
    "testdebutdate": "8 December",
    "testdebutyear": "2002",
    "testcap": "30",
    "oneodi": "true",
    "odidebutagainst": "West Indies",
    "odidebutdate": "3 December",
    "odidebutyear": "2002",
    "odicap": "65",
    "odishirt": "22",
    "source": "http://content-aus.cricinfo.com/ci/content/player/56255.html ESPNcricinfo ",
    "Test": {
        "matches": "1",
        "runs": "14",
        "bat avg": "7.00",
        "100s/50s": "0/0",
        "top score": "12",
        "catches/stumpings": "0/\u2013"
    },
    "ODI": {
        "matches": "1",
        "runs": "42",
        "bat avg": "42.00",
        "100s/50s": "0/0",
        "top score": "42",
        "catches/stumpings": "0/\u2013"
    },
    "clubs": {},
    "birth_date": "10 December 1983"
}