{
    "name": "Anwar Khan",
    "birth_place": "Karachi, Pakistan",
    "batting": "Right-handed",
    "bowling": "Right-arm Right-arm fast-medium",
    "country": "Pakistan",
    "testcap": "80",
    "testdebutagainst": "New Zealand",
    "testdebutdate": "2 February",
    "testdebutyear": "1979",
    "onetest": "true",
    "source": "http://www.espncricinfo.com/ci/content/player/39002.html ESPNcricinfo",
    "Test": {
        "matches": "1",
        "runs": "15",
        "bat avg": "15.00",
        "100s/50s": "0/0",
        "top score": "12",
        "deliveries": "32",
        "wickets": "0",
        "bowl avg": "\u2013",
        "fivefor": "\u2013",
        "tenfor": "\u2013",
        "best bowling": "\u2013",
        "catches/stumpings": "0/\u2013"
    },
    "First-class": {
        "matches": "102",
        "runs": "2,255",
        "bat avg": "20.87",
        "100s/50s": "1/9",
        "deliveries": "13,493",
        "wickets": "209",
        "bowl avg": "29.43",
        "fivefor": "7",
        "tenfor": "0",
        "best bowling": "7/42",
        "catches/stumpings": "58/\u2013"
    },
    "clubs": {},
    "birth_date": "1955-12-24"
}