{
    "name": "Apoorva Sengupta",
    "full_name": "Apoorva Kumar Sengupta",
    "birth_place": "Lucknow, United Provinces, British India",
    "death_date": "2013",
    "death_place": "New Delhi, India",
    "batting": "Right-handed",
    "bowling": "Legbreak Legbreak googly",
    "country": "India",
    "onetest": "yes",
    "testcap": "89",
    "testdebutfor": "India",
    "testdebutagainst": "West Indies",
    "testdebutdate": "21 January",
    "testdebutyear": "1959",
    "lasttestdate": "21 January",
    "lasttestfor": "India",
    "lasttestagainst": "West Indies",
    "lasttestyear": "1959",
    "source": "https://www.espncricinfo.com/player/ak-sengupta-33895 ESPNcricinfo",
    "Test": {
        "matches": "1",
        "runs": "9",
        "bat avg": "4.50",
        "100s/50s": "0/0",
        "top score": "8",
        "deliveries": "\u2013",
        "wickets": "\u2013",
        "bowl avg": "\u2013",
        "fivefor": "\u2013",
        "tenfor": "\u2013",
        "best bowling": "\u2013",
        "catches/stumpings": "0/\u2013"
    },
    "First-class": {
        "matches": "45",
        "runs": "1695",
        "bat avg": "26.48",
        "100s/50s": "2/8",
        "deliveries": "1231",
        "wickets": "21",
        "bowl avg": "31.14",
        "fivefor": "1",
        "tenfor": "0",
        "best bowling": "6/32",
        "catches/stumpings": "24/\u2013"
    },
    "clubs": {},
    "birth_date": "1939-8-3"
}