{
    "name": "Archie Wiles",
    "fullname": "Charles Archibald Wiles",
    "birth_place": "Bridgetown, Barbados",
    "death_date": "1957",
    "death_place": "Diego Martin, Trinidad and Tobago",
    "batting": "Right-handed",
    "country": "West Indies",
    "testdebutfor": "West Indies",
    "testdebutagainst": "England",
    "testdebutdate": "22 July",
    "testdebutyear": "1933",
    "lasttestdate": "22 July",
    "lasttestagainst": "England",
    "lasttestyear": "1933",
    "onetest": "true",
    "testcap": "35",
    "source": "http://content-aus.cricinfo.com/ci/content/player/53226.html Cricinfo",
    "Tests": {
        "matches": "1",
        "runs": "2",
        "bat avg": "1.00",
        "100s/50s": "0/0",
        "top score": "2",
        "deliveries": "-",
        "wickets": "-",
        "bowl avg": "-",
        "fivefor": "-",
        "tenfor": "-",
        "best bowling": "-/-",
        "catches/stumpings": "0/-"
    },
    "First-class": {
        "matches": "38",
        "runs": "1,766",
        "bat avg": "27.59",
        "100s/50s": "2/6",
        "top score": "192",
        "deliveries": "-",
        "wickets": "-",
        "bowl avg": "-",
        "fivefor": "-",
        "tenfor": "-",
        "best bowling": "-/-",
        "catches/stumpings": "7/-"
    },
    "clubs": {
        "Trinidad": "1919-20 to 1935-36"
    },
    "birth_date": "1892-8-11"
}