{
    "name": "Arif Butt",
    "birth_place": "Lahore, Punjab, British India",
    "death_date": "2007",
    "death_place": "Lahore, Pakistan",
    "batting": "Right-handed",
    "bowling": "Right-arm Right-arm fast-medium",
    "country": "Pakistan",
    "testdebutagainst": "Australia",
    "testdebutdate": "4 December",
    "testdebutyear": "1964",
    "lasttestdate": "29 January",
    "lasttestagainst": "New Zealand",
    "lasttestyear": "1965",
    "testcap": "47",
    "source": "http://www.espncricinfo.com/ci/content/player/39003.html Cricinfo",
    "Test": {
        "matches": "3",
        "runs": "59",
        "bat avg": "11.80",
        "100s/50s": "0/0",
        "top score": "20",
        "deliveries": "666",
        "wickets": "14",
        "bowl avg": "20.57",
        "fivefor": "1",
        "tenfor": "0",
        "best bowling": "6/89",
        "catches/stumpings": "0/\u2013"
    },
    "First-class": {
        "matches": "97",
        "runs": "4,017",
        "bat avg": "29.10",
        "100s/50s": "4/22",
        "top score": "180",
        "deliveries": "11,879",
        "wickets": "201",
        "bowl avg": "26.79",
        "fivefor": "10",
        "tenfor": "2",
        "best bowling": "8/45",
        "catches/stumpings": "44/\u2013"
    },
    "clubs": {},
    "birth_date": "1944-5-17"
}