{
    "module": [
        "|top score2 = 131",
        "|deliveries1 = 2,120 |deliveries2 = 4,710 |wickets1 = 16 |wickets2 = 79 |bowl avg1 = 65.00 |bowl avg2 = 47.55 |fivefor1 = 0 |fivefor2 = 0 |tenfor1 = 0 |tenfor2 = 0 |best bowling1 = 2/20 |best bowling2 = 4/14 |catches/stumpings1 = 47/\u2013 |catches/stumpings2 = 63/\u2013"
    ],
    "FC": {
        "matches": "205",
        "runs": "11,641",
        "bat avg": "44.26",
        "100s/50s": "25/63",
        "deliveries": "7,096",
        "wickets": "94",
        "bowl avg": "32.81",
        "fivefor": "2",
        "tenfor": "0",
        "best bowling": "5/45",
        "catches/stumpings": "108/\u2013"
    },
    "LA": {
        "matches": "307",
        "runs": "8,491",
        "bat avg": "35.82",
        "100s/50s": "4/55",
        "deliveries": "4,255",
        "wickets": "98",
        "bowl avg": "43.41",
        "fivefor": "0",
        "tenfor": "0",
        "best bowling": "4/14",
        "catches/stumpings": "78/\u2013 |medaltemplates= source = http://content.cricinfo.com/srilanka/content/player/50244.html Cricinfo |date = 8 September |year = 2015 "
    },
    "clubs": {}
}