{
    "name": "Arnold Warren",
    "birth_place": "Codnor, Derbyshire, England",
    "death_date": "1951",
    "death_place": "Codnor, Derbyshire, England",
    "batting": "Right-handed",
    "bowling": "Right-arm Right-arm fast",
    "onetest": "true",
    "country": "England",
    "testdebutdate": "3 July",
    "testdebutyear": "1905",
    "testdebutagainst": "Australia",
    "testcap": "143",
    "source": "https://cricketarchive.com/Archive/Players/0/281/281.html CricketArchive ",
    "Test": {
        "matches": "1",
        "runs": "7",
        "bat avg": "7.00",
        "100s/50s": "0/0",
        "top score": "7",
        "deliveries": "236",
        "wickets": "6",
        "bowl avg": "18.83",
        "fivefor": "1",
        "tenfor": "0",
        "best bowling": "5/57",
        "catches/stumpings": "1/\u2013"
    },
    "First-class": {
        "matches": "255",
        "runs": "5,507",
        "bat avg": "13.73",
        "100s/50s": "1/11",
        "top score": "123",
        "deliveries": "42,942",
        "wickets": "939",
        "bowl avg": "24.55",
        "fivefor": "72",
        "tenfor": "15",
        "best bowling": "8/69",
        "catches/stumpings": "195/\u2013"
    },
    "clubs": {
        "Derbyshire": "1897\u20131920"
    },
    "birth_date": "1875-4-2"
}