{
    "country": "Bermuda",
    "fullname": "Willard Arnold E Manders",
    "birth_place": "Bermuda",
    "batting": "Right-handed",
    "bowling": "Right-arm off Right-arm off break",
    "source": "https://cricketarchive.com/Archive/Players/5/5407/5407.html CricketArchive ",
    "List A": {
        "matches": "6",
        "runs": "45",
        "bat avg": "9.00",
        "100s/50s": "&ndash;/&ndash;",
        "top score": "23",
        "deliveries": "293",
        "wickets": "3",
        "bowl avg": "74.66",
        "fivefor": "&ndash;",
        "tenfor": "&ndash;",
        "best bowling": "2/34",
        "catches/stumpings": "&ndash;/&ndash;"
    },
    "clubs": {
        "Bermuda": "1996/97"
    },
    "birth_date": "1959-4-26"
}