{
    "name": "Arnold Fothergill",
    "country": "England",
    "fullname": "Arnold James Fothergill",
    "birth_place": "Newcastle upon Tyne, Northumberland, England",
    "death_date": "df=yes",
    "death_place": "Sunderland, County Durham, England",
    "batting": "Left-handed",
    "bowling": "Left-arm Left-arm medium-fast",
    "testdebutdate": "12 March",
    "testdebutyear": "1889",
    "testdebutagainst": "South Africa",
    "testcap": "63",
    "lasttestdate": "25 March",
    "lasttestyear": "1889",
    "lasttestagainst": "South Africa",
    "source": "https://cricketarchive.com/Archive/Players/0/118/118.html CricketArchive ",
    "Test": {
        "matches": "2",
        "runs": "33",
        "bat avg": "16.50",
        "100s/50s": "0/0",
        "top score": "32",
        "deliveries": "321",
        "wickets": "8",
        "bowl avg": "11.25",
        "fivefor": "0",
        "tenfor": "0",
        "best bowling": "4/19",
        "catches/stumpings": "0/\u2013"
    },
    "First-class": {
        "matches": "40",
        "runs": "843",
        "bat avg": "14.05",
        "100s/50s": "0/1",
        "top score": "74",
        "deliveries": "5,383",
        "wickets": "119",
        "bowl avg": "18.18",
        "fivefor": "6",
        "tenfor": "1",
        "best bowling": "6/43",
        "catches/stumpings": "15/\u2013"
    },
    "clubs": {
        "Somerset": "1880\u20131889",
        "MCC": "1882\u20131892"
    },
    "birth_date": "1854-08-26"
}