{
    "name": "Arnold Hamer",
    "country": "England",
    "birth_place": "Huddersfield, England",
    "death_date": "1993",
    "death_place": "Huddersfield, England",
    "batting": "Right-handed",
    "bowling": "Right-arm Right-arm off-break",
    "type1": "FC",
    "debutdate1": "13 May",
    "debutyear1": "1938",
    "debutfor1": "Yorkshire",
    "debutagainst1": "Essex",
    "lastdate1": "15 June",
    "lastyear1": "1960",
    "lastfor1": "Derbyshire",
    "lastagainst1": "Lancashire",
    "source": "https://cricketarchive.com/Archive/Players/29/29911/29911.html CricketArchive ",
    "First-class": {
        "matches": "295",
        "runs": "15,465",
        "bat avg": "31.17",
        "100s/50s": "19/79",
        "top score": "227",
        "deliveries": "5,355",
        "wickets": "71",
        "bowl avg": "33.28",
        "fivefor": "0",
        "tenfor": "0",
        "best bowling": "4/27",
        "catches/stumpings": "164/\u2013"
    },
    "clubs": {
        "Yorkshire": "1938",
        "Derbyshire": "1950\u20131960"
    },
    "birth_date": "1916-12-8"
}