{
    "name": "Arshad Pervez",
    "birth_place": "Sargodha",
    "country": "Pakistan",
    "batting": "Right-handed",
    "bowling": "Right-arm Right-arm medium",
    "source": "http://www.espncricinfo.com/ci/content/player/39006.html Cricinfo  ",
    "ODI": {
        "matches": "2",
        "runs": "11",
        "bat avg": "5.50",
        "100s/50s": "0/0",
        "top score": "11",
        "deliveries": "\u2013",
        "wickets": "\u2013",
        "bowl avg": "\u2013",
        "fivefor": "\u2013",
        "tenfor": "\u2013",
        "best bowling": "\u2013",
        "catches/stumpings": "0/\u2013"
    },
    "FC": {
        "matches": "248",
        "runs": "14,986",
        "bat avg": "39.85",
        "100s/50s": "39/65",
        "top score": "251 not out",
        "deliveries": "1327",
        "wickets": "22",
        "bowl avg": "34.72",
        "fivefor": "0",
        "tenfor": "0",
        "best bowling": "3/37",
        "catches/stumpings": "211/\u2013"
    },
    "clubs": {},
    "birth_date": "1 October 1953"
}