{
    "name": "Arshad Ayub",
    "birth_place": "Hyderabad, Telangana, India",
    "country": "India",
    "batting": "Right-handed",
    "bowling": "Right-arm Right-arm offbreak",
    "testdebutdate": "25 November",
    "testdebutyear": "1987",
    "testdebutagainst": "West Indies",
    "testcap": "178",
    "lasttestdate": "1 December",
    "lasttestyear": "1989",
    "lasttestagainst": "Pakistan",
    "odidebutdate": "8 December",
    "odidebutyear": "1987",
    "odidebutagainst": "West Indies",
    "odicap": "62",
    "lastodidate": "8 December",
    "lastodiyear": "1990",
    "lastodiagainst": "Sri Lanka",
    "source": "http://content-aus.cricinfo.com/ci/content/player/26290.html ESPNcricinfo |medaltemplates= Men's Cricket IND ACC Asia Cup Winner ",
    "Test": {
        "matches": "13",
        "runs": "257",
        "bat avg": "17.13",
        "100s/50s": "0/1",
        "top score": "57",
        "deliveries": "3663",
        "wickets": "41",
        "bowl avg": "35.07",
        "fivefor": "3",
        "tenfor": "0",
        "best bowling": "5/50",
        "catches/stumpings": "2/\u2013"
    },
    "ODI": {
        "matches": "32",
        "runs": "116",
        "bat avg": "11.60",
        "100s/50s": "0/0",
        "deliveries": "1769",
        "wickets": "31",
        "bowl avg": "39.22",
        "fivefor": "1",
        "tenfor": "0",
        "best bowling": "5/21",
        "catches/stumpings": "5/\u2013"
    },
    "clubs": {},
    "birth_date": "2 August 1958"
}