{
    "name": "Arshad Ali",
    "birth_place": "Sialkot, Pakistan",
    "fullname": "Arshad Ali",
    "family": "Abdullah Shafique (nephew)",
    "country": "United Arab Emirates",
    "internationalspan": "2001\u20132013",
    "batting": "Right-handed",
    "bowling": "Legbreak",
    "odidebutagainst": "India",
    "odidebutdate": "16 July",
    "odidebutyear": "2004",
    "odicap": "19",
    "lastodiagainst": "Sri Lanka",
    "lastodidate": "26 June",
    "lastodiyear": "2008",
    "source": "http://content-www.cricinfo.com/other/content/player/25591.html Cricinfo ",
    "ODI": {
        "matches": "4",
        "runs": "54",
        "bat avg": "13.50",
        "100s/50s": "0/0",
        "top score": "41",
        "deliveries": "102",
        "wickets": "1",
        "bowl avg": "105.00",
        "fivefor": "0",
        "tenfor": "0",
        "best bowling": "1/5",
        "catches/stumpings": "1/\u2013"
    },
    "clubs": {},
    "birth_date": "1976-4-6"
}