{
    "name": "Arshad Laeeq",
    "birth_place": "Karachi, Sindh, Pakistan",
    "country": "UAE",
    "batting": "Right-handed",
    "bowling": "Right-arm Right-arm fast-medium",
    "internationalspan": "1994-1996",
    "source": "http://content-uk.cricinfo.com/other/content/player/25532.html CricInfo ",
    "ODI": {
        "matches": "6",
        "runs": "101",
        "bat avg": "20.19",
        "100s/50s": "0/0",
        "deliveries": "198",
        "wickets": "1",
        "bowl avg": "198.00",
        "fivefor": "0",
        "tenfor": "0",
        "best bowling": "1/25",
        "catches/stumpings": "1/\u2013"
    },
    "clubs": {},
    "birth_date": "28 November 1970"
}