{
    "name": "Arthur Barrett",
    "batting": "Right-handed",
    "bowling": "Legbreak Legbreak googly",
    "country": "West Indies",
    "testdebutagainst": "India",
    "testdebutdate": "18 February",
    "testdebutyear": "1971",
    "lasttestdate": "23 January",
    "lasttestagainst": "India",
    "lasttestyear": "1975",
    "source": "http://content-aus.cricinfo.com/ci/content/player/51213.html CricInfo",
    "Test": {
        "matches": "6",
        "runs": "40",
        "bat avg": "6.66",
        "100s/50s": "0/0",
        "top score": "19",
        "deliveries": "1,612",
        "wickets": "13",
        "bowl avg": "46.38",
        "fivefor": "0",
        "tenfor": "0",
        "best bowling": "3/43",
        "catches/stumpings": "0/\u2013"
    },
    "First-class": {
        "matches": "57",
        "runs": "1,086",
        "bat avg": "17.51",
        "100s/50s": "1/0",
        "deliveries": "11,740",
        "wickets": "169",
        "bowl avg": "31.21",
        "fivefor": "9",
        "tenfor": "2",
        "best bowling": "7/90",
        "catches/stumpings": "54/\u2013"
    },
    "clubs": {}
}