{
    "name": "Arthur Jenkins",
    "country": "Australia",
    "fullname": "Arthur George Jenkins",
    "birth_place": "Adelaide, South Australia",
    "death_date": "1963",
    "death_place": "Adelaide, South Australia, Australia",
    "umpire": "true",
    "testsumpired": "1",
    "umptestdebutyr": "1930",
    "fcumpired": "30",
    "umpfcdebutyr": "1927",
    "umpfclastyr": "1939",
    "source": "https://cricketarchive.com/Archive/Players/36/36183/Umpire_in_First-Class_Matches.html CricketArchive ",
    "clubs": {},
    "birth_date": "1887-2-7"
}