{
    "name": "Arthur Dolphin",
    "country": "England",
    "fullname": "Arthur Dolphin",
    "birth_place": "Wilsden, Bingley, Yorkshire, England",
    "death_date": "1942",
    "death_place": "Lilycroft, Heaton, Bradford, Yorkshire, England",
    "batting": "Right-handed",
    "onetest": "true",
    "testdebutdate": "11 February",
    "testdebutyear": "1921",
    "testdebutfor": "England",
    "testdebutagainst": "Australia",
    "testcap": "188",
    "umpire": "true",
    "testsumpired": "6",
    "umptestdebutyr": "1933",
    "umptestlastyr": "1938",
    "fcumpired": "249",
    "umpfcdebutyr": "1926",
    "umpfclastyr": "1939",
    "source": "https://cricketarchive.com/Archive/Players/0/389/389.html CricketArchive",
    "Test": {
        "matches": "1",
        "runs": "1",
        "bat avg": "0.50",
        "100s/50s": "0/0",
        "top score": "1",
        "deliveries": "\u2013",
        "wickets": "\u2013",
        "bowl avg": "\u2013",
        "fivefor": "\u2013",
        "tenfor": "\u2013",
        "best bowling": "\u2013",
        "catches/stumpings": "1/0"
    },
    "First-class": {
        "matches": "449",
        "runs": "3,402",
        "bat avg": "11.30",
        "100s/50s": "0/7",
        "top score": "66",
        "deliveries": "66",
        "wickets": "1",
        "bowl avg": "28.00",
        "fivefor": "0",
        "tenfor": "0",
        "best bowling": "1/18",
        "catches/stumpings": "610/272"
    },
    "clubs": {
        "Yorkshire": "1905\u20131927"
    },
    "birth_date": "1885-12-24"
}