{
    "name": "Arthur Wood",
    "batting": "Right-handed",
    "birth_place": "Fagley, Bradford, Yorkshire, England",
    "death_date": "1973",
    "death_place": "Middleton, Ilkley, Yorkshire, England",
    "country": "England",
    "testdebutdate": "20 August",
    "testdebutyear": "1938",
    "testdebutagainst": "Australia",
    "lasttestdate": "19 August",
    "lasttestyear": "1939",
    "lasttestagainst": "West Indies",
    "source": "http://content-aus.cricinfo.com/ci/content/player/22496.html CricInfo ",
    "Test": {
        "matches": "4",
        "runs": "80",
        "bat avg": "20.00",
        "100s/50s": "0/1",
        "top score": "53",
        "deliveries": "\u2013",
        "wickets": "\u2013",
        "bowl avg": "\u2013",
        "fivefor": "\u2013",
        "tenfor": "\u2013",
        "best bowling": "\u2013",
        "catches/stumpings": "10/1"
    },
    "First-class": {
        "matches": "420",
        "runs": "8,842",
        "bat avg": "21.20",
        "100s/50s": "1/43",
        "deliveries": "30",
        "wickets": "1",
        "bowl avg": "33.00",
        "fivefor": "0",
        "tenfor": "0",
        "best bowling": "1/33",
        "catches/stumpings": "631/255"
    },
    "clubs": {},
    "birth_date": "1898-8-25"
}