{
    "name": "Arthur Day",
    "country": "England",
    "fullname": "Arthur Percival Day",
    "birth_place": "Blackheath, Kent",
    "death_date": "1969",
    "death_place": "Budleigh Salterton, Devon",
    "family": "Samuel Day (brother) Sydney Day (brother) David Day (son)",
    "batting": "Right-handed",
    "bowling": "Right arm leg spin, Right arm Right arm leg spin, Right arm fast-medium",
    "type1": "First-class",
    "debutdate1": "22 May",
    "debutyear1": "1905",
    "debutfor1": "Kent",
    "debutagainst1": "MCC",
    "lastdate1": "18 July",
    "lastyear1": "1925",
    "lastfor1": "Kent",
    "lastagainst1": "Surrey",
    "source": "http://www.espncricinfo.com/england/content/player/12098.html CricInfo ",
    "First-class": {
        "matches": "157",
        "runs": "7,174",
        "bat avg": "32.90",
        "100s/50s": "13/38",
        "deliveries": "7,334",
        "wickets": "132",
        "bowl avg": "26.36",
        "fivefor": "4",
        "tenfor": "0",
        "best bowling": "8/49",
        "catches/stumpings": "92/\u2013"
    },
    "clubs": {
        "Kent": "1905\u20131925",
        "MCC": "1907\u20131912"
    },
    "birth_date": "1885-4-10"
}