{
    "name": "Arthur Mold",
    "fullname": "Arthur Webb Mold",
    "birth_place": "Middleton Cheney, Northamptonshire, England",
    "death_date": "1921",
    "death_place": "Middleton Cheney, Northamptonshire, England",
    "batting": "Right-handed",
    "bowling": "Right-arm Right-arm fast",
    "testcap": "84",
    "country": "England",
    "testdebutagainst": "Australia",
    "testdebutdate": "17 July",
    "testdebutyear": "1893",
    "lasttestdate": "26 August",
    "lasttestagainst": "Australia",
    "lasttestyear": "1893",
    "source": "http://www.espncricinfo.com/england/content/player/17059.html ESPNCricinfo",
    "Tests": {
        "matches": "3",
        "runs": "0",
        "bat avg": "0.00",
        "100s/50s": "0/0",
        "deliveries": "491",
        "wickets": "7",
        "bowl avg": "33.42",
        "fivefor": "0",
        "tenfor": "0",
        "best bowling": "3/44",
        "catches/stumpings": "1/\u2013"
    },
    "First-class": {
        "matches": "287",
        "runs": "1,850",
        "bat avg": "7.14",
        "100s/50s": "0/2",
        "top score": "57",
        "deliveries": "62,278",
        "wickets": "1,673",
        "bowl avg": "15.54",
        "fivefor": "152",
        "tenfor": "56",
        "best bowling": "9/29",
        "catches/stumpings": "111/\u2013"
    },
    "clubs": {
        "Lancashire": "1889\u20131901"
    },
    "birth_date": "1863-5-27"
}