{
    "name": "Arthur Jones",
    "fullname": "Arthur Owen Jones",
    "birth_place": "Shelton, Nottinghamshire, England",
    "death_date": "1914",
    "death_place": "Dunstable, Bedfordshire, England",
    "country": "England",
    "batting": "Right-handed",
    "bowling": "Right arm leg Right arm leg break",
    "testdebutdate": "14 August",
    "testdebutyear": "1899",
    "testdebutagainst": "Australia",
    "testcap": "128",
    "lasttestdate": "16 June",
    "lasttestyear": "1909",
    "lasttestagainst": "Australia",
    "source": "https://www.espncricinfo.com/england/content/player/15534.html Cricinfo",
    "module": "embed=y",
    "years1": "1895\u20131910",
    "apps1": "224",
    "points1": "563",
    "clubs1": "Leicester",
    "ru_position": "Full Back  ",
    "Test": {
        "matches": "12",
        "runs": "291",
        "bat avg": "13.85",
        "100s/50s": "0/0",
        "top score": "34",
        "deliveries": "228",
        "wickets": "3",
        "bowl avg": "44.33",
        "fivefor": "0",
        "tenfor": "0",
        "best bowling": "3/73",
        "catches/stumpings": "15/\u2013"
    },
    "First-class": {
        "matches": "472",
        "runs": "22,935",
        "bat avg": "31.54",
        "100s/50s": "34/117",
        "top score": "296",
        "deliveries": "18,116",
        "wickets": "333",
        "bowl avg": "32.81",
        "fivefor": "8",
        "tenfor": "1",
        "best bowling": "8/71",
        "catches/stumpings": "580/2"
    },
    "clubs": {
        "Nottinghamshire": "1892\u20131914",
        "Cambridge University": "1892\u20131893",
        "London County": "1901"
    },
    "birth_date": "1872-8-16"
}