{
    "name": "Arthur Milton",
    "fullname": "Clement Arthur Milton",
    "birth_place": "Bedminster, Bristol, England",
    "death_date": "df=y",
    "death_place": "Bristol, England",
    "batting": "Right-handed",
    "bowling": "Right-arm Right-arm medium",
    "country": "England",
    "testdebutagainst": "New Zealand",
    "testdebutdate": "3 July",
    "testdebutyear": "1958",
    "lasttestdate": "18 June",
    "lasttestagainst": "India",
    "lasttestyear": "1959",
    "source": "http://www.espncricinfo.com/ci/content/player/17037.html ESPNcricinfo",
    "Test": {
        "matches": "6",
        "runs": "204",
        "bat avg": "25.50",
        "100s/50s": "1/0",
        "deliveries": "24",
        "wickets": "0",
        "bowl avg": "\u2013",
        "fivefor": "\u2013",
        "tenfor": "\u2013",
        "best bowling": "\u2013",
        "catches/stumpings": "5/\u2013"
    },
    "First-class": {
        "matches": "620",
        "runs": "32,150",
        "bat avg": "33.73",
        "100s/50s": "56/160",
        "top score": "170",
        "deliveries": "8,414",
        "wickets": "79",
        "bowl avg": "46.07",
        "fivefor": "1",
        "tenfor": "0",
        "best bowling": "5/64",
        "catches/stumpings": "760/\u2013"
    },
    "clubs": {},
    "birth_date": "1928-3-10"
}