{
    "name": "Arthur Chipperfield",
    "birth_place": "Ashfield, New South Wales, Australia",
    "death_date": "1987",
    "death_place": "Ryde, New South Wales, Australia",
    "batting": "Right-handed",
    "bowling": "Legbreak",
    "country": "Australia",
    "testdebutagainst": "England",
    "testdebutdate": "8 June",
    "testdebutyear": "1934",
    "testcap": "151",
    "lasttestdate": "24 June",
    "lasttestagainst": "England",
    "lasttestyear": "1938",
    "source": "http://content-aus.cricinfo.com/ci/content/player/4570.html Cricinfo",
    "Test": {
        "matches": "14",
        "runs": "552",
        "bat avg": "32.47",
        "100s/50s": "1/2",
        "top score": "109",
        "deliveries": "924",
        "wickets": "5",
        "bowl avg": "87.40",
        "fivefor": "0",
        "tenfor": "0",
        "best bowling": "3/91",
        "catches/stumpings": "15/\u2013"
    },
    "First-class": {
        "matches": "96",
        "runs": "4,295",
        "bat avg": "38.34",
        "100s/50s": "9/22",
        "top score": "175",
        "deliveries": "5,296",
        "wickets": "65",
        "bowl avg": "39.72",
        "fivefor": "1",
        "tenfor": "1",
        "best bowling": "8/66",
        "catches/stumpings": "91/\u2013"
    },
    "clubs": {},
    "birth_date": "1905-11-17"
}