{
    "name": "Arthur Seccull",
    "fullname": "Arthur William Seccull",
    "birth_place": "King William's Town, Cape Colony",
    "death_date": "1945",
    "death_place": "Johannesburg, Transvaal, Union of South Africa",
    "batting": "Right-handed",
    "bowling": "Right-arm Right-arm medium",
    "country": "South Africa",
    "testdebutdate": "21 March",
    "testdebutyear": "1896",
    "lasttestdate": "21 March",
    "lasttestyear": "1896",
    "source": "http://www.espncricinfo.com/ci/content/player/47173.html Cricinfo",
    "Tests": {
        "matches": "1",
        "runs": "23",
        "bat avg": "23.00",
        "100s/50s": "0/0",
        "deliveries": "60",
        "wickets": "2",
        "bowl avg": "18.50",
        "fivefor": "0",
        "tenfor": "0",
        "best bowling": "2/37",
        "catches/stumpings": "1/-"
    },
    "First-class": {
        "matches": "7",
        "runs": "229",
        "bat avg": "22.90",
        "100s/50s": "0/2",
        "top score": "64",
        "deliveries": "685",
        "wickets": "15",
        "bowl avg": "16.86",
        "fivefor": "1",
        "tenfor": "0",
        "best bowling": "6/48",
        "catches/stumpings": "4/-"
    },
    "clubs": {},
    "birth_date": "1868-9-14"
}