{
    "name": "Arthur Richardson",
    "birth_place": "Clare, South Australia",
    "death_date": "1973",
    "death_place": "Semaphore, South Australia",
    "batting": "Right-handed",
    "bowling": "Right-arm off-spin Right-arm Right-arm off-spin Right-arm medium",
    "testdebutfor": "Australia",
    "testdebutagainst": "England",
    "testdebutdate": "19 December",
    "testdebutyear": "1924",
    "testcap": "118",
    "lasttestdate": "14 August",
    "lasttestfor": "Australia",
    "lasttestagainst": "England",
    "lasttestyear": "1926",
    "country": "Australia",
    "umpire": "true",
    "testsumpired": "2",
    "umptestdebutyr": "1935",
    "umptestlastyr": "1935",
    "fcumpired": "14",
    "umpfcdebutyr": "1934",
    "umpfclastyr": "1937",
    "source": "http://content-aus.cricinfo.com/ci/content/player/7334.html Cricinfo",
    "Test": {
        "matches": "9",
        "runs": "403",
        "bat avg": "31.00",
        "100s/50s": "1/2",
        "top score": "100",
        "deliveries": "1,812",
        "wickets": "12",
        "bowl avg": "43.41",
        "fivefor": "0",
        "tenfor": "0",
        "best bowling": "2/20",
        "catches/stumpings": "1/\u2013"
    },
    "First-class": {
        "matches": "86",
        "runs": "5,238",
        "bat avg": "41.57",
        "100s/50s": "13/16",
        "top score": "280",
        "deliveries": "17,083",
        "wickets": "209",
        "bowl avg": "31.36",
        "fivefor": "7",
        "tenfor": "1",
        "best bowling": "6/28",
        "catches/stumpings": "34/\u2013"
    },
    "clubs": {
        "South Australia": "1918/19\u20131926/27",
        "Western Australia": "1927/28\u20131929/30"
    },
    "birth_date": "1888-07-24"
}