{
    "name": "Arthur Mitchell",
    "birth_place": "Baildon, Yorkshire, England",
    "death_date": "1976",
    "death_place": "Bradford, Yorkshire, England",
    "batting": "Right-handed",
    "country": "England",
    "testdebutagainst": "India",
    "testdebutdate": "15 December",
    "testdebutyear": "1933",
    "lasttestdate": "27 June",
    "lasttestagainst": "India",
    "lasttestyear": "1936",
    "source": "http://content-aus.cricinfo.com/ci/content/player/17045.html Cricinfo",
    "Test": {
        "matches": "6",
        "runs": "298",
        "bat avg": "29.80",
        "100s/50s": "0/2",
        "top score": "72",
        "deliveries": "6",
        "wickets": "0",
        "bowl avg": "\u2013",
        "fivefor": "\u2013",
        "tenfor": "\u2013",
        "best bowling": "\u2013",
        "catches/stumpings": "9/\u2013"
    },
    "First-class": {
        "matches": "426",
        "runs": "19,523",
        "bat avg": "37.47",
        "100s/50s": "44/98",
        "top score": "189",
        "deliveries": "523",
        "wickets": "7",
        "bowl avg": "46.71",
        "fivefor": "0",
        "tenfor": "0",
        "best bowling": "3/49",
        "catches/stumpings": "439/\u2013"
    },
    "clubs": {
        "Yorkshire": "1922\u20131945"
    },
    "birth_date": "1902-9-13"
}