{
    "name": "Arthur Gilligan",
    "country": "England",
    "fullname": "Arthur Edward Robert Gilligan",
    "birth_place": "Denmark Hill, London, England",
    "death_date": "1976",
    "death_place": "Pulborough, Sussex, England",
    "batting": "Right-handed",
    "bowling": "Right arm Right arm fast",
    "family": [
        "Frank Gilligan (brother)",
        "Harold Gilligan (brother)"
    ],
    "testdebutdate": "23 December",
    "testdebutyear": "1922",
    "testdebutagainst": "South Africa",
    "testcap": "207",
    "lasttestdate": "4 March",
    "lasttestyear": "1925",
    "lasttestagainst": "Australia",
    "source": "http://www.espncricinfo.com/ci/content/player/13372.html Cricinfo",
    "Test": {
        "matches": "11",
        "runs": "209",
        "bat avg": "16.07",
        "100s/50s": "0/0",
        "deliveries": "2,404",
        "wickets": "36",
        "bowl avg": "29.05",
        "fivefor": "2",
        "tenfor": "1",
        "best bowling": "6/7",
        "catches/stumpings": "3/0"
    },
    "First-class": {
        "matches": "337",
        "runs": "9,140",
        "bat avg": "20.08",
        "100s/50s": "12/26",
        "top score": "144",
        "deliveries": "42,649",
        "wickets": "868",
        "bowl avg": "23.20",
        "fivefor": "42",
        "tenfor": "4",
        "best bowling": "8/25",
        "catches/stumpings": "181/0"
    },
    "clubs": {
        "Cambridge University": "1919\u20131920",
        "Surrey": "1919",
        "Sussex": "1920\u20131932"
    },
    "birth_date": "1894-12-23"
}