{
    "name": "Arthur Burlton",
    "batting": "Right-handed",
    "bowling": "Right-arm Right-arm off-break",
    "source": "http://content-uk.cricinfo.com/ci/content/player/10162.html Cricinfo",
    "First-class": {
        "matches": "5",
        "runs": "114",
        "bat avg": "12.66",
        "100s/50s": "0/0",
        "deliveries": "54",
        "wickets": "1",
        "bowl avg": "38.00",
        "fivefor": "0",
        "tenfor": "0",
        "best bowling": "1/22",
        "catches/stumpings": "3/\u2013"
    },
    "clubs": {}
}