{
    "name": "Arthur Carr",
    "fullname": "Arthur William Carr",
    "birth_place": "Mickleham, Surrey, England",
    "death_date": "1963",
    "death_place": "West Witton, Yorkshire, England",
    "batting": "Right-handed",
    "bowling": "Right arm Right arm medium",
    "testdebutagainst": "South Africa",
    "testdebutdate": "23 December",
    "testdebutyear": "1922",
    "lasttestdate": "17 August",
    "lasttestagainst": "South Africa",
    "lasttestyear": "1929",
    "country": "England",
    "source": "http://www.espncricinfo.com/england/content/player/10666.html Cricinfo",
    "Test": {
        "matches": "11",
        "runs": "237",
        "bat avg": "19.75",
        "100s/50s": "0/1",
        "top score": "63",
        "deliveries": "\u2013",
        "wickets": "\u2013",
        "bowl avg": "\u2013",
        "fivefor": "\u2013",
        "tenfor": "\u2013",
        "best bowling": "\u2013",
        "catches/stumpings": "3/0"
    },
    "First-class": {
        "matches": "468",
        "runs": "21,051",
        "bat avg": "31.56",
        "100s/50s": "45/98",
        "top score": "206",
        "deliveries": "1,816",
        "wickets": "31",
        "bowl avg": "37.09",
        "fivefor": "0",
        "tenfor": "0",
        "best bowling": "3/14",
        "catches/stumpings": "395/1"
    },
    "clubs": {},
    "birth_date": "1893-5-21"
}