{
    "name": "Arthur Bateman",
    "birth_place": "County Cavan, Northern Ireland",
    "death_date": "1918",
    "death_place": "near Arras, France",
    "batting": "Right-handed",
    "country": "Ireland",
    "source": "http://www.cricketarchive.co.uk/Archive/Players/26/26695/26695.html CricketArchive",
    "First-class": {
        "matches": "2",
        "runs": "149",
        "bat avg": "37.25",
        "100s/50s": "0/1",
        "top score": "52",
        "catches/stumpings": "2/\u2013"
    },
    "clubs": {},
    "birth_date": "1890-10-30"
}