{
    "name": "Arthur Langton",
    "fullname": "Arthur Chudleigh Beaumont Langton",
    "nickname": "Chud",
    "birth_place": "Pietermaritzburg, Natal, South Africa",
    "death_date": "1942",
    "death_place": "Maiduguri, Nigeria Protectorate",
    "heightft": "6",
    "heightinch": "3",
    "batting": "Right-handed",
    "bowling": "Right-arm fast-medium, Right-arm Right-arm fast-medium, Right-arm medium",
    "country": "South Africa",
    "testdebutdate": "15 June",
    "testdebutyear": "1935",
    "lasttestdate": "3 March",
    "lasttestyear": "1939",
    "source": "http://www.espncricinfo.com/ci/content/player/46132.html Cricinfo",
    "Tests": {
        "matches": "15",
        "runs": "298",
        "bat avg": "15.68",
        "100s/50s": "0/2",
        "deliveries": "4199",
        "wickets": "40",
        "bowl avg": "45.67",
        "fivefor": "1",
        "tenfor": "0",
        "best bowling": "5/58",
        "catches/stumpings": "8/-"
    },
    "First-class": {
        "matches": "52",
        "runs": "1218",
        "bat avg": "19.96",
        "100s/50s": "0/7",
        "deliveries": "11317",
        "wickets": "193",
        "bowl avg": "25.74",
        "fivefor": "9",
        "tenfor": "2",
        "best bowling": "6/53",
        "catches/stumpings": "41/-"
    },
    "clubs": {},
    "birth_date": "1912-3-2"
}