{
    "name": "Arthur Douglas",
    "batting": "Right-handed",
    "bowling": "Right-arm Right-arm fast-medium",
    "country": "Ireland",
    "source": "http://www.cricketarchive.co.uk/Archive/Players/26/26740/26740.html CricketArchive",
    "First-class": {
        "matches": "7",
        "runs": "262",
        "bat avg": "18.71",
        "100s/50s": "0/2",
        "top score": "63",
        "deliveries": "862",
        "wickets": "12",
        "bowl avg": "28.41",
        "fivefor": "0",
        "tenfor": "0",
        "best bowling": "4/35",
        "catches/stumpings": "4/\u2013"
    },
    "clubs": {}
}