{
    "country": "Canada",
    "fullname": "Arthur Sydney \"Bill\" Hendy",
    "birth_place": "Barbados",
    "death_date": "9 September 1973",
    "death_place": "British Columbia, Canada",
    "batting": "Left-handed",
    "bowling": "Slow left-arm Slow left-arm orthodox",
    "source": "https://cricketarchive.com/Archive/Players/30/30159/30159.html CricketArchive ",
    "First-class": {
        "matches": "4",
        "runs": "46",
        "bat avg": "7.66",
        "100s/50s": "&ndash;/&ndash;",
        "top score": "22",
        "deliveries": "451",
        "wickets": "10",
        "bowl avg": "22.20",
        "fivefor": "&ndash;",
        "tenfor": "&ndash;",
        "best bowling": "4/73",
        "catches/stumpings": "2/&ndash;"
    },
    "clubs": {
        "Canada": "1951 & 1954"
    }
}