{
    "name": "Arthur Ochse",
    "fullname": "Arthur Edward Ochse",
    "birth_place": "Graaff-Reinet, Cape Colony, South Africa",
    "death_date": "11 April 1918",
    "death_place": "Messines Ridge, West Flanders, Belgium",
    "batting": "Right-handed",
    "country": "South Africa",
    "testdebutagainst": "England",
    "testdebutdate": "12 March",
    "testdebutyear": "1889",
    "testcap": "6",
    "lasttestdate": "25 March",
    "lasttestfor": "South Africa",
    "lasttestagainst": "England",
    "lasttestyear": "1889",
    "source": "http://www.espncricinfo.com/ci/content/player/46673.html ESPNcricinfo ",
    "Tests": {
        "matches": "2",
        "runs": "16",
        "bat avg": "4.00",
        "100s/50s": "0 / 0",
        "top score": "8",
        "deliveries": "0",
        "wickets": "0",
        "bowl avg": "\u2013",
        "fivefor": "0",
        "tenfor": "0",
        "best bowling": "\u2013",
        "catches/stumpings": "0 / 0"
    },
    "First-class": {
        "matches": "5",
        "runs": "231",
        "bat avg": "23.10",
        "100s/50s": "0 / 1",
        "top score": "99",
        "deliveries": "145",
        "wickets": "2",
        "bowl avg": "37.50",
        "fivefor": "0",
        "tenfor": "0",
        "best bowling": "2/27",
        "catches/stumpings": "1 / 0"
    },
    "clubs": {},
    "birth_date": "11 March 1870"
}