{
    "name": "Arthur Fielder",
    "country": "England",
    "fullname": "Arthur Fielder",
    "nickname": "Pip",
    "birth_place": "Plaxtol, Tonbridge, Kent",
    "death_date": "1949",
    "death_place": "Lambeth, London",
    "batting": "Right-handed",
    "bowling": "Right-arm Right-arm fast",
    "testdebutdate": "1 January",
    "testdebutyear": "1904",
    "testdebutagainst": "Australia",
    "testcap": "140",
    "lasttestdate": "11 February",
    "lasttestyear": "1908",
    "lasttestagainst": "Australia",
    "source": "http://www.espncricinfo.com/ci/content/player/12835.html CricInfo ",
    "Tests": {
        "matches": "6",
        "runs": "78",
        "bat avg": "11.14",
        "100s/50s": "0/0",
        "top score": "20",
        "deliveries": "1,491",
        "wickets": "26",
        "bowl avg": "27.34",
        "fivefor": "1",
        "tenfor": "0",
        "best bowling": "6/82",
        "catches/stumpings": "4/\u2013"
    },
    "First-class": {
        "matches": "287",
        "runs": "2,320",
        "bat avg": "11.31",
        "100s/50s": "1/2",
        "deliveries": "52,086",
        "wickets": "1,277",
        "bowl avg": "21.02",
        "fivefor": "97",
        "tenfor": "28",
        "best bowling": "10/90",
        "catches/stumpings": "119/\u2013"
    },
    "clubs": {
        "Kent": "1900\u20131914"
    },
    "birth_date": "1877-7-19"
}