{
    "name": "Arthur Hoskings",
    "country": "Australia",
    "fullname": "Arthur Alec Hoskings",
    "birth_place": "Sydney, New South Wales, Australia",
    "death_date": "16 February 1945",
    "death_place": "Queens, New York City, USA",
    "batting": "Right-handed",
    "source": "https://cricketarchive.com/Archive/Players/16/16206/16206.html CricketArchive ",
    "First-class": {
        "matches": "2",
        "runs": "94",
        "bat avg": "31.33",
        "100s/50s": "0/1",
        "top score": "53",
        "deliveries": "144",
        "wickets": "1",
        "bowl avg": "77.00",
        "fivefor": "0",
        "tenfor": "0",
        "best bowling": "1/32",
        "catches/stumpings": "0/\u2013"
    },
    "clubs": {
        "Western Australia": "1898/99"
    }
}