{
    "name": "Aruna Gunawardene",
    "fullname": "Aruna Alwis Wijesiri Gunawardena",
    "birth_place": "Colombo",
    "country": "Sri Lanka",
    "oneodi": "true",
    "odidebutdate": "18 February",
    "odidebutyear": "1994",
    "odidebutagainst": "India",
    "odicap": "76",
    "batting": "Right-handed",
    "bowling": "Right-arm Right-arm medium",
    "source": "https://www.espncricinfo.com/player/aruna-gunawardena-49002 Cricinfo  ",
    "clubs": {},
    "birth_date": "March 31, 1969"
}