{
    "name": "Arvind Apte",
    "full_name": "Arvindrao Laxmanrao Apte",
    "birth_place": "Bombay, British India",
    "death_date": "2014",
    "death_place": "Pune, Maharashtra, India",
    "batting": "Right-handed",
    "bowling": "Right-arm Right-arm medium",
    "onetest": "yes",
    "country": "India",
    "testcap": "92",
    "testdebutagainst": "England",
    "testdebutdate": "2 July",
    "testdebutyear": "1959",
    "source": "http://content-aus.cricinfo.com/ci/content/player/26268.html ESPNcricinfo",
    "Test": {
        "matches": "1",
        "runs": "15",
        "bat avg": "7.50",
        "100s/50s": "0/0",
        "top score": "8",
        "deliveries": "\u2013",
        "wickets": "\u2013",
        "bowl avg": "\u2013",
        "fivefor": "\u2013",
        "tenfor": "\u2013",
        "best bowling": "\u2013",
        "catches/stumpings": "0/\u2013"
    },
    "First-class": {
        "matches": "58",
        "runs": "2,782",
        "bat avg": "33.51",
        "100s/50s": "6/15",
        "top score": "165",
        "deliveries": "102",
        "wickets": "2",
        "bowl avg": "38.00",
        "fivefor": "0",
        "tenfor": "0",
        "best bowling": "1/21",
        "catches/stumpings": "14/1"
    },
    "clubs": {},
    "birth_date": "1934-10-24"
}