{
    "honorific_prefix": "Deshabandu",
    "name": "Asanka Gurusinha   \u0d85\u0dc3\u0d82\u0d9a \u0d9c\u0dd4\u0dbb\u0dd4\u0dc3\u0dd2\u0d82\u0dc4",
    "country": "Sri Lanka",
    "fullname": "Asanka Pradeep Gurusinha",
    "birth_place": "Colombo, Sri Lanka",
    "batting": "Left-handed",
    "bowling": "Right-arm Right-arm medium",
    "internationalspan": "1985\u20131996",
    "testdebutdate": "7 November",
    "testdebutyear": "1985",
    "testdebutagainst": "Pakistan",
    "testcap": "32",
    "lasttestdate": "18 September",
    "lasttestyear": "1996",
    "lasttestagainst": "Zimbabwe",
    "odidebutdate": "3 November",
    "odidebutyear": "1985",
    "odidebutagainst": "Pakistan",
    "odicap": "42",
    "lastodidate": "8 November",
    "lastodiyear": "1996",
    "lastodiagainst": "Pakistan",
    "coachclub1": "Nigeria",
    "coachyear1": "2020\u20132022",
    "Test": {
        "matches": "41",
        "runs": "2,452",
        "bat avg": "38.92",
        "100s/50s": "7/8",
        "top score": "143",
        "deliveries": "234",
        "wickets": "20",
        "bowl avg": "34.04",
        "fivefor": "0",
        "tenfor": "0",
        "best bowling": "4/68",
        "catches/stumpings": "33/\u2013"
    },
    "ODI": {
        "matches": "147",
        "runs": "3,902",
        "bat avg": "28.27",
        "100s/50s": "2/22",
        "deliveries": "264",
        "wickets": "26",
        "bowl avg": "52.07",
        "fivefor": "0",
        "tenfor": "0",
        "best bowling": "2/25",
        "catches/stumpings": "49/\u2013"
    },
    "FC": {
        "matches": "124",
        "runs": "7,169",
        "bat avg": "43.71",
        "100s/50s": "20/32",
        "top score": "162",
        "deliveries": "5,142",
        "wickets": "107",
        "bowl avg": "21.47",
        "fivefor": "1",
        "tenfor": "0",
        "best bowling": "5/54",
        "catches/stumpings": "89/\u2013"
    },
    "LA": {
        "matches": "173",
        "runs": "4,365",
        "bat avg": "26.77",
        "100s/50s": "2/23",
        "deliveries": "2,035",
        "wickets": "39",
        "bowl avg": "42.97",
        "fivefor": "0",
        "tenfor": "0",
        "best bowling": "3/36",
        "catches/stumpings": "56/\u2013 |medaltemplates=                date = 25 February|               year = 2015|             source = http://www.espncricinfo.com/srilanka/content/player/49005.html Cricinfo"
    },
    "clubs": {
        "Nondescripts Cricket Club": ""
    },
    "birth_date": "1966-9-16"
}