{
    "name": "Ashar Zaidi",
    "country": "Pakistan",
    "fullname": "Syed Ashar Ahmed Zaidi",
    "birth_place": "Karachi, Sindh, Pakistan",
    "batting": "Left-handed",
    "bowling": "Slow left-arm Slow left-arm orthodox",
    "source": "http://www.espncricinfo.com/pakistan/content/player/39028.html ESPN Cricinfo ",
    "FC": {
        "matches": "112",
        "runs": "6,015",
        "bat avg": "36.23",
        "100s/50s": "12/29",
        "top score": "202",
        "deliveries": "6,023",
        "wickets": "94",
        "bowl avg": "29.81",
        "fivefor": "0",
        "tenfor": "0",
        "best bowling": "4/50",
        "catches/stumpings": "84/\u2013"
    },
    "LA": {
        "matches": "108",
        "runs": "2,968",
        "bat avg": "33.34",
        "100s/50s": "4/14",
        "top score": "141",
        "deliveries": "3,451",
        "wickets": "77",
        "bowl avg": "32.97",
        "fivefor": "0",
        "tenfor": "0",
        "best bowling": "4/39",
        "catches/stumpings": "37/\u2013"
    },
    "T20": {
        "matches": "67",
        "runs": "1,065",
        "bat avg": "24.76",
        "100s/50s": "0/4",
        "deliveries": "870",
        "wickets": "40",
        "bowl avg": "26.37",
        "fivefor": "0",
        "tenfor": "0",
        "best bowling": "4/11",
        "catches/stumpings": "17/\u2013"
    },
    "clubs": {
        "Islamabad Cricket Association": "1999\u20132010",
        "Sussex": "2013\u20132015",
        "Comilla Victorians": "2015\u20132016",
        "Islamabad United": "2016",
        "Essex": "2016\u20132018"
    },
    "birth_date": "1981-7-13"
}