{
    "name": "Ashantha de Mel",
    "country": "Sri Lanka",
    "fullname": "Ashantha Lakdasa Francis de Mel",
    "birth_place": "Colombo",
    "batting": "Right-handed",
    "bowling": "Right-arm Right-arm medium-fast",
    "internationalspan": "1982\u20131987",
    "testdebutdate": "17 February",
    "testdebutyear": "1982",
    "testdebutagainst": "England",
    "testcap": "1",
    "lasttestdate": "17 December",
    "lasttestyear": "1986",
    "lasttestagainst": "India",
    "odidebutdate": "13 February",
    "odidebutyear": "1982",
    "odidebutagainst": "England",
    "odicap": "20",
    "lastodidate": "30 October",
    "lastodiyear": "1987",
    "lastodiagainst": "England",
    "source": "http://www.espncricinfo.com/ci/content/player/48447.html ESPNcricinfo ",
    "Test": {
        "matches": "17",
        "runs": "326",
        "bat avg": "14.17",
        "100s/50s": "0/0",
        "top score": "34",
        "deliveries": "3,518",
        "wickets": "59",
        "bowl avg": "36.94",
        "fivefor": "3",
        "tenfor": "0",
        "best bowling": "6/109",
        "catches/stumpings": "9/\u2013"
    },
    "ODI": {
        "matches": "57",
        "runs": "466",
        "bat avg": "14.56",
        "100s/50s": "0/0",
        "top score": "36",
        "deliveries": "2,735",
        "wickets": "59",
        "bowl avg": "37.91",
        "fivefor": "2",
        "tenfor": "0",
        "best bowling": "5/32",
        "catches/stumpings": "13/\u2013"
    },
    "FC": {
        "matches": "42",
        "runs": "918",
        "bat avg": "19.12",
        "100s/50s": "1/2",
        "deliveries": "7,056",
        "wickets": "109",
        "bowl avg": "37.90",
        "fivefor": "3",
        "tenfor": "0",
        "best bowling": "6/109",
        "catches/stumpings": "22/\u2013"
    },
    "LA": {
        "matches": "70",
        "runs": "577",
        "bat avg": "15.18",
        "100s/50s": "0/0",
        "deliveries": "3,347",
        "wickets": "69",
        "bowl avg": "37.23",
        "fivefor": "2",
        "tenfor": "0",
        "best bowling": "5/32",
        "catches/stumpings": "15/\u2013"
    },
    "clubs": {},
    "birth_date": "1959-5-9"
}