{
    "name": "Ashfaq Ahmed",
    "birth_place": "Lahore, Punjab, Pakistan",
    "country": "Pakistan",
    "batting": "Right-handed",
    "bowling": "Right-arm Right-arm fast-medium",
    "onetest": "true",
    "testdebutdate": "9 December",
    "testdebutyear": "1993",
    "testdebutagainst": "Zimbabwe",
    "testcap": "130",
    "odidebutdate": "3 August",
    "odidebutyear": "1994",
    "odidebutagainst": "Sri Lanka",
    "odicap": "94",
    "lastodidate": "7 August",
    "lastodiyear": "1994",
    "lastodiagainst": "Sri Lanka",
    "source": "http://www.espncricinfo.com/ci/content/player/39007.html ESPNCricinfo  ",
    "Test": {
        "matches": "1",
        "runs": "1",
        "bat avg": "1.00",
        "100s/50s": "0/0",
        "deliveries": "138",
        "wickets": "2",
        "bowl avg": "26.50",
        "fivefor": "0",
        "tenfor": "0",
        "best bowling": "2/31",
        "catches/stumpings": "0/\u2013"
    },
    "ODI": {
        "matches": "3",
        "runs": "\u2013",
        "bat avg": "\u2013",
        "100s/50s": "\u2013",
        "top score": "\u2013",
        "deliveries": "102",
        "wickets": "0",
        "bowl avg": "\u2013",
        "fivefor": "\u2013",
        "tenfor": "\u2013",
        "best bowling": "\u2013",
        "catches/stumpings": "0/\u2013"
    },
    "clubs": {},
    "birth_date": "6 June 1973"
}