{
    "name": "Ashley de Silva",
    "birth_place": "Colombo, Sri Lanka",
    "country": "Sri Lanka",
    "fullname": "Ashley Matthew de Silva",
    "internationalspan": "1986\u20131993",
    "testdebutdate": "13 March",
    "testdebutyear": "1993",
    "testdebutagainst": "England",
    "testcap": "55",
    "lasttestdate": "27 July",
    "lasttestyear": "1993",
    "lasttestagainst": "India",
    "odidebutdate": "2 March",
    "odidebutyear": "1986",
    "odidebutagainst": "Pakistan",
    "odicap": "44",
    "lastodidate": "25 July",
    "lastodiyear": "1993",
    "lastodiagainst": "India",
    "batting": "Right-handed",
    "umpire": "true",
    "listaumpired": "1",
    "umplistadebutyr": "2011",
    "source": "http://www.espncricinfo.com/srilanka/content/player/48450.html Cricinfo ",
    "Test": {
        "matches": "3",
        "runs": "10",
        "bat avg": "3.33",
        "100s/50s": "0/0",
        "top score": "9",
        "catches/stumpings": "4/1"
    },
    "ODI": {
        "matches": "4",
        "runs": "12",
        "bat avg": "6.00",
        "100s/50s": "0/0",
        "top score": "8",
        "catches/stumpings": "4/2"
    },
    "clubs": {
        "Tamil Union Cricket and Athletic Club": "1982\u20131984",
        "Colombo Cricket Club": "1986\u20131996"
    },
    "birth_date": "3 December 1963"
}