{
    "name": "Ashley Mallett",
    "country": "Australia",
    "fullname": "Ashley Alexander Mallett",
    "birth_place": "Sydney, New South Wales",
    "death_date": "2021",
    "death_place": "Adelaide, South Australia",
    "nickname": "Rowdy",
    "batting": "Right-handed",
    "bowling": "Right-arm off Right-arm off break",
    "testdebutdate": "22 August",
    "testdebutyear": "1968",
    "testdebutagainst": "England",
    "testcap": "247",
    "lasttestdate": "28 August",
    "lasttestyear": "1980",
    "lasttestagainst": "England",
    "odidebutdate": "5 January",
    "odidebutyear": "1971",
    "odidebutagainst": "England",
    "odicap": "6",
    "lastodidate": "20 December",
    "lastodiyear": "1975",
    "lastodiagainst": "West Indies",
    "Test": {
        "matches": "38",
        "runs": "430",
        "bat avg": "11.62",
        "100s/50s": "0/0",
        "deliveries": "9,990",
        "wickets": "132",
        "bowl avg": "29.84",
        "fivefor": "6",
        "tenfor": "1",
        "best bowling": "8/59",
        "catches/stumpings": "30/\u2013"
    },
    "ODI": {
        "matches": "9",
        "runs": "14",
        "bat avg": "7.00",
        "100s/50s": "0/0",
        "top score": "8",
        "deliveries": "502",
        "wickets": "11",
        "bowl avg": "31.00",
        "fivefor": "0",
        "tenfor": "0",
        "best bowling": "3/34",
        "catches/stumpings": "4/\u2013"
    },
    "FC": {
        "matches": "183",
        "runs": "2,326",
        "bat avg": "13.60",
        "100s/50s": "0/2",
        "top score": "92",
        "deliveries": "44,291",
        "wickets": "693",
        "bowl avg": "26.27",
        "fivefor": "33",
        "tenfor": "5",
        "best bowling": "8/59",
        "catches/stumpings": "105/\u2013"
    },
    "LA": {
        "matches": "29",
        "runs": "127",
        "bat avg": "15.87",
        "100s/50s": "0/0",
        "deliveries": "1,603",
        "wickets": "41",
        "bowl avg": "25.70",
        "fivefor": "0",
        "tenfor": "0",
        "best bowling": "3/34",
        "catches/stumpings": "10/\u2013"
    },
    "clubs": {
        "South Australia": "1967/68\u20131980/81"
    },
    "birth_date": "1945-7-13",
    "medaltemplates": [
        "Sport: Men's Cricket",
        "Country: {{AUS}}",
        "Competition: ICC Cricket World Cup"
    ]
}