{
    "name": "Ashley Metcalfe",
    "fullname": "Ashley Anthony Metcalfe",
    "birth_place": "Horsforth, Leeds, Yorkshire",
    "batting": "Right-handed",
    "bowling": "Right-arm off Right-arm off break",
    "source": "https://cricketarchive.com/Archive/Players/4/4536/4536.html CricketArchive",
    "First-class": {
        "matches": "216",
        "runs": "11,938",
        "bat avg": "34.30",
        "100s/50s": "26/57",
        "deliveries": "428",
        "wickets": "4",
        "bowl avg": "90.50",
        "fivefor": "0",
        "tenfor": "0",
        "best bowling": "2/18",
        "catches/stumpings": "82/\u2013"
    },
    "List A": {
        "matches": "241",
        "runs": "7,059",
        "bat avg": "33.37",
        "100s/50s": "5/46",
        "top score": "138",
        "deliveries": "48",
        "wickets": "3",
        "bowl avg": "15.66",
        "fivefor": "0",
        "tenfor": "0",
        "best bowling": "2/44",
        "catches/stumpings": "60/\u2013"
    },
    "clubs": {},
    "birth_date": "1963-12-25"
}