{
    "name": "Ashok Gandotra",
    "birth_place": "Rio de Janeiro, Brazil",
    "batting": "Left-handed",
    "bowling": "Slow left-arm Slow left-arm orthodox",
    "country": "India",
    "testcap": "122",
    "testdebutagainst": "New Zealand",
    "testdebutdate": "15 October",
    "testdebutyear": "1969",
    "lasttestdate": "15 November",
    "lasttestagainst": "Australia",
    "lasttestyear": "1969",
    "source": "https://cricketarchive.com/Archive/Players/1/1345/1345.html CricketArchive",
    "Test": {
        "matches": "2",
        "runs": "54",
        "bat avg": "13.50",
        "100s/50s": "0/0",
        "top score": "18",
        "deliveries": "6",
        "wickets": "0",
        "bowl avg": "\u2013",
        "fivefor": "\u2013",
        "tenfor": "\u2013",
        "best bowling": "\u2013",
        "catches/stumpings": "1/\u2013"
    },
    "First-class": {
        "matches": "54",
        "runs": "2,121",
        "bat avg": "28.66",
        "100s/50s": "2/12",
        "top score": "169",
        "deliveries": "1,073",
        "wickets": "21",
        "bowl avg": "26.71",
        "fivefor": "1",
        "tenfor": "0",
        "best bowling": "5/17",
        "catches/stumpings": "34/\u2013"
    },
    "clubs": {},
    "birth_date": "1948-11-24"
}