{
    "name": "Ashraf Ali",
    "birth_place": "Lahore, Punjab, Pakistan",
    "country": "Pakistan",
    "batting": "Right-handed",
    "testdebutdate": "14 March",
    "testdebutyear": "1982",
    "testdebutagainst": "Sri Lanka",
    "testcap": "93",
    "lasttestdate": "16 December",
    "lasttestyear": "1987",
    "lasttestagainst": "England",
    "odidebutdate": "05 December",
    "odidebutyear": "1980",
    "odidebutagainst": "West Indies",
    "odicap": "32",
    "lastodidate": "13 October",
    "lastodiyear": "1985",
    "lastodiagainst": "Sri Lanka",
    "source": "http://content-aus.cricinfo.com/ci/content/player/39008.html  ",
    "Test": {
        "matches": "8",
        "runs": "229",
        "bat avg": "45.79",
        "100s/50s": "0/2",
        "top score": "65",
        "catches/stumpings": "17/5"
    },
    "ODI": {
        "matches": "16",
        "runs": "69",
        "bat avg": "17.25",
        "100s/50s": "0/0",
        "catches/stumpings": "17/3"
    },
    "clubs": {},
    "birth_date": "22 April 1958"
}