{
    "name": "Asif Masood, \u0622\u0635\u0641 \u0645\u0633\u0639\u0648\u062f",
    "fullname": "Syed Asif Masood Shah",
    "birth_place": "Lahore, Punjab, Pakistan",
    "country": "Pakistan",
    "batting": "Right-handed",
    "bowling": "Right-arm Right-arm medium-fast",
    "internationalspan": "1969-1977",
    "testdebutdate": "21 February",
    "testdebutyear": "1969",
    "testdebutagainst": "England",
    "testcap": "57",
    "lasttestdate": "1 January",
    "lasttestyear": "1977",
    "lasttestagainst": "Australia",
    "odidebutdate": "11 February",
    "odidebutyear": "1973",
    "odidebutagainst": "New Zealand",
    "odicap": "2",
    "lastodidate": "16 October",
    "lastodiyear": "1976",
    "lastodiagainst": "New Zealand",
    "source": "http://www.espncricinfo.com/ci/content/player/39012.html ESPNCricinfo  ",
    "Test": {
        "matches": "16",
        "runs": "93",
        "bat avg": "10.33",
        "100s/50s": "0/0",
        "deliveries": "3,038",
        "wickets": "38",
        "bowl avg": "41.26",
        "fivefor": "1",
        "tenfor": "0",
        "best bowling": "5/111",
        "catches/stumpings": "5/\u2013"
    },
    "ODI": {
        "matches": "7",
        "runs": "10",
        "bat avg": "5.00",
        "100s/50s": "0/0",
        "top score": "6",
        "deliveries": "402",
        "wickets": "5",
        "bowl avg": "46.79",
        "fivefor": "0",
        "tenfor": "0",
        "best bowling": "2/9",
        "catches/stumpings": "1/\u2013"
    },
    "clubs": {},
    "birth_date": "23 January 1946"
}