{
    "name": "Asif Mujtaba",
    "fullname": "Mohammad Asif Mujtaba",
    "birth_place": "Karachi, Sindh",
    "country": "Pakistan",
    "batting": "Left-handed",
    "bowling": "Slow left-arm Slow left-arm orthodox",
    "internationalspan": "1986\u20131997",
    "testdebutdate": "7 November",
    "testdebutyear": "1986",
    "testdebutagainst": "West Indies",
    "testcap": "105",
    "lasttestdate": "26 October",
    "lasttestyear": "1997",
    "lasttestagainst": "Sri Lanka",
    "odidebutdate": "4 November",
    "odidebutyear": "1986",
    "odidebutagainst": "West Indies",
    "odicap": "59",
    "lastodidate": "1 September",
    "lastodiyear": "1996",
    "lastodiagainst": "England",
    "source": "http://www.espncricinfo.com/ci/content/player/39013.html ESPNcricinfo  ",
    "Test": {
        "matches": "25",
        "runs": "928",
        "bat avg": "24.42",
        "100s/50s": "0/8",
        "deliveries": "666",
        "wickets": "4",
        "bowl avg": "75.75",
        "fivefor": "0",
        "tenfor": "0",
        "best bowling": "1/0",
        "catches/stumpings": "19/\u2013"
    },
    "ODI": {
        "matches": "66",
        "runs": "1,068",
        "bat avg": "26.04",
        "100s/50s": "1/6",
        "deliveries": "756",
        "wickets": "7",
        "bowl avg": "94.00",
        "fivefor": "0",
        "tenfor": "0",
        "best bowling": "2/38",
        "catches/stumpings": "18/\u2013"
    },
    "clubs": {},
    "birth_date": "4 November 1967"
}