{
    "name": "Asif Mahmood",
    "birth_place": "Rawalpindi",
    "country": "Pakistan",
    "batting": "Right-hand bat",
    "bowling": "Right-arm Right-arm offbreak",
    "source": "http://content-aus.cricinfo.com/ci/content/player/39011.html  ",
    "Tests": {
        "matches": "-",
        "runs": "-",
        "bat avg": "-",
        "100s/50s": "-/-",
        "top score": "-",
        "deliveries": "-",
        "wickets": "-",
        "bowl avg": "-",
        "fivefor": "-",
        "tenfor": "-",
        "best bowling": "-/-",
        "catches/stumpings": "-/-"
    },
    "ODIs": {
        "matches": "2",
        "runs": "14",
        "bat avg": "7.00",
        "100s/50s": "-/-",
        "top score": "14",
        "deliveries": "-",
        "wickets": "-",
        "bowl avg": "-",
        "fivefor": "-",
        "tenfor": "n/a",
        "best bowling": "-",
        "catches/stumpings": "-/-"
    },
    "clubs": {},
    "birth_date": "18 December 1975"
}