{
    "name": "Asim Kamal ,  Urdu:  \u0639\u0627\u0635\u0645 \u06a9\u0645\u0627\u0644",
    "country": "Pakistan",
    "fullname": "Asim Kamal",
    "birth_place": "Karachi, Pakistan",
    "batting": "Left-handed",
    "bowling": "Right-arm Right-arm offbreak",
    "testdebutdate": "17\u201321 October",
    "testdebutyear": "2003",
    "testdebutagainst": "South Africa",
    "testcap": "180",
    "lasttestdate": "29 November",
    "lasttestyear": "2005",
    "lasttestagainst": "England",
    "source": "http://content-aus.cricinfo.com/ci/content/player/39041.html Cricinfo ",
    "Test": {
        "matches": "12",
        "runs": "717",
        "bat avg": "37.73",
        "100s/50s": "0/8",
        "top score": "99",
        "deliveries": "\u2013",
        "wickets": "\u2013",
        "bowl avg": "\u2013",
        "fivefor": "\u2013",
        "tenfor": "\u2013",
        "best bowling": "\u2013",
        "catches/stumpings": "10/\u2013"
    },
    "FC": {
        "matches": "84",
        "runs": "4,467",
        "bat avg": "37.53",
        "100s/50s": "8/28",
        "top score": "164",
        "deliveries": "114",
        "wickets": "2",
        "bowl avg": "38.00",
        "fivefor": "0",
        "tenfor": "0",
        "best bowling": "1/6",
        "catches/stumpings": "69/\u2013"
    },
    "LA": {
        "matches": "36",
        "runs": "850",
        "bat avg": "31.48",
        "100s/50s": "0/6",
        "top score": "63",
        "deliveries": "12",
        "wickets": "\u2013",
        "bowl avg": "\u2013",
        "fivefor": "\u2013",
        "tenfor": "\u2013",
        "best bowling": "\u2013",
        "catches/stumpings": "12/\u2013"
    },
    "T20": {
        "matches": "8",
        "runs": "151",
        "bat avg": "25.16",
        "100s/50s": "0/0",
        "top score": "49",
        "deliveries": "\u2013",
        "wickets": "\u2013",
        "bowl avg": "\u2013",
        "fivefor": "\u2013",
        "tenfor": "\u2013",
        "best bowling": "\u2013",
        "catches/stumpings": "0/\u2013"
    },
    "clubs": {},
    "birth_date": "1976-05-31"
}