{
    "name": "Asim Khan",
    "country": "Netherlands",
    "fullname": "Khan Asim Khan",
    "birth_place": "Lahore, Punjab, Pakistan",
    "batting": "Right-handed",
    "bowling": "Right-arm Right-arm medium",
    "source": "https://cricketarchive.com/Archive/Players/4/4185/4185.html CricketArchive ",
    "List A": {
        "matches": "16",
        "runs": "34",
        "bat avg": "5.66",
        "100s/50s": "0/0",
        "top score": "11",
        "deliveries": "925",
        "wickets": "22",
        "bowl avg": "25.77",
        "fivefor": "0",
        "tenfor": "0",
        "best bowling": "4/40",
        "catches/stumpings": "2/&ndash;"
    },
    "ICC Trophy": {
        "matches": "15",
        "runs": "88",
        "bat avg": "14.66",
        "100s/50s": "0/0",
        "deliveries": "727",
        "wickets": "28",
        "bowl avg": "13.60",
        "fivefor": "1",
        "tenfor": "0",
        "best bowling": "7/9",
        "catches/stumpings": "2/&ndash;"
    },
    "clubs": {},
    "birth_date": "1962-2-14"
}