{
    "name": "Asim Saeed",
    "birth_place": "Al-Ain",
    "country": "UAE",
    "batting": "Right-handed",
    "bowling": "Left-arm Left-arm medium",
    "source": "http://content-uk.cricinfo.com/other/content/player/25556.html CricInfo ",
    "ODI": {
        "matches": "2",
        "runs": "12",
        "bat avg": "6.00",
        "100s/50s": "0/0",
        "top score": "12",
        "deliveries": "54",
        "wickets": "1",
        "bowl avg": "40.00",
        "fivefor": "0",
        "tenfor": "0",
        "best bowling": "1/25",
        "catches/stumpings": "0/0"
    },
    "clubs": {},
    "birth_date": "1979-10-5"
}