{
    "name": "Ata-ur-Rehman",
    "country": "Pakistan",
    "fullname": "Ata-ur-Rehman",
    "birth_place": "Lahore, Punjab, Pakistan",
    "batting": "Right-handed",
    "bowling": "Right-arm Right-arm fast-medium",
    "testdebutdate": "4 June",
    "testdebutyear": "1992",
    "testdebutagainst": "England",
    "testcap": "123",
    "lasttestdate": "8 August",
    "lasttestyear": "1996",
    "lasttestagainst": "England",
    "odidebutdate": "4 December",
    "odidebutyear": "1992",
    "odidebutagainst": "West Indies",
    "odicap": "86",
    "lastodidate": "31 August",
    "lastodiyear": "1996",
    "lastodiagainst": "England",
    "source": "http://www.espncricinfo.com/ci/content/player/39015.html ESPNcricinfo ",
    "Tests": {
        "matches": "13",
        "runs": "76",
        "bat avg": "8.44",
        "100s/50s": "0/0",
        "top score": "19",
        "deliveries": "1,973",
        "wickets": "31",
        "bowl avg": "34.54",
        "fivefor": "0",
        "tenfor": "0",
        "best bowling": "4/50",
        "catches/stumpings": "2/\u2013"
    },
    "ODIs": {
        "matches": "30",
        "runs": "34",
        "bat avg": "4.85",
        "100s/50s": "0/0",
        "deliveries": "1,492",
        "wickets": "27",
        "bowl avg": "43.92",
        "fivefor": "0",
        "tenfor": "0",
        "best bowling": "3/27",
        "catches/stumpings": "0/\u2013"
    },
    "clubs": {},
    "birth_date": "1975-3-28"
}