{
    "name": "Athol Rowan",
    "birth_place": "Kensington, South Africa",
    "death_date": "1998",
    "death_place": "Hermanus, Western Cape",
    "batting": "Right-handed",
    "bowling": "Right-arm Right-arm offbreak",
    "country": "South Africa",
    "testdebutagainst": "England",
    "testdebutdate": "7 June",
    "testdebutyear": "1947",
    "lasttestagainst": "England",
    "lasttestdate": "16 August",
    "lasttestyear": "1951",
    "source": "http://content-aus.cricinfo.com/ci/content/player/47003.html Cricinfo",
    "Test": {
        "matches": "15",
        "runs": "290",
        "bat avg": "17.05",
        "100s/50s": "0/0",
        "top score": "41",
        "deliveries": "5,193",
        "wickets": "54",
        "bowl avg": "38.59",
        "fivefor": "4",
        "tenfor": "0",
        "best bowling": "5/68",
        "catches/stumpings": "7/\u2013"
    },
    "First-class": {
        "matches": "58",
        "runs": "1,492",
        "bat avg": "24.06",
        "100s/50s": "1/4",
        "deliveries": "16,755",
        "wickets": "273",
        "bowl avg": "23.47",
        "fivefor": "20",
        "tenfor": "7",
        "best bowling": "9/19",
        "catches/stumpings": "25/\u2013"
    },
    "clubs": {},
    "birth_date": "1921-2-7"
}