{
    "name": "Atholl McKinnon",
    "fullname": "Atholl Henry McKinnon",
    "birth_place": "Port Elizabeth, Cape Province",
    "death_date": "1983",
    "death_place": "Durban, Natal",
    "batting": "Right-handed",
    "bowling": "Slow left-arm Slow left-arm orthodox",
    "country": "South Africa",
    "testdebutdate": "18 August",
    "testdebutyear": "1960",
    "lasttestdate": "31 December",
    "lasttestyear": "1966",
    "source": "http://content-aus.cricinfo.com/ci/content/player/46210.html Cricinfo",
    "Tests": {
        "matches": "8",
        "runs": "107",
        "bat avg": "17.83",
        "100s/50s": "0/0",
        "top score": "27",
        "deliveries": "2546",
        "wickets": "26",
        "bowl avg": "35.57",
        "fivefor": "0",
        "tenfor": "0",
        "best bowling": "4/128",
        "catches/stumpings": "1/-"
    },
    "First-class": {
        "matches": "111",
        "runs": "1687",
        "bat avg": "14.92",
        "100s/50s": "0/4",
        "top score": "62",
        "deliveries": "25805",
        "wickets": "470",
        "bowl avg": "21.14",
        "fivefor": "38",
        "tenfor": "9",
        "best bowling": "7/37",
        "catches/stumpings": "32/-"
    },
    "clubs": {},
    "birth_date": "1932-8-20"
}