{
    "name": "Athula Samarasekera",
    "fullname": "Maitipage Athula Rohitha Samarasekera",
    "nickname": "Big Sam",
    "birth_place": "Galle",
    "country": "Sri Lanka",
    "batting": "Right-handed",
    "bowling": "Right-arm Right-arm medium",
    "heightft": "6",
    "heightinch": "3",
    "internationalspan": "1983\u20131994",
    "testdebutdate": "25 August",
    "testdebutyear": "1988",
    "testdebutagainst": "England",
    "testcap": "42",
    "lasttestdate": "12 December",
    "lasttestyear": "1991",
    "lasttestagainst": "Pakistan",
    "odidebutdate": "9 June",
    "odidebutyear": "1983",
    "odidebutagainst": "Pakistan",
    "odicap": "36",
    "lastodidate": "18 April",
    "lastodiyear": "1994",
    "lastodiagainst": "New Zealand",
    "source": "http://www.espncricinfo.com/srilanka/content/player/50421.html Cricinfo ",
    "Test": {
        "matches": "4",
        "runs": "118",
        "bat avg": "16.85",
        "100s/50s": "0/1",
        "top score": "57",
        "deliveries": "192",
        "wickets": "3",
        "bowl avg": "34.46",
        "fivefor": "0",
        "tenfor": "0",
        "best bowling": "2/38",
        "catches/stumpings": "3/\u2013"
    },
    "ODI": {
        "matches": "39",
        "runs": "844",
        "bat avg": "22.81",
        "100s/50s": "0/4",
        "top score": "76",
        "deliveries": "338",
        "wickets": "0",
        "bowl avg": "\u2013",
        "fivefor": "\u2013",
        "tenfor": "\u2013",
        "best bowling": "\u2013",
        "catches/stumpings": "5/\u2013"
    },
    "FC": {
        "matches": "57",
        "runs": "2,737",
        "bat avg": "33.79",
        "100s/50s": "6/13",
        "top score": "191",
        "deliveries": "3,774",
        "wickets": "46",
        "bowl avg": "39.58",
        "fivefor": "0",
        "tenfor": "0",
        "best bowling": "3/31",
        "catches/stumpings": "36/\u2013"
    },
    "clubs": {
        "Colombo Cricket Club": "1983\u20131994"
    },
    "birth_date": "5 August 1961"
}