{
    "name": "Atif Rauf",
    "country": "Pakistan",
    "fullname": "Atif Rauf",
    "family": "Rameez Raja (cousin) ,  Wasim Raja (cousin) ,  Zaeem Raja (cousin)",
    "birth_place": "Lahore, Punjab, Pakistan",
    "batting": "Right-handed",
    "bowling": "Right-arm off Right-arm off break",
    "onetest": "true",
    "internationalspan": "1994",
    "testdebutdate": "24 February",
    "testdebutyear": "1994",
    "testdebutagainst": "New Zealand",
    "testcap": "131",
    "source": "http://www.espncricinfo.com/ci/content/player/39018.html ESPNcricinfo",
    "Tests": {
        "matches": "1",
        "runs": "25",
        "bat avg": "12.50",
        "100s/50s": "-/-",
        "top score": "16",
        "deliveries": "-",
        "wickets": "-",
        "bowl avg": "-",
        "fivefor": "-",
        "tenfor": "-",
        "best bowling": "-",
        "catches/stumpings": "-/-"
    },
    "First-class": {
        "matches": "142",
        "runs": "7885",
        "bat avg": "39.82",
        "100s/50s": "17/43",
        "top score": "200",
        "deliveries": "315",
        "wickets": "2",
        "bowl avg": "145.00",
        "fivefor": "-",
        "tenfor": "-",
        "best bowling": "1/29",
        "catches/stumpings": "73/-"
    },
    "clubs": {},
    "birth_date": "1964-3-3"
}