{
    "name": "Atul Bedade",
    "birth_place": "Bombay, India",
    "country": "India",
    "batting": "Left-handed",
    "bowling": "Right-arm Right-arm medium",
    "source": "https://www.espncricinfo.com/player/atul-bedade-26872 ESPNcricinfo ",
    "ODI": {
        "matches": "13",
        "runs": "158",
        "bat avg": "22.57",
        "100s/50s": "0/1",
        "top score": "51",
        "deliveries": "\u2013",
        "wickets": "\u2013",
        "bowl avg": "\u2013",
        "fivefor": "\u2013",
        "tenfor": "\u2013",
        "best bowling": "\u2013",
        "catches/stumpings": "4/\u2013"
    },
    "First-class": {
        "matches": "64",
        "runs": "3,136",
        "bat avg": "33.36",
        "100s/50s": "10/15",
        "top score": "159",
        "deliveries": "374",
        "wickets": "2",
        "bowl avg": "70.50",
        "fivefor": "0",
        "tenfor": "0",
        "best bowling": "1/6",
        "catches/stumpings": "26/\u2013"
    },
    "clubs": {},
    "birth_date": "24 June 1966"
}