{
    "name": "Atul Wassan",
    "full_name": "Atul Satish Wassan",
    "birth_place": "Delhi, India",
    "country": "India",
    "batting": "Right-handed",
    "bowling": "Right-arm Right-arm fast-medium",
    "testdebutdate": "2 February",
    "testdebutyear": "1990",
    "testdebutagainst": "New Zealand",
    "testcap": "190",
    "lasttestdate": "23 August",
    "lasttestyear": "1990",
    "lasttestagainst": "England",
    "odidebutdate": "1 March",
    "odidebutyear": "1990",
    "odidebutagainst": "New Zealand",
    "odicap": "76",
    "lastodidate": "4 January",
    "lastodiyear": "1991",
    "lastodiagainst": "Sri Lanka",
    "source": "http://content-aus.cricinfo.com/ci/content/player/35939.html ESPNcricinfo |medaltemplates= Men's Cricket IND ACC Asia Cup Winner ",
    "Test": {
        "matches": "4",
        "runs": "94",
        "bat avg": "23.50",
        "100s/50s": "0/1",
        "top score": "53",
        "deliveries": "712",
        "wickets": "10",
        "bowl avg": "50.39",
        "fivefor": "0",
        "tenfor": "0",
        "best bowling": "4/108",
        "catches/stumpings": "1/\u2013"
    },
    "ODI": {
        "matches": "9",
        "runs": "33",
        "bat avg": "8.25",
        "100s/50s": "0/0",
        "top score": "16",
        "deliveries": "426",
        "wickets": "11",
        "bowl avg": "25.72",
        "fivefor": "0",
        "tenfor": "0",
        "best bowling": "3/28",
        "catches/stumpings": "2/\u2013"
    },
    "clubs": {},
    "birth_date": "23 March 1968"
}