{
    "name": "Austin Carr",
    "batting": "Right-handed",
    "source": "http://content-uk.cricinfo.com/england/content/player/11024.html CricInfo",
    "First-class": {
        "matches": "6",
        "runs": "150",
        "bat avg": "15.00",
        "100s/50s": "0/1",
        "top score": "82",
        "deliveries": "12",
        "wickets": "0",
        "bowl avg": "\u2013",
        "fivefor": "\u2013",
        "tenfor": "\u2013",
        "best bowling": "\u2013",
        "catches/stumpings": "2/\u2013"
    },
    "clubs": {}
}