{
    "name": "Azam Khan",
    "fullname": "Mohammad Azam Khan",
    "birth_place": "Karachi, Pakistan",
    "country": "Pakistan",
    "batting": "Right-handed",
    "onetest": "true",
    "testdebutdate": "17 October",
    "testdebutyear": "1996",
    "testdebutagainst": "Zimbabwe",
    "testcap": "138",
    "odidebutdate": "1 November",
    "odidebutyear": "1996",
    "odidebutagainst": "Zimbabwe",
    "odicap": "112",
    "lastodidate": "6 November",
    "lastodiyear": "1998",
    "lastodiagainst": "Australia",
    "source": "http://www.espncricinfo.com/ci/content/player/39020.html ESPNCricinfo",
    "Test": {
        "matches": "1",
        "runs": "14",
        "bat avg": "14.00",
        "100s/50s": "0/0",
        "top score": "14",
        "deliveries": "\u2013",
        "wickets": "\u2013",
        "bowl avg": "\u2013",
        "fivefor": "\u2013",
        "tenfor": "\u2013",
        "best bowling": "\u2013",
        "catches/stumpings": "0/\u2013"
    },
    "ODI": {
        "matches": "6",
        "runs": "116",
        "bat avg": "23.19",
        "100s/50s": "0/1",
        "top score": "72",
        "deliveries": "\u2013",
        "wickets": "\u2013",
        "bowl avg": "\u2013",
        "fivefor": "\u2013",
        "tenfor": "\u2013",
        "best bowling": "\u2013",
        "catches/stumpings": "2/\u2013"
    },
    "FC": {
        "matches": "120",
        "runs": "6,875",
        "bat avg": "36.37",
        "100s/50s": "11/40",
        "deliveries": "26",
        "wickets": "1",
        "bowl avg": "21.00",
        "fivefor": "0",
        "tenfor": "0",
        "best bowling": "1/0",
        "catches/stumpings": "84/\u2013"
    },
    "clubs": {},
    "birth_date": "1969-3-1"
}