{
    "name": "Azeem Hafeez",
    "country": "Pakistan",
    "birth_place": "Jhelum, Pakistan",
    "batting": "Left-handed",
    "bowling": "Left-arm Left-arm fast-medium",
    "testdebutdate": "14 September",
    "testdebutyear": "1983",
    "testdebutagainst": "India",
    "testcap": "95",
    "lasttestdate": "09 February",
    "lasttestyear": "1985",
    "lasttestagainst": "New Zealand",
    "odidebutdate": "10 September",
    "odidebutyear": "1983",
    "odidebutagainst": "India",
    "odicap": "44",
    "lastodidate": "10 March",
    "lastodiyear": "1985",
    "lastodiagainst": "India",
    "source": "http://www.espncricinfo.com/pakistan/content/player/39021.html Cricinfo ",
    "Test": {
        "matches": "18",
        "runs": "134",
        "bat avg": "8.37",
        "100s/50s": "0/0",
        "top score": "24",
        "deliveries": "4,351",
        "wickets": "63",
        "bowl avg": "34.98",
        "fivefor": "4",
        "tenfor": "0",
        "best bowling": "6/46",
        "catches/stumpings": "1/\u2013"
    },
    "ODI": {
        "matches": "15",
        "runs": "45",
        "bat avg": "15.00",
        "100s/50s": "0/0",
        "top score": "15",
        "deliveries": "719",
        "wickets": "15",
        "bowl avg": "39.06",
        "fivefor": "0",
        "tenfor": "0",
        "best bowling": "4/22",
        "catches/stumpings": "3/\u2013"
    },
    "FC": {
        "matches": "85",
        "runs": "923",
        "bat avg": "11.39",
        "100s/50s": "0/1",
        "top score": "69",
        "deliveries": "13,793",
        "wickets": "235",
        "bowl avg": "33.32",
        "fivefor": "9",
        "tenfor": "1",
        "best bowling": "7/54",
        "catches/stumpings": "17/\u2013"
    },
    "clubs": {},
    "birth_date": "1963-7-29"
}