{
    "name": "Azhar Hossain",
    "birth_place": "Dacca, East Pakistan (present-day Dhaka, Bangladesh)",
    "country": "Bangladesh",
    "batting": "Right-handed",
    "bowling": "Right-arm Right-arm offbreak",
    "odidebutagainst": "India",
    "odidebutdate": "27 October",
    "odidebutyear": "1988",
    "lastodiagainst": "Sri Lanka",
    "lastodidate": "31 December",
    "lastodiyear": "1990",
    "odicap": "14",
    "source": "http://content-aus.cricinfo.com/ci/content/player/56229.html CricInfo ",
    "clubs": {},
    "birth_date": "15 March 1964"
}