{
    "name": "Azhar Saeed",
    "birth_place": "Lahore, Punjab, Pakistan",
    "country": "UAE",
    "batting": "Left-handed",
    "bowling": "Slow left-arm Slow left-arm orthodox",
    "source": "http://content-uk.cricinfo.com/other/content/player/25533.html CricInfo ",
    "ODI": {
        "matches": "7",
        "runs": "61",
        "bat avg": "8.71",
        "100s/50s": "0/0",
        "top score": "32",
        "deliveries": "271",
        "wickets": "6",
        "bowl avg": "35.50",
        "fivefor": "0",
        "tenfor": "0",
        "best bowling": "3/45",
        "catches/stumpings": "2/\u2013"
    },
    "clubs": {},
    "birth_date": "1970-12-25"
}