{
    "name": "Azhar Ali",
    "country": "Oman",
    "fullname": "Syed Azhar Ali",
    "birth_place": "Karachi, Pakistan",
    "batting": "Right-handed",
    "bowling": "Right-arm off Right-arm off break",
    "type1": "List A",
    "debutdate1": "1 July",
    "debutyear1": "2005",
    "debutfor1": "Oman",
    "debutagainst1": "Scotland",
    "lastdate1": "11 July",
    "lastyear1": "2005",
    "lastfor1": "Oman",
    "lastagainst1": "United States",
    "source": "https://cricketarchive.com/Archive/Players/84/84708/84708.html CricketArchive subscription required ",
    "List A": {
        "matches": "7",
        "runs": "100",
        "bat avg": "16.66",
        "100s/50s": "0/0",
        "top score": "44 not out",
        "deliveries": "2",
        "wickets": "0",
        "bowl avg": "-",
        "fivefor": "0",
        "tenfor": "0",
        "best bowling": "0/4",
        "catches/stumpings": "3/0"
    },
    "clubs": {
        "Oman": "2004\u201306"
    },
    "birth_date": "1968-02-02"
}