{
    "name": "Bal Dani",
    "full_name": "Hemchandra Tukaram Dani",
    "birth_place": "Dudhani, British India (now in Maharashtra, India)",
    "death_date": "1999",
    "death_place": "Nashik, Maharashtra, India",
    "batting": "Right-handed",
    "bowling": "Right-arm fast-medium, off-break, Right-arm fast-medium, off-break, leg-break",
    "country": "India",
    "onetest": "yes",
    "testdebutfor": "India",
    "testcap": "65",
    "testdebutagainst": "Pakistan",
    "testdebutdate": "13 November",
    "testdebutyear": "1952",
    "lasttestdate": "13 November",
    "lasttestfor": "India",
    "lasttestagainst": "Pakistan",
    "lasttestyear": "1952",
    "source": "http://www.espncricinfo.com/india/content/player/27988.html ESPNcricinfo",
    "Tests": {
        "matches": "1",
        "runs": "-",
        "bat avg": "-",
        "100s/50s": "-",
        "top score": "-",
        "deliveries": "60",
        "wickets": "1",
        "bowl avg": "19.00",
        "fivefor": "-",
        "tenfor": "-",
        "best bowling": "1/9",
        "catches/stumpings": "1"
    },
    "First-class": {
        "matches": "116",
        "runs": "6,476",
        "bat avg": "44.35",
        "100s/50s": "17/34",
        "deliveries": "12,183",
        "wickets": "200",
        "bowl avg": "21.90",
        "fivefor": "4",
        "tenfor": "0",
        "best bowling": "7/50",
        "catches/stumpings": "79/0"
    },
    "clubs": {},
    "birth_date": "1933-05-24"
}