{
    "name": "Baloo Gupte",
    "fullname": "Balkrishna Pandharinath Gupte",
    "birth_place": "Bombay, British India |death_date         = death_place        = Mumbai, Ind",
    "family": "Subhash Gupte (brother)",
    "batting": "Right-handed",
    "bowling": "Legbreak Legbreak googly",
    "country": "India",
    "testdebutagainst": "Pakistan",
    "testcap": "100",
    "testdebutdate": "13 January",
    "testdebutyear": "1961",
    "lasttestdate": "5 March",
    "lasttestagainst": "New Zealand",
    "lasttestyear": "1965",
    "source": "http://content-aus.cricinfo.com/ci/content/player/28878.html ESPNcricinfo",
    "Test": {
        "matches": "3",
        "runs": "28",
        "bat avg": "28.00",
        "100s/50s": "0/0",
        "deliveries": "678",
        "wickets": "3",
        "bowl avg": "116.33",
        "fivefor": "0",
        "tenfor": "0",
        "best bowling": "1/54",
        "catches/stumpings": "0/\u2013"
    },
    "First-class": {
        "matches": "99",
        "runs": "587",
        "bat avg": "9.17",
        "100s/50s": "0/0",
        "top score": "35",
        "deliveries": "10,379",
        "wickets": "417",
        "bowl avg": "24.88",
        "fivefor": "26",
        "tenfor": "5",
        "best bowling": "9/55",
        "catches/stumpings": "21/\u2013"
    },
    "clubs": {},
    "birth_date": "1934-08-30"
}