{
    "name": "Bapu Nadkarni",
    "full_name": "Rameshchandra Gangaram Nadkarni",
    "birth_place": "Nashik, Bombay Presidency, British India",
    "death_date": "2020",
    "death_place": "Pune, Maharashtra, India",
    "batting": "Left-handed",
    "bowling": "Slow left arm Slow left arm orthodox",
    "country": "India",
    "testcap": "80",
    "testdebutagainst": "New Zealand",
    "testdebutdate": "16 December",
    "testdebutyear": "1955",
    "lasttestdate": "12 March",
    "lasttestagainst": "New Zealand",
    "lasttestyear": "1968",
    "source": "https://cricketarchive.com/Archive/Players/1/1035/1035.html CricketArchive",
    "Test": {
        "matches": "41",
        "runs": "1,414",
        "bat avg": "25.70",
        "100s/50s": "1/7",
        "deliveries": "9,165",
        "wickets": "88",
        "bowl avg": "29.07",
        "fivefor": "4",
        "tenfor": "1",
        "best bowling": "6/43",
        "catches/stumpings": "22/\u2013"
    },
    "First-class": {
        "matches": "191",
        "runs": "8,880",
        "bat avg": "40.36",
        "100s/50s": "14/46",
        "deliveries": "38,193",
        "wickets": "500",
        "bowl avg": "21.37",
        "fivefor": "19",
        "tenfor": "1",
        "best bowling": "6/17",
        "catches/stumpings": "140/\u2013"
    },
    "clubs": {},
    "birth_date": "1933-04-04"
}