{
    "name": "Baqa Jilani",
    "full_name": "Mohammad Baqa Khan Jilani",
    "birth_place": "Jalandhar, Punjab, British India",
    "death_date": "1941",
    "death_place": "Jalandhar, Punjab, British India",
    "batting": "Right-handed",
    "bowling": "Right-arm Right-arm medium",
    "country": "India",
    "testdebutagainst": "England",
    "testcap": "26",
    "testdebutdate": "15 August",
    "testdebutyear": "1936",
    "onetest": "true",
    "source": "https://cricketarchive.com/Archive/Players/0/685/685.html CricketArchive",
    "Test": {
        "matches": "1",
        "runs": "16",
        "bat avg": "8.00",
        "100s/50s": "0/0",
        "top score": "12",
        "deliveries": "90",
        "wickets": "0",
        "bowl avg": "\u2013",
        "fivefor": "\u2013",
        "tenfor": "\u2013",
        "best bowling": "\u2013",
        "catches/stumpings": "0/\u2013"
    },
    "First-class": {
        "matches": "31",
        "runs": "928",
        "bat avg": "18.56",
        "100s/50s": "1/5",
        "top score": "113",
        "deliveries": "3,603",
        "wickets": "83",
        "bowl avg": "19.93",
        "fivefor": "3",
        "tenfor": "1",
        "best bowling": "7/37",
        "catches/stumpings": "12/\u2013"
    },
    "clubs": {},
    "birth_date": "1911-7-20"
}