{
    "name": "Barney Rogers",
    "fullname": "Barney Guy Rogers",
    "birth_place": "Harare, Zimbabwe",
    "country": "Zimbabwe",
    "internationalspan": "2002\u20132005",
    "testdebutdate": "6 January",
    "testdebutyear": "2005",
    "testdebutagainst": "Bangladesh",
    "testcap": "69",
    "lasttestdate": "11 March",
    "lasttestyear": "2005",
    "lasttestagainst": "South Africa",
    "odidebutdate": "23 November",
    "odidebutyear": "2002",
    "odidebutagainst": "Pakistan",
    "odicap": "71",
    "lastodidate": "2 March",
    "lastodiyear": "2005",
    "lastodiagainst": "South Africa",
    "batting": "Left-handed",
    "bowling": "Right-arm Right-arm off-break",
    "source": "https://www.espncricinfo.com/zimbabwe/content/player/55736.html Cricinfo  ",
    "Test": {
        "matches": "4",
        "runs": "90",
        "bat avg": "11.25",
        "100s/50s": "0/0",
        "top score": "29",
        "deliveries": "18",
        "wickets": "0",
        "bowl avg": "\u2013",
        "fivefor": "\u2013",
        "tenfor": "\u2013",
        "best bowling": "\u2013",
        "catches/stumpings": "1/\u2013"
    },
    "ODI": {
        "matches": "15",
        "runs": "478",
        "bat avg": "31.86",
        "100s/50s": "0/5",
        "top score": "84",
        "deliveries": "324",
        "wickets": "6",
        "bowl avg": "53.50",
        "fivefor": "0",
        "tenfor": "0",
        "best bowling": "2/55",
        "catches/stumpings": "7/\u2013"
    },
    "FC": {
        "matches": "36",
        "runs": "1,980",
        "bat avg": "33.00",
        "100s/50s": "3/12",
        "top score": "141",
        "deliveries": "1,924",
        "wickets": "33",
        "bowl avg": "36.93",
        "fivefor": "0",
        "tenfor": "0",
        "best bowling": "4/34",
        "catches/stumpings": "23/\u2013"
    },
    "LA": {
        "matches": "47",
        "runs": "1,097",
        "bat avg": "26.75",
        "100s/50s": "0/8",
        "deliveries": "859",
        "wickets": "21",
        "bowl avg": "39.14",
        "fivefor": "0",
        "tenfor": "0",
        "best bowling": "3/36",
        "catches/stumpings": "15/\u2013"
    },
    "clubs": {},
    "birth_date": "August 20, 1982"
}