{
    "name": "Barry Dudleston",
    "country": "England",
    "fullname": "Barry Dudleston",
    "birth_place": "Bebington, Cheshire, England",
    "heightft": "5",
    "heightinch": "9",
    "umpire": "true",
    "testsumpired": "2",
    "umptestdebutyr": "1991",
    "umptestlastyr": "1992",
    "odisumpired": "4",
    "umpodidebutyr": "1992",
    "umpodilastyr": "2001",
    "source": "http://content-uk.cricinfo.com/ci/content/player/11947.html Cricinfo ",
    "clubs": {},
    "birth_date": "1945-7-16"
}