{
    "name": "Barry Knight",
    "fullname": "Barry Rolfe Knight",
    "birth_place": "Chesterfield, Derbyshire, England",
    "batting": "Right-handed",
    "bowling": "Right-arm Right-arm fast-medium",
    "country": "England",
    "testdebutagainst": "India",
    "testdebutdate": "1 December",
    "testdebutyear": "1961",
    "lasttestdate": "7 August",
    "lasttestagainst": "New Zealand",
    "lasttestyear": "1969",
    "source": "http://content-aus.cricinfo.com/ci/content/player/15910.html CricInfo",
    "Test": {
        "matches": "29",
        "runs": "812",
        "bat avg": "26.19",
        "100s/50s": "2/0",
        "top score": "127",
        "deliveries": "5,377",
        "wickets": "70",
        "bowl avg": "31.75",
        "fivefor": "0",
        "tenfor": "0",
        "best bowling": "4/38",
        "catches/stumpings": "14/\u2013"
    },
    "First-class": {
        "matches": "379",
        "runs": "13,336",
        "bat avg": "25.69",
        "100s/50s": "12/66",
        "top score": "165",
        "deliveries": "57,813",
        "wickets": "1089",
        "bowl avg": "24.06",
        "fivefor": "45",
        "tenfor": "8",
        "best bowling": "8/69",
        "catches/stumpings": "263/\u2013"
    },
    "clubs": {},
    "birth_date": "1938-2-18"
}