{
    "name": "\u00c9milie Lefel",
    "country": "France",
    "birth_place": "Lens, France",
    "height": "1.65 m ",
    "weight": "57 kg",
    "handedness": "Left",
    "event": "Women's & mixed doubles",
    "highest_ranking": "18 (WD 19 March 2019)  20 (XD 15 October 2015)",
    "birth_date": "1988-8-25",
    "medaltemplates": [
        "Sport: Women's badminton",
        "Country: {{FRA}}",
        "Competition: European Mixed Team Championships",
        "Silver Medal: 2021 Vantaa Mixed team",
        "Competition: European Games",
        "Bronze Medal: 2019 Minsk Women's doubles",
        "Competition: European Championships",
        "Silver Medal: 2018 Huelva Women's doubles",
        "Competition: Mediterranean Games",
        "Silver Medal: 2013 Mersin Women's doubles"
    ]
}