{
    "name": "\u00d6zge Bayrak",
    "country": "Turkey",
    "birth_place": "Osmangazi, Bursa, Turkey",
    "residence": "Bursa, Turkey",
    "height": "1.64 m",
    "weight": "61 kg",
    "coach": "\u00c7a\u011fatay Ta\u015fdemir",
    "event": "Women's singles & doubles",
    "highest_ranking": "46 (WS 2 June 2016) 28 (WD with Neslihan Yi\u011fit 20 August 2015) 91 (XD with Emre Vural 21 April 2011)",
    "birth_date": "1992-02-14",
    "medaltemplates": [
        "Sport: Women's badminton",
        "Country: {{TUR}}",
        "Competition: European Games",
        "Bronze Medal: 2015 Baku Women's doubles",
        "Competition: European Championships",
        "Bronze Medal: 2014 Kazan Women's singles",
        "Competition: Mediterranean Games",
        "Gold Medal: 2013 Mersin Women's doubles",
        "Silver Medal: 2013 Mersin Women's singles",
        "Bronze Medal: 2022 Oran Women's singles",
        "Competition: European Junior Championships",
        "Bronze Medal: 2011 Vantaa Girls' singles"
    ]
}