{
    "name": "\u0110\u1ed7 Tu\u1ea5n \u0110\u1ee9c",
    "country": "Vietnam",
    "residence": "Hanoi, Vietnam",
    "event": "Men's & mixed doubles",
    "highest_ranking": "70 (MD 28 September 2017) 33 (XD 27 September 2018)",
    "birth_date": "1996-2-6",
    "medaltemplates": [
        "Sport: Men's badminton",
        "Country: {{VIE}}",
        "Competition: SEA Games",
        "Bronze Medal: 2021 Vietnam Men's doubles",
        "Competition: Asian Junior Championships",
        "Bronze Medal: 2012 Gimcheon Mixed doubles"
    ]
}