{
    "name": "\u0141ukasz More\u0144",
    "country": "POL",
    "birth_place": "Warsaw, Poland",
    "height": "1.89 m",
    "weight": "86 kg",
    "coach": "Jolanta Brze\u017anicka",
    "event": "Men's & mixed doubles",
    "highest_ranking": "23  (MD) 21 Nov 2013 , 78  (XD) 15 Oct 2009",
    "birth_date": "1986-6-1",
    "medaltemplates": [
        "Sport: Badminton",
        "Country: {{POL}}",
        "Competition: European Men's Team Championships",
        "Silver Medal: 2010 Warsaw Men's team"
    ]
}