{
    "name": "Aakarshi Kashyap",
    "country": "India",
    "birth_place": "Durg, Chhattisgarh, India",
    "height": "1.59  m ",
    "weight": "60 kg",
    "handedness": "right",
    "event": "Women's singles",
    "highest_ranking": "32",
    "date_of_highest_ranking": "27 December 2022",
    "current_ranking": "40",
    "date_of_current_ranking": "2 January 2024",
    "birth_date": "2001-08-24",
    "medaltemplates": [
        "Sport: Women's badminton",
        "Country: {{IND}}",
        "Competition: Commonwealth Games",
        "Silver Medal: 2022 Birmingham Mixed team",
        "Competition: Asia Mixed Team Championships",
        "Bronze Medal: 2023 Dubai Mixed team",
        "Competition: South Asian Games",
        "Gold Medal: 2019 Kathmandu-Pokhara {{Women's team}}"
    ]
}