{
    "name": "Aamir Ghaffar",
    "birth_place": "Peshawar, Pakistan",
    "height": "6ft 1in",
    "weight": "85 kg",
    "event": "Men's singles",
    "highest_ranking": "21st",
    "date_of_highest_ranking": "August 2005",
    "country": "England",
    "coach": "Steve Butler and Lee Jae Bok",
    "handedness": "Right",
    "bwf_id": "50576",
    "birth_date": "1979-08-18",
    "medaltemplates": [
        "Sport: Badminton",
        "Country: {{ENG}}",
        "Competition: European Men's Team Championships",
        "Silver Medal: 2008 Almere Men's team",
        "Bronze Medal: 2006 Thessaloniki Men's team",
        "Competition: Commonwealth Games",
        "Silver Medal: 2006 Melbourne Mixed team"
    ]
}