{
    "name": "Aaron Chia  \u8c22\u5b9a\u5cf0",
    "birth_name": "Aaron Chia Teng Fong",
    "country": "Malaysia",
    "birth_place": "Batu Berendam, Malacca, Malaysia",
    "height": "1.7 m",
    "handedness": "Right",
    "coach": "Tan Bin Shen Rexy Mainaky",
    "event": "Men's doubles",
    "highest_ranking": "2",
    "highest_ranking_date": "with Soh Wooi Yik, 24 January 2023",
    "current_ranking": "5",
    "current_ranking_date": "with Soh Wooi Yik, 26 March 2024",
    "bwf_id": "4AA2A824-4927-418E-8670-4414838C8784",
    "birth_date": "1997-2-24",
    "medaltemplates": [
        "Sport: Men's badminton",
        "Country: {{MAS}}",
        "Competition: Olympic Games",
        "Bronze Medal: 2020 Tokyo Men's doubles",
        "Competition: World Championships",
        "Gold Medal: 2022 Tokyo Men's doubles",
        "Bronze Medal: 2023 Copenhagen Men's doubles",
        "Competition: Sudirman Cup",
        "Bronze Medal: 2021 Vantaa Mixed team",
        "Bronze Medal: 2023 Suzhou Mixed team",
        "Competition: Commonwealth Games",
        "Gold Medal: 2022 Birmingham Mixed team",
        "Bronze Medal: 2022 Birmingham Men's doubles",
        "Competition: Asian Games",
        "Bronze Medal: 2022 Hangzhou Men's doubles",
        "Competition: Asian Championships",
        "Silver Medal: 2022 Manila Men's doubles",
        "Bronze Medal: 2024 Ningbo Men's doubles",
        "Competition: Asia Team Championships",
        "Gold Medal: 2022 Selangor Men's team",
        "Silver Medal: 2020 Manila Men's team",
        "Silver Medal: 2024 Selangor Men's team",
        "Competition: SEA Games",
        "Gold Medal: 2019 Philippines Men's doubles",
        "Silver Medal: 2019 Philippines Men's team"
    ]
}