{
    "name": "Aatish Lubah",
    "country": "Mauritius",
    "birth_place": "Rivi\u00e8re du Rempart, Mauritius",
    "height": "1.72 m",
    "weight": "67 kg",
    "event": "Men's singles & doubles",
    "highest_ranking": "146 (MS 10 May 2018)  69 (MD 15 February 2018)  184 (XD 5 July 2018)",
    "birth_date": "1995-11-3",
    "medaltemplates": [
        "Sport: Men's badminton",
        "Country: {{MRI}}",
        "Competition: African Games",
        "Gold Medal: 2015 Brazzaville Mixed team",
        "Gold Medal: 2019 Rabat Men's doubles",
        "Competition: African Championships",
        "Silver Medal: 2019 Port Harcourt Mixed team",
        "Silver Medal: 2020 Cairo Men's doubles",
        "Bronze Medal: 2013 Rose Hill Men's doubles",
        "Bronze Medal: 2013 Rose Hill Mixed team",
        "Bronze Medal: 2018 Algiers Men's singles",
        "Competition: All Africa Men's Team Championships",
        "Silver Medal: 2016 Rose Hill Men's team",
        "Silver Medal: 2020 Cairo Men's team",
        "Bronze Medal: 2018 Algiers Men's team",
        "Bronze Medal: 2022 Kampala Men's team"
    ]
}