{
    "name": "Abdelrahman Abdelhakim",
    "birth_name": "Abdelrahman Abdelhakim Mohamed Hussein",
    "country": "Egypt",
    "event": "Men's singles & doubles",
    "highest_ranking": "82 (MS 2 November 2017) 79 (MD 2 November 2017) 112 (XD 26 November 2015)",
    "birth_date": "1996-11-8",
    "medaltemplates": [
        "Sport: Men's badminton",
        "Country: {{EGY}}",
        "Competition: African Games",
        "Bronze Medal: 2019 Rabat Men's doubles",
        "Bronze Medal: 2019 Rabat Mixed team",
        "Competition: African Championships",
        "Gold Medal: 2017 Benoni Mixed team",
        "Gold Medal: 2021 Kampala Mixed team",
        "Silver Medal: 2021 Kampala Men's doubles",
        "Bronze Medal: 2018 Algiers Men's doubles",
        "Bronze Medal: 2019 Port Harcourt Men's doubles",
        "Bronze Medal: 2019 Port Harcourt Mixed team",
        "Bronze Medal: 2022 Kampala Men's doubles",
        "Competition: Africa Men's Team Championships",
        "Silver Medal: 2022 Kampala Men's team",
        "Bronze Medal: 2020 Cairo Men's team",
        "Bronze Medal: 2024 Cairo Men's team"
    ]
}