{
    "name": "Abdelrahman Kashkal",
    "birth_name": "Abdelrahman Ali Mahmoud Kashkal",
    "country": "EGY",
    "event": "Men's",
    "highest_ranking": "175  (MS) 1 Oct 2015 , 47  (MD) 15 Sep 2016 , 50  (XD) 28 Apr 2016",
    "birth_date": "1987-8-25",
    "medaltemplates": [
        "Sport: Badminton",
        "Country: {{EGY}}",
        "Competition: African Games",
        "Silver Medal: 2015 Brazzaville Men's doubles",
        "Bronze Medal: 2015 Brazzaville Mixed doubles",
        "Competition: African Badminton Championships",
        "Silver Medal: 2012 Addis Ababa Men's singles",
        "Bronze Medal: 2011 Marrakesh Men's doubles",
        "Bronze Medal: 2011 Marrakesh Mixed team",
        "Competition: Africa Team Championships",
        "Bronze Medal: 2012 Addis Ababa Men's team",
        "Bronze Medal: 2010 Kampala Men's team",
        "Bronze Medal: 2008 Rose Hill Men's team"
    ]
}