{
    "name": "Hamid Khan",
    "birth_name": "Abdul Hamid Khan",
    "country": "Singapore",
    "birth_place": "Singapore",
    "height": "1.78 m",
    "weight": "65 kg",
    "event": "Men's singles and doubles",
    "handedness": "Right",
    "birth_date": "1965-12-13",
    "medaltemplates": [
        "Sport: Men's badminton",
        "Country: {{SIN}}",
        "Competition: Southeast Asian Games",
        "Bronze Medal: 1983 Singapore Men's team",
        "Bronze Medal: 1985 Bangkok Men's team",
        "Bronze Medal: 1989 Kuala Lumpur Men's team",
        "Bronze Medal: 1991 Manila Men's team",
        "Bronze Medal: 1993 Singapore Men's team"
    ]
}