{
    "name": "Abhinav Manota",
    "country": "India New Zealand (2014\u2013present)",
    "birth_place": "Jalandhar, India",
    "residence": "Christchurch, New Zealand",
    "height": "1.83 ",
    "handedness": "Right",
    "event": "Men's singles & men's doubles",
    "highest_ranking": "100 (MS 9 August 2018) 70 (MD 3 March 2020)",
    "current_ranking": "102 (MS) 81 (MD with Leydon-Davis)",
    "date_of_current_ranking": "3 May 2022",
    "birth_date": "1992-4-7",
    "medaltemplates": [
        "Sport: Men's badminton",
        "Country: {{NZL}}",
        "Competition: Oceania Championships",
        "Gold Medal: 2018 Hamilton Men's singles",
        "Gold Medal: 2020 Ballarat Men's singles",
        "Gold Medal: 2020 Ballarat Men's doubles",
        "Gold Medal: 2022 Melbourne Men's doubles",
        "Gold Medal: 2023 Auckland Men's singles",
        "Bronze Medal: 2019 Melbourne Men's singles",
        "Competition: Oceania Mixed Team Championships",
        "Silver Medal: 2019 Melbourne Mixed team",
        "Silver Medal: 2023 Auckland Mixed team",
        "Competition: Oceania Men's Team Championships",
        "Silver Medal: 2018 Hamilton Men's team",
        "Silver Medal: 2020 Ballarat Men's team"
    ]
}