{
    "name": "Abhinn Shyam Gupta",
    "birth_place": "Allahabad, Uttar Pradesh, India",
    "height": "1.73 m",
    "weight": "68 kg",
    "event": "Men's singles",
    "country": "India",
    "handedness": "Right",
    "birth_date": "1979-10-22",
    "medaltemplates": [
        "Sport: Men's badminton",
        "Country: {{IND}}",
        "Competition: Commonwealth Games",
        "Silver Medal: 1998 Kuala Lumpur Men's team",
        "Competition: South Asian Games",
        "Gold Medal: 2004 Islamabad Men's team",
        "Silver Medal: 2004 Islamabad Men's singles"
    ]
}