{
    "name": "Abigail Holden",
    "country": "England",
    "birth_place": "Wokingham, England",
    "event": "Women's singles",
    "highest_ranking": "111",
    "date_of_highest_ranking": "22 November 2022",
    "birth_date": "1999-08-29",
    "medaltemplates": [
        "Sport: Women's badminton",
        "Country: {{ENG}}",
        "Competition: European Mixed Team Championships",
        "Bronze Medal: 2023 Aire-sur-la-Lys Mixed team",
        "Competition: European Junior Championships",
        "Bronze Medal: 2017 Mulhouse Mixed team"
    ]
}