{
    "name": "Abu Hubaida",
    "birth_place": "Uttar Pradesh, India",
    "height": "5 ft 4 in",
    "years_active": "2016-present",
    "coach": "Gaurav Khanna",
    "event": "Men's singles WH2, Men's doubles WH1\u2013WH2, Mixed doubles WH1\u2013WH2",
    "highest_ranking": "13 (MS 26 April 2022), 3 (MD with Prem Kumar Ale 24 May 2022), 11 (XD with Shaimaa Samy Abdellatif 4 July 2022)",
    "current_ranking": "14 (MS), 6 (MD with Prem Ale Kumar), 21 (XD with Shaimaa Samy Abdellatif)",
    "current_ranking_date": "5 December 2022",
    "birth_date": "1994-07-10"
}