{
    "name": "Adam Dong \u8463\u661f\u5b87",
    "birth_name": "Dong Xingyu",
    "country": "China (2006\u20132015) Canada (2016\u2013present)",
    "birth_place": "Suzhou, Jiangsu, China",
    "residence": "Burlington, Ontario, Canada title=Adam Dong personal details ",
    "height": "1.78 m",
    "years_active": "2006\u2013present",
    "handedness": "Left",
    "event": "Men's doubles",
    "highest_ranking": "33",
    "highest_ranking_date": "MD with Nyl Yakura, 31 October 2023",
    "current_ranking": "34",
    "current_ranking_date": "MD with Nyl Yakura, 16 April 2024",
    "birth_date": "1994-2-14",
    "medaltemplates": [
        "Sport: Men's badminton",
        "Country: {{CAN}}",
        "Competition: Pan American Games",
        "Gold Medal: 2023 Santiago Men's doubles",
        "Competition: Pan Am Championships",
        "Gold Medal: 2023 Kingston Men's doubles",
        "Silver Medal: 2024 Guatemala City Men's doubles",
        "Bronze Medal: 2022 San Salvador Men's doubles",
        "Competition: Pan Am Male Cup",
        "Gold Medal: 2024 S\u00e3o Paulo Men's team",
        "Competition: Pan Am Mixed Team Championships",
        "Gold Medal: 2023 Guadalajara Mixed team"
    ]
}