{
    "name": "Adam Mendrek",
    "country": "Czech Republic",
    "birth_place": "\u010cesk\u00fd T\u011b\u0161\u00edn, Czech Republic",
    "residence": "Brno-Lesn\u00e1, Czech Republic",
    "height": "1.72 m",
    "weight": "74 kg",
    "handedness": "Right",
    "coach": "Tomasz Mendrek, Lennart Engler, David Nerud",
    "event": "Men's singles & doubles",
    "highest_ranking": "91 (MS 28 June 2018) 49 (MD with Ond\u0159ej Kr\u00e1l 31 January 2023) 440 (XD with Kate Foo Kune 30 August 2018)",
    "birth_date": "1995-11-14"
}