{
    "name": "Adam Cwalina",
    "country": "Poland",
    "birth_place": "Cz\u0119stochowa, Poland",
    "residence": "Warsaw, Poland",
    "height": "1.86 m",
    "weight": "82 kg",
    "years_active": "2008",
    "handedness": "Right",
    "coach": "Tadeusz Brzozowski Jacek Hankiewicz",
    "event": "Men's & mixed doubles",
    "highest_ranking": "19 (MD 26 February 2015)  43 (XD 26 August 2010)",
    "current_ranking": "74",
    "date_of_current_ranking": "MD 14 May 2019",
    "birth_date": "1985-1-26",
    "medaltemplates": [
        "Sport: Men's badminton",
        "Country: {{POL}}",
        "Competition: European Mixed Team Championships",
        "Bronze Medal: 2008 Herning Mixed team",
        "Competition: European Men's Team Championships",
        "Silver Medal: 2010 Warsaw Men's team"
    ]
}