{
    "name": "Adam Hall",
    "birth_name": "Adam Alistair Murdoch Mcg Hall",
    "country": "Scotland",
    "birth_place": "Irvine, Scotland",
    "residence": "Mauchline, Scotland",
    "height": "1.87 m",
    "handedness": "Right",
    "coach": "Ingo Kindervater Robert Blair Andy Bowman title=Adam Hall   title=Adam Hall ",
    "event": "Men's & mixed doubles",
    "highest_ranking": "22 (MD with Alexander Dunn 24 January 2023) 21 (XD with Julie MacPherson 27 December 2022)",
    "current_ranking": "30 (MD with Alexander Dunn) 49 (XD with Julie MacPherson)",
    "date_of_current_ranking": "16 April 2024",
    "birth_date": "1996-2-12",
    "medaltemplates": [
        "Sport: Men's badminton",
        "Country: {{GBR2}}",
        "Competition: European Games",
        "Bronze Medal: 2023 Krak\u00f3w\u2013Ma\u0142opolska Men's doubles",
        "Country: {{SCO}}",
        "Competition: European Championships",
        "Silver Medal: 2022 Madrid Men's doubles",
        "Competition: European Junior Championships",
        "Bronze Medal: 2015 Lubin Boys' doubles"
    ]
}