{
    "name": "Ade Resky Dwicahyo",
    "birth_place": "Kendari, Southeast Sulawesi, Indonesia",
    "residence": "Azerbaijan",
    "country": "Indonesia (2013\u20132017) Azerbaijan (2018\u2013present)",
    "years_active": "2014\u2013present",
    "handedness": "Right",
    "event": "Men's singles & doubles",
    "highest_ranking": "58 (MS, 16 April 2024) 63 (MD with Azmy Qowimuramadhoni, 26 February 2019)",
    "current_ranking": "58 (MS) 239 (MD with Azmy Qowimuramadhoni)",
    "date_of_current_ranking": "16 April 2024",
    "birth_date": "1998-5-13"
}