{
    "name": "Ade Chandra",
    "birth_name": "Thio Kim Gwan",
    "country": "Indonesia",
    "event": "Men's doubles",
    "handedness": "Right",
    "birth_date": "1950-02-04",
    "medaltemplates": [
        "Sport: Men's badminton",
        "Country: {{INA}}",
        "Competition: World Championships",
        "Gold Medal: 1980 Jakarta Men's doubles",
        "Silver Medal: 1977 Malm\u00f6 Men's doubles",
        "Competition: World Cup",
        "Gold Medal: 1979 Tokyo Men's doubles",
        "Gold Medal: 1980 Kyoto Men's doubles",
        "Competition: Thomas Cup",
        "Gold Medal: 1973 Jakarta Men's team",
        "Gold Medal: 1976 Bangkok Men's team",
        "Competition: Asian Games",
        "Gold Medal: 1978 Bangkok Men's team",
        "Gold Medal: 1978 Bangkok Men's doubles",
        "Silver Medal: 1974 Tehran Men's team",
        "Silver Medal: 1974 Tehran Men's doubles",
        "Competition: Asian Championships",
        "Gold Medal: 1971 Jakarta Men's team",
        "Gold Medal: 1976 Hyderabad Men's team",
        "Gold Medal: 1976 Hyderabad Men's doubles",
        "Bronze Medal: 1971 Jakarta Men's doubles",
        "Competition: Southeast Asian Games",
        "Gold Medal: 1977 Kuala Lumpur Men's team",
        "Gold Medal: 1979 Jakarta Men's team",
        "Silver Medal: 1979 Jakarta Men's doubles"
    ]
}