{
    "name": "Ade Sutrisna",
    "death_date": "df=yes",
    "event": "Men's doubles",
    "country": "Indonesia",
    "birth_date": "1974-3-9",
    "medaltemplates": [
        "Sport: Men's badminton",
        "Country: {{INA}}",
        "Competition: Asian Championships",
        "Gold Medal: 1996 Surabaya Men's doubles",
        "Bronze Medal: 1995 Beijing Men's doubles",
        "Competition: Asian Cup",
        "Bronze Medal: 1995 Qingdao Men's doubles",
        "Bronze Medal: 1996 Seoul Men's doubles"
    ]
}