{
    "name": "Adel Hamek",
    "residence": "Bordeaux, France",
    "country": "Algeria",
    "coach": "Nabil Lasmari",
    "event": "Men's singles & doubles",
    "highest_ranking": "189 (MS 28 April 2016)  83 (MD 1 September 2016)  372 (XD 3 May 2012)",
    "birth_date": "1992-10-25",
    "medaltemplates": [
        "Sport: Men's badminton",
        "Country: {{ALG}}",
        "Competition: African Championships",
        "Gold Medal: 2017 Benoni Men's singles",
        "Gold Medal: 2018 Algiers Men's doubles",
        "Silver Medal: 2021 Kampala Mixed team",
        "Silver Medal: 2023 Benoni Men's doubles",
        "Bronze Medal: 2013 Rose Hill Men's doubles",
        "Bronze Medal: 2017 Benoni Men's doubles",
        "Bronze Medal: 2022 Kampala Men's singles",
        "Bronze Medal: 2022 Kampala Men's doubles",
        "Bronze Medal: 2023 Benoni Mixed team",
        "Competition: Africa Men's Team Championships",
        "Gold Medal: 2018 Algiers Men's team",
        "Gold Medal: 2020 Cairo Men's team",
        "Gold Medal: 2022 Kampala Men's team",
        "Gold Medal: 2024 Cairo Men's team",
        "Bronze Medal: 2016 Rose Hill Men's team"
    ]
}