{
    "name": "Adham Hatem Elgamal",
    "country": "Egypt",
    "birth_place": "Cairo, Egypt",
    "residence": "Cairo, Egypt",
    "height": "1.76 m",
    "weight": "63 kg",
    "coach": "Mohamed Mostafa Kamel",
    "event": "Men's singles & doubles",
    "highest_ranking": "95 (MS 27 September 2022) 64 (MD with Ahmed Salah 17 March 2020) 43 (XD with Doha Hany 27 September 2022)",
    "current_ranking": "116 (MS), 194 (MD with Ahmed Salah), 56 (XD with Doha Hany)",
    "date_of_current_ranking": "12 March 2024",
    "birth_date": "1998-2-4",
    "medaltemplates": [
        "Sport: Men's badminton",
        "Country: {{EGY}}",
        "Competition: African Games",
        "Silver Medal: 2019 Rabat Mixed doubles",
        "Silver Medal: 2023 Accra Mixed doubles",
        "Bronze Medal: 2019 Rabat Men's doubles",
        "Bronze Medal: 2019 Rabat Mixed team",
        "Bronze Medal: 2023 Accra Men's singles",
        "Bronze Medal: 2023 Accra Men's doubles",
        "Competition: African Championships",
        "Gold Medal: 2017 Benoni Mixed team",
        "Gold Medal: 2020 Cairo Mixed doubles",
        "Gold Medal: 2021 Kampala Mixed team",
        "Gold Medal: 2021 Kampala Men's singles",
        "Gold Medal: 2023 Benoni Mixed team",
        "Silver Medal: 2021 Kampala Mixed doubles",
        "Silver Medal: 2022 Kampala Men's doubles",
        "Silver Medal: 2023 Benoni Mixed doubles",
        "Silver Medal: 2024 Cairo Mixed doubles",
        "Bronze Medal: 2017 Benoni Men's doubles",
        "Bronze Medal: 2017 Benoni Mixed doubles",
        "Bronze Medal: 2018 Algiers Mixed doubles",
        "Bronze Medal: 2019 Port Harcourt Mixed doubles",
        "Bronze Medal: 2019 Port Harcourt Mixed team",
        "Bronze Medal: 2020 Cairo Men's singles",
        "Bronze Medal: 2022 Kampala Men's singles",
        "Bronze Medal: 2024 Cairo Men's singles",
        "Competition: Africa Men's Team Championships",
        "Silver Medal: 2022 Kampala Men's team",
        "Bronze Medal: 2020 Cairo Men's team",
        "Bronze Medal: 2024 Cairo Men's team",
        "Competition: Arab Championships",
        "Gold Medal: 2021 Hamad Town Mixed doubles",
        "Competition: African Youth Games",
        "Bronze Medal: 2014 Gaborone Mixed team"
    ]
}