{
    "name": "Adinda Nugraheni",
    "birth_place": "Indonesia",
    "event": "Women's singles SL4, Mixed doubles SL3\u2013SU5",
    "highest_ranking": "17 (WS 6 April 2019), 87 (XD with Hikmat Ramdani 1 January 2019)",
    "current_ranking": "35 (WS)",
    "date_of_current_ranking": "8 November 2022",
    "country": "INA",
    "birth_date": "2002-04-09",
    "medaltemplates": [
        "Sport: Para-badminton",
        "Competition: Asian Youth Para Games",
        "Gold Medal: 1",
        "Silver Medal: 0",
        "Bronze Medal: 2",
        "Sport: Women's para-badminton",
        "Country: {{INA}}",
        "Competition: Asian Youth Para Games",
        "Gold Medal: 2021 Manama Mixed doubles",
        "Bronze Medal: 2017 Dubai Girls' singles",
        "Bronze Medal: 2021 Manama Girls' singles"
    ]
}