{
    "name": "Aditi Mutatkar",
    "birth_place": "Gwalior, Madhya Pradesh, India",
    "height": "1.60 m",
    "event": "Women's singles & doubles",
    "highest_ranking": "27",
    "date_of_highest_ranking": "June, 2010",
    "country": "IND",
    "handedness": "Right",
    "birth_date": "1987-10-6",
    "medaltemplates": [
        "Sport: Women's badminton",
        "Country: {{IND}}",
        "Competition: Commonwealth Games",
        "Silver Medal: 2010 Delhi Mixed team",
        "Competition: Asian Junior Championships",
        "Bronze Medal: 2002 Kuala Lumpur Girls' team"
    ]
}