{
    "name": "Aditya Prakash",
    "birth_place": "India",
    "residence": "Bangalore, Karnataka, India",
    "country": "IND",
    "handedness": "Right",
    "event": "Men's singles",
    "highest_ranking": "112",
    "date_of_highest_ranking": "1 August 2012",
    "birth_date": "1990-09-07",
    "medaltemplates": [
        "Sport: Men's badminton",
        "Country: {{IND}}",
        "Competition: South Asian Games",
        "Gold Medal: 2010 Dhaka Men's team",
        "Competition: Commonwealth Youth Games",
        "Silver Medal: 2008 Pune Boys' singles"
    ]
}