{
    "name": "Adnan Maulana",
    "country": "Indonesia",
    "birth_place": "Jambi, Indonesia ",
    "height": "1.73 m",
    "handedness": "Right",
    "event": "Men's & mixed doubles",
    "highest_ranking": "143 (MD with Ghifari Anandaffa Prihardika 23 April 2019) 27 (XD with Mychelle Crhystine Bandaso 9 August 2022) 38 (XD with Nita Violina Marwah 6 June 2023)",
    "current_ranking": "41",
    "date_of_current_ranking": "XD with Nita Violina Marwah 12 March 2024",
    "birth_date": "1999-10-23",
    "medaltemplates": [
        "Sport: Men's badminton",
        "Country: {{INA}}",
        "Competition: SEA Games",
        "Bronze Medal: 2021 Vietnam Men's team",
        "Bronze Medal: 2021 Vietnam Mixed doubles",
        "Competition: Asian Junior Championships",
        "Silver Medal: 2017 Jakarta Mixed team"
    ]
}