{
    "name": "Adrian Dzi\u00f3\u0142ko",
    "country": "Poland",
    "birth_place": "Kielce, Poland",
    "residence": "Warsaw, Poland",
    "height": "1.89 m",
    "weight": "65 kg",
    "handedness": "Right",
    "event": "Men's singles",
    "highest_ranking": "51",
    "date_of_highest_ranking": "1 October 2015",
    "current_ranking": "189",
    "date_of_current_ranking": "11 May 2021",
    "birth_date": "1990-2-22",
    "medaltemplates": [
        "Sport: Men's badminton",
        "Country: {{POL}}",
        "Competition: European Men's Team Championships",
        "Silver Medal: 2010 Warsaw Men's team"
    ]
}