{
    "name": "Adriyanti Firdasari",
    "country": "Indonesia",
    "birth_place": "Jakarta, Indonesia",
    "height": "m=1.70",
    "weight": "58",
    "handedness": "Right",
    "retired": "December 2015 last=Muliawan ",
    "event": "Women's singles",
    "highest_ranking": "15",
    "date_of_highest_ranking": "19 November 2009",
    "bwf_id": "890F9DBD-CCC3-4B69-A547-1418B0A56D2E",
    "birth_date": "1986-12-16",
    "medaltemplates": [
        "Sport: Women's badminton",
        "Country: {{INA}}",
        "Competition: Sudirman Cup",
        "Silver Medal: 2005 Beijing Mixed team",
        "Silver Medal: 2007 Glasgow Mixed team",
        "Bronze Medal: 2009 Guangzhou Mixed team",
        "Bronze Medal: 2011 Qingdao Mixed team",
        "Competition: Uber Cup",
        "Silver Medal: 2008 Jakarta Women's team",
        "Bronze Medal: 2010 Kuala Lumpur Women's team",
        "Competition: Asian Games",
        "Bronze Medal: 2010 Guangzhou Women's team",
        "Competition: SEA Games",
        "Gold Medal: 2005 Manila Women's singles",
        "Gold Medal: 2007 Nakhon Ratchasima Women's team",
        "Silver Medal: {{2007 Nakhon Ratchasima}} {{Women's singles}}",
        "Silver Medal: 2009 Vientiane Women's team",
        "Silver Medal: 2011 Jakarta\u2013Palembang Women's singles",
        "Silver Medal: 2011 Jakarta\u2013Palembang Women's team",
        "Bronze Medal: 2005 Manila Women's team",
        "Competition: World Junior Championships",
        "Bronze Medal: 2002 Pretoria Mixed team",
        "Competition: Asian Junior Championships",
        "Bronze Medal: 2004 Hwacheon Girls' team"
    ]
}