{
    "name": "Adrian Liu \u5ed6\u663e\u90a6",
    "birth_name": "Adrian Steven Liu",
    "birth_place": "Prince Rupert, British Columbia, Canada",
    "height": "1.73 m",
    "weight": "70 kg",
    "country": "Canada",
    "event": "Men's & mixed doubles",
    "highest_ranking": "25  (MD) October 3, 2011 , 33  (XD) October 20, 2011",
    "birth_date": "1983-9-17",
    "medaltemplates": [
        "Sport: Badminton",
        "Competition: Pan American Games",
        "Bronze Medal: 2011 Guadalajara Men's doubles",
        "Competition: Pan Am Championships",
        "Gold Medal: 2014 Markham Men's doubles",
        "Gold Medal: 2014 Markham Mixed team",
        "Gold Medal: 2013 Santo Domingo Men's doubles",
        "Gold Medal: 2013 Santo Domingo Mixed team",
        "Gold Medal: 2012 Lima Men's doubles",
        "Gold Medal: 2012 Lima Mixed team",
        "Gold Medal: 2010 Curitiba Mixed team",
        "Gold Medal: 2009 Guadalajara Mixed team",
        "Gold Medal: 2008 Lima Mixed team",
        "Bronze Medal: 2010 Curitiba Men's doubles",
        "Bronze Medal: 2010 Curitiba Mixed doubles",
        "Bronze Medal: 2008 Lima Men's doubles",
        "Bronze Medal: 2008 Lima Mixed doubles"
    ]
}