{
    "name": "Adulrach Namkul",
    "country": "Thailand",
    "birth_place": "Ayutthaya, Thailand",
    "height": "1.79 m",
    "handedness": "Right",
    "event": "Men's singles",
    "highest_ranking": "95",
    "date_of_highest_ranking": "8 February 2018",
    "birth_date": "1997-11-2",
    "medaltemplates": [
        "Sport: Men's badminton",
        "Country: {{THA}}",
        "Competition: Sudirman Cup",
        "Bronze Medal: 2017 Gold Coast Mixed team",
        "Competition: Asia Mixed Team Championships",
        "Bronze Medal: 2017 Ho Chi Minh Mixed team",
        "Competition: SEA Games",
        "Bronze Medal: 2017 Kuala Lumpur Men's team",
        "Competition: World Junior Championships",
        "Bronze Medal: 2014 Alor Setar Mixed team",
        "Bronze Medal: 2015 Lima Boys' singles"
    ]
}