{
    "name": "Afiat Yuris Wirawan",
    "country": "Indonesia",
    "birth_place": "Boyolali, Central Java, Indonesia",
    "height": "1.74 m",
    "handedness": "Right",
    "event": "Men's & mixed doubles",
    "highest_ranking": "34 (MD 22 October 2010) 53 (XD 27 November 2014)",
    "birth_date": "1989-4-17",
    "medaltemplates": [
        "Sport: Men's badminton",
        "Country: {{INA}}",
        "Competition: Summer Universiade",
        "Gold Medal: 2011 Shenzhen Mixed team",
        "Bronze Medal: 2011 Shenzhen Men's doubles",
        "Competition: World Junior Championships",
        "Bronze Medal: 2007 Waitakere City Mixed doubles",
        "Competition: Asian Junior Championships",
        "Bronze Medal: 2007 Kuala Lumpur Mixed team"
    ]
}