{
    "name": "Agnieszka Wojtkowska",
    "country": "Poland",
    "birth_place": "Pozna\u0144, Poland",
    "height": "1.68 m",
    "weight": "62 kg",
    "handedness": "Right",
    "coach": "Bo\u017cena Haracz",
    "event": "Women's singles & doubles",
    "highest_ranking": "210 (WS 21 January 2010)  42 (WD 21 January 2010)  26 (XD 4 December 2014)",
    "birth_date": "1987-1-30",
    "medaltemplates": [
        "Sport: Women's badminton",
        "Country: {{POL}}",
        "Competition: European Mixed Team Championships",
        "Bronze Medal: 2008 Herning Mixed team"
    ]
}