{
    "name": "Ahmed Salah",
    "birth_name": "Ahmed Salah El Din",
    "country": "Egypt",
    "birth_place": "Cairo, Egypt",
    "height": "1.75 m",
    "handedness": "Right",
    "event": "Men's singles & doubles",
    "highest_ranking": "115 (MS 19 October 2017)  68 (MD 18 February 2020)  56 (XD 14 September 2017)",
    "birth_date": "1990-9-30",
    "medaltemplates": [
        "Sport: Men's badminton",
        "Country: {{EGY}}",
        "Competition: African Games",
        "Bronze Medal: 2019 Rabat Men's doubles",
        "Bronze Medal: 2019 Rabat Mixed team",
        "Bronze Medal: 2023 Accra Men's doubles",
        "Competition: African Championships",
        "Gold Medal: 2017 Benoni Mixed team",
        "Gold Medal: 2021 Kampala Mixed team",
        "Gold Medal: 2023 Benoni Mixed team",
        "Silver Medal: 2017 Benoni Men's singles",
        "Silver Medal: 2021 Kampala Men's singles",
        "Silver Medal: 2021 Kampala Men's doubles",
        "Silver Medal: 2022 Kampala Men's doubles",
        "Bronze Medal: 2011 Marrakesh Mixed team",
        "Bronze Medal: 2017 Benoni Mixed doubles",
        "Bronze Medal: 2018 Algiers Men's doubles",
        "Bronze Medal: 2018 Algiers Mixed doubles",
        "Bronze Medal: 2019 Port Harcourt Men's doubles",
        "Bronze Medal: 2019 Port Harcourt Mixed doubles",
        "Bronze Medal: 2019 Port Harcourt Mixed team",
        "Bronze Medal: 2020 Cairo Mixed doubles",
        "Competition: Africa Men's Team Championships",
        "Silver Medal: 2022 Kampala Men's team",
        "Bronze Medal: 2008 Rose Hill Men's team",
        "Bronze Medal: 2010 Kampala Men's team",
        "Bronze Medal: 2020 Cairo Men's team"
    ]
}