{
    "name": "Ahn Jae-chang",
    "height": "1.82 m",
    "country": "South Korea",
    "handedness": "Right",
    "birth_date": "1972-10-1",
    "medaltemplates": [
        "Sport: Men's badminton",
        "Country: {{KOR}}",
        "Competition: Sudirman Cup",
        "Gold Medal: 1991 Copenhagen Mixed team",
        "Silver Medal: 1989 Jakarta Mixed team",
        "Bronze Medal: 1999 Copenhagen Mixed team",
        "Competition: Thomas Cup",
        "Bronze Medal: 1992 Kuala Lumpur Men's team",
        "Bronze Medal: 1994 Jakarta Men's team",
        "Bronze Medal: 1996 Hong Kong Men's team",
        "Bronze Medal: 2000 Kuala Lumpur Men's team",
        "Competition: Asian Games",
        "Silver Medal: 1994 Hiroshima Men's team",
        "Bronze Medal: 1990 Beijing Men's team",
        "Bronze Medal: 1998 Bangkok Men's team",
        "Competition: Asia Cup",
        "Bronze Medal: 1999 Ho Chi Minh Men's team"
    ]
}