{
    "name": "Ai Goto",
    "birth_name": "Ai Goto",
    "birth_place": "Gifu Prefecture, Japan",
    "height": "m=1.52",
    "weight": "51",
    "event": "Women's singles",
    "highest_ranking": "17",
    "date_of_highest_ranking": "November, 2010",
    "current_ranking": "372",
    "date_of_current_ranking": "October, 2013",
    "country": "JPN",
    "handedness": "Right |medal_templates          = bwf_id                  = F0CFD21C-8F7E-4AC9-AB36-8C58A7932E10",
    "birth_date": "1983-10-20"
}