{
    "name": "Aidil Sholeh",
    "birth_name": "Aidil Sholeh Ali Sadikin",
    "country": "Malaysia",
    "birth_place": "Selangor, Malaysia",
    "handedness": "Right",
    "event": "Men's singles",
    "highest_ranking": "74",
    "date_of_highest_ranking": "7 November 2023",
    "current_ranking": "74",
    "date_of_current_ranking": "7 November 2023",
    "birth_date": "2000-01-09",
    "medaltemplates": [
        "Sport: Men's badminton",
        "Country: {{MAS}}",
        "Competition: Sudirman Cup",
        "Bronze Medal: 2021 Vantaa Mixed team",
        "Competition: Asia Team Championships",
        "Gold Medal: 2022 Selangor Men's team",
        "Competition: SEA Games",
        "Silver Medal: 2019 Philippines Men's team",
        "Competition: World Junior Championships",
        "Silver Medal: 2017 Yogyakarta Mixed team"
    ]
}