{
    "name": "Aisha Nakiyemba",
    "birth_place": "Mityana, Uganda",
    "country": "UGA",
    "event": "Women's singles & doubles",
    "highest_ranking": "99 (WS 22 February 2018)  150 (WD 19 July 2018)  440 (XD 30 August 2018)",
    "birth_date": "1993-5-14",
    "medaltemplates": [
        "Sport: Women's badminton",
        "Country: {{UGA}}",
        "Competition: African Games",
        "Bronze Medal: 2019 Rabat Women's doubles",
        "Competition: Africa Team Championships",
        "Bronze Medal: 2016 Rose Hill Women's team"
    ]
}