{
    "name": "Ajay Jayaram",
    "country": "India",
    "birth_place": "Chennai, India",
    "height": "1.80 m",
    "retired": "26 March 2022",
    "handedness": "Right",
    "residence": "Mumbai, India",
    "event": "Men's singles",
    "highest_ranking": "13",
    "date_of_highest_ranking": "25 May 2017",
    "coach": "Anup Shridhar",
    "birth_date": "1987-09-28",
    "medaltemplates": [
        "Sport: Men's badminton",
        "Country: {{IND}}",
        "Competition: Asia Team Championships",
        "Bronze Medal: 2016 Hyderabad Men's team"
    ]
}