{
    "name": "Akane Araki",
    "country": "Japan",
    "birth_place": "Saitama Prefecture, Japan",
    "height": "1.76 m",
    "weight": "63 kg",
    "event": "Women's singles & doubles",
    "highest_ranking": "317 (WS 6 October 2016)",
    "birth_date": "1996-10-21",
    "medaltemplates": [
        "Sport: Women's badminton",
        "Country: {{JPN}}",
        "Competition: World Junior Championships",
        "Bronze Medal: 2014 Alor Setar Mixed team",
        "Competition: Asian Junior Championships",
        "Bronze Medal: 2014 Taipei Mixed team"
    ]
}