{
    "name": "Akane Watanabe",
    "country": "Japan",
    "birth_place": "Saitama Prefecture, Japan",
    "handedness": "Right",
    "event": "Women's singles & doubles",
    "highest_ranking": "276 (WS 7 April 2016) 25 (WD 19 February 2019) 177 (XD 1 November 2018)",
    "birth_date": "1994-5-27",
    "medaltemplates": [
        "Sport: Women's badminton",
        "Country: {{JPN}}",
        "Competition: World Junior Championships",
        "Silver Medal: 2012 Chiba Mixed team",
        "Competition: Asian Junior Championships",
        "Gold Medal: 2012 Gimcheon Mixed team"
    ]
}