{
    "name": "Akane Yamaguchi \u5c71\u53e3\u831c \u3084\u307e\u3050\u3061 \u3042\u304b\u306d",
    "country": "Japan",
    "birth_place": "Katsuyama, Fukui, Japan ",
    "height": "m=1.56",
    "weight": "55 kg",
    "handedness": "Right",
    "event": "Women's singles",
    "years_active": "2012\u2013present",
    "career_record": "441 wins, 140 losses",
    "highest_ranking": "1",
    "date_of_highest_ranking": "19 April 2018",
    "current_ranking": "4",
    "date_of_current_ranking": "16 January 2024",
    "bwf_id": "1A40C2CC-EC5F-46A6-9860-8E67AC09CD3E",
    "birth_date": "1997-6-6",
    "medaltemplates": [
        "Sport: Women's badminton",
        "Country: {{JPN}}",
        "Competition: World Championships",
        "Gold Medal: 2021 Huelva Women's singles",
        "Gold Medal: 2022 Tokyo Women's singles",
        "Bronze Medal: 2018 Nanjing Women's singles",
        "Bronze Medal: 2023 Copenhagen Women's singles",
        "Competition: Sudirman Cup",
        "Silver Medal: 2015 Dongguan Mixed team",
        "Silver Medal: 2019 Nanning Mixed team",
        "Silver Medal: 2021 Vantaa Mixed team",
        "Bronze Medal: 2017 Gold Coast Mixed team",
        "Bronze Medal: 2023 Suzhou Mixed team",
        "Competition: Uber Cup",
        "Gold Medal: 2018 Bangkok Women's team",
        "Silver Medal: 2014 New Delhi Women's team",
        "Silver Medal: 2020 Aarhus Women's team",
        "Bronze Medal: 2016 Kunshan Women's team",
        "Bronze Medal: 2022 Bangkok Women's team",
        "Competition: Asian Games",
        "Gold Medal: 2018 Jakarta\u2013Palembang Women's team",
        "Bronze Medal: 2014 Incheon Women's team",
        "Bronze Medal: {{2018 Jakarta\u2013Palembang}} {{Women's singles}}",
        "Bronze Medal: 2022 Hangzhou Women's team",
        "Competition: Asian Championships",
        "Gold Medal: 2019 Wuhan Women's singles",
        "Silver Medal: 2017 Wuhan Women's singles",
        "Silver Medal: 2022 Manila Women's singles",
        "Bronze Medal: 2023 Dubai Women's singles",
        "Competition: Asia Mixed Team Championships",
        "Gold Medal: 2017 Ho Chi Minh Mixed team",
        "Competition: Asia Team Championships",
        "Gold Medal: 2018 Alor Setar Women's team",
        "Gold Medal: 2020 Manila Women's team",
        "Competition: East Asian Games",
        "Bronze Medal: 2013 Tianjin Women's singles",
        "Bronze Medal: 2013 Tianjin Women's team",
        "Competition: Youth Olympic Games",
        "Silver Medal: 2014 Nanjing Girls' singles",
        "Competition: World Junior Championships",
        "Gold Medal: 2013 Bangkok Girls' singles",
        "Gold Medal: 2014 Alor Setar Girls' singles",
        "Silver Medal: 2012 Chiba Girls' singles",
        "Silver Medal: 2012 Chiba Mixed team",
        "Bronze Medal: 2014 Alor Setar Mixed team",
        "Competition: Asian Youth Games",
        "Gold Medal: 2013 Nanjing Mixed doubles",
        "Competition: Asian Junior Championships",
        "Gold Medal: 2012 Gimcheon Mixed team",
        "Gold Medal: 2014 Taipei Girls' singles",
        "Bronze Medal: 2012 Gimcheon Girls' singles",
        "Bronze Medal: 2013 Kota Kinabalu Mixed team",
        "Bronze Medal: 2014 Taipei Mixed team"
    ]
}