{
    "name": "Akbar Bintang Cahyono",
    "country": "Indonesia",
    "birth_place": "Sukoharjo, Central Java, Indonesia",
    "height": "1.70 m",
    "handedness": "Right",
    "event": "Men's & mixed doubles",
    "highest_ranking": "34 (MD with Muhammad Reza Pahlevi Isfahani 27 September 2018)  25 (XD with Winny Oktavina Kandow 19 March 2019)   201 (XD with Annisa Saufika 25 June 2019)",
    "current_ranking": "210 (MD with Ryan Adi Wicaksono), 39 (XD with Marsheilla Gischa Islami)",
    "date_of_current_ranking": "7 February 2023",
    "bwf_id": "2665891E-D9A7-4BBE-8B94-3936868DD3CD",
    "birth_date": "1996-4-12"
}