{
    "name": "Akiko Sugino, \u6749\u91ce \u660e\u5b50",
    "country": "JPN",
    "birth_place": "Ichihara, Chiba, Japan",
    "event": "Women's singles SU5, Women's doubles SL3\u2013SU5, Mixed doubles SL3\u2013SU5",
    "highest_ranking": "1 (WS 19 July 2022), 15 (WD with Noriko Ito 1 April 2019), 3 (XD with Toshiaki Suenaga 1 January 2019)",
    "current_ranking": "3 (WS), 52 (WD with Noriko Ito), 7 (XD with Daisuke Fujihara)",
    "current_ranking_date": "8 November 2022",
    "birth_date": "1990-12-07",
    "medaltemplates": [
        "Competition: Paralympic Games"
    ]
}