{
    "name": "Akira Koga",
    "country": "Japan",
    "birth_place": "Fukuoka Prefecture, Japan",
    "height": "1.66 m",
    "weight": "75 kg",
    "handedness": "Right",
    "event": "Men's doubles",
    "highest_ranking": "14",
    "date_of_highest_ranking": "with Taichi Saito, 12 December 2023",
    "current_ranking": "14",
    "date_of_current_ranking": "with Taichi Saito, 2 January 2024",
    "birth_date": "1994-3-8",
    "medaltemplates": [
        "Sport: Men's badminton",
        "Country: {{JPN}}",
        "Competition: Sudirman Cup",
        "Silver Medal: 2021 Vantaa Mixed team",
        "Bronze Medal: 2023 Suzhou Mixed team",
        "Competition: Thomas Cup",
        "Bronze Medal: 2020 Aarhus Men's team",
        "Bronze Medal: 2022 Bangkok Men's team",
        "Competition: Asian Games",
        "Bronze Medal: 2022 Hangzhou Men's team",
        "Competition: Asia Team Championships",
        "Bronze Medal: 2020 Manila Men's team",
        "Bronze Medal: 2024 Selangor Men's team",
        "Competition: World Junior Championships",
        "Silver Medal: 2012 Chiba Mixed team",
        "Competition: Asia Junior Championships",
        "Gold Medal: 2012 Gimcheon Mixed team"
    ]
}