{
    "name": "Akshay Dewalkar",
    "country": "India",
    "birth_place": "Mumbai, India",
    "height": "1.74 m",
    "weight": "74 kg",
    "handedness": "Right",
    "event": "Men's & mixed doubles",
    "highest_ranking": "28 (MD 21 July 2016) 57 (XD 23 April 2015)",
    "birth_date": "1988-7-2",
    "medaltemplates": [
        "Sport: Men's badminton",
        "Country: {{IND}}",
        "Competition: Asia Team Championships",
        "Bronze Medal: 2016 Hyderabad Men's team",
        "Competition: South Asian Games",
        "Gold Medal: 2006 Colombo Men's team",
        "Gold Medal: 2016 Guwahati\u2013Shillong Men's team",
        "Silver Medal: 2016 Guwahati\u2013Shillong Men's doubles",
        "Bronze Medal: 2006 Colombo Men's doubles"
    ]
}