{
    "name": "Albertus Susanto Njoto",
    "birth_name": "\u694a\u79ae\u8c50",
    "country": "Australia",
    "height": "1.75 m",
    "handedness": "Right",
    "event": "Men's doubles",
    "highest_ranking": "53",
    "date_of_highest_ranking": "17 December 2009",
    "birth_date": "1976-10-27",
    "medaltemplates": [
        "Sport: Badminton",
        "Country: {{HKG}}",
        "Competition: Asia Championships",
        "Bronze Medal: 2005 Hyderabad Mixed doubles"
    ]
}