{
    "name": "Aleksandr Nikolaenko",
    "birth_name": "Aleksandr Nikolaevich Nikolaenko",
    "birth_place": "Novosibirsk, USSR",
    "height": "1.88 m",
    "weight": "94 kg",
    "country": "RUS",
    "handedness": "Right",
    "event": "Men's & mixed doubles",
    "highest_ranking": "27  (MD) 18 March 2010 , 11  (XD) 29 March 2012",
    "birth_date": "1980-6-6",
    "medaltemplates": [
        "Sport: Badminton",
        "Country: {{RUS}}",
        "Competition: European Mixed Team Championships",
        "Bronze Medal: 2011 Amsterdam Mixed team",
        "Bronze Medal: 2009 Liverpool Mixed team"
    ]
}