{
    "name": "Alexandr Zinchenko",
    "country": "Russia",
    "birth_name": "\u0410\u043b\u0435\u043a\u0441\u0430\u043d\u0434\u0440 \u0411\u043e\u0440\u0438\u0441\u043e\u0432\u0438\u0447 \u0417\u0438\u043d\u0447\u0435\u043d\u043a\u043e  (Alexandr Borisovich Zinchenko)",
    "birth_place": "Moscow, Russia",
    "height": "1.84 m",
    "handedness": "Right",
    "event": "Men's & mixed doubles",
    "highest_ranking": "43 (MD 2 November 2017)  75 (XD 18 February 2015)",
    "current_ranking": "293",
    "date_of_current_ranking": "MD 23 November 2021",
    "birth_date": "1995-2-6",
    "medaltemplates": [
        "Sport: Men's badminton",
        "Country: {{RUS}}",
        "Competition: European Men's Team Championships",
        "Bronze Medal: 2020 Li\u00e9vin Men's team"
    ]
}