{
    "name": "Alexandra B\u00f8je",
    "country": "Denmark",
    "birth_place": "Horsens, Denmark",
    "residence": "Copenhagen, Denmark",
    "height": "1.73 m",
    "handedness": "Right",
    "event": "Women's & mixed doubles",
    "highest_ranking": "29 (WD with Mette Poulsen 23 March 2021) 8 (XD with Mathias Christiansen 25 October 2022)",
    "current_ranking": "10",
    "date_of_current_ranking": "XD with Mathias Christiansen 16 April 2024",
    "birth_date": "1999-12-6",
    "medaltemplates": [
        "Sport: Women's badminton",
        "Country: {{DEN}}",
        "Competition: European Games",
        "Bronze Medal: 2023 Krak\u00f3w\u2013Ma\u0142opolska Mixed doubles",
        "Competition: European Championships",
        "Silver Medal: 2024 Saarbr\u00fccken Mixed doubles",
        "Bronze Medal: 2021 Kyiv Mixed doubles",
        "Competition: European Mixed Team Championships",
        "Gold Medal: 2019 Copenhagen Mixed team",
        "Gold Medal: 2021 Vantaa Mixed team",
        "Competition: European Women's Team Championships",
        "Gold Medal: 2020 Li\u00e9vin Women's team",
        "Gold Medal: 2024 \u0141\u00f3d\u017a Women's team",
        "Competition: European Junior Championships",
        "Silver Medal: 2017 Mulhouse Girls' doubles",
        "Bronze Medal: 2017 Mulhouse Mixed team"
    ]
}