{
    "name": "Alexander Bond",
    "birth_name": "Alexander Spanggaard Bond",
    "country": "Denmark",
    "event": "Men's & mixed doubles",
    "highest_ranking": "98 (MD 3 September 2015)  122 (XD 3 September 2015)",
    "birth_date": "1996-6-18",
    "medaltemplates": [
        "Sport: Men's badminton",
        "Country: {{DEN}}",
        "Competition: European Junior Championships",
        "Gold Medal: 2015 Lubin Boys' doubles",
        "Bronze Medal: 2015 Lubin Mixed team"
    ]
}