{
    "name": "Alex Lane",
    "birth_place": "Kingston, Surrey",
    "residence": "Milton Keynes, England",
    "height": "1.80 m",
    "country": "ENG",
    "handedness": "Right",
    "event": "Men's singles",
    "highest_ranking": "98",
    "date_of_highest_ranking": "11 June 2019",
    "current_ranking": "107",
    "date_of_current_ranking": "7 October 2019",
    "birth_date": "1995-8-29",
    "medaltemplates": [
        "Sport: Men's badminton",
        "Country: {{ENG}}",
        "Competition: European Men's Team Championships",
        "Silver Medal: 2014 Basel Men's team",
        "Bronze Medal: 2016 Kazan Men's team"
    ]
}