{
    "name": "Alex Lanier",
    "country": "France",
    "birth_place": "Caen, France",
    "years_active": "2020\u2013present",
    "handedness": "Right",
    "event": "Men's singles",
    "career_record": "142 wins, 46 losses",
    "highest_ranking": "39",
    "date_of_highest_ranking": "4 July 2023",
    "current_ranking": "44",
    "date_of_current_ranking": "25 July 2023",
    "bwf_id": "F01EAC7A-8319-4695-85D3-869A0EDE2DB5",
    "birth_date": "2005-1-26",
    "medaltemplates": [
        "Sport: Men's badminton",
        "Country: {{FRA}}",
        "Competition: European Mixed Team Championships",
        "Silver Medal: 2023 Aire-sur-la-Lys Mixed team",
        "Competition: European Men's Team Championships",
        "Silver Medal: 2024 \u0141\u00f3d\u017a Men's team",
        "Competition: World Junior Championships",
        "Bronze Medal: 2023 Spokane Boys' singles",
        "Competition: European Junior Championships",
        "Gold Medal: 2022 Belgrade Boys' singles",
        "Silver Medal: 2022 Belgrade Mixed team"
    ]
}