{
    "name": "Alex Yuwan Tjong",
    "birth_place": "Campinas, S\u00e3o Paulo",
    "height": "1.78 m",
    "weight": "71 kg",
    "country": "Brazil",
    "coach": "Right",
    "event": "Men's",
    "highest_ranking": "93 (MS) 4 Jun 2015, 54 (MD) 8 Dec 2011, 48 (XD) 9 Apr 2015",
    "birth_date": "1991-3-1",
    "medaltemplates": [
        "Competition: Pan American Games",
        "Bronze Medal: 2015 Toronto Mixed doubles",
        "Competition: Pan American Championships",
        "Silver Medal: 2016 Campinas Mixed team",
        "Silver Medal: 2012 Lima Men's doubles",
        "Bronze Medal: 2016 Campinas Men's singles",
        "Bronze Medal: 2014 Markham Mixed team",
        "Bronze Medal: 2013 Santo Domingo Mixed team",
        "Bronze Medal: 2012 Lima Mixed team",
        "Competition: South American Games",
        "Silver Medal: 2010 Medell\u00edn Men's doubles",
        "Silver Medal: 2010 Medell\u00edn Mixed doubles",
        "Silver Medal: 2010 Medell\u00edn Mixed team"
    ]
}