{
    "name": "Alexander Dunn",
    "country": "Scotland",
    "birth_place": "Bellshill, Scotland",
    "residence": "Motherwell, Scotland",
    "height": "1.8 m",
    "weight": "77 kg",
    "years_active": "2014",
    "handedness": "Right",
    "coach": "Ingo Kindervater Robert Blair Andy Bowman Keith Turnbull Jamie Neill",
    "event": "Men's & mixed doubles",
    "highest_ranking": "22 (MD with Adam Hall 24 January 2023) 82 (XD with Ciara Torrance 20 September 2022)",
    "current_ranking": "30",
    "date_of_current_ranking": "MD with Adam Hall 16 April 2024",
    "birth_date": "1998-9-13",
    "medaltemplates": [
        "Sport: Men's badminton",
        "Country: {{GBR2}}",
        "Competition: European Games",
        "Bronze Medal: 2023 Krak\u00f3w\u2013Ma\u0142opolska Men's doubles",
        "Country: {{SCO}}",
        "Competition: European Championships",
        "Silver Medal: 2022 Madrid Men's doubles",
        "Competition: European Junior Championships",
        "Silver Medal: 2017 Mulhouse Mixed doubles",
        "Bronze Medal: 2015 Lubin Boys' doubles"
    ]
}