{
    "name": "Alexandra Bruce",
    "nickname": "Alex, Brucie",
    "birth_name": "Mary Alexandra Bruce",
    "birth_place": "Toronto, Ontario, Canada",
    "height": "1.82 m",
    "weight": "75 kg",
    "country": "Canada",
    "handedness": "Right",
    "event": "Women's singles & doubles",
    "highest_ranking": "149 (WS April 15, 2010) 20 (WD September 20, 2012) 23 (XD October 29, 2015)",
    "birth_date": "1990-5-27",
    "medaltemplates": [
        "Sport: Women's badminton",
        "Country: {{CAN}}",
        "Competition: Pan American Games",
        "Gold Medal: 2011 Guadalajara Women's doubles",
        "Silver Medal: 2015 Toronto Mixed doubles",
        "Bronze Medal: 2015 Toronto Women's doubles",
        "Competition: Pan Am Championships",
        "Gold Medal: 2016 Campinas Mixed team",
        "Gold Medal: 2014 Markham Mixed doubles",
        "Gold Medal: 2014 Markham Mixed team",
        "Gold Medal: 2013 Santo Domingo Mixed doubles",
        "Gold Medal: 2013 Santo Domingo Mixed team",
        "Gold Medal: 2012 Lima Women's doubles",
        "Gold Medal: 2012 Lima Mixed doubles",
        "Gold Medal: 2012 Lima Mixed team",
        "Gold Medal: 2010 Curitiba Mixed team",
        "Gold Medal: 2009 Guadalajara Mixed team",
        "Silver Medal: 2013 Santo Domingo Women's doubles",
        "Silver Medal: 2010 Curitiba Women's doubles",
        "Silver Medal: 2010 Curitiba Mixed doubles",
        "Bronze Medal: 2014 Markham Women's doubles",
        "Bronze Medal: 2009 Guadalajara Mixed doubles",
        "Competition: Commonwealth Youth Games",
        "Silver Medal: 2008 Pune Girls' doubles"
    ]
}