{
    "name": "Alfian Eko Prasetya",
    "country": "Indonesia",
    "birth_place": "Jakarta, Indonesia",
    "height": "1.75",
    "weight": "72",
    "handedness": "Right",
    "event": "Men's & mixed doubles",
    "highest_ranking": "18",
    "date_of_highest_ranking": "XD with Annisa Saufika, 16 February 2017",
    "current_ranking": "106 (MD with Ade Yusuf Santoso, 21 March 2023), 286 (XD with Masita Mahmudin, 21 March 2023)",
    "bwf_id": "9848E77F-42AC-4C59-9CA5-BF6B1CCDD4FA",
    "birth_date": "1994-8-4",
    "medaltemplates": [
        "Sport: Men's badminton",
        "Country: {{INA}}",
        "Competition: Asia Mixed Team Championships",
        "Bronze Medal: 2019 Hong Kong Mixed team",
        "Competition: World Junior Championships",
        "Gold Medal: 2011 Taipei Mixed doubles",
        "Silver Medal: 2012 Chiba Mixed doubles",
        "Competition: Asia Junior Championships",
        "Bronze Medal: 2012 Gimcheon Boys' doubles"
    ]
}