{
    "name": "Ali Ahmed El-Khateeb",
    "country": "Egypt",
    "event": "Men's singles & doubles",
    "highest_ranking": "146 (MS 26 November 2015) 47 (MD 15 September 2016) 83 (XD 26 November 2015)",
    "birth_date": "1990-10-10",
    "medaltemplates": [
        "Sport: Men's badminton",
        "Country: {{EGY}}",
        "Competition: African Games",
        "Silver Medal: 2015 Brazzaville Men's doubles",
        "Competition: African Badminton Championships",
        "Gold Medal: 2017 Benoni Mixed team",
        "Bronze Medal: 2011 Marrakesh Men's doubles",
        "Bronze Medal: 2011 Marrakesh Mixed team",
        "Bronze Medal: 2017 Benoni Men's singles",
        "Bronze Medal: 2017 Benoni Men's doubles",
        "Competition: Africa Team Championships",
        "Bronze Medal: 2010 Kampala Men's team",
        "Bronze Medal: 2012 Addis Ababa Men's team"
    ]
}