{
    "name": "Alina Davletova \u0410\u043b\u0438\u043d\u0430 \u0414\u0430\u0432\u043b\u0435\u0442\u043e\u0432\u0430",
    "birth_name": "Alina Ilgizarovna Davletova",
    "country": "Russia",
    "birth_place": "Ufa, Russia",
    "residence": "Ufa, Russia",
    "height": "1.63 m ",
    "weight": "58 kg",
    "years_active": "2014\u2013present",
    "handedness": "Right",
    "event": "Women's & mixed doubles",
    "highest_ranking": "19 (WD with Ekaterina Malkova 12 March 2019)  18 (XD with Rodion Alimov 18 January 2022)",
    "birth_date": "1998-7-17",
    "medaltemplates": [
        "Sport: Women's badminton",
        "Country: {{RUS}}",
        "Competition: European Games",
        "Bronze Medal: 2019 Minsk Women's doubles",
        "Competition: European Championships",
        "Gold Medal: 2021 Kyiv Mixed doubles",
        "Competition: European Mixed Team Championships",
        "Silver Medal: 2017 Lubin Mixed team",
        "Bronze Medal: 2019 Copenhagen Mixed team",
        "Bronze Medal: 2021 Vantaa Mixed team",
        "Competition: European Women's Team Championships",
        "Bronze Medal: 2018 Kazan Women's team",
        "Competition: Summer Universiade",
        "Bronze Medal: 2017 Taipei Mixed doubles",
        "Competition: European Junior Championships",
        "Gold Medal: 2017 Mulhouse Mixed doubles",
        "Silver Medal: 2017 Mulhouse Mixed team"
    ]
}