{
    "name": "Alison Humby",
    "height": "1.57 m",
    "event": "Women's singles & Doubles",
    "highest_ranking": "34 (Women's singles)",
    "country": "England",
    "handedness": "Left",
    "retired": "in 1996",
    "birth_date": "1972-12-7",
    "medaltemplates": [
        "Sport: Women's badminton",
        "Country: {{ENG}}",
        "Competition: European Junior Championships",
        "Silver Medal: 1991 Budapest Girls' doubles",
        "Bronze Medal: 1991 Budapest Girls' singles"
    ]
}