{
    "name": "Aliye Demirba\u011f",
    "country": "Turkey",
    "birth_place": "Elaz\u0131\u011f, Turkey",
    "height": "1.71 m",
    "weight": "64 kg",
    "handedness": "Right",
    "event": "Women's singles & doubles",
    "highest_ranking": "52 (WS 23 April 2018) 197 (WD 18 February 2015) 404 (XD 15 June 2017)",
    "current_ranking": "86",
    "date_of_current_ranking": "WS 15 November 2022",
    "birth_date": "1998-2-19",
    "medaltemplates": [
        "Sport: Women's badminton",
        "Country: {{TUR}}",
        "Competition: Mediterranean Games",
        "Bronze Medal: 2018 Tarragona Singles",
        "Competition: European Junior Championships",
        "Bronze Medal: 2015 Lubin Singles"
    ]
}