{
    "name": "Allisen Camille",
    "birth_place": "Victoria, Seychelles",
    "height": "1.71 m",
    "weight": "74 kg",
    "country": "SEY",
    "handedness": "Right",
    "event": "Women's singles & doubles",
    "highest_ranking": "196 (WS 19 Apr 2012)  152 (WD 3 Dec 2015)  280 (XD 25 Jun 2015)",
    "birth_date": "1992-6-26",
    "medaltemplates": [
        "Sport: Women's Badminton",
        "Country: {{SEY}}",
        "Competition: All-Africa Games",
        "Gold Medal: 2015 Brazzaville Women's doubles",
        "Silver Medal: 2011 Maputo Women's doubles",
        "Silver Medal: 2011 Maputo Mixed doubles",
        "Bronze Medal: 2015 Brazzaville Mixed team",
        "Bronze Medal: 2011 Maputo Mixed team",
        "Competition: African Championships",
        "Gold Medal: 2018 Algiers Women's doubles",
        "Gold Medal: 2013 Rose Hill Women's doubles",
        "Silver Medal: 2014 Gaborone Women's doubles",
        "Bronze Medal: 2014 Gaborone Mixed team",
        "Bronze Medal: 2013 Rose Hill Mixed team",
        "Bronze Medal: 2012 Addis Ababa Mixed doubles",
        "Bronze Medal: 2010 Kampala Women's doubles"
    ]
}