{
    "name": "Alvent Yulianto",
    "birth_name": "Alvent Yulianto Chandra",
    "country": "Indonesia",
    "birth_place": "Glenmore, Banyuwangi, Indonesia",
    "height": "m=1.76",
    "weight": "71",
    "handedness": "Right",
    "event": "Men's doubles",
    "highest_ranking": "1 (MD with Luluk Hadiyanto)",
    "bwf_id": "168E9F72-8DDC-45BD-91D5-8B72239E14E5",
    "birth_date": "1980-7-11",
    "medaltemplates": [
        "Sport: Men's badminton",
        "Country: {{INA}}",
        "Competition: World Championships",
        "Bronze Medal: 2005 Anaheim Men's doubles",
        "Competition: World Senior Championships",
        "Gold Medal: 2023 Jeonju {{Men's doubles 35+}}",
        "Competition: Sudirman Cup",
        "Silver Medal: 2005 Beijing Mixed team",
        "Silver Medal: 2007 Glasgow Mixed team",
        "Bronze Medal: 2003 Eindhoven Mixed team",
        "Bronze Medal: 2011 Qingdao Mixed team",
        "Competition: Thomas Cup",
        "Silver Medal: 2010 Kuala Lumpur Men's team",
        "Bronze Medal: 2004 Jakarta Men's team",
        "Bronze Medal: 2006 Sendai & Tokyo Men's team",
        "Competition: Asian Games",
        "Silver Medal: 2006 Doha Men's doubles",
        "Bronze Medal: 2006 Doha Men's team",
        "Bronze Medal: 2010 Guangzhou Men's doubles",
        "Bronze Medal: 2010 Guangzhou Men's team",
        "Competition: Asian Championships",
        "Bronze Medal: 2001 Manila Men's doubles",
        "Bronze Medal: 2003 Jakarta Men's doubles",
        "Bronze Medal: 2006 Johor Bahru Men's doubles",
        "Competition: SEA Games",
        "Gold Medal: 2003 Vietnam Men's team",
        "Gold Medal: 2007 Nakhon Ratchasima Men's team",
        "Silver Medal: 2005 Manila Men's doubles",
        "Silver Medal: 2005 Manila Men's team",
        "Bronze Medal: 2003 Vietnam Men's doubles"
    ]
}