{
    "name": "Alwi Farhan",
    "birth_name": "Alwi Farhan Alhasny",
    "country": "Indonesia",
    "birth_place": "Surakarta, Central Java, Indonesia",
    "handedness": "Right",
    "event": "Men's singles",
    "highest_ranking": "58",
    "date_of_highest_ranking": "26 March 2024",
    "current_ranking": "58",
    "date_of_current_ranking": "26 March 2024",
    "birth_date": "2005-5-12",
    "medaltemplates": [
        "Sport: Men's badminton",
        "Country: {{INA}}",
        "Competition: SEA Games",
        "Gold Medal: 2023 Cambodia Men's team",
        "Competition: World Junior Championships",
        "Gold Medal: 2023 Spokane Boys' singles",
        "Silver Medal: 2023 Spokane Mixed team",
        "Bronze Medal: 2022 Santander Mixed team",
        "Competition: Asia Junior Championships",
        "Silver Medal: 2023 Yogyakarta Mixed team",
        "Bronze Medal: 2023 Yogyakarta Boys' singles"
    ]
}