{
    "name": "Alyssa Tirtosentono",
    "country": "Netherlands",
    "birth_place": "The Hague, Netherlands",
    "residence": "Arnhem, Netherlands",
    "height": "1.70 m",
    "handedness": "Right",
    "event": "Women's & mixed doubles",
    "highest_ranking": "39 (WD with Imke van der Aar 8 November 2022) 101 (XD with Brian Wassink 3 January 2023)",
    "current_ranking": "80 (WD with Kirsten de Wit) 101 (XD with Brian Wassink)",
    "date_of_current_ranking": "3 January 2023",
    "birth_date": "2000-5-29",
    "medaltemplates": [
        "Sport: Women's badminton",
        "Country: {{NED}}",
        "Competition: European Mixed Team Championships",
        "Bronze Medal: 2019 Copenhagen Mixed team",
        "Competition: European Junior Championships",
        "Silver Medal: 2018 Tallinn Mixed doubles"
    ]
}