{
    "name": "Alyssa Leonardo",
    "birth_name": "Alyssa Ysabel Leonardo",
    "country": "Philippines",
    "birth_place": "Meycauayan, Bulacan, Philippines ",
    "residence": "Meycauayan, Bulacan, Philippines",
    "handedness": "Right",
    "event": "Women's & mixed doubles",
    "highest_ranking": "94 (WD with Thea Pomar, 13 June 2023) 61 (XD with Alvin Morada, 25 July 2023)",
    "birth_date": "1997-09-15",
    "medaltemplates": [
        "Sport: Women's badminton",
        "Country: {{PHI}}",
        "Competition: SEA Games",
        "Bronze Medal: 2023 Cambodia Women's team"
    ]
}