{
    "name": "Amalie Magelund",
    "country": "Denmark",
    "birth_name": "Amalie Magelund Krogh",
    "birth_place": "Roskilde, Denmark",
    "residence": "Greve, Denmark",
    "height": "1.66 m",
    "years_active": "2015\u2013present",
    "handedness": "Right",
    "event": "Women's & mixed doubles",
    "highest_ranking": "22 (WD with Freja Ravn, 27 September 2022) 20 (XD with Mathias Thyrri, 19 March 2024) 23 (XD with Niclas N\u00f8hr, 8 November 2022)",
    "current_ranking": "22",
    "date_of_current_ranking": "XD with Mathias Thyrri, 2 April 2024",
    "birth_date": "2000-5-13",
    "medaltemplates": [
        "Sport: Women's badminton",
        "Country: {{DEN}}",
        "Competition: European Championships",
        "Bronze Medal: 2022 Madrid Women's doubles",
        "Bronze Medal: 2024 Saarbr\u00fccken Mixed doubles",
        "Competition: European Women's Team Championships",
        "Gold Medal: 2020 Li\u00e9vin Women's team",
        "Gold Medal: 2024 \u0141\u00f3d\u017a Women's team",
        "Competition: European Mixed Team Championships",
        "Gold Medal: 2021 Vantaa Mixed team",
        "Gold Medal: 2023 Aire-sur-la-Lys Mixed team",
        "Competition: European Junior Championships",
        "Silver Medal: 2018 Tallinn Girls' doubles",
        "Silver Medal: 2018 Tallinn Mixed team",
        "Bronze Medal: 2017 Mulhouse Girls' doubles",
        "Bronze Medal: 2017 Mulhouse Mixed team"
    ]
}