{
    "name": "Amallia Cahaya Pratiwi",
    "country": "Indonesia",
    "birth_place": "Sukoharjo, Central Java, Indonesia",
    "height": "1.70 m",
    "handedness": "Right",
    "event": "Women's doubles",
    "highest_ranking": "13",
    "date_of_highest_ranking": "WD with Febriana Dwipuji Kusuma 16 May 2023",
    "current_ranking": "17",
    "date_of_current_ranking": "WD with Febriana Dwipuji Kusuma 2 January 2024",
    "birth_date": "2001-10-14",
    "medaltemplates": [
        "Sport: Women's badminton",
        "Country: {{INA}}",
        "Competition: Asia Team Championships",
        "Gold Medal: 2022 Selangor Women's team",
        "Bronze Medal: 2024 Selangor Women's team",
        "Competition: SEA Games",
        "Gold Medal: 2023 Cambodia Women's doubles",
        "Silver Medal: 2023 Cambodia Women's team",
        "Competition: World Junior Championships",
        "Gold Medal: 2019 Kazan Mixed team",
        "Silver Medal: 2019 Kazan Girls' doubles",
        "Competition: Asian Junior Championships",
        "Silver Medal: 2019 Suzhou Mixed team"
    ]
}