{
    "name": "Amelia Alicia Anscelly",
    "birth_place": "Kota Kinabalu, Malaysia",
    "residence": "Kuala Lumpur, Malaysia",
    "height": "1.63 m",
    "weight": "57 kg",
    "country": "Malaysia",
    "handedness": "Right",
    "event": "Women's & mixed doubles",
    "highest_ranking": "17 (WD 19 November 2015) 64 (XD 21 June 2012)",
    "birth_date": "1988-4-26",
    "medaltemplates": [
        "Sport: Women's badminton",
        "Country: {{MAS}}",
        "Competition: SEA Games",
        "Gold Medal: 2015 Singapore {{Women's doubles}}",
        "Silver Medal: 2015 Singapore Women's team",
        "Bronze Medal: {{2007 Nakhon Ratchasima}} Women's team",
        "Competition: World Junior Championships",
        "Bronze Medal: 2006 Incheon Mixed team"
    ]
}