{
    "birth_place": "Surat, Gujarat, India",
    "residence": "Juhu, Mumbai, Maharashtra, India",
    "highest_ranking": "7",
    "country": "India",
    "handedness": "Right",
    "birth_date": "1956-12-8",
    "medaltemplates": [
        "Sport: Women's badminton",
        "Country: {{IND}}",
        "Competition: Commonwealth Games",
        "Bronze Medal: 1978 Edmonton Women's doubles",
        "Competition: Asian Games",
        "Bronze Medal: 1982 New Delhi Women's team"
    ]
}