{
    "name": "Amin Yop Christopher",
    "height": "1.80 m ",
    "weight": "62 kg",
    "country": "Nigeria",
    "event": "Women's singles & doubles",
    "highest_ranking": "309 (WS 16 July 2019)  241 (WD 17 March 2020)  383 (XD 30 August 2018)",
    "birth_date": "1993-12-6",
    "medaltemplates": [
        "Sport: Women's badminton",
        "Country: {{NGR}}",
        "Competition: African Games",
        "Gold Medal: 2019 Rabat Mixed team",
        "Competition: African Championships",
        "Gold Medal: 2019 Port Harcourt Mixed team",
        "Silver Medal: 2019 Port Harcourt Women's doubles"
    ]
}