{
    "name": "Amnouy Wetwithan",
    "country": "THA",
    "birth_place": "Suphan Buri, Thailand",
    "coach": "Apinop Arayacharoen",
    "event": "Women's singles WH2, Women's doubles WH1\u2013WH2, Mixed doubles WH1\u2013WH2",
    "highest_ranking": "3 (WS 1 January 2019), 1 (WD with Sujirat Pookkham 1 January 2019), 1 (XD with Jakarin Homhual 1 January 2019)",
    "current_ranking": "9 (WS), 12 (WD with Sujirat Pookkham), 11 (XD with Chatchai Kornpeekanok)",
    "current_ranking_date": "8 November 2022",
    "birth_date": "1979-7-18",
    "medaltemplates": [
        "Competition: Paralympic Games"
    ]
}