{
    "name": "Amparo Lim",
    "country": "Philippines",
    "birth_place": "Manila, Philippines",
    "height": "154cm",
    "handedness": "Right",
    "coach": "Nelson Asuncion",
    "event": "Women's doubles",
    "highest_ranking": "68",
    "date_of_highest_ranking": "1997",
    "bwf_id": "6AA54894-1A1D-4D43-8F4E-1619A1879D16",
    "birth_date": "1969-9-9",
    "medaltemplates": [
        "Sport: Women's badminton",
        "Country: {{PHI}}",
        "Competition: Southeast Asian Games",
        "Bronze Medal: 1997 Jakarta Women's doubles"
    ]
}