{
    "name": "Amrita Sawaram",
    "birth_place": "Moka, Mauritius",
    "residence": "Beau Bassin-Rose Hill, Mauritius",
    "height": "1.55 m",
    "weight": "43 kg",
    "country": "MRI",
    "handedness": "Right",
    "event": "Women's singles & doubles",
    "birth_date": "1980-8-13",
    "medaltemplates": [
        "Sport: Women's badminton",
        "Country: {{MRI}}",
        "Competition: All-Africa Games",
        "Bronze Medal: 2003 Abuja Mixed team",
        "Competition: African Championships",
        "Gold Medal: 2000 Bauchi Women's singles",
        "Bronze Medal: 2010 Kampala Women's doubles",
        "Bronze Medal: 2010 Kampala Mixed doubles",
        "Bronze Medal: 2006 Algiers Women's doubles",
        "Bronze Medal: 2006 Algiers Mixed team",
        "Bronze Medal: 2004 Rose Hill Women's singles",
        "Bronze Medal: 2004 Rose Hill Women's doubles",
        "Bronze Medal: 1998 Rose Hill Women's doubles",
        "Competition: Africa Team Championships",
        "Silver Medal: 2006 Rose Hill Women's team"
    ]
}