{
    "name": "Amy Chan  \u9673\u5ff5\u6148",
    "full_name": "Amy Chan Lim-chee",
    "birth_place": "Hong Kong",
    "country": "Hong Kong",
    "handedness": "Right",
    "event": "Doubles",
    "bwf_id": "6B2DDB91-870B-4363-B7BE-A8DE0CB69F6B",
    "birth_date": "1961-6-27",
    "medaltemplates": [
        "Sport: Women's badminton",
        "Country: {{Hong Kong}}",
        "Competition: World Championships",
        "Gold Medal: 1979 Hangzhou Mixed doubles",
        "Competition: Commonwealth Games",
        "Gold Medal: 1990 Auckland Mixed doubles",
        "Bronze Medal: 1990 Auckland Mixed team"
    ]
}