{
    "name": "Amy Ackerman",
    "country": "South Africa",
    "event": "Women's & mixed doubles",
    "highest_ranking": "59 (WD with Deidre Laurens, 26 March 2024) 82 (XD with Jarred Elliott, 25 July 2023)",
    "current_ranking": "59 (WD with Deidre Laurens) 145 (XD with Jarred Elliott)",
    "date_of_current_ranking": "26 March 2024",
    "birth_date": "2005-3-16",
    "medaltemplates": [
        "Sport: Women's badminton",
        "Country: {{RSA}}",
        "Competition: African Championships",
        "Gold Medal: 2021 Kampala Women's doubles",
        "Gold Medal: 2023 Benoni Women's doubles",
        "Gold Medal: 2024 Cairo Women's doubles",
        "Silver Medal: 2022 Kampala Women's doubles",
        "Silver Medal: 2022 Kampala Mixed doubles",
        "Bronze Medal: 2020 Cairo Women's doubles",
        "Bronze Medal: 2021 Kampala Mixed doubles",
        "Bronze Medal: 2023 Benoni Mixed doubles",
        "Competition: Africa Women's Team Championships",
        "Gold Medal: 2024 Cairo Women's team",
        "Bronze Medal: 2022 Kampala Women's team"
    ]
}