{
    "name": "An\u00edbal Marroqu\u00edn",
    "birth_name": "Lesvin An\u00edbal Marroqu\u00edn C\u00f3rdova",
    "country": "Guatemala",
    "birth_place": "Baja Verapaz, Guatemala",
    "event": "Men's singles & doubles",
    "highest_ranking": "132 (MS 7 December 2017) 65 (MD 31 January 2023) 110 (XD 17 April 2014)",
    "birth_date": "1992-12-7",
    "medaltemplates": [
        "Sport: Men's badminton",
        "Country: {{GUA}}",
        "Competition: Pan Am Championships",
        "Bronze Medal: 2014 Markham Men's doubles",
        "Bronze Medal: 2017 Havana Men's doubles",
        "Competition: Central American and Caribbean Games",
        "Gold Medal: 2014 Veracruz Men's doubles",
        "Gold Medal: 2014 Veracruz Mixed team",
        "Bronze Medal: 2014 Veracruz Mixed doubles",
        "Bronze Medal: 2018 Barranquilla Men's doubles",
        "Bronze Medal: 2018 Barranquilla Mixed team",
        "Country: Independent Athletes Team",
        "Competition: Pan American Games",
        "Bronze Medal: 2023 Santiago Men's doubles",
        "Country: Centro Caribe Sports",
        "Competition: Central American and Caribbean Games",
        "Gold Medal: 2023 San Salvador Men's doubles",
        "Silver Medal: 2023 San Salvador Mixed team"
    ]
}