{
    "name": "An Se-young \uc548\uc138\uc601",
    "country": "South Korea",
    "birth_place": "Gwangju, South Korea",
    "height": "1.70 m",
    "handedness": "Right",
    "coach": "Sung Ji-hyun",
    "event": "Women's singles",
    "career_record": "286 wins, 61 losses",
    "highest_ranking": "1",
    "date_of_highest_ranking": "1 August 2023",
    "current_ranking": "1",
    "date_of_current_ranking": "8 April 2024",
    "birth_date": "2002-2-5",
    "medaltemplates": [
        "Sport: Women's badminton",
        "Country: {{KOR}}",
        "Competition: World Championships",
        "Gold Medal: 2023 Copenhagen  Women's singles",
        "Bronze Medal: 2022 Tokyo Women's singles",
        "Competition: Sudirman Cup",
        "Silver Medal: 2023 Suzhou Mixed team",
        "Bronze Medal: 2021 Vantaa Mixed team",
        "Competition: Uber Cup",
        "Gold Medal: 2022 Bangkok Women's team",
        "Bronze Medal: 2018 Bangkok Women's team",
        "Bronze Medal: 2020 Aarhus Women's team",
        "Competition: Asian Games",
        "Gold Medal: 2022 Hangzhou Women's singles",
        "Gold Medal: 2022 Hangzhou Women's team",
        "Competition: Asian Championships",
        "Silver Medal: 2023 Dubai Women's singles",
        "Bronze Medal: 2022 Manila Women's singles",
        "Competition: Asia Team Championships",
        "Silver Medal: 2020 Manila Women's team",
        "Bronze Medal: 2018 Alor Setar Women's team",
        "Competition: World Junior Championships",
        "Bronze Medal: 2017 Yogyakarta Mixed team",
        "Competition: Asian Junior Championships",
        "Gold Medal: 2017 Jakarta Mixed team"
    ]
}