{
    "name": "Ana Paula Campos",
    "birth_name": "Ana Paula Galbiatti Campos",
    "birth_place": "Campinas, S\u00e3o Paulo, Brazil",
    "residence": "Campinas, S\u00e3o Paulo",
    "country": "Brazil",
    "coach": "Right",
    "event": "Women's",
    "highest_ranking": "110 (WS) 13 Nov 2014, 91 (WD) 14 Nov 2013, 127 (XD) 10 Apr 2014",
    "birth_date": "1994-9-2",
    "medaltemplates": [
        "Competition: Pan Am Championships",
        "Silver Medal: 2017 Santo Domingo Mixed team",
        "Silver Medal: 2016 Campinas Mixed team",
        "Bronze Medal: 2014 Markham Mixed team",
        "Bronze Medal: 2013 Santo Domingo Mixed team"
    ]
}