{
    "name": "Ana Rovita",
    "country": "Indonesia",
    "birth_place": "Jepara, Central Java, Indonesia",
    "height": "1.57 m",
    "event": "Women's singles & doubles",
    "handedness": "Right",
    "highest_ranking": "51 (WS 4 April 2011) 564 (WD 15 September 2016) 308 (XD 15 September 2016)",
    "birth_date": "1991-3-30",
    "medaltemplates": [
        "Sport: Women's badminton",
        "Country: {{INA}}",
        "Competition: Asian Junior Championships",
        "Bronze Medal: 2009 Kuala Lumpur Girls' singles"
    ]
}