{
    "name": "Anand Pawar",
    "birth_name": "Anand Pawar",
    "birth_place": "Mumbai, India",
    "height": "5\u20198\"",
    "residence": "Mumbai, India",
    "event": "Men's singles",
    "highest_ranking": "30 url=http://bwfcontent.tournamentsoftware.com/ranking/category.aspx?id=8654&category=472&p=3&ps=25",
    "date_of_highest_ranking": "21 November 2013",
    "current_ranking": "52",
    "date_of_current_ranking": "26 March 2015",
    "country": "IND",
    "coach": "Uday Pawar & Morten Frost",
    "handedness": "Right",
    "birth_date": "1986-07-18",
    "medaltemplates": [
        "Sport: Men's badminton",
        "Country: {{IND}}",
        "Competition: Commonwealth Youth Games",
        "Silver Medal: 2004 Bendigo Mixed team"
    ]
}