{
    "name": "Anastasiia Semenova \u0410\u043d\u0430\u0441\u0442\u0430\u0441\u0438\u044f \u0421\u0435\u043c\u0435\u043d\u043e\u0432\u0430",
    "birth_name": "\u0410\u043d\u0430\u0441\u0442\u0430\u0441\u0438\u044f \u0412\u043b\u0430\u0434\u0438\u043c\u0438\u0440\u043e\u0432\u043d\u0430 \u0421\u0435\u043c\u0435\u043d\u043e\u0432\u0430 (Anastasiia Vladimirovna Semenova)",
    "country": "Russia",
    "residence": "Ramenskoye, Moscow, Russia",
    "coach": "I. R. Sukhacheva Klaudia Mayorova",
    "event": "Women's singles & doubles",
    "highest_ranking": "141 (WS 22 November 2018)  159 (WD 29 November 2018)  127 (XD 22 November 2018)",
    "birth_date": "1999-3-12",
    "medaltemplates": [
        "Sport: Women's badminton",
        "Country: {{RUS}}",
        "Competition: European Mixed Team Championships",
        "Bronze Medal: 2019 Copenhagen Mixed team",
        "Competition: European Women's Team Championships",
        "Bronze Medal: 2018 Kazan Women's team",
        "Competition: European Junior Championships",
        "Silver Medal: 2017 Mulhouse Mixed team"
    ]
}