{
    "name": "Anastasiya Danchenko \u0410\u043d\u0430\u0441\u0442\u0430\u0441\u0438\u044f \u0414\u0430\u043d\u0447\u0435\u043d\u043a\u043e",
    "birth_name": "Anastasiya Olegovna Panushkina \u0410\u043d\u0430\u0441\u0442\u0430\u0441\u0438\u044f \u041e\u043b\u0435\u0433\u043e\u0432\u043d\u0430 \u041f\u0430\u043d\u044e\u0448\u043a\u0438\u043d\u0430",
    "country": "Russia",
    "birth_place": "Moscow, Russia",
    "event": "Women's singles & doubles",
    "highest_ranking": "162 (WS 21 January 2010) 64 (WD 18 October 2012) 77 (XD 16 November 2012)",
    "birth_date": "1990-1-21"
}