{
    "name": "Anastasia Russkikh",
    "birth_name": "Anastasia Vladimirovna Russkikh",
    "birth_place": "Gatchina, USSR",
    "height": "1.65 m",
    "country": "RUS",
    "handedness": "Right",
    "event": "Women's & mixed doubles",
    "highest_ranking": "3 (WD) 2 December 2010, 29 (XD) 21 January 2010",
    "birth_date": "1983-5-20",
    "medaltemplates": [
        "Sport: Badminton",
        "Country: {{RUS}}",
        "Competition: European Championships",
        "Silver Medal: 2010 Manchester Women's doubles",
        "Competition: European Junior Championships",
        "Silver Medal: 1999 Glasgow Mixed team",
        "Bronze Medal: 1999 Glasgow Mixed doubles",
        "Bronze Medal: 2001 Spa\u0142a Girls' doubles",
        "Bronze Medal: 2001 Spa\u0142a Mixed team"
    ]
}