{
    "name": "Anastasiia Akchurina",
    "birth_name": "\u0410\u043d\u0430\u0441\u0442\u0430\u0441\u0438\u044f \u041c\u0438\u0445\u0430\u0439\u043b\u043e\u0432\u043d\u0430 \u0427\u0435\u0440\u0432\u044f\u043a\u043e\u0432\u0430 (Anastasia Mihailovna Chervyakova)",
    "country": "Russia",
    "birth_place": "Nizhny Novgorod, Russia",
    "residence": "Moscow, Russia",
    "height": "1.74 m",
    "years_active": "2007",
    "handedness": "Right",
    "event": "Women's singles & doubles",
    "highest_ranking": "85 (WS 10 April 2014) 19 (WD 30 November 2017) 74 (XD 17 September 2015)",
    "current_ranking": "92",
    "date_of_current_ranking": "WD 3 January 2023",
    "birth_date": "1992-6-14",
    "medaltemplates": [
        "Sport: Women's badminton",
        "Country: {{RUS}}",
        "Competition: European Championships",
        "Bronze Medal: 2017 Kolding Women's doubles",
        "Competition: European Mixed Team Championships",
        "Silver Medal: 2017 Lubin Mixed team",
        "Bronze Medal: 2015 Leuven Mixed team",
        "Bronze Medal: 2021 Vantaa Mixed team",
        "Competition: European Women's Team Championships",
        "Silver Medal: 2014 Basel Women's team",
        "Bronze Medal: 2018 Kazan Women's team",
        "Competition: European Junior Championships",
        "Gold Medal: 2009 Milan Girls' doubles",
        "Silver Medal: 2011 Vantaa Mixed team"
    ]
}