{
    "name": "Anatoliy Yartsev \u0410\u043d\u0430\u0442\u043e\u043b\u0438\u0439 \u042f\u0440\u0446\u0435\u0432",
    "size": "240 px",
    "birth_name": "\u0410\u043d\u0430\u0442\u043e\u043b\u0438\u0439 \u0414\u043c\u0438\u0442\u0440\u0438\u0435\u0432\u0438\u0447 \u042f\u0440\u0446\u0435\u0432 (Anatoliy Dmitrievich Yartsev)",
    "country": "Russia",
    "height": "1.88 m",
    "weight": "86 kg",
    "event": "Men's singles & doubles",
    "highest_ranking": "104 (MS 19 January 2017) 82 (MD 22 January 2015) 35 (XD 23 July 2015)",
    "birth_date": "1993-1-16",
    "medaltemplates": [
        "Sport: Men's badminton",
        "Country: {{RUS}}",
        "Competition: European Mixed Team Championships",
        "Silver Medal: 2017 Lubin Mixed team",
        "Bronze Medal: 2015 Leuven Mixed team",
        "Competition: European Junior Championships",
        "Silver Medal: 2011 Vantaa Mixed team"
    ]
}