{
    "name": "Anders Boesen",
    "birth_name": "Anders Ploug Boesen",
    "birth_place": "Copenhagen, Denmark ",
    "height": "m=1.79",
    "event": "Men's singles",
    "country": "Denmark",
    "handedness": "Right",
    "highest_ranking": "3",
    "birth_date": "1976-3-6",
    "medaltemplates": [
        "Sport: Men's badminton",
        "Country: {{DEN}}",
        "Competition: World Senior Championships",
        "Bronze Medal: 2015 Helsingborg Men's singles 35+",
        "Bronze Medal: 2015 Helsingborg Men's doubles 35+",
        "Competition: Sudirman Cup",
        "Bronze Medal: 2001 Seville Mixed team",
        "Competition: Thomas Cup",
        "Bronze Medal: 2002 Guangzhou Men's team",
        "Competition: European Championships",
        "Bronze Medal: 2002 Malm\u00f6 Men's singles",
        "Bronze Medal: 2004 Geneva Men's singles",
        "Competition: European Mixed Team Championships",
        "Gold Medal: 2000 Glasgow Mixed team",
        "Gold Medal: 2002 Malm\u00f6 Mixed team",
        "Gold Medal: 2004 Geneva Mixed team"
    ]
}