{
    "name": "Anders Kristiansen",
    "country": "Denmark",
    "birth_place": "Frederikssund, Denmark",
    "event": "Men's & mixed doubles",
    "highest_ranking": "20 (MD 26 August 2010)  11 (XD 23 May 2010)",
    "birth_date": "1979-9-7",
    "medaltemplates": [
        "Sport: Men's badminton",
        "Country: {{DEN}}",
        "Competition: Sudirman Cup",
        "Bronze Medal: 2013 Kuala Lumpur Mixed team",
        "Competition: European Championships",
        "Bronze Medal: 2010 Manchester Men's doubles",
        "Bronze Medal: 2012 Karlskrona Men's doubles",
        "Bronze Medal: 2014 Kazan Mixed doubles",
        "Competition: European Men's Team Championships",
        "Gold Medal: 2010 Warsaw Men's team",
        "Gold Medal: 2012 Amsterdam Men's team",
        "Gold Medal: 2014 Basel Men's team"
    ]
}