{
    "name": "Anders Nielsen",
    "full_name": "Anders Ward Nielsen",
    "birth_place": "Cape Town, Western Cape, South Africa",
    "death_date": "2010",
    "death_place": "Cheam, Greater London, England",
    "country": "England",
    "birth_date": "1967-02-24",
    "medaltemplates": [
        "Sport: Men's badminton",
        "Country: {{ENG}}",
        "Competition: Commonwealth Games",
        "Gold Medal: 1994 Victoria Mixed team",
        "Bronze Medal: 1994 Victoria Men's singles",
        "Competition: European Championships",
        "Bronze Medal: 1992 Glasgow Men's singles",
        "Bronze Medal: 1994 Den Bosch Men's singles",
        "Competition: European Mixed Team Championships",
        "Bronze Medal: 1992 Glasgow Mixed team",
        "Bronze Medal: 1994 Den Bosch Mixed team"
    ]
}