{
    "name": "Anders Antonsen",
    "country": "Denmark",
    "birth_place": "Aarhus, Denmark",
    "height": "1.88 m ",
    "weight": "80 kg",
    "years_active": "2013\u2013present",
    "handedness": "Right",
    "coach": "Joachim Persson",
    "event": "Men's singles",
    "career_record": "309 wins, 105 losses",
    "highest_ranking": "2",
    "date_of_highest_ranking": "27 September 2022",
    "current_ranking": "4",
    "date_of_current_ranking": "16 April 2024",
    "birth_date": "1997-4-27",
    "medaltemplates": [
        "Sport: Men's badminton",
        "Country: {{DEN}}",
        "Competition: World Championships",
        "Silver Medal: 2019 Basel Men's singles",
        "Bronze Medal: 2021 Huelva Men's singles",
        "Bronze Medal: 2023 Copenhagen Men's singles",
        "Competition: Thomas Cup",
        "Bronze Medal: 2018 Bangkok Men's team",
        "Bronze Medal: 2020 Aarhus Men's team",
        "Bronze Medal: 2022 Bangkok Men's team",
        "Competition: European Games",
        "Gold Medal: 2019 Minsk Men's singles",
        "Competition: European Championships",
        "Gold Medal: 2021 Kyiv Men's singles",
        "Gold Medal: 2024 Saarbr\u00fccken Men's singles",
        "Silver Medal: 2017 Kolding Men's singles",
        "Silver Medal: 2022 Madrid Men's singles",
        "Competition: European Mixed Team Championships",
        "Gold Medal: 2017 Lubin Mixed team",
        "Gold Medal: 2019 Copenhagen Mixed team",
        "Gold Medal: 2021 Vantaa Mixed team",
        "Gold Medal: 2023 Aire-sur-la-Lys Mixed team",
        "Competition: European Men's Team Championships",
        "Gold Medal: 2016 Kazan Men's team",
        "Gold Medal: 2018 Kazan Men's team",
        "Gold Medal: 2020 Li\u00e9vin Men's team",
        "Gold Medal: 2024 \u0141\u00f3d\u017a Men's team",
        "Competition: European Junior Championships",
        "Gold Medal: 2015 Lubin Boys' singles",
        "Bronze Medal: 2015 Lubin Mixed team"
    ]
}