{
    "name": "Anders Skaarup Rasmussen",
    "country": "Denmark",
    "birth_place": "Odder, Denmark",
    "residence": "Copenhagen, Denmark",
    "height": "1.89 m",
    "handedness": "Right",
    "event": "Men's & mixed doubles",
    "highest_ranking": "3 (MD with Kim Astrup 31 October 2023) 29 (XD with Lena Grebak 16 January 2014)",
    "current_ranking": "4",
    "date_of_current_ranking": "MD with Kim Astrup 16 April 2024",
    "birth_date": "1989-2-15",
    "medaltemplates": [
        "Sport: Men's badminton",
        "Country: {{DEN}}",
        "Competition: World Championships",
        "Silver Medal: 2023 Copenhagen Men's doubles",
        "Bronze Medal: 2021 Huelva Men's doubles",
        "Competition: Thomas Cup",
        "Gold Medal: 2016 Kunshan Men's team",
        "Bronze Medal: 2018 Bangkok Men's team",
        "Bronze Medal: 2020 Aarhus Men's team",
        "Bronze Medal: 2022 Bangkok Men's team",
        "Competition: European Games",
        "Gold Medal: {{2023 Krak\u00f3w\u2013Ma\u0142opolska}} {{Men's doubles}}",
        "Silver Medal: 2019 Minsk Men's doubles",
        "Competition: European Championships",
        "Gold Medal: 2018 Huelva Men's doubles",
        "Gold Medal: 2024 Saarbr\u00fccken Men's doubles",
        "Silver Medal: 2016 La Roche-sur-Yon Men's doubles",
        "Bronze Medal: 2017 Kolding Men's doubles",
        "Bronze Medal: 2021 Kyiv Men's doubles",
        "Competition: European Mixed Team Championships",
        "Gold Medal: 2015 Leuven Mixed team",
        "Gold Medal: 2019 Copenhagen Mixed team",
        "Gold Medal: 2021 Vantaa Mixed team",
        "Competition: European Men's Team Championships",
        "Gold Medal: 2014 Basel Men's team",
        "Gold Medal: 2016 Kazan Men's team",
        "Gold Medal: 2020 Li\u00e9vin Men's team",
        "Gold Medal: 2024 \u0141\u00f3d\u017a Men's team"
    ]
}