{
    "name": "Andika Ramadiansyah",
    "country": "Indonesia",
    "birth_place": "Bogor, West Java, Indonesia",
    "height": "1.74 m",
    "handedness": "Right",
    "coach": "Nova Widianto",
    "event": "Men's & Mixed doubles",
    "highest_ranking": "134 (MD 1 September 2016)  59 (XD 20 September 2018)",
    "current_ranking": "109",
    "date_of_current_ranking": "XD with Bunga Fitriani Romadhini 17 August 2021",
    "birth_date": "1998-1-6",
    "medaltemplates": [
        "Sport: Men's badminton",
        "Country: {{INA}}",
        "Competition: World Junior Championships",
        "Silver Medal: 2015 Lima Mixed team",
        "Competition: Asia Junior Championships",
        "Bronze Medal: 2015 Bangkok Mixed team"
    ]
}