{
    "name": "Andre Kurniawan Tedjono",
    "birth_place": "Magelang, Central Java, Indonesia",
    "height": "m=1.76",
    "weight": "69",
    "event": "Men's singles",
    "highest_ranking": "18",
    "date_of_highest_ranking": "8 October 2009",
    "country": "Indonesia",
    "coach": "Agus Dwi Santoso (Djarum)",
    "handedness": "Right",
    "birth_date": "1986-12-7",
    "medaltemplates": [
        "Sport: Men's badminton",
        "Country: {{INA}}",
        "Competition: Asian Junior Championships",
        "Bronze Medal: 2004 Hwacheon Boys' team"
    ]
}