{
    "name": "Andrew D'Souza",
    "birth_name": "Andrew William D'Souza",
    "birth_place": "Ottawa, Ontario, Canada",
    "residence": "Ottawa, Ontario, Canada",
    "height": "1.78 m",
    "weight": "71 kg",
    "country": "CAN",
    "handedness": "Right",
    "event": "Men's singles & doubles",
    "highest_ranking": "161 (MS) 23 September 2015, 106 (MD) 14 November 2013",
    "birth_date": "1994-7-1",
    "medaltemplates": [
        "Sport: Badminton",
        "Country: {{CAN}}",
        "Competition: Pan American Games",
        "Silver Medal: 2015 Toronto Men's singles",
        "Competition: Pan Am Championships",
        "Gold Medal: 2014 Markham Mixed team",
        "Gold Medal: 2013 Santo Domingo Mixed team"
    ]
}