{
    "| name": "Andrew Smith",
    "birth_name": "Andrew Michael Smith",
    "birth_place": "Portsmouth, England",
    "height": "1.78",
    "event": "Men's singles",
    "highest_ranking": "12",
    "date_of_highest_ranking": "5 April 2007",
    "country": "ENG",
    "coach": "David Hunt",
    "handedness": "Right",
    "birth_date": "1984-06-3",
    "medaltemplates": [
        "Sport: Men's badminton",
        "Country: {{ENG}}",
        "Competition: Sudirman Cup",
        "Bronze Medal: 2007 Glasgow Mixed team",
        "Competition: European Mixed Team Championships",
        "Silver Medal: 2009 Liverpool Mixed team",
        "Competition: European Men's Team Championships",
        "Silver Medal: 2008 Almere Men's team",
        "Bronze Medal: 2006 Thessalonica Men's team"
    ]
}