{
    "name": "Andra Whiteside",
    "country": "Fiji",
    "birth_place": "Suva, Fiji",
    "height": "1.68 m",
    "weight": "54 kg",
    "handedness": "Right",
    "event": "Women's singles & doubles",
    "highest_ranking": "201",
    "date_of_highest_ranking": "WD 23 September 2010",
    "birth_date": "1989-12-6",
    "medaltemplates": [
        "Country: {{FIJ}}",
        "Sport: Women's badminton",
        "Competition: Pacific Games",
        "Gold Medal: 2007 Samoa Women's singles",
        "Gold Medal: 2011 New Caledonia Women's singles",
        "Gold Medal: 2019 Samoa Mixed team",
        "Gold Medal: 2019 Samoa Women's doubles",
        "Silver Medal: {{2011 New Caledonia}} {{Women's doubles}}",
        "Silver Medal: 2011 New Caledonia Mixed team",
        "Silver Medal: 2007 Samoa Women's doubles",
        "Silver Medal: 2007 Samoa Mixed team",
        "Bronze Medal: 2011 New Caledonia Mixed doubles",
        "Competition: Oceania Women's Team Championships",
        "Bronze Medal: 2018 Hamilton Women's team",
        "Competition: Oceania Mixed Team Championships",
        "Bronze Medal: 2010 Invercargill Mixed team",
        "Sport: Women's squash",
        "Bronze Medal: 2015 Papua New Guinea Women's team"
    ]
}