{
    "name": "Andrey Antropov   \u0410\u043d\u0434\u0440\u0435\u0439 \u0410\u043d\u0442\u0440\u043e\u043f\u043e\u0432",
    "birth_name": "Andrey Mikhaylovich Antropov",
    "birth_place": "Omsk, Russia",
    "height": "1.78 m",
    "weight": "72 kg",
    "country": "RUS",
    "handedness": "Left",
    "bwf_id": "E595E3E4-7CC9-4E47-BE5A-985FBB9CF1D5",
    "birth_date": "1967-6-21",
    "medaltemplates": [
        "Sport: Men's badminton",
        "Country: {{RUS}}",
        "Competition: World Cup",
        "Bronze Medal: 1996 Jakarta Men's doubles",
        "Competition: European Championships",
        "Silver Medal: 1994 Den Bosch Men's doubles",
        "Country: {{URS}}",
        "Competition: European Championships",
        "Bronze Medal: 1988 Kristiansand Men's singles",
        "Competition: European Junior Championships",
        "Bronze Medal: 1985 Pressbaum Mixed doubles"
    ]
}