{
    "name": "Andr\u00e9s Corpancho",
    "birth_name": "Andr\u00e9s Eduardo Corpancho Fort",
    "height": "1.88 m",
    "weight": "81 kg",
    "country": "PER",
    "handedness": "Right",
    "event": "Men's",
    "highest_ranking": "106  (MS) 18 June 2015 , 113  (MD) 26 November 2015 , 42  (XD) 2 April 2015",
    "birth_date": "1984-12-1",
    "medaltemplates": [
        "Sport: Badminton",
        "Country: {{PER}}",
        "Competition: Pan Am Championships",
        "Silver Medal: 2009 Guadalajara Mixed team",
        "Silver Medal: 2008 Lima Mixed team",
        "Bronze Medal: 2014 Markham Mixed doubles",
        "Bronze Medal: 2008 Lima Men's singles",
        "Bronze Medal: 2007 Calgary Men's singles",
        "Bronze Medal: 2005 Bridgetown Men's doubles",
        "Competition: South American Games",
        "Gold Medal: 2010 Medell\u00edn Mixed team",
        "Bronze Medal: 2010 Medell\u00edn Men's singles",
        "Bronze Medal: 2010 Medell\u00edn Men's doubles"
    ]
}