{
    "name": "Andries Malan",
    "birth_place": "Bellville, Western Cape, South Africa",
    "height": "1.79 m",
    "weight": "78 kg",
    "country": "RSA",
    "handedness": "Right",
    "event": "Men's singles & doubles",
    "highest_ranking": "369 (MS 14 March 2013)  47 (MD 28 April 2016)  83 (XD 28 January 2016)",
    "birth_date": "1994-10-20",
    "medaltemplates": [
        "Sport: Men's badminton",
        "Country: {{RSA}}",
        "Competition: All-Africa Games",
        "Gold Medal: 2015 Brazzaville Men's doubles",
        "Gold Medal: 2015 Brazzaville Mixed doubles",
        "Silver Medal: 2015 Brazzaville Mixed team",
        "Competition: African Championships",
        "Gold Medal: 2017 Benoni Mixed doubles",
        "Gold Medal: 2014 Gaborone Men's doubles",
        "Gold Medal: 2014 Gaborone Mixed team",
        "Gold Medal: 2013 Rose Hill Men's doubles",
        "Gold Medal: 2013 Rose Hill Mixed team",
        "Silver Medal: 2017 Benoni Men's doubles",
        "Silver Medal: 2017 Benoni Mixed team",
        "Silver Medal: 2014 Gaborone Mixed doubles",
        "Silver Medal: 2013 Rose Hill Mixed doubles",
        "Competition: Africa Team Championships",
        "Gold Medal: 2016 Rose Hill Men's team"
    ]
}