{
    "name": "Andreas Heinz",
    "birth_place": "Gro\u00df-Gerau, Germany",
    "height": "1.65 m",
    "event": "Men's & mixed doubles",
    "country": "GER",
    "handedness": "Right",
    "highest_ranking": "35 (MD) 4 June 2015 127 (XD) 17 July 2014",
    "current_ranking": "133 (MD) 237 (XD)",
    "date_of_current_ranking": "4 May 2017",
    "birth_date": "1991-4-5",
    "medaltemplates": [
        "Sport: Badminton",
        "Country: {{GER}}",
        "Competition: European Games",
        "Bronze Medal: 2015 Baku Men's doubles",
        "Competition: European Men's Team Championships",
        "Bronze Medal: 2014 Basel Men's team",
        "Competition: European Junior Championships",
        "Bronze Medal: 2009 Milan Boys' doubles",
        "Bronze Medal: 2009 Milan Mixed team"
    ]
}