{
    "name": "Andrei Ivanov \u0410\u043d\u0434\u0440\u0435\u0439 \u0418\u0432\u0430\u043d\u043e\u0432",
    "birth_name": "\u0410\u043d\u0434\u0440\u0435\u0439 \u041a\u043e\u043d\u0441\u0442\u0430\u043d\u0442\u0438\u043d\u043e\u0432\u0438\u0447 \u0418\u0432\u0430\u043d\u043e\u0432 Andrei Konstantinovich Ivanov",
    "country": "Russia",
    "birth_place": "Omsk, Soviet Union",
    "residence": "Moscow, Russia",
    "event": "Men's singles & doubles",
    "highest_ranking": "176 (MS 21 January 2010)  59 (MD 8 July 2010)  243 (XD 22 October 2009)",
    "birth_date": "1987-2-7"
}