{
    "name": "Andrey Parakhodin \u0410\u043d\u0434\u0440\u0435\u0439 \u041f\u0430\u0440\u0430\u0445\u043e\u0434\u0438\u043d",
    "birth_name": "\u0410\u043d\u0434\u0440\u0435\u0439 \u0412\u043b\u0430\u0434\u0438\u043c\u0438\u0440\u043e\u0432\u0438\u0447 \u041f\u0430\u0440\u0430\u0445\u043e\u0434\u0438\u043d",
    "country": "Russia",
    "birth_place": "Kaluga, Russian SFSR, Soviet Union",
    "height": "1.76 m",
    "weight": "75 kg",
    "event": "Men's singles & doubles",
    "highest_ranking": "282 (MS 27 June 2013)  152 (MD 2 February 2018)  74 (XD 17 September 2015)",
    "birth_date": "1990-7-29"
}