{
    "name": "Andr\u00e9s L\u00f3pez",
    "birth_name": "Andr\u00e9s L\u00f3pez Correa",
    "country": "Mexico",
    "residence": "Mexico City, Mexico title=Andres Lopez Correa ",
    "height": "1.85 m ",
    "weight": "75 kg",
    "event": "Men's singles & doubles",
    "highest_ranking": "169 (MS 8 September 2011)  56 (MD 22 December 2011)  83 (XD 3 May 2012)",
    "birth_date": "1992-5-9",
    "medaltemplates": [
        "Sport: Men's badminton",
        "Country: {{MEX}}",
        "Competition: Pan American Games",
        "Bronze Medal: 2011 Guadalajara Men's doubles",
        "Competition: Pan Am Championships",
        "Bronze Medal: 2012 Lima Men's doubles",
        "Bronze Medal: 2018 Guatemala City Mixed doubles",
        "Bronze Medal: 2019 Aguascalientes Men's doubles",
        "Bronze Medal: 2021 Guatemala City Mixed doubles",
        "Competition: Pan Am Male Cup",
        "Silver Medal: 2020 Salvador Men's team",
        "Bronze Medal: 2022 Acapulco Men's team",
        "Competition: Central American and Caribbean Games",
        "Gold Medal: 2018 Barranquilla Mixed team",
        "Silver Medal: 2010 Mayag\u00fcez Men's doubles",
        "Bronze Medal: 2010 Mayag\u00fcez Mixed doubles",
        "Bronze Medal: 2010 Mayag\u00fcez Men's team",
        "Bronze Medal: 2018 Barranquilla Mixed doubles",
        "Competition: Pan Am Junior Championships",
        "Silver Medal: 2008 Guatemala City Mixed team",
        "Bronze Medal: 2008 Guatemala City Boys' doubles"
    ]
}