{
    "name": "Andy Goode",
    "birth_name": "Andrew Brian Goode",
    "birth_place": "Welwyn Garden City, Hertfordshire, England",
    "height": "1.83 m",
    "country": "England",
    "handedness": "Right",
    "birth_date": "1960-01-30",
    "medaltemplates": [
        "Sport: Men's badminton",
        "Country: {{ENG}}",
        "Competition: World Cup",
        "Bronze Medal: 1988 Bangkok Mixed doubles",
        "Competition: Thomas Cup",
        "Bronze Medal: 1982 London Men's team",
        "Bronze Medal: 1984 Kuala Lumpur Men's team",
        "Competition: Commonwealth Games",
        "Gold Medal: 1986 Edinburgh Mixed team",
        "Gold Medal: 1990 Auckland Mixed team",
        "Silver Medal: 1986 Edinburgh Mixed doubles",
        "Silver Medal: 1986 Edinburgh Men's doubles",
        "Bronze Medal: 1990 Auckland Mixed doubles",
        "Competition: European Championships",
        "Gold Medal: 1982 B\u00f6blingen Mixed team",
        "Bronze Medal: 1982 B\u00f6blingen Men's doubles",
        "Bronze Medal: 1992 Glasgow Mixed team",
        "Competition: European Junior Championships",
        "Gold Medal: 1977 Ta' Qali Boys' singles",
        "Gold Medal: 1977 Ta' Qali Mixed team"
    ]
}