{
    "name": "Andy Kwek \u90ed\u4fca\u826f",
    "birth_name": "Andy Kwek Jun Liang",
    "country": "Singapore",
    "birth_place": "Singapore",
    "residence": "Singapore",
    "height": "1.83 m",
    "coach": "Lim Pek Siah, Paulus Firnan",
    "event": "Men's & mixed doubles",
    "highest_ranking": "70 (MD with Loh Kean Hean (5 September 2023), 68 (XD with Crystal Wong 10 October 2023)",
    "current_ranking": "75 (MD with Loh Kean Hean) 70 (XD with Crystal Wong)",
    "date_of_current_ranking": "17 October 2023",
    "birth_date": "1999-04-22",
    "medaltemplates": [
        "Sport: Men's badminton",
        "Country: {{SGP}}",
        "Competition: Commonwealth Games",
        "Bronze Medal: 2022 Birmingham Mixed team",
        "Competition: Asia Team Championships",
        "Bronze Medal: 2022 Selangor Men's team",
        "Competition: SEA Games",
        "Bronze Medal: 2019 Philippines Men's team",
        "Bronze Medal: 2021 Vietnam Men's team",
        "Bronze Medal: 2023 Cambodia Men's team"
    ]
}