{
    "name": "Ang Li Peng \u6d2a\u4fea\u840d",
    "birth_place": "Banting, Selangor, Malaysia",
    "height": "1.65 m",
    "weight": "54 kg",
    "country": "Malaysia",
    "handedness": "Right",
    "event": "Women's & mixed doubles",
    "birth_date": "1981-7-8",
    "medaltemplates": [
        "Sport: Women's badminton",
        "Country: {{MAS}}",
        "Competition: Commonwealth Games",
        "Gold Medal: 2002 Manchester Women's doubles",
        "Competition: Southeast Asian Games",
        "Silver Medal: 2001 Kuala Lumpur {{Women's doubles}}",
        "Bronze Medal: 2001 Kuala Lumpur Women's team",
        "Bronze Medal: {{1999 Bandar Seri Begawan}} Women's team",
        "Bronze Medal: 1997 Jakarta Mixed doubles",
        "Bronze Medal: 1997 Jakarta Women's team"
    ]
}