{
    "name": "Angelica Wiratama",
    "country": "Indonesia",
    "birth_place": "Jakarta, Indonesia ",
    "handedness": "Left",
    "event": "Women's & mixed doubles",
    "highest_ranking": "337 (WD with Pitha Haningtyas Mentari 9 August 2018)   114 (XD with Andika Ramadiansyah 13 July 2017)   125 (XD with Rinov Rivaldy 12 April 2018)   198 (XD with Renaldi Samosir 17 March 2020)   249 (XD with Alfian Eko Prasetya 17 March 2020)   303 (XD with Zachariah Josiahno Sumanti 17 March 2020)   523 (XD with Akbar Bintang Cahyono 17 March 2020)",
    "current_ranking": "235 (XD with Renaldi Samosir) 291 (XD with Alfian Eko Prasetya) 354(XD with Zachariah Josiahno Sumanti) 599 (XD with Akbar Bintang Cahyono)",
    "date_of_current_ranking": "17 August 2021",
    "birth_date": "1999-6-25",
    "medaltemplates": [
        "Sport: Women's badminton",
        "Country: {{INA}}",
        "Competition: Asian Junior Championships",
        "Silver Medal: 2017 Jakarta Mixed team"
    ]
}