{
    "name": "Angela Bairstow",
    "death_date": "df=y",
    "highest_ranking": "1",
    "date_of_highest_ranking": "1965",
    "country": "England",
    "coach": "H Ian palmer",
    "handedness": "Right",
    "medaltemplates": [
        "Sport: Women's badminton",
        "Country: {{ENG}}",
        "Competition: Uber Cup",
        "Silver Medal: 1963 Wilmington Women's team",
        "Competition: Commonwealth Games",
        "Gold Medal: 1966 Kingston Women's singles",
        "Gold Medal: 1966 Kingston Mixed doubles",
        "Silver Medal: 1966 Kingston Women's doubles",
        "Competition: Asian Championships",
        "Gold Medal: 1965 Lucknow Women's singles",
        "Gold Medal: 1965 Lucknow Women's doubles",
        "Gold Medal: 1965 Lucknow Mixed doubles",
        "Competition: European Championships",
        "Silver Medal: 1968 Bochum Women's doubles",
        "Bronze Medal: 1968 Bochum Women's singles"
    ]
}