{
    "name": "Angga Pratama",
    "country": "Indonesia",
    "birth_place": "Jakarta, Indonesia",
    "height": "m=1.80",
    "weight": "80",
    "handedness": "Right",
    "coach": "Aryono Miranat Herry Iman Pierngadi",
    "event": "Men's doubles",
    "highest_ranking": "7 (with Rian Agung Saputro 13 March 2014) 7 (with Ricky Karanda Suwardi 22 December 2016)",
    "birth_date": "1991-5-12",
    "medaltemplates": [
        "Sport: Men's badminton",
        "Country: {{INA}}",
        "Competition: Sudirman Cup",
        "Bronze Medal: 2015 Dongguan Mixed team",
        "Competition: Thomas Cup",
        "Silver Medal: 2016 Kunshan Men's team",
        "Bronze Medal: 2014 New Delhi Men's team",
        "Competition: Asia Team Championships",
        "Gold Medal: 2016 Hyderabad Men's team",
        "Gold Medal: 2018 Alor Setar Men's team",
        "Competition: SEA Games",
        "Gold Medal: 2013 Naypyidaw Men's doubles",
        "Gold Medal: 2015 Singapore Men's doubles",
        "Gold Medal: 2015 Singapore Men's team",
        "Competition: Summer Universiade",
        "Gold Medal: 2011 Shenzhen Mixed team",
        "Competition: World Junior Championships",
        "Silver Medal: 2009 Alor Setar Mixed doubles",
        "Bronze Medal: 2009 Alor Setar Boys' doubles",
        "Competition: Asian Junior Championships",
        "Gold Medal: 2009 Kuala Lumpur Boys' doubles"
    ]
}