{
    "name": "Anggia Shitta Awanda",
    "country": "Indonesia",
    "birth_place": "Bekasi, West Java, Indonesia",
    "height": "1.70",
    "weight": "64",
    "event": "Women's doubles",
    "highest_ranking": "13",
    "highest_ranking_date": "with Ni Ketut Mahadewi Istarani 25 January 2018",
    "current_ranking": "162",
    "current_ranking_date": "with Putri Larasati 22 November 2022",
    "handedness": "Right",
    "bwf_id": "5D39ADD9-DBE6-4864-9BD9-4DAC28881744",
    "birth_date": "1994-5-22"
}