{
    "name": "Anggun Nugroho",
    "birth_place": "Banyumas, Central Java, Indonesia",
    "height": "1.73 m",
    "weight": "63 kg",
    "event": "Mixed doubles",
    "country": "INA",
    "coach": "Richard Mainaky",
    "handedness": "Right",
    "birth_date": "1982-08-28",
    "medaltemplates": [
        "Sport: Men's badminton",
        "Country: {{INA}}",
        "Competition: Asian Championships",
        "Silver Medal: 2003 Jakarta Mixed doubles",
        "Competition: Southeast Asian Games",
        "Gold Medal: 2003 Ho Chi Minh Men's team",
        "Silver Medal: 2005 Manila Mixed doubles",
        "Silver Medal: 2005 Manila Men's team",
        "Silver Medal: 2003 Ho Chi Minh Mixed doubles",
        "Competition: World Junior Championships",
        "Bronze Medal: 2000 Guangzhou Mixed team",
        "Competition: Asian Junior Championships",
        "Silver Medal: 2000 Kyoto Boys' team"
    ]
}