{
    "name": "Anmol Kharb",
    "country": "India",
    "birth_place": "Faridabad, Haryana, India",
    "handedness": "Right",
    "years_active": "2023\u2013present",
    "coach": "Kusumm Singh",
    "event": "Women's singles",
    "career_record": "20 wins, 7 losses",
    "highest_ranking": "255 (9 April 2024)",
    "current_ranking": "255 (9 April 2024)",
    "birth_date": "2007-1-20",
    "medaltemplates": [
        "Sport: Women's badminton",
        "Country: {{IND}}",
        "Competition: Asia Team Championships",
        "Gold Medal: 2024 Selangor Women's team"
    ]
}