{
    "name": "Ann-Lou J\u00f8rgensen",
    "birth_place": "Odder, Midtjylland, Denmark",
    "height": "1.68 m",
    "event": "Women's doubles",
    "country": "Denmark",
    "handedness": "Right",
    "birth_date": "1977-06-12",
    "medaltemplates": [
        "Sport: Women's badminton",
        "Country: {{DEN}}",
        "Competition: World Championships",
        "Bronze Medal: 2003 Birmingham Women's doubles",
        "Competition: Sudirman Cup",
        "Bronze Medal: 2001 Seville Mixed team",
        "Competition: Uber Cup",
        "Silver Medal: 2000 Kuala Lumpur Women's team",
        "Competition: European Championships",
        "Gold Medal: 2002 Malm\u00f6 Women's doubles",
        "Silver Medal: 2004 Geneva Women's doubles",
        "Competition: European Mixed Team  Championships",
        "Gold Medal: 2002 Malm\u00f6 Mixed team",
        "Gold Medal: 2004 Geneva Mixed team"
    ]
}