{
    "name": "Ann J\u00f8rgensen",
    "birth_place": "Copenhagen, Denmark",
    "height": "1.71 m",
    "event": "Women's doubles",
    "country": "Denmark",
    "handedness": "Right",
    "birth_date": "1 October 1973",
    "medaltemplates": [
        "Sport: Women's badminton",
        "Country: {{DEN}}",
        "Competition: World Championships",
        "Bronze Medal: 1999 Copenhagen Women's doubles",
        "Competition: Sudirman Cup",
        "Silver Medal: 1999 Copenhagen Mixed team",
        "Competition: Uber Cup",
        "Bronze Medal: 1998 Hong Kong Women's team",
        "Bronze Medal: 1996 Hong Kong Women's team",
        "Competition: European Championships",
        "Silver Medal: 1998 Sofia Women's doubles",
        "Bronze Medal: 1998 Sofia Mixed doubles",
        "Bronze Medal: 2000 Glasgow Mixed doubles",
        "Competition: European Mixed Team Championships",
        "Gold Medal: 1998 Sofia Mixed team",
        "Gold Medal: 2000 Glasgow Mixed team"
    ]
}