{
    "name": "Anna Cheong \u5f20\u6e05\u7389",
    "birth_name": "Anna Cheong Ching Yik",
    "country": "Malaysia",
    "birth_place": "Malacca, Malaysia",
    "height": "1.59 m",
    "handedness": "Left",
    "coach": "Hoon Thien How",
    "event": "Women's doubles",
    "highest_ranking": "17",
    "date_of_highest_ranking": "with Teoh Mei Xing, 3 January 2023",
    "current_ranking": "53",
    "date_of_current_ranking": "with Teoh Mei Xing, 16 January 2024",
    "birth_date": "1998-3-15",
    "medaltemplates": [
        "Sport: Women's badminton",
        "Country: {{MAS}}",
        "Competition: Asia Team Championships",
        "Bronze Medal: 2022 Selangor Women's team"
    ]
}