{
    "name": "Annari Viljoen",
    "country": "South Africa",
    "birth_place": "Bloemfontein, South Africa",
    "height": "1.73 m",
    "weight": "58 kg",
    "event": "Women's singles & doubles",
    "highest_ranking": "258 (WS 16 December 2010) 40 (WD 22 March 2012) 99 (XD 3 May 2012)",
    "birth_date": "1987-1-16",
    "medaltemplates": [
        "Sport: Women's badminton",
        "Country: {{RSA}}",
        "Competition: All-African Games",
        "Gold Medal: 2011 Maputo Women's doubles",
        "Gold Medal: 2011 Maputo Mixed doubles",
        "Silver Medal: 2011 Maputo Mixed team",
        "Competition: African Championships",
        "Gold Medal: 2009 Nairobi Mixed team",
        "Gold Medal: 2010 Kampala Women's doubles",
        "Gold Medal: 2011 Marrakesh Women's doubles",
        "Gold Medal: 2011 Marrakesh Mixed doubles",
        "Gold Medal: 2011 Marrakesh Mixed team",
        "Gold Medal: 2012 Addis Ababa Women's doubles",
        "Silver Medal: 2010 Kampala Mixed doubles",
        "Bronze Medal: 2009 Nairobi Women's doubles",
        "Competition: Africa Team Championships",
        "Gold Medal: 2012 Addis Ababa Women's team",
        "Gold Medal: 2010 Kampala Women's team",
        "Gold Medal: 2008 Rose Hill Women's team"
    ]
}