{
    "name": "Annabella J\u00e4ger",
    "birth_place": "Saxony, Germany",
    "country": "Germany",
    "handedness": "Right",
    "event": "Women's & mixed doubles",
    "highest_ranking": "68 (WD 10 September 2019)  168 (XD 10 December 2019)",
    "birth_date": "1998-7-16",
    "medaltemplates": [
        "Sport: Women's badminton",
        "Country: {{GER}}",
        "Competition: European Women's Team Championships",
        "Silver Medal: 2020 Li\u00e9vin Women's team",
        "Competition: European Mixed Team Championships",
        "Bronze Medal: 2021 Vantaa Mixed team"
    ]
}