{
    "name": "Anna Thea Madsen",
    "country": "Denmark",
    "birth_place": "Copenhagen, Denmark",
    "residence": "Svinninge, Denmark",
    "height": "1.62 m",
    "weight": "57 kg ",
    "event": "Women's singles",
    "handedness": "Right",
    "coach": "Tanja Berg Per-Henrik Croona",
    "highest_ranking": "34",
    "date_of_highest_ranking": "26 March 2015",
    "birth_date": "1994-10-27",
    "medaltemplates": [
        "Sport: Women's badminton",
        "Country: {{DEN}}",
        "Competition: Sudirman Cup",
        "Bronze Medal: 2013 Kuala Lumpur Mixed team",
        "Competition: European Championships",
        "Silver Medal: 2014 Kazan Women's singles",
        "Bronze Medal: 2016 La Roche-sur-Yon Women's singles",
        "Competition: European Mixed Team Championships",
        "Gold Medal: 2015 Leuven Mixed team",
        "Gold Medal: 2017 Lubin Mixed team",
        "Competition: European Women's Team Championships",
        "Gold Medal: 2014 Basel Women's team",
        "Gold Medal: 2016 Kazan Women's team",
        "Competition: European Junior Championships",
        "Gold Medal: 2013 Ankara Mixed team",
        "Bronze Medal: 2011 Vantaa Mixed team"
    ]
}