{
    "name": "Anna Rice",
    "birth_name": "Anna Kathleen Rice",
    "country": "Canada",
    "birth_place": "North Vancouver, British Columbia, Canada",
    "height": "1.70 m",
    "weight": "62 kg",
    "handedness": "Right",
    "event": "Women's singles & doubles",
    "birth_date": "1980-8-19",
    "medaltemplates": [
        "Sport: Women's badminton",
        "Country: {{CAN}}",
        "Competition: Pan American Games",
        "Silver Medal: 2003 Santo Domingo Women's singles",
        "Silver Medal: 2003 Santo Domingo Women's doubles",
        "Competition: Pan Am Championships",
        "Gold Medal: 2005 Bridgetown Mixed team",
        "Gold Medal: 2007 Calgary Women's singles",
        "Gold Medal: 2007 Calgary Mixed team",
        "Gold Medal: 2009 Guadalajara Women's singles",
        "Gold Medal: 2009 Guadalajara Mixed team",
        "Silver Medal: 2005 Bridgetown Women's singles",
        "Competition: Pan Am Junior Championships",
        "Gold Medal: 1998 Guadalajara Girls' singles",
        "Gold Medal: 1998 Guadalajara Mixed team"
    ]
}