{
    "name": "Anneke Feinya Agustin",
    "country": "Indonesia",
    "birth_place": "Yogyakarta, Indonesia ",
    "handedness": "Right",
    "event": "Women's & mixed doubles",
    "highest_ranking": "17",
    "date_of_highest_ranking": "WD with Nitya Krishinda Maheswari 19 January 2012",
    "bwf_id": "C58B6D0E-82CB-40DF-9FB7-0756D17FB8B8",
    "birth_date": "1991-08-11",
    "medaltemplates": [
        "Sport: Women's badminton",
        "Country: {{INA}}",
        "Competition: Sudirman Cup",
        "Bronze Medal: 2011 Qingdao Mixed team",
        "Competition: Uber Cup",
        "Bronze Medal: 2010 Kuala Lumpur Women's team",
        "Competition: SEA Games",
        "Gold Medal: {{2011 Jakarta\u2013Palembang}} {{Women's doubles}}",
        "Silver Medal: 2011 Jakarta\u2013Palembang Women's team",
        "Competition: World Junior Championships",
        "Bronze Medal: 2008 Pune Girls' doubles"
    ]
}