{
    "name": "Anne S\u00f8ndergaard",
    "height": "1.66 m",
    "handedness": "Right",
    "birth_place": "Hj\u00f8rring, Denmark",
    "country": "Denmark",
    "birth_date": "1973-6-5",
    "medaltemplates": [
        "Sport: Women's badminton",
        "Country: {{DEN}}",
        "Competition: Sudirman Cup",
        "Bronze Medal: 1993 Birmingham Mixed team",
        "Competition: Uber Cup",
        "Bronze Medal: 1996 Hong Kong Women's team",
        "Competition: European Championships",
        "Bronze Medal: 1996 Herning Women's singles",
        "Competition: European Mixed Team Championships",
        "Gold Medal: 1996 Herning Mixed team",
        "Competition: European Junior Championships",
        "Silver Medal: 1991 Budapest Girls' singles",
        "Bronze Medal: 1991 Budapest Mixed team"
    ]
}