{
    "name": "Anne Tran",
    "country": "France",
    "birth_place": "Neuilly-Sur-Seine, France",
    "residence": "Paris, France",
    "height": "1.66 m ",
    "weight": "60 kg",
    "handedness": "Right",
    "event": "Women's & mixed doubles",
    "highest_ranking": "17 (WD with Margot Lambert, 16 April 2024) 18 (WD with \u00c9milie Lefel, 19 March 2019) 33 (XD with William Villeger, 17 January 2023)",
    "current_ranking": "17",
    "date_of_current_ranking": "WD with Margot Lambert, 16 April 2024",
    "birth_date": "1996-4-27",
    "medaltemplates": [
        "Sport: Women's badminton",
        "Country: {{FRA}}",
        "Competition: European Games",
        "Bronze Medal: 2019 Minsk Women's doubles",
        "Bronze Medal: {{2023 Krak\u00f3w\u2013Ma\u0142opolska}} {{Women's doubles}}",
        "Competition: European Championships",
        "Gold Medal: 2024 Saarbr\u00fccken Women's doubles",
        "Silver Medal: 2018 Huelva Women's doubles",
        "Competition: European Women's Team Championships",
        "Bronze Medal: 2020 Li\u00e9vin Women's team",
        "Bronze Medal: 2024 \u0141\u00f3d\u017a Women's team",
        "Competition: European Mixed Team Championships",
        "Silver Medal: 2021 Vantaa Mixed team",
        "Silver Medal: 2023 Aire-sur-la-Lys Mixed team",
        "Competition: European Junior Championships",
        "Silver Medal: 2013 Ankara Mixed team",
        "Silver Medal: 2015 Lubin Girls' doubles",
        "Bronze Medal: 2015 Lubin Mixed doubles",
        "Bronze Medal: 2015 Lubin Mixed team"
    ]
}