{
    "name": "Anne Hald Jensen",
    "country": "Denmark Greece",
    "birth_place": "S\u00f8nderborg, Denmark",
    "handedness": "Right",
    "event": "Women's singles & doubles",
    "highest_ranking": "52 (WS 10 November 2011) 115 (WD 29 March 2012) 78 (XD 23 February 2012)",
    "birth_date": "1990-3-2",
    "medaltemplates": [
        "Sport: Women's badminton",
        "Country: {{DEN}}",
        "Competition: European Junior Championships",
        "Gold Medal: 2009 Milan Girls' singles",
        "Gold Medal: 2009 Milan Mixed team",
        "Bronze Medal: 2007 V\u00f6lklingen Mixed team"
    ]
}