{
    "name": "Anne-Mette van Dijk",
    "country": "Denmark",
    "height": "1.68 m",
    "event": "Doubles",
    "handedness": "Right",
    "bwf_id": "5A6C0325-AB6B-4354-B72A-B767D507122C",
    "birth_date": "1968-4-22",
    "medaltemplates": [
        "Sport: Women's badminton",
        "Country: {{DEN}}",
        "Competition: Sudirman Cup",
        "Bronze Medal: 1993 Birmingham Mixed team",
        "Competition: European Mixed Team Championships",
        "Silver Medal: 1994 Den Bosch Mixed team"
    ]
}