{
    "name": "Annisa Saufika",
    "country": "Indonesia",
    "birth_place": "Cirebon, West Java, Indonesia",
    "height": "1.73 m",
    "handedness": "Right",
    "event": "Women's & mixed doubles",
    "highest_ranking": "18",
    "date_of_highest_ranking": "XD with Alfian Eko Prasetya 16 February 2017",
    "current_ranking": "93 (with Ronald Alexander 24 August 2021) 218 (with Akbar Bintang Cahyono 24 August 2021)  223 (with Alfian Eko Prasetya 24 August 2021)",
    "bwf_id": "3FE1985E-810E-4A31-96DD-ABCE345E40DA ",
    "birth_date": "1993-06-21"
}