{
    "name": "Annie Xu",
    "country": "United States",
    "birth_place": "San Jose, California, United States",
    "event": "Women's doubles",
    "highest_ranking": "30",
    "highest_ranking_date": "with Kerry Xu 31 October 2023",
    "current_ranking": "31",
    "current_ranking_date": "with Kerry Xu 16 April 2024",
    "birth_date": "1999-10-22",
    "medaltemplates": [
        "Sport: Women's badminton",
        "Country: the {{USA}}",
        "Competition: Pan American Games",
        "Silver Medal: 2023 Santiago Women's doubles",
        "Competition: Pan Am Championships",
        "Silver Medal: 2024 Guatemala City Women's doubles",
        "Bronze Medal: 2023 Kingston Women's doubles",
        "Competition: Pan Am Mixed Team Championships",
        "Silver Medal: 2023 Guadalajara Mixed team",
        "Bronze Medal: 2017 Santo Domingo Mixed team",
        "Competition: Pan Am Female Badminton Cup",
        "Gold Medal: 2016 Guadalajara Women's team",
        "Silver Medal: 2024 S\u00e3o Paulo Women's team",
        "Competition: Summer Universiade",
        "Bronze Medal: 2017 Taipei Women's doubles",
        "Competition: Pan Am Junior Championships",
        "Gold Medal: 2014 Guatemala City Girls' doubles",
        "Gold Medal: 2014 Guatemala City Mixed team",
        "Gold Medal: 2015 Tijuana Girls' doubles",
        "Gold Medal: 2015 Tijuana Mixed team",
        "Bronze Medal: 2014 Guatemala City Girls' singles",
        "Bronze Medal: 2014 Guatemala City Mixed doubles"
    ]
}