{
    "name": "Anona Pak",
    "country": "New Zealand",
    "birth_place": "Hong Kongdate=April 2020",
    "residence": "Auckland, New Zealand",
    "event": "Women's & mixed doubles",
    "highest_ranking": "107 (WD with Vicki Copeland 16 March 2017)  48 (XD with Oliver Leydon-Davis 27 September 2022)",
    "birth_date": "1993-11-29",
    "medaltemplates": [
        "Sport: Women's badminton",
        "Country: {{NZL}}",
        "Competition: Oceania Championships",
        "Silver Medal: 2022 Melbourne Mixed doubles",
        "Bronze Medal: 2017 Noum\u00e9a Women's doubles",
        "Bronze Medal: 2018 Hamilton Women's doubles",
        "Bronze Medal: 2019 Melbourne Women's doubles",
        "Bronze Medal: 2024 Geelong Women's doubles",
        "Competition: Oceania Mixed Team Championships",
        "Silver Medal: 2019 Melbourne Mixed team",
        "Silver Medal: 2023 Auckland Mixed team",
        "Competition: Oceania Women's Team Championships",
        "Silver Medal: 2016 Auckland Women's team",
        "Silver Medal: 2018 Hamilton Women's team",
        "Silver Medal: 2020 Ballarat Women's team",
        "Silver Medal: 2024 Geelong Women's team"
    ]
}