{
    "name": "Anoushka Parikh",
    "birth_name": "Anoushka Ashit Parikh",
    "birth_place": "Ahmedabad, Gujarat, India",
    "country": "IND",
    "handedness": "Right",
    "event": "Women's Doubles & Mixed Doubles",
    "highest_ranking": "95 (WD 10 December 2019)  44 (XD 9 July 2019)",
    "birth_date": "1997-3-26",
    "medaltemplates": [
        "Sport: Women's badminton",
        "Country: {{IND}}",
        "Competition: South Asian Games",
        "Gold Medal: 2019 Kathmandu-Pokhara Women's team",
        "Bronze Medal: {{2019 Kathmandu-Pokhara}} {{Women's doubles}}"
    ]
}