{
    "name": "Anthony Joe",
    "country": "Australia",
    "birth_place": "Canberra, Australia",
    "height": "1.74 m",
    "weight": "70 kg",
    "handedness": "Left",
    "event": "Men's singles & doubles",
    "highest_ranking": "116 (MS 8 February 2018) 84 (MD 1 September 2016) 123 (XD 17 November 2016)",
    "birth_date": "1996-4-2",
    "medaltemplates": [
        "Sport: Men's badminton",
        "Country: {{AUS}}",
        "Competition: Oceania Championships",
        "Silver Medal: 2016 Papeete Mixed doubles",
        "Bronze Medal: 2015 North Harbour Men's doubles",
        "Bronze Medal: 2016 Papeete Men's singles",
        "Bronze Medal: 2016 Papeete Men's doubles",
        "Competition: Oceania Mixed Team Championships",
        "Gold Medal: 2016 Auckland Mixed team",
        "Gold Medal: 2019 Melbourne Mixed team",
        "Competition: Oceania Men's Team Championships",
        "Gold Medal: 2018 Hamilton Men's team",
        "Gold Medal: 2020 Ballarat Men's team",
        "Silver Medal: 2016 Auckland Men's team"
    ]
}