{
    "name": "Anthony Sinisuka Ginting",
    "country": "Indonesia",
    "birth_place": "Cimahi, West Java, Indonesia",
    "height": "m=1.71",
    "weight": "66",
    "years_active": "2013\u2013present",
    "handedness": "Right",
    "coach": "Irwansyah Harry Hartono",
    "event": "Men's singles",
    "career_record": "287 wins, 158 losses",
    "highest_ranking": "2",
    "highest_ranking_date": "24 January 2023",
    "current_ranking": "7",
    "current_ranking_date": "16 April 2024",
    "bwf_id": "116CDE79-DCC5-42CD-9EC7-1157B92902EF",
    "birth_date": "1996-10-20",
    "medaltemplates": [
        "Sport: Men's badminton",
        "Country: {{INA}}",
        "Competition: Olympic Games",
        "Bronze Medal: 2020 Tokyo Men's singles",
        "Competition: Sudirman Cup",
        "Bronze Medal: 2019 Nanning Mixed team",
        "Competition: Thomas Cup",
        "Gold Medal: 2020 Aarhus Men's team",
        "Silver Medal: 2016 Kunshan Men's team",
        "Silver Medal: 2022 Bangkok Men's team",
        "Bronze Medal: 2018 Bangkok Men's team",
        "Competition: Asian Games",
        "Silver Medal: 2018 Jakarta\u2013Palembang Men's team",
        "Bronze Medal: 2018 Jakarta\u2013Palembang Men's singles",
        "Competition: Asian Championships",
        "Gold Medal: 2023 Dubai Men's singles",
        "Competition: Asia Team Championships",
        "Gold Medal: 2016 Hyderabad Men's team",
        "Gold Medal: 2018 Alor Setar Men's team",
        "Gold Medal: 2020 Manila Men's team",
        "Competition: SEA Games",
        "Gold Medal: 2015 Singapore Men's team",
        "Gold Medal: 2019 Philippines Men's team",
        "Competition: Youth Olympic Games",
        "Bronze Medal: 2014 Nanjing Boys' singles",
        "Competition: World Junior Championships",
        "Silver Medal: 2014 Alor Setar Mixed team",
        "Bronze Medal: 2014 Alor Setar Boys' singles"
    ]
}