{
    "name": "Anthony Clark",
    "birth_name": "Anthony Ian Clark",
    "country": "England",
    "birth_place": "Derby, England ",
    "height": "1.73 m",
    "handedness": "Left",
    "coach": "Peter Jeffrey Julian Robertson Andy Wood",
    "event": "Men's & mixed doubles",
    "highest_ranking": "4 (in MD) 5 (in XD)",
    "birth_date": "1977-11-1",
    "medaltemplates": [
        "Sport: Men's badminton",
        "Country: {{ENG}}",
        "Competition: World Championships",
        "Silver Medal: 2006 Madrid Men's doubles",
        "Silver Medal: 2006 Madrid Mixed doubles",
        "Competition: Sudirman Cup",
        "Bronze Medal: 2007 Glasgow Mixed team",
        "Competition: Commonwealth Games",
        "Gold Medal: 2002 Manchester Mixed team",
        "Silver Medal: 2006 Melbourne Mixed team",
        "Silver Medal: 2010 Delhi Men's doubles",
        "Bronze Medal: 2002 Manchester Men's doubles",
        "Bronze Medal: 2002 Manchester Mixed doubles",
        "Bronze Medal: 2006 Melbourne Men's doubles",
        "Bronze Medal: 2010 Delhi Mixed team",
        "Competition: European Championships",
        "Gold Medal: 2008 Herning Mixed doubles",
        "Silver Medal: 2002 Malm\u00f6 Men's doubles",
        "Silver Medal: 2004 Geneva Men's doubles",
        "Bronze Medal: 2006 Den Bosch Men's doubles",
        "Bronze Medal: 2006 Den Bosch Mixed doubles",
        "Competition: European Mixed Team Championships",
        "Silver Medal: 2002 Malm\u00f6 Mixed team",
        "Silver Medal: 2008 Herning Mixed team",
        "Silver Medal: 2009 Liverpool Mixed team",
        "Bronze Medal: 2006 Den Bosch Mixed team",
        "Bronze Medal: 2011 Amsterdam Mixed team",
        "Competition: European Men's Team Championships",
        "Silver Medal: 2008 Almere Men's team",
        "Bronze Medal: 2006 Thessalonica Men's team"
    ]
}