{
    "name": "Anton Kaisti",
    "country": "Finland",
    "birth_place": "Helsinki, Finland",
    "height": "1.92 m",
    "handedness": "Right",
    "event": "Men's singles & doubles",
    "highest_ranking": "139 (MS 20 April 2017)  101 (MD 15 January 2015)  43 (XD 16 November 2017)",
    "current_ranking": "144 (MD), 77 (XD)",
    "date_of_current_ranking": "29 November 2022",
    "birth_date": "1992-5-17",
    "medaltemplates": [
        "Sport: Men's badminton",
        "Country: {{FIN}}",
        "Competition: European Men's Team Championships",
        "Bronze Medal: 2014 Basel Men's team"
    ]
}