{
    "name": "Anton Nazarenko \u0410\u043d\u0442\u043e\u043d \u041d\u0430\u0437\u0430\u0440\u0435\u043d\u043a\u043e",
    "birth_name": "\u0410\u043d\u0442\u043e\u043d \u0421\u0435\u0440\u0433\u0435\u0435\u0432\u0438\u0447 \u041d\u0430\u0437\u0430\u0440\u0435\u043d\u043a\u043e Anton Sergeevich Nazarenko",
    "country": "Russia",
    "birth_place": "Moscow, Russian SFSR, Soviet Union",
    "residence": "Moscow, Russia",
    "event": "Men's & mixed doubles",
    "highest_ranking": "148",
    "date_of_highest_ranking": "MD 15 September 2016",
    "birth_date": "1984-7-24",
    "medaltemplates": [
        "Sport: Men's badminton",
        "Country: {{RUS}}",
        "Competition: European Junior Championships",
        "Bronze Medal: 2003 Esbjerg Boys' doubles",
        "Bronze Medal: 2003 Esbjerg Mixed doubles",
        "Bronze Medal: 2003 Esbjerg Mixed team"
    ]
}