{
    "name": "Antoinette Uys",
    "birth_place": "Durban, South Africa",
    "height": "1.76 m",
    "weight": "78 kg",
    "country": "RSA",
    "birth_date": "1976-3-2",
    "medaltemplates": [
        "Sport: Women's badminton",
        "Country: {{RSA}}",
        "Competition: All-Africa Games",
        "Gold Medal: 2003 Abuja Mixed doubles",
        "Gold Medal: 2003 Abuja Mixed team",
        "Bronze Medal: 2003 Abuja Women's doubles",
        "Competition: African Championships",
        "Gold Medal: 2002 Casablanca Mixed doubles",
        "Gold Medal: 2002 Casablanca Mixed team"
    ]
}