{
    "name": "Antonio Ocegueda",
    "height": "1.70 m",
    "weight": "60 kg",
    "country": "MEX",
    "event": "Men's",
    "highest_ranking": "164 (MS) 11 September 2014, 60 (MD) 18 February 2015, 196 (XD) 17 April 2015",
    "birth_date": "1993-5-18",
    "medaltemplates": [
        "Sport: Badminton",
        "Country: {{MEX}}",
        "Competition: Central American and Caribbean Games",
        "Silver Medal: 2014 Veracruz Mixed team",
        "Bronze Medal: 2014 Veracruz Men's doubles"
    ]
}