{
    "name": "Anuoluwapo Juwon Opeyori",
    "country": "Nigeria",
    "birth_place": "Lagos, Nigeria",
    "residence": "Lagos, Nigeria",
    "height": "1.80 m ",
    "weight": "65 kg",
    "event": "Men's singles & doubles",
    "highest_ranking": "86 (MS, 5 September 2023) 48 (MD with Godwin Olofua, 19 October 2021)",
    "current_ranking": "97",
    "date_of_current_ranking": "MS, 12 March 2024",
    "birth_date": "1997-6-1",
    "medaltemplates": [
        "Sport: Men's badminton",
        "Country: {{NGR}}",
        "Competition: African Games",
        "Gold Medal: 2019 Rabat Men's singles",
        "Gold Medal: 2019 Rabat Mixed team",
        "Gold Medal: 2023 Accra Men's singles",
        "Silver Medal: 2019 Rabat Men's doubles",
        "Silver Medal: 2023 Accra Men's doubles",
        "Competition: African Championships",
        "Gold Medal: 2019 Port Harcourt Men's singles",
        "Gold Medal: 2019 Port Harcourt Mixed team",
        "Gold Medal: 2022 Kampala Men's singles",
        "Gold Medal: 2023 Benoni Men's singles",
        "Gold Medal: 2024 Cairo Men's singles",
        "Silver Medal: 2020 Cairo Men's singles",
        "Bronze Medal: 2019 Port Harcourt Men's doubles",
        "Bronze Medal: 2020 Cairo Men's doubles",
        "Competition: Africa Team Championships",
        "Silver Medal: 2018 Algiers Men's team",
        "Silver Medal: 2024 Cairo Men's team"
    ]
}