{
    "name": "Anup Sridhar",
    "birth_place": "Bangalore, Karnataka, India",
    "height": "1.89 m",
    "event": "Men's singles",
    "country": "IND",
    "handedness": "Right",
    "coach": "Prakash Padukone  U. Vimal Kumar  Tom John",
    "highest_ranking": "24",
    "date_of_highest_ranking": "14 January 2010",
    "birth_date": "1983-4-11",
    "medaltemplates": [
        "Sport: Badminton",
        "Country: {{IND}}",
        "Competition: Commonwealth Games",
        "Bronze Medal: 2006 Melbourne Mixed team",
        "Competition: Asian Championships",
        "Bronze Medal: 2007 Johor Bahru Men's singles"
    ]
}