{
    "name": "Anupama Upadhyaya",
    "country": "India",
    "birth_place": "Almora, |",
    "access-date": "12 December 2023  Uttarakhand, India",
    "handedness": "Right",
    "years_active": "2020\u2013present",
    "coach": "Park Tae-sang",
    "event": "Women's singles",
    "career_record": "96 wins, 38 losses",
    "highest_ranking": "47",
    "date_of_highest_ranking": "9 January 2023",
    "current_ranking": "61",
    "date_of_current_ranking": "9 April 2024",
    "bwf_id": "C632D6A8-DBB2-46B4-B4F9-C725F7BA00D2 ",
    "birth_date": "2005-2-12"
}