{
    "name": "Anuphap Theeraratsakul",
    "height": "1.66 m",
    "country": "THA",
    "handedness": "Right",
    "event": "Men's singles",
    "birth_date": "1979-10-4",
    "medaltemplates": [
        "Sport: Men's badminton",
        "Country: {{THA}}",
        "Competition: Southeast Asian Games",
        "Silver Medal: 2003 Ho Chi Minh Men's team",
        "Bronze Medal: 2001 Kuala Lumpur Men's team",
        "Bronze Medal: 1999 Bandar Seri Begawan Men's team",
        "Bronze Medal: 1997 Jakarta Men's team"
    ]
}