{
    "name": "Aoi Matsuda, \u677e\u7530\u84bc",
    "country": "Japan",
    "birth_place": "Osaka Prefecture, Japan",
    "height": "1.58 m",
    "weight": "50 kg",
    "handedness": "Right",
    "event": "Women's & mixed doubles",
    "highest_ranking": "44 (WD with Chisato Hoshi 9 November 2021) 635 (XD with Masato Takano 19 July 2018)",
    "current_ranking": "44",
    "date_of_current_ranking": "WD with Chisato Hoshi 9 November 2021",
    "birth_date": "1996-2-26",
    "medaltemplates": [
        "Sport: Women's badminton",
        "Country: {{JPN}}",
        "Competition: Asian Junior Championships",
        "Bronze Medal: 2013 Kota Kinabalu Mixed team"
    ]
}