{
    "name": "Aparna Popat",
    "birth_name": "Aparna Lalji Popat",
    "birth_place": "Mumbai, Maharashtra, India",
    "height": "1.63",
    "event": "Women's singles",
    "highest_ranking": "16 (1997) title=Previous stars \u2013 Aparna Popat ",
    "country": "India",
    "years_active": "1989\u20132006",
    "handedness": "Right",
    "birth_date": "1978-1-18",
    "medaltemplates": [
        "Sport: Women's badminton",
        "Country: {{IND}}",
        "Competition: Commonwealth Games",
        "Silver Medal: 1998 Kuala Lumpur Women's singles",
        "Bronze Medal: 1998 Kuala lumpur Women's team",
        "Bronze Medal: 2002 Manchester Women's singles",
        "Bronze Medal: 2006 Melbourne Mixed team",
        "Competition: World Junior Championships",
        "Silver Medal: 1996 Silkeborg Girls' singles"
    ]
}