{
    "name": "Apriyani Rahayu",
    "country": "Indonesia",
    "birth_place": "Konawe, Southeast Sulawesi, Indonesia",
    "height": "1.63 m ",
    "weight": "60 kg",
    "handedness": "Right",
    "event": "Women's & mixed doubles",
    "highest_ranking": "3 (WD with Greysia Polii 20 September 2018) 4 (WD with Siti Fadia Silva Ramadhanti 18 April 2023) 100 (XD with Panji Akbar Sudrajat 21 January 2016)",
    "current_ranking": "9",
    "date_of_current_ranking": "WD with Siti Fadia Silva Ramadhanti 16 January 2024",
    "birth_date": "1998-4-29",
    "medaltemplates": [
        "Sport: Women's badminton",
        "Country: {{INA}}",
        "Competition: Olympic Games",
        "Gold Medal: 2020 Tokyo Women's doubles",
        "Competition: World Championships",
        "Silver Medal: 2023 Copenhagen Women's doubles",
        "Bronze Medal: 2018 Nanjing Women's doubles",
        "Bronze Medal: 2019 Basel Women's doubles",
        "Competition: Sudirman Cup",
        "Bronze Medal: 2019 Nanning Mixed team",
        "Competition: Asian Games",
        "Bronze Medal: {{2018 Jakarta\u2013Palembang}} {{Women's doubles}}",
        "Bronze Medal: 2018 Jakarta\u2013Palembang Women's team",
        "Competition: Asia Team Championships",
        "Bronze Medal: 2018 Alor Setar Women's team",
        "Competition: SEA Games",
        "Gold Medal: 2019 Philippines Women's doubles",
        "Gold Medal: 2021 Vietnam Women's doubles",
        "Silver Medal: 2019 Philippines Women's team",
        "Silver Medal: 2021 Vietnam Women's team",
        "Bronze Medal: 2017 Kuala Lumpur Women's team",
        "Competition: World Junior Championships",
        "Silver Medal: 2014 Alor Setar Girls' doubles",
        "Silver Medal: 2014 Alor Setar Mixed team",
        "Silver Medal: 2015 Lima Mixed team",
        "Bronze Medal: 2015 Lima Mixed doubles",
        "Competition: Asian Junior Championships",
        "Bronze Medal: 2015 Bangkok Mixed doubles",
        "Bronze Medal: 2015 Bangkok Mixed team",
        "Bronze Medal: 2016 Bangkok Mixed doubles"
    ]
}