{
    "name": "Aprilia Yuswandari",
    "country": "Indonesia",
    "birth_place": "Bantul, Yogyakarta SR, Indonesia",
    "height": "m=1.64",
    "weight": "58",
    "event": "Women's singles",
    "highest_ranking": "21",
    "date_of_highest_ranking": "7 August 2013",
    "handedness": "Right",
    "bwf_id": "7B3845BC-D030-4EC9-8E92-EFE9BF8771B8",
    "birth_date": "1988-04-24",
    "medaltemplates": [
        "Sport: Women's badminton",
        "Country: {{INA}}",
        "Competition: Asian Games",
        "Bronze Medal: 2010 Guangzhou Women's team",
        "Competition: Asian Junior Championships",
        "Bronze Medal: 2006 Kuala Lumpur Mixed team"
    ]
}