{
    "name": "Ardy Wiranata",
    "birth_name": "Ardy Bernardus Wiranata",
    "birth_place": "Jakarta, Indonesia",
    "height": "1.71 m",
    "weight": "67 kg",
    "event": "Men's singles",
    "highest_ranking": "1",
    "country": "Indonesia",
    "handedness": "Right",
    "birth_date": "1970-2-10",
    "medaltemplates": [
        "Sport: Men's badminton",
        "Country: {{INA}}",
        "Competition: Olympic Games",
        "Silver Medal: 1992 Barcelona Men's singles",
        "Competition: World Championships",
        "Silver Medal: 1989 Jakarta Men's singles",
        "Bronze Medal: 1991 Copenhagen Men's singles",
        "Bronze Medal: 1993 Birmingham Men's singles",
        "Competition: World Cup",
        "Gold Medal: 1991 Macau Men's singles",
        "Bronze Medal: 1990 Jakarta Men's singles",
        "Bronze Medal: 1994 Ho Chi Minh Men's singles",
        "Bronze Medal: 1995 Jakarta Men's singles",
        "Competition: Sudirman Cup",
        "Silver Medal: 1991 Copenhagen Mixed team",
        "Silver Medal: 1993 Birmingham Mixed team",
        "Silver Medal: 1995 Lausanne Mixed team",
        "Bronze Medal: 1997 Glasgow Mixed team",
        "Competition: Thomas Cup",
        "Gold Medal: 1994 Jakarta Men's team",
        "Gold Medal: 1996 Hong Kong Men's team",
        "Silver Medal: 1992 Kuala Lumpur Men's team",
        "Bronze Medal: 1988 Kuala Lumpur Men's team",
        "Bronze Medal: 1990 Tokyo Men's team",
        "Competition: Asian Games",
        "Gold Medal: 1994 Hiroshima Men's team",
        "Bronze Medal: 1990 Beijing Men's team",
        "Competition: Asian Championships",
        "Gold Medal: 1993 Hong Kong Men's team",
        "Bronze Medal: 1997 Kuala Lumpur Men's singles",
        "Competition: SEA Games",
        "Gold Medal: 1991 Manila Men's singles",
        "Gold Medal: 1995 Chiang Mai Men's team",
        "Silver Medal: 1991 Manila Men's team",
        "Silver Medal: 1995 Chiang Mai Men's singles"
    ]
}