{
    "name": "Arisa Higashino \u6771\u91ce \u6709\u7d17",
    "country": "Japan",
    "birth_place": "Iwamizawa, Hokkaido, Japan",
    "height": "1.60 m",
    "weight": "54 kg",
    "handedness": "Right",
    "event": "Women's & mixed doubles",
    "highest_ranking": "65 (WD 13 July 2017) 1 (XD with Yuta Watanabe 8 November 2022)",
    "current_ranking": "3",
    "date_of_current_ranking": "XD with Yuta Watanabe 16 April 2024",
    "birth_date": "1996-8-1",
    "medaltemplates": [
        "Sport: Women's badminton",
        "Country: {{JPN}}",
        "Competition: Olympic Games",
        "Bronze Medal: 2020 Tokyo {{nowrap",
        "Competition: World Championships",
        "Silver Medal: 2021 Huelva Mixed doubles",
        "Silver Medal: 2022 Tokyo Mixed doubles",
        "Bronze Medal: 2019 Basel Mixed doubles",
        "Bronze Medal: 2023 Copenhagen Mixed doubles",
        "Competition: Sudirman Cup",
        "Silver Medal: 2019 Nanning Mixed team",
        "Silver Medal: 2021 Vantaa Mixed team",
        "Bronze Medal: 2017 Gold Coast Mixed team",
        "Bronze Medal: 2023 Suzhou Mixed team",
        "Competition: Uber Cup",
        "Silver Medal: 2020 Aarhus Women's team",
        "Competition: Asian Games",
        "Gold Medal: 2018 Jakarta\u2013Palembang Women's team",
        "Silver Medal: 2022 Hangzhou Mixed doubles",
        "Bronze Medal: 2022 Hangzhou Women's team",
        "Competition: Asian Championships",
        "Bronze Medal: 2022 Manila Mixed doubles",
        "Competition: Asia Mixed Team Championships",
        "Gold Medal: 2017 Ho Chi Minh Mixed team",
        "Silver Medal: 2019 Hong Kong Mixed team",
        "Competition: World Junior Championships",
        "Bronze Medal: 2014 Alor Setar Mixed doubles",
        "Bronze Medal: 2014 Alor Setar Mixed team",
        "Competition: Asian Junior Championships",
        "Bronze Medal: 2013 Kota Kinabalu Mixed team",
        "Bronze Medal: 2014 Taipei Mixed team"
    ]
}