{
    "name": "Arjun M. R.",
    "birth_name": "Arjun Madathil Ramachandran",
    "country": "India",
    "birth_place": "Kochi, Kerala, India",
    "handedness": "Right",
    "coach": "Mathias Boe",
    "event": "Men's & mixed doubles",
    "highest_ranking": "19 (MD with Dhruv Kapila 25 October 2022)  41 (XD with K. Maneesha 6 August 2019)",
    "current_ranking": "41",
    "date_of_current_ranking": "MD with Dhruv Kapila 16 April 2024",
    "birth_date": "1997-5-11",
    "medaltemplates": [
        "Sport: Men's badminton",
        "Country: {{IND}}",
        "Competition: Thomas Cup",
        "Gold Medal: 2022 Bangkok Men's team",
        "Competition: Asian Games",
        "Silver Medal: 2022 Hangzhou Men's team",
        "Competition: Asia Team Championships",
        "Bronze Medal: 2020 Manila Men's team"
    ]
}