{
    "name": "Arnaud Merkl\u00e9",
    "birth_name": "Arnaud-Sylvain-Andr\u00e9 Merkl\u00e9",
    "country": "France",
    "birth_place": "Staffelfelden, Mulhouse, France",
    "height": "1.91 m",
    "weight": "76 kg",
    "handedness": "Right",
    "event": "Men's singles",
    "highest_ranking": "35",
    "date_of_highest_ranking": "3 January 2023",
    "current_ranking": "43",
    "date_of_current_ranking": "26 December 2023",
    "birth_date": "2000-4-25",
    "medaltemplates": [
        "Sport: Men's badminton",
        "Country: {{FRA}}",
        "Competition: European Men's Team Championships",
        "Silver Medal: 2024 \u0141\u00f3d\u017a Men's team",
        "Bronze Medal: 2020 Li\u00e9vin Men's team",
        "Competition: European Mixed Team Championships",
        "Silver Medal: 2021 Vantaa Mixed team",
        "Competition: European Junior Championships",
        "Gold Medal: 2017 Mulhouse Mixed team",
        "Gold Medal: 2018 Tallinn Boys' singles",
        "Gold Medal: 2018 Tallinn Mixed team",
        "Silver Medal: 2017 Mulhouse Boys' singles"
    ]
}