{
    "name": "Artem Pochtaryov",
    "birth_name": "\u0410\u0440\u0442\u0435\u043c \u0421\u0435\u0440\u0433\u0456\u0439\u043e\u0432\u0438\u0447 \u041f\u043e\u0447\u0442\u0430\u0440\u044c\u043e\u0432",
    "birth_place": "Lysychansk, Ukraine",
    "residence": "Kharkiv, Ukraine",
    "height": "1.83",
    "country": "UKR",
    "handedness": "Right",
    "coach": "Gennadiy Makhnovskiy",
    "highest_ranking": "57 (MS)",
    "date_of_highest_ranking": "15 December 2016 title=Artem POCHTAREV Player Profile",
    "current_ranking": "119 (MS), 381 (XD)",
    "date_of_current_ranking": "25 June 2019",
    "birth_date": "1993-07-24",
    "medaltemplates": [
        "Sport: Men's badminton",
        "Country: {{UKR}}",
        "Competition: European Junior Championships",
        "Bronze Medal: 2011 Vantaa Mixed team"
    ]
}