{
    "name": "Artur Silva Pomoceno",
    "birth_name": "Artur Silva de Pomoceno",
    "country": "Brazil",
    "birth_place": "Rio de Janeiro, Brazil",
    "residence": "Campinas, S\u00e3o Paulo, Brazil",
    "height": "1.75 m",
    "handedness": "Right",
    "event": "Men's singles & doubles",
    "highest_ranking": "119 (MS 20 August 2019) 271 (MD 21 December 2017) 90 (XD 4 October 2018)",
    "current_ranking": "172 (MS)   278 (MD)",
    "date_of_current_ranking": "26 April 2022",
    "birth_date": "1997-5-1",
    "medaltemplates": [
        "Sport: Men's badminton",
        "Country: {{BRA}}",
        "Competition: Pan Am Championships",
        "Silver Medal: 2016 Campinas Men's singles",
        "Competition: Pan Am Mixed Team Championships",
        "Silver Medal: 2016 Campinas Mixed team",
        "Silver Medal: 2017 Santo Domingo Mixed team",
        "Bronze Medal: 2019 Lima Mixed team",
        "Competition: Pan Am Male Cup",
        "Silver Medal: 2022 Acapulco Men's team",
        "Silver Medal: 2024 S\u00e3o Paulo Men's team",
        "Competition: South American Games",
        "Gold Medal: 2018 Cochabamba Men's doubles",
        "Gold Medal: 2018 Cochabamba Mixed team",
        "Silver Medal: 2018 Cochabamba Men's singles",
        "Silver Medal: 2018 Cochabamba Mixed doubles",
        "Competition: Pan Am Junior Championships",
        "Silver Medal: 2014 Guatemala City Mixed team",
        "Silver Medal: 2015 Tijuana Boys' singles",
        "Silver Medal: 2015 Tijuana Mixed team",
        "Bronze Medal: 2014 Guatemala City Boys' singles"
    ]
}