{
    "name": "S R Arun Vishnu",
    "birth_name": "Sivarajan Revamma Arun Vishnu",
    "birth_place": "Calicut, Kerala, India",
    "residence": "Calicut",
    "height": "1.86 m",
    "weight": "90 kg",
    "event": "Doubles",
    "country": "IND",
    "handedness": "Right",
    "coach": "Pullela Gopichand  A Nazer",
    "highest_ranking": "37",
    "played": "World Badminton Championships 2015, 2014, 2013 & 2009  Asian Games 2010  Asian Badminton Championships 2016, 2015, 2013, 2012, 2011 & 2010  Sudirman Cup 2015, 2013, 2011 & 2009   Thomas Cup 2014",
    "titles": "India Open Grand Prix 2009  Bahrain International Challenge 2008  Sri Lanka International Challenge 2015  Bahrain International Series 2013  Bangladesh International Series 2011",
    "birth_date": "1988-08-02"
}