{
    "name": "Arundhati Pantawane",
    "birth_name": "Arundhati Pantawane",
    "birth_place": "Nagpur, Maharashtra, India",
    "residence": "Nagpur, Maharashtra, India",
    "height": "5\"4 ft",
    "weight": "50 kg",
    "event": "Women's Singles",
    "country": "IND",
    "handedness": "Right",
    "coach": "Pullela Gopichand",
    "highest_ranking": "49",
    "date_of_highest_ranking": "27 Jun 2013",
    "current_ranking": "52",
    "date_of_current_ranking": "9 Aug 2013",
    "played": "Asian Games 2010",
    "titles": "Bahrain International Challenge 2012",
    "birth_date": "1989-09-02"
}