{
    "name": "Arya Maulana Aldiartama",
    "country": "Indonesia",
    "birth_place": "Surakarta, Central Java, Indonesia",
    "height": "1.71",
    "weight": "66",
    "handedness": "Right",
    "event": "Men's doubles",
    "highest_ranking": "133",
    "date_of_highest_ranking": "4 October 2012",
    "bwf_id": "FD17CF0E-D0DB-44AB-AB67-4A4C74899DD9",
    "birth_date": "1995-9-30",
    "medaltemplates": [
        "Sport: Men's badminton",
        "Country: {{INA}}",
        "Competition: World Junior Championships",
        "Silver Medal: 2013 Bangkok Mixed team",
        "Competition: Asian Junior Championships",
        "Gold Medal: 2012 Gimcheon Boys' doubles",
        "Bronze Medal: 2013 Kota Kinabalu Boys' doubles",
        "Bronze Medal: 2013 Kota Kinabalu Mixed team"
    ]
}