{
    "name": "Aryono Miranat",
    "birth_place": "Bandung, West Java, Indonesia",
    "event": "Mixed doubles",
    "country": "Indonesia",
    "handedness": "Right",
    "bwf_id": "677D4C72-6E0B-4254-8516-35A453764D22",
    "birth_date": "1964-4-27",
    "medaltemplates": [
        "Sport: Men's badminton",
        "Country: {{INA}}",
        "Competition: World Championships",
        "Bronze Medal: 1993 Birmingham Mixed doubles",
        "Competition: World Cup",
        "Silver Medal: 1993 New Delhi Mixed doubles",
        "Bronze Medal: 1990 Bandung-Jakarta Mixed doubles",
        "Bronze Medal: 1994 Ho Chi Minh Mixed doubles",
        "Competition: Sudirman Cup",
        "Gold Medal: 1989 Jakarta Mixed team",
        "Silver Medal: 1993 Birmingham Mixed team",
        "Silver Medal: 1995 Lausanne Mixed team",
        "Competition: Asian Games",
        "Bronze Medal: 1990 Beijing Men's team",
        "Competition: Asian Championships",
        "Silver Medal: 1989 Shanghai Men's team",
        "Competition: Asian Cup",
        "Silver Medal: 1991 Jakarta Mixed doubles",
        "Silver Medal: 1994 Beijing Mixed doubles",
        "Competition: SEA Games",
        "Silver Medal: 1989 Kuala Lumpur Mixed doubles",
        "Silver Medal: 1989 Kuala Lumpur Men's team",
        "Bronze Medal: 1989 Kuala Lumpur Men's doubles"
    ]
}