{
    "name": "Ashley Brehaut",
    "full_name": "Ashley John Brehaut",
    "country": "AUS",
    "birth_place": "Ballarat, Victoria, Australia",
    "height": "1.80 m",
    "weight": "75 kg",
    "event": "Men's & mixed doubles",
    "birth_date": "1980-9-18",
    "medaltemplates": [
        "Sport: Badminton",
        "Country: {{AUS}}",
        "Competition: Oceania Championships",
        "Bronze Medal: 2006 Auckaland Men's doubles",
        "Competition: Oceania Men's Team Championships",
        "Silver Medal: 2006 Auckland Men's team"
    ]
}