{
    "name": "Ashmita Chaliha",
    "country": "India",
    "birth_place": "Guwahati, Assam, India",
    "height": "1.67 m",
    "weight": "52 kg",
    "years_active": "2015-present",
    "handedness": "Left",
    "coach": "Edwin Iriawan Suranjan Bhobora",
    "event": "Women's singles",
    "highest_ranking": "42 (13 June 2023)",
    "current_ranking": "49 (18 July 2023)",
    "birth_date": "1999-10-18",
    "medaltemplates": [
        "Sport: Women's badminton",
        "Country: {{IND}}",
        "Competition: Asia Team Championships",
        "Gold Medal: 2024 Selangor Women's team",
        "Competition: South Asian Games",
        "Gold Medal: {{2019 Kathmandu-Pokhara}} {{Women's singles}}",
        "Gold Medal: 2019 Kathmandu-Pokhara Women's team"
    ]
}