{
    "name": "Ashton Chen Yong Zhao \u9648\u52c7\u8087",
    "birth_place": "Singapore",
    "height": "m=1.74",
    "weight": "63 kg",
    "event": "Men's singles",
    "handedness": "Right",
    "highest_ranking": "50",
    "date_of_highest_ranking": "22 November 2012",
    "birth_date": "1989-9-9",
    "medaltemplates": [
        "Sport: Men's badminton",
        "Country: {{SIN}}",
        "Competition: Southeast Asian Games",
        "Silver Medal: 2007 Nakhon Ratchasima Men's team",
        "Bronze Medal: 2009 Vientiane Men's team",
        "Bronze Medal: 2011 Jakarta\u2013Palembang Men's team",
        "Competition: World Junior Championships",
        "Bronze Medal: 2007 Waitakere City Mixed team"
    ]
}