{
    "name": "Ashwant Gobinathan",
    "birth_place": "Malaysia",
    "country": "AUS",
    "handedness": "Right",
    "event": "Men's singles & doubles",
    "highest_ranking": "134 (MS 15 September 2016)  233 (MD 2 June 2011)  323 (XD 22 September 2016)",
    "birth_date": "1993-9-8",
    "medaltemplates": [
        "Sport: Men's badminton",
        "Country: {{AUS}}",
        "Competition: Oceania Championships",
        "Gold Medal: 2016 Papeete Men's singles",
        "Silver Medal: 2014 Ballarat Men's singles",
        "Bronze Medal: 2015 North Harbour Men's singles",
        "Competition: Oceania Mixed Team Championships",
        "Gold Medal: 2014 Ballarat Mixed team",
        "Gold Medal: 2019 Melbourne Mixed team",
        "Competition: Oceania Men's Team Championships",
        "Gold Medal: 2018 Hamilton Men's team"
    ]
}