{
    "name": "Ashwathi Pillai",
    "birth_name": "Ashwathi Vinodh Pillai",
    "birth_place": "village near Thuckalay, Kanyakumari, Tamil Nadu, India ",
    "residence": "Stockholm, Sweden",
    "height": "172 cm",
    "weight": "63 kg",
    "event": "Women's singles & doubles",
    "highest_ranking": "215 (WS 10 May 2018)  400 (WD 5 July 2018)",
    "country": "Sweden",
    "coach": "Rio Willianto",
    "handedness": "Right",
    "bwf_id": "E90141E6-695C-4C1B-87F3-D4BB705B95C1",
    "birth_date": "2000-7-14",
    "medaltemplates": [
        "Sport: Women's badminton",
        "Country: {{{{flagicon}} Mixed-NOCs}}",
        "Competition: Youth Olympic Games",
        "Gold Medal: 2018 Buenos Aires Mixed team"
    ]
}