{
    "name": "Ashwini Ponnappa",
    "country": "India",
    "birth_place": "Bangalore, Karnataka, India",
    "residence": "Hyderabad, India",
    "height": "1.64 m",
    "weight": "60 kg",
    "years_active": "2007\u2013present",
    "handedness": "Right",
    "event": "Women's & mixed doubles",
    "highest_ranking": "10 (WD with Jwala Gutta 20 August 2015)  19 (XD with Satwiksairaj Rankireddy 3 February 2021)",
    "current_ranking": "21 (WD with Tanisha Crasto), 109 (XD with B. Sumeeth Reddy)",
    "current_ranking_date": "16 April 2024",
    "birth_date": "1989-09-18"
}