{
    "name": "Astrid Crabo",
    "country": "Sweden",
    "birth_place": "T\u00e4by, Sweden",
    "height": "1.68 m",
    "handedness": "Right",
    "event": "Mixed doubles",
    "birth_date": "10 July 1971",
    "medaltemplates": [
        "Sport: Women's badminton",
        "Country: {{SWE}}",
        "Competition: World Championships",
        "Bronze Medal: 1995 Lausanne Mixed doubles",
        "Competition: World Cup",
        "Bronze Medal: 1994 Ho Chi Minh Mixed doubles",
        "Competition: Uber Cup",
        "Bronze Medal: 1992 Kuala Lumpur Women's team",
        "Competition: European Junior Championships",
        "Bronze Medal: 1989 Manchester Girls' doubles",
        "Bronze Medal: 1989 Manchester Mixed team"
    ]
}