{
    "name": "Asuka Takahashi \u9ad9\u6a4b \u660e\u65e5\u9999 \u305f\u304b\u306f\u3057 \u3042\u3059\u304b",
    "country": "Japan",
    "birth_place": "Ashikaga, Tochigi, Japan",
    "height": "1.65 m",
    "weight": "60 kg",
    "handedness": "Right",
    "event": "Women's singles",
    "highest_ranking": "47",
    "date_of_highest_ranking": "19 April 2022",
    "current_ranking": "72",
    "date_of_current_ranking": "21 March 2023",
    "bwf_id": "647DD7E6-BB2A-44B4-8F8F-ECA4D27031E1",
    "birth_date": "1999-11-13",
    "medaltemplates": [
        "Sport: Women's badminton",
        "Country: {{JPN}}",
        "Competition: Uber Cup",
        "Silver Medal: 2020 Aarhus Women's team",
        "Competition: World Junior Championships",
        "Bronze Medal: 2016 Bilbao Mixed team",
        "Bronze Medal: 2017 Yogyakarta Mixed team",
        "Competition: Asian Junior Championships",
        "Bronze Medal: 2016 Bangkok Mixed team"
    ]
}