{
    "name": "Atu Rosalina",
    "birth_name": "Atu Rosalina Sagita",
    "country": "England",
    "birth_place": "Bandung, West Java, Indonesia",
    "residence": "Colchester, England",
    "height": "1.52 m",
    "handedness": "Right",
    "event": "Women's singles & doubles",
    "birth_date": "1981-6-16",
    "medaltemplates": [
        "Sport: Women's badminton",
        "Country: {{INA}}",
        "Competition: Asian Junior Championships",
        "Silver Medal: 1999 Yangon Girls' team",
        "Bronze Medal: 1999 Yangon Girls' singles"
    ]
}