{
    "name": "Audrey Mittelheisser",
    "country": "France",
    "birth_place": "Rennes, France",
    "height": "1.66 m",
    "weight": "62 kg",
    "handedness": "Right",
    "event": "Women's doubles & mixed doubles",
    "highest_ranking": "38 (WD 11 July 2013) 22 (XD 28 June 2018)",
    "birth_date": "1992-3-24",
    "medaltemplates": [
        "Sport: Women's badminton",
        "Country: {{FRA}}",
        "Competition: European Games",
        "Silver Medal: 2015 Baku Mixed doubles",
        "Competition: European Championships",
        "Bronze Medal: 2017 Kolding Mixed doubles",
        "Competition: Mediterranean Games",
        "Silver Medal: 2013 Mersin Women's doubles"
    ]
}