{
    "name": "Augustina Ebhomien Sunday",
    "country": "Nigeria",
    "event": "Women's singles & doubles",
    "highest_ranking": "388 (WS 7 April 2016) 288 (WD 14 August 2014)  383 (XD 30 August 2018)",
    "birth_date": "1996-8-23",
    "medaltemplates": [
        "Sport: Women's badminton",
        "Country: {{NGR}}",
        "Competition: All-Africa Games",
        "Bronze Medal: 2015 Brazzaville Mixed team",
        "Competition: African Championships",
        "Gold Medal: 2019 Port Harcourt Mixed team",
        "Bronze Medal: 2019 Port Harcourt Women's doubles"
    ]
}