{
    "name": "Aur\u00e9lie Allet",
    "birth_name": "Aur\u00e9lie Marie Elisa Allet",
    "country": "Mauritius",
    "birth_place": "Quatre Bornes, Mauritius",
    "handedness": "Right",
    "event": "Women's singles & doubles",
    "highest_ranking": "160 (WS 12 February 2019)  110 (WD 1 November 2018)  107 (XD 22 November 2018)",
    "birth_date": "1997-7-1",
    "medaltemplates": [
        "Sport: Women's badminton",
        "Country: {{MRI}}",
        "Competition: African Games",
        "Bronze Medal: 2019 Rabat Mixed doubles",
        "Competition: African Championships",
        "Silver Medal: 2019 Port Harcourt Mixed team",
        "Bronze Medal: 2014 Gaborone Mixed team",
        "Competition: Africa Team Championships",
        "Gold Medal: 2018 Algiers Women's team",
        "Bronze Medal: 2020 Cairo Women's team",
        "Competition: African Youth Games",
        "Gold Medal: 2014 Gaborone Mixed doubles",
        "Silver Medal: 2014 Gaborone Girls' doubles",
        "Bronze Medal: 2014 Gaborone Mixed team",
        "Competition: African Junior Championships",
        "Gold Medal: 2013 Algiers Mixed doubles",
        "Bronze Medal: 2011 Maputo Girls' doubles",
        "Bronze Medal: 2013 Algiers Girls' doubles",
        "Bronze Medal: 2013 Algiers Mixed team"
    ]
}