{
    "name": "Austin Bauer",
    "birth_name": "Austin James Bauer",
    "country": "Canada",
    "birth_place": "Calgary, Alberta, Canada",
    "height": "1.83 m",
    "weight": "70 kg",
    "event": "Men's & mixed doubles",
    "highest_ranking": "150 (MD 2 February 2018) 660 (XD 22 September 2016)",
    "birth_date": "1997-2-7",
    "medaltemplates": [
        "Sport: Men's badminton",
        "Country: {{CAN}}",
        "Competition: Pan Am Championships",
        "Silver Medal: 2017 Havana Men's doubles",
        "Competition: Pan Am Men's Team Championships",
        "Gold Medal: 2018 Tacarigua Men's team",
        "Competition: Pan Am Junior Championships",
        "Silver Medal: 2015 Tijuana Boys' doubles"
    ]
}