{
    "name": "Aya \u014chori",
    "country": "Japan",
    "birth_place": "Aizuwakamatsu, Japan",
    "height": "1.69 m",
    "weight": "59 kg",
    "handedness": "Left",
    "event": "Women's singles",
    "career_record": "226 wins, 152 losses",
    "highest_ranking": "11",
    "date_of_highest_ranking": "16 April 2024",
    "current_ranking": "11",
    "date_of_current_ranking": "16 April 2024",
    "bwf_id": "5829046A-E2C5-4DAB-9DEF-4DF806988861",
    "birth_date": "1996-10-2",
    "medaltemplates": [
        "Sport: Women's badminton",
        "Country: {{JPN}}",
        "Competition: Uber Cup",
        "Silver Medal: 2020 Aarhus Women's team",
        "Bronze Medal: 2016 Kunshan Women's team",
        "Competition: Asian Games",
        "Gold Medal: {{2018 Jakarta\u2013Palembang}} Women's team",
        "Bronze Medal: 2022 Hangzhou Women's singles",
        "Bronze Medal: {{2022 Hangzhou}} Women's team",
        "Competition: Asia Mixed Team Championships",
        "Silver Medal: 2019 Hong Kong Mixed team",
        "Competition: Asia Team Championships",
        "Gold Medal: 2018 Alor Setar Women's team",
        "Gold Medal: 2020 Manila Women's team",
        "Bronze Medal: 2024 Selangor Women's team",
        "Competition: East Asian Games",
        "Bronze Medal: 2013 Tianjin {{Women's singles}}",
        "Bronze Medal: 2013 Tianjin Women's team",
        "Competition: World Junior Championships",
        "Silver Medal: 2012 Chiba Mixed team",
        "Silver Medal: 2013 Bangkok Girls' singles",
        "Bronze Medal: 2012 Chiba Girls' singles",
        "Bronze Medal: 2014 Alor Setar Girls' singles",
        "Bronze Medal: 2014 Alor Setar Mixed team",
        "Competition: Asian Junior Championships",
        "Gold Medal: 2012 Gimcheon Mixed team",
        "Gold Medal: 2013 Kota Kinabalu Girls' singles",
        "Bronze Medal: 2013 Kota Kinabalu Mixed team",
        "Bronze Medal: 2014 Taipei Mixed team"
    ]
}