{
    "name": "Ayako Sakuramoto",
    "country": "Japan",
    "birth_place": "Fukuoka Prefecture, Japan",
    "height": "1.66 m",
    "handedness": "Left",
    "event": "Women's doubles",
    "highest_ranking": "9 (with Yukiko Takahata, 5 February 2019) 11 (with Rena Miyaura, 23 January 2024)",
    "current_ranking": "11",
    "date_of_current_ranking": "with Rena Miyaura, 23 January 2024",
    "birth_date": "1995-8-19",
    "medaltemplates": [
        "Sport: Women's badminton",
        "Country: {{JPN}}",
        "Competition: Asia Mixed Team Championships",
        "Silver Medal: 2019 Hong Kong Mixed team",
        "Competition: Asia Team Championships",
        "Bronze Medal: 2024 Selangor Women's team",
        "Competition: World Junior Championships",
        "Silver Medal: 2012 Chiba Mixed team",
        "Competition: Asia Junior Championships",
        "Gold Medal: 2012 Gimcheon Mixed team",
        "Bronze Medal: 2011 Lucknow Girls' doubles",
        "Bronze Medal: 2013 Kota Kinabalu Mixed team"
    ]
}