{
    "name": "Ayako Suzuki, \u9234\u6728 \u4e9c\u5f25\u5b50",
    "country": "JPN",
    "birth_place": "Koshigaya, Saitama Prefecture, Japan",
    "event": "Women's singles SU5, Women's doubles SL3\u2013SU5",
    "highest_ranking": "1 (WS 1 January 2019), 3 (WD with Noriko Ito 29 August 2019)",
    "birth_date": "1987-03-14",
    "medaltemplates": [
        "Sport: Women's para-badminton",
        "Country: {{JPN}}",
        "Competition: Paralympic Games",
        "Silver Medal: 2020 Tokyo Women's singles",
        "Bronze Medal: 2020 Tokyo Women's doubles",
        "Competition: World Championships",
        "Gold Medal: 2009 Seoul Women's singles",
        "Gold Medal: 2017 Ulsan Women's singles",
        "Silver Medal: 2019 Basel Women's singles",
        "Bronze Medal: 2019 Ulsan Women's doubles",
        "Competition: Asian Para Games",
        "Gold Medal: 2010 Guangzhou Women's singles",
        "Silver Medal: 2018 Jakarta Women's singles",
        "Competition: Asian Championships"
    ]
}