{
    "name": "Ayaka Takahashi",
    "size": "250 px",
    "country": "Japan",
    "birth_place": "Kashihara, Nara, Japan",
    "height": "1.64 m",
    "handedness": "Right",
    "event": "Women's doubles",
    "highest_ranking": "1",
    "date_of_highest_ranking": "with Misaki Matsutomo 20 October 2014",
    "retired": "31 August 2020 ",
    "bwf_id": "D7A1B626-34B4-420D-AB70-B70344C427E1",
    "birth_date": "1990-4-19",
    "medaltemplates": [
        "Sport: Women's badminton",
        "Country: {{JPN}}",
        "Competition: Olympic Games",
        "Gold Medal: 2016 Rio de Janeiro Women's doubles",
        "Competition: World Championships",
        "Bronze Medal: 2017 Glasgow Women's doubles",
        "Competition: Sudirman Cup",
        "Silver Medal: 2015 Donggguan Mixed team",
        "Silver Medal: 2019 Nanning Mixed team",
        "Bronze Medal: 2017 Gold Coast Mixed team",
        "Competition: Uber Cup",
        "Gold Medal: 2018 Bangkok Women's team",
        "Silver Medal: 2014 New Delhi Women's team",
        "Bronze Medal: 2012 Wuhan Women's team",
        "Bronze Medal: 2016 Kunshan Women's team",
        "Competition: Asian Games",
        "Gold Medal: 2018 Jakarta\u2013Palembang Women's team",
        "Silver Medal: 2014 Incheon Women's doubles",
        "Silver Medal: {{2018 Jakarta\u2013Palembang}} {{Women's doubles}}",
        "Bronze Medal: 2014 Incheon Women's team",
        "Competition: Asian Championships",
        "Gold Medal: 2016 Wuhan Women's doubles",
        "Gold Medal: 2017 Wuhan Women's doubles",
        "Silver Medal: 2018 Wuhan Women's doubles",
        "Bronze Medal: 2015 Wuhan Women's doubles",
        "Competition: Asia Mixed Team Championships",
        "Gold Medal: 2017 Ho Chi Minh Mixed team",
        "Competition: Asia Team Championships",
        "Gold Medal: 2018 Alor Setar Women's team",
        "Silver Medal: 2016 Hyderabad Women's team"
    ]
}