{
    "name": "Ayane Kurihara \u6817\u539f \u6587\u97f3",
    "country": "Japan",
    "birth_place": "Kitakyushu, Fukuoka, Japan",
    "height": "1.73",
    "weight": "59 kg",
    "handedness": "Right",
    "event": "Women's singles & doubles",
    "highest_ranking": "26 (WS 3 November 2011)  22 (WD 19 March 2015)  11 (XD 9 March 2017)",
    "retired": "23 December 2019",
    "birth_date": "1989-9-27",
    "medaltemplates": [
        "Sport: Women's badminton",
        "Country: {{JPN}}",
        "Competition: Sudirman Cup",
        "Silver Medal: 2015 Dongguan Mixed team",
        "Bronze Medal: 2017 Gold Coast Mixed team",
        "Competition: Asia Mixed Team Championships",
        "Gold Medal: 2017 Ho Chi Minh Mixed team",
        "Silver Medal: 2019 Hong Kong Mixed team",
        "Competition: Asian Junior Championships",
        "Bronze Medal: 2007 Kuala Lumpur Mixed team"
    ]
}