{
    "name": "Ayumi Mine \u5cf0\u6b65\u7f8e",
    "country": "Japan",
    "birth_place": "Kariya, Aichi, Japan",
    "height": "1.52 m",
    "event": "Women's singles",
    "highest_ranking": "16",
    "highest_ranking_date": "15 June 2017",
    "current_ranking": "74",
    "current_ranking_date": "17 March 2020",
    "birth_date": "1992-7-15",
    "medaltemplates": [
        "Sport: Women's badminton",
        "Country: {{JPN}}",
        "Competition: Asian Junior Championships",
        "Bronze Medal: 2009 Kuala Lumpur Mixed team"
    ]
}