{
    "name": "Ayush Shetty",
    "country": "India",
    "birth_place": "Karkala, Karnataka, India",
    "residence": "Bangalore, India",
    "height": "1.94 m",
    "years_active": "2023\u2013present",
    "handedness": "Right",
    "event": "Men's Singles",
    "career_record": "65 wins, 21 losses",
    "highest_ranking": "64",
    "date_of_highest_ranking": "2 April 2024",
    "current_ranking": "64",
    "date_of_current_ranking": "2 April 2024",
    "birth_date": "2005-05-03",
    "medaltemplates": [
        "Sport: Men's badminton",
        "Country: {{IND}}",
        "Competition: World Junior Championships",
        "Bronze Medal: 2023 Spokane Boys' singles"
    ]
}