{
    "name": "Azmy Qowimuramadhoni",
    "birth_place": "Indonesia",
    "residence": "Azerbaijan",
    "country": "Indonesia (2015\u20132017) Azerbaijan (2018\u2013present)",
    "years_active": "2015\u2013present",
    "handedness": "Right",
    "event": "Men's singles & doubles",
    "highest_ranking": "113 (MS at 30 July 2019) 63 (MD at 12 March 2019)",
    "current_ranking": "522 (MS) 100 (MD with Ade Resky Dwicahyo)",
    "date_of_current_ranking": "28 February 2023",
    "birth_date": "1999-1-1"
}