{
    "name": "B. R. Sankeerth",
    "country": "Canada",
    "birth_place": "Bangalore, India",
    "residence": "Toronto, Canada",
    "event": "Men's singles & doubles",
    "highest_ranking": "73 (MS 27 September 2022) 169 (MD with Vinson Chiu 17 March 2020) 279 (XD with Chloe Rowe 29 September 2016)",
    "birth_date": "1997-12-22",
    "medaltemplates": [
        "Sport: Men's badminton",
        "Country: {{CAN}}",
        "Competition: Pan Am Championships",
        "Bronze Medal: 2021 Guatemala City Men's singles",
        "Competition: Pan Am Male Cup",
        "Gold Medal: 2018 Tacarigua Men's team",
        "Gold Medal: 2022 Acapulco Men's team",
        "Gold Medal: 2024 S\u00e3o Paulo Men's team",
        "Competition: Pan Am Mixed Team Championships",
        "Gold Medal: 2023 Guadalajara Mixed team"
    ]
}