{
    "name": "B. Sai Praneeth",
    "birth_name": "Bhamidipati Sai Praneeth",
    "birth_place": "Hyderabad, Telangana, India",
    "height": "1.76 m",
    "event": "Men's singles",
    "country": "India",
    "handedness": "Right",
    "coach": "Pullela Gopichand",
    "retired": "4 March 2024 last=Ratnakar ",
    "career_record": "236 wins, 168 losses",
    "highest_ranking": "10",
    "date_of_highest_ranking": "12 November 2019",
    "birth_date": "1992-8-10",
    "medaltemplates": [
        "Sport: Men's badminton",
        "Country: {{IND}}",
        "Competition: World Championships",
        "Bronze Medal: 2019 Basel Men's singles",
        "Competition: Asia Team Championships",
        "Bronze Medal: 2016 Hyderabad Men's team",
        "Bronze Medal: 2020 Manila Men's team",
        "Competition: South Asian Games",
        "Gold Medal: 2016 Guwahati-Shillong Men's team",
        "Competition: World Junior Championships",
        "Bronze Medal: 2010 Guadalajara Boys' singles",
        "Competition: Commonwealth Youth Games",
        "Bronze Medal: 2008 Pune Boys' doubles"
    ]
}