{
    "name": "B. Sumeeth Reddy",
    "size": "240 px",
    "country": "India",
    "birth_place": "Gungal, Ranga Reddy, Telangana, India",
    "residence": "Hyderabad, India",
    "height": "1.82 m",
    "event": "Men's singles & doubles",
    "handedness": "Right",
    "highest_ranking": "282 (MS 17 May 2012) 17 (MD 21 January 2016) 47 (XD 14 September 2017)",
    "current_ranking": "204 (MD), 60 (XD)",
    "date_of_current_ranking": "2 January 2024",
    "birth_date": "1991-09-26",
    "medaltemplates": [
        "Sport: Men's badminton",
        "Country: {{IND}}",
        "Competition: Commonwealth Games",
        "Silver Medal: 2022 Birmingham Mixed team",
        "Competition: Asia Team Championships",
        "Bronze Medal: 2016 Hyderabad Men's team",
        "Competition: South Asian Games",
        "Gold Medal: 2016 Guwahati\u2013Shillong Men's doubles",
        "Gold Medal: 2016 Guwahati\u2013Shillong Men's team",
        "Gold Medal: 2019 Kathmandu\u2013Pokhara Men's team"
    ]
}