{
    "name": "Bae Yeon-ju",
    "birth_name": "\ubc30\uc5f0\uc8fc",
    "country": "South Korea",
    "birth_place": "Masan, South Gyeongsang Province, South Korea",
    "height": "1.66 m",
    "weight": "53 kg",
    "handedness": "Left",
    "event": "Women's singles",
    "highest_ranking": "5",
    "date_of_highest_ranking": "23 October 2016",
    "birth_date": "1990-10-26",
    "medaltemplates": [
        "Sport: Women's badminton",
        "Country: {{KOR}}",
        "Competition: World Championships",
        "Bronze Medal: 2013 Guangzhou Women's singles",
        "Competition: Sudirman Cup",
        "Silver Medal: 2013 Kuala Lumpur Mixed team",
        "Bronze Medal: 2011 Qingdao Mixed team",
        "Bronze Medal: 2015 Dongguan Mixed team",
        "Competition: Uber Cup",
        "Gold Medal: 2010 Kuala Lumpur Women's team",
        "Silver Medal: 2012 Wuhan Women's team",
        "Silver Medal: 2016 Kunshan Women's team",
        "Bronze Medal: 2014 New Delhi Women's team",
        "Bronze Medal: 2008 Jakarta Women's team",
        "Competition: Asian Games",
        "Silver Medal: 2014 Incheon Women's team",
        "Bronze Medal: 2010 Guangzhou Women's team",
        "Bronze Medal: 2014 Incheon Women's singles",
        "Competition: Asia Team Championships",
        "Bronze Medal: 2016 Hyderabad Women's team",
        "Competition: World Junior Championships",
        "Gold Medal: 2006 Incheon Mixed team",
        "Silver Medal: 2007 Waitakere City Girls' singles",
        "Silver Medal: 2007 Waitakere City Mixed team",
        "Silver Medal: 2008 Pune Mixed team",
        "Bronze Medal: 2006 Incheon Girls' singles",
        "Competition: Asian Junior Championships",
        "Silver Medal: 2008 Kuala Lumpur Mixed team",
        "Bronze Medal: 2008 Kuala Lumpur Girls' singles"
    ]
}