{
    "name": "Bae Seung-hee",
    "birth_place": "Masan, Gyeongsangnam-do, South Korea",
    "height": "1.63 m",
    "weight": "53 kg",
    "country": "KOR",
    "event": "Women's singles",
    "highest_ranking": "14",
    "date_of_highest_ranking": "24 June 2010",
    "birth_date": "1983-9-20",
    "medaltemplates": [
        "Sport: Badminton",
        "Country: {{KOR}}",
        "Competition: Uber Cup",
        "Gold Medal: 2010 Kuala Lumpur Women's team",
        "Competition: Asian Games",
        "Silver Medal: 2002 Busan Women's team",
        "Bronze Medal: 2010 Guangzhou Women's team",
        "Competition: East Asian Games",
        "Bronze Medal: 2009 Hong Kong Women's team",
        "Competition: Asian Junior Championships",
        "Gold Medal: 2001 Taipei Girls' team",
        "Silver Medal: 2001 Taipei Mixed doubles",
        "Bronze Medal: 2001 Taipei Girls' singles"
    ]
}