{
    "name": "Baek Ha-na",
    "country": "South Korea",
    "birth_place": "Gimcheon, South Korea",
    "residence": "Gimcheon, South Korea",
    "height": "1.64 m",
    "handedness": "Right",
    "event": "Women's & mixed doubles",
    "highest_ranking": "2 (WD with Lee So-hee 30 May 2023) 10 (WD with Jung Kyung-eun, 17 March 2020) 87 (XD with Kang Min-hyuk, 12 March 2019)",
    "current_ranking": "2",
    "date_of_current_ranking": "WD with Lee So-hee 2 16 April 2024",
    "birth_date": "2000-9-22",
    "medaltemplates": [
        "Sport: Women's badminton",
        "Country: {{KOR}}",
        "Competition: Sudirman Cup",
        "Silver Medal: 2023 Suzhou Mixed team",
        "Competition: Uber Cup",
        "Gold Medal: 2022 Bangkok Women's team",
        "Bronze Medal: 2018 Bangkok Women's team",
        "Competition: Asian Games",
        "Gold Medal: 2022 Hangzhou Women's team",
        "Silver Medal: 2022 Hangzhou Women's doubles",
        "Competition: Asian Championships",
        "Gold Medal: 2024 Ningbo Women's doubles",
        "Silver Medal: 2023 Dubai Women's doubles",
        "Competition: Asia Mixed Team Championships",
        "Silver Medal: 2023 Dubai Mixed team",
        "Competition: Asia Team Championships",
        "Silver Medal: 2022 Selangor Women's team",
        "Bronze Medal: 2018 Alor Setar Women's team",
        "Competition: World Junior Championships",
        "Gold Medal: 2017 Yogyakarta Girls' doubles",
        "Bronze Medal: 2017 Yogyakarta Mixed team",
        "Competition: Asian Junior Championships",
        "Gold Medal: 2017 Jakarta Girls' doubles",
        "Gold Medal: 2017 Jakarta Mixed team",
        "Silver Medal: 2016 Bangkok Mixed team",
        "Bronze Medal: 2017 Jakarta Mixed doubles"
    ]
}