{
    "name": "Bagas Maulana",
    "country": "Indonesia",
    "birth_place": "Cilacap, Central Java, Indonesia",
    "height": "1.82 m",
    "handedness": "Right",
    "event": "Men's doubles",
    "highest_ranking": "8",
    "date_of_highest_ranking": "with Muhammad Shohibul Fikri, 26 March 2024",
    "current_ranking": "9",
    "date_of_current_ranking": "with Muhammad Shohibul Fikri, 16 April 2024",
    "bwf_id": "31375C97-9327-4B04-A2EC-300A2CA63BD0",
    "birth_date": "1998-7-20",
    "medaltemplates": [
        "Sport: Men's badminton",
        "Country: {{INA}}",
        "Competition: Thomas Cup",
        "Silver Medal: 2022 Bangkok Men's team",
        "Competition: Asia Team Championships",
        "Silver Medal: 2022 Selangor Men's team",
        "Competition: Southeast Asian Games",
        "Gold Medal: 2023 Cambodia Men's team",
        "Bronze Medal: 2023 Cambodia Men's doubles"
    ]
}