{
    "name": "Bagus Setiadi",
    "height": "1.70 m",
    "country": "Indonesia",
    "handedness": "Right",
    "event": "Men's doubles",
    "highest_ranking": "7",
    "birth_date": "1966-6-24",
    "medaltemplates": [
        "Sport: Men's badminton",
        "Country: {{INA}}",
        "Competition: World Championships",
        "Bronze Medal: 1991 Copenhagen Men's doubles",
        "Competition: Asian Championships",
        "Gold Medal: 1993 Hong Kong Men's team",
        "Silver Medal: 1989 Shanghai Men's team"
    ]
}