{
    "name": "Bahaedeen Ahmad Alshannik",
    "country": "Jordan",
    "handedness": "Right",
    "event": "Men's singles & doubles",
    "highest_ranking": "88 (MS 2 May 2023)  62 (MD 22 March 2018)  98 (XD 26 February 2019)",
    "bwf_id": "1D1A113C-59C5-4C73-B00A-DA7BC4EBAD92",
    "birth_date": "1997-7-18",
    "medaltemplates": [
        "Sport: Men's badminton",
        "Country: {{JOR}}",
        "Competition: Arab Games",
        "Bronze Medal: 2023 Algeria Men's singles",
        "Bronze Medal: 2023 Algeria Men's doubles"
    ]
}