{
    "| name": "Bambang Suprianto",
    "birth_place": "Surakarta, Central Java, Indonesia",
    "height": "1.73",
    "event": "Men's & mixed doubles",
    "highest_ranking": "1",
    "date_of_highest_ranking": "MD with Rudy Gunawan April 1994",
    "country": "Indonesia",
    "handedness": "Right",
    "bwf_id": "6F0F76F0-637C-4A4A-9A61-F84BC6FEE644",
    "birth_date": "1969-02-20",
    "medaltemplates": [
        "Sport: Men's badminton",
        "Country: {{INA}}",
        "Competition: World Cup",
        "Silver Medal: 1994 Ho Chi Minh Men's doubles",
        "Competition: Sudirman Cup",
        "Silver Medal: 1991 Copenhagen Mixed team",
        "Silver Medal: 1993 Birmingham Mixed team",
        "Silver Medal: 1995 Lausanne Mixed team",
        "Silver Medal: 2001 Seville Mixed team",
        "Bronze Medal: 1999 Copenhagen Mixed team",
        "Competition: Thomas Cup",
        "Gold Medal: 1994 Jakarta Men's team",
        "Gold Medal: 1996 Hong Kong Men's team",
        "Gold Medal: 2002 Guangzhou Men's team",
        "Competition: Asian Games",
        "Gold Medal: 1994 Hiroshima Men's team",
        "Silver Medal: 2002 Busan Men's team",
        "Competition: Asian Championships",
        "Gold Medal: 2000 Jakarta Mixed doubles",
        "Gold Medal: 2001 Manila Men's doubles",
        "Silver Medal: 2001 Manila Mixed doubles",
        "Bronze Medal: 1998 Bangkok Mixed doubles",
        "Bronze Medal: 1999 Kuala Lumpur Mixed doubles",
        "Competition: Asian Cup",
        "Silver Medal: 1991 Jakarta Men's singles",
        "Bronze Medal: 1995 Qingdao Men's doubles",
        "Competition: Southeast Asian Games",
        "Silver Medal: 2001 Kuala Lumpur Men's doubles",
        "Silver Medal: 2001 Kuala Lumpur Mixed doubles",
        "Silver Medal: 2001 Kuala Lumpur Men's team"
    ]
}