{
    "name": "Bang Soo-hyun",
    "birth_place": "Seoul, South Korea",
    "event": "Women's singles",
    "highest_ranking": "1",
    "country": "South Korea",
    "handedness": "Right",
    "birth_date": "1972-09-13",
    "medaltemplates": [
        "Sport: Women's badminton",
        "Country: {{KOR}}",
        "Competition: Olympic Games",
        "Gold Medal: 1996 Atlanta Women's singles",
        "Silver Medal: 1992 Barcelona Women's singles",
        "Competition: World Championships",
        "Silver Medal: 1993 Birmingham Women's singles",
        "Bronze Medal: 1995 Lausanne Women's singles",
        "Competition: World Cup",
        "Silver Medal: 1994 Ho Chi Minh Women's singles",
        "Bronze Medal: 1992 Guangzhou Women's singles",
        "Competition: Sudirman Cup",
        "Gold Medal: 1991 Copenhagen Mixed team",
        "Gold Medal: 1993 Birmingham Mixed team",
        "Bronze Medal: 1995 Lausanne Mixed team",
        "Competition: Uber Cup",
        "Bronze Medal: 1996 Hong Kong Women's team",
        "Silver Medal: 1992 Kuala Lumpur Women's team",
        "Competition: Asian Games",
        "Gold Medal: 1994 Hiroshima Women's singles",
        "Gold Medal: 1994 Hiroshima Women's team",
        "Competition: Asian Championships",
        "Bronze Medal: 1995 Beijing Women's singles",
        "Competition: Asian Cup",
        "Gold Medal: 1995 Qingdao Women's singles",
        "Silver Medal: 1991 Jakarta Women's singles"
    ]
}