{
    "name": "Bao Yixin \u5305\u5b9c\u946b",
    "size": "250 px",
    "country": "China",
    "birth_place": "Zhuzhou, Hunan, China",
    "height": "1.74 m",
    "event": "Women's & mixed doubles",
    "handedness": "Right",
    "coach": "Chen Qiqiu",
    "highest_ranking": "1 (WD 23 October 2014) 2 (XD 3 December 2015)",
    "retired": "11 September 2017 ",
    "bwf_id": "AF4A3946-DA47-4488-AD5A-2D1D1C42D5E3",
    "birth_date": "1992-9-29",
    "medaltemplates": [
        "Sport: Women's badminton",
        "Country: {{CHN}}",
        "Competition: World Championships",
        "Silver Medal: 2015 Jakarta Mixed doubles",
        "Bronze Medal: 2014 Copenhagen Mixed doubles",
        "Competition: Sudirman Cup",
        "Silver Medal: 2017 Gold Coast Mixed team",
        "Competition: Uber Cup",
        "Gold Medal: 2014 New Delhi Women's team",
        "Competition: Asian Games",
        "Gold Medal: 2014 Incheon Women's team",
        "Competition: Asian Championships",
        "Silver Medal: 2012 Qingdao Women's doubles",
        "Bronze Medal: 2011 Chengdu Women's doubles",
        "Competition: Asia Mixed Team Championships",
        "Bronze Medal: 2017 Ho Chi Minh Mixed team",
        "Competition: World Junior Championships",
        "Gold Medal: 2009 Alor Setar Mixed team",
        "Gold Medal: 2010 Guadalajara Girls' doubles",
        "Gold Medal: 2010 Guadalajara Mixed doubles",
        "Gold Medal: 2010 Guadalajara Mixed team",
        "Bronze Medal: 2009 Alor Setar Mixed doubles",
        "Competition: Asian Junior Championships",
        "Gold Medal: 2009 Kuala Lumpur Mixed doubles",
        "Gold Medal: 2010 Kuala Lumpur Mixed doubles",
        "Gold Medal: 2010 Kuala Lumpur Mixed team",
        "Silver Medal: 2009 Kuala Lumpur Mixed team",
        "Silver Medal: 2010 Kuala Lumpur Girls' doubles"
    ]
}