{
    "name": "Bao Chunlai \u9c8d\u6625\u6765",
    "country": "China",
    "birth_place": "Changsha, Hunan, China",
    "height": "1.91",
    "weight": "80",
    "handedness": "Left",
    "event": "Men's singles",
    "highest_ranking": "1",
    "date_of_highest_ranking": "5 September 2002",
    "birth_date": "1983-2-17",
    "medaltemplates": [
        "Sport: Men's badminton",
        "Country: {{CHN}}",
        "Competition: World Championships",
        "Silver Medal: 2006 Madrid Men's singles",
        "Bronze Medal: 2003 Birmingham Men's singles",
        "Bronze Medal: 2007 Kuala Lumpur Men's singles",
        "Competition: Sudirman Cup",
        "Gold Medal: 2005 Beijing Mixed team",
        "Gold Medal: 2007 Glasgow Mixed team",
        "Gold Medal: 2009 Guangzhou Mixed team",
        "Gold Medal: 2011 Qingdao Mixed team",
        "Silver Medal: 2003 Eindhoven Mixed team",
        "Competition: Thomas Cup",
        "Gold Medal: 2004 Jakarta Men's team",
        "Gold Medal: 2006 Sendai & Tokyo Men's team",
        "Gold Medal: 2008 Jakarta Men's team",
        "Gold Medal: 2010 Kuala Lumpur Men's team",
        "Competition: Asian Games",
        "Gold Medal: 2006 Doha Men's team",
        "Gold Medal: 2010 Guangzhou Men's team",
        "Bronze Medal: 2002 Busan Men's team",
        "Competition: World Junior Championships",
        "Gold Medal: 2000 Guangzhou Boys' singles",
        "Gold Medal: 2000 Guangzhou Mixed team",
        "Competition: Asian Junior Championships",
        "Gold Medal: 2000 Kyoto Boys' team"
    ]
}