{
    "name": "Baptiste Car\u00eame",
    "country": "France",
    "birth_place": "Grande-Synthe, France",
    "height": "1.81 m",
    "weight": "78 kg",
    "event": "Men's & mixed doubles",
    "highest_ranking": "29 (MD) 27 (XD)",
    "birth_date": "1985-10-25",
    "medaltemplates": [
        "Sport: Men's badminton",
        "Country: {{FRA}}",
        "Competition: European Men's Team Championships",
        "Silver Medal: 2016 Kazan Men's team",
        "Competition: Mediterranean Games",
        "Bronze Medal: 2013 Mersin Men's doubles"
    ]
}