{
    "name": "Bart\u0142omiej Mr\u00f3z",
    "country": "POL",
    "birth_place": "K\u0119dzierzyn-Ko\u017ale, Poland",
    "residence": "K\u0119dzierzyn-Ko\u017ale, Poland",
    "height": "1.75 m",
    "weight": "66 kg",
    "event": "Men's singles and doubles SU5",
    "highest_ranking": "3 (MS 27 August 2019), 5 (MD with \u0130lker Tuzcu 1 January 2019)",
    "current_ranking": "5 (MS), 11 (MD with \u0130lker Tuzcu)",
    "current_ranking_date": "1 November 2022",
    "birth_date": "1994-8-9",
    "medaltemplates": [
        "Competition: European Para Championships"
    ]
}