{
    "name": "Bastian Kersaudy",
    "country": "France",
    "birth_place": "Rennes, France",
    "height": "1.92 m",
    "weight": "83 kg",
    "handedness": "Right",
    "event": "Men's & mixed doubles",
    "highest_ranking": "44 (MD 12 March 2015)  33 (XD 28 June 2018)",
    "birth_date": "1994-6-9",
    "medaltemplates": [
        "Sport: Men's badminton",
        "Country: {{FRA}}",
        "Competition: European Men's Team Championships",
        "Silver Medal: 2016 Kazan Men's team",
        "Bronze Medal: 2018 Kazan Men's team",
        "Competition: Mediterranean Games",
        "Gold Medal: 2018 Tarragona Men's doubles",
        "Competition: European Junior Championships",
        "Silver Medal: 2013 Ankara Mixed team"
    ]
}