{
    "name": "Beatriz Monteiro",
    "country": "POR",
    "birth_place": "Lisbon, Portugal",
    "event": "Women's singles SU5, Women's doubles SL3\u2013SU5",
    "highest_ranking": "5 (WS 31 March 2022), 7 (WD with Catherine Naudin 8 November 2022)",
    "current_ranking": "7 (WS), 7 (WD with Catherine Naudin)",
    "current_ranking_date": "8 November 2022",
    "birth_date": "2005-12-23",
    "medaltemplates": [
        "Competition: European Para Championships",
        "Bronze Medal: 2023 Rotterdam Women's singles SU5"
    ]
}