{
    "name": "Beatriz Corrales",
    "birth_name": "Beatriz Corrales Oca\u00f1a",
    "country": "Spain",
    "birth_place": "Legan\u00e9s, Spain",
    "height": "1.64 m",
    "weight": "55 kg",
    "handedness": "Right",
    "event": "Women's singles & doubles",
    "highest_ranking": "20 (WS 27 April 2017) 38 (WD with Clara Azurmendi 24 January 2023)",
    "current_ranking": "80 (WS) 38 (WD with Clara Azurmendi)",
    "date_of_current_ranking": "31 January 2023",
    "birth_date": "1992-12-03",
    "medaltemplates": [
        "Sport: Women's badminton",
        "Country: {{ESP}}",
        "Competition: European Women's Team Championships",
        "Silver Medal: 2024 \u0141\u00f3d\u017a Women's team",
        "Bronze Medal: 2016 Kazan Women's team",
        "Bronze Medal: 2018 Kazan Women's team",
        "Competition: Mediterranean Games",
        "Silver Medal: 2018 Tarragona Women's singles",
        "Silver Medal: 2022 Oran Women's singles",
        "Competition: European Junior Championships",
        "Silver Medal: 2011 Vantaa Women's Singles"
    ]
}