{
    "name": "Beiwen Zhang \u5f20\u84d3\u96ef",
    "country": "China (until 2007) Singapore (2007\u20132013) United States (2013\u2013present)",
    "birth_place": "Anshan, Liaoning, China",
    "residence": "Las Vegas, Nevada, United States",
    "height": "m=1.69",
    "handedness": "Right",
    "event": "Women's singles",
    "career_record": "319 wins, 173 losses",
    "highest_ranking": "9",
    "date_of_highest_ranking": "22 June 2017",
    "current_ranking": "10",
    "date_of_current_ranking": "9 April 2024",
    "bwf_id": "CDD166DD-3FA5-41E9-BEC8-AE7134F1DFC6",
    "birth_date": "1990-07-12",
    "medaltemplates": [
        "Sport: Women's badminton",
        "Country: the {{USA}}",
        "Competition: Pan American Games",
        "Gold Medal: 2023 Santiago Women's singles",
        "Competition: Pan Am Championships",
        "Gold Medal: 2021 Guatemala City Women's singles",
        "Gold Medal: 2024 Guatemala City Women's singles",
        "Silver Medal: 2022 San Salvador Women's singles",
        "Silver Medal: 2023 Kingston Women's singles",
        "Competition: Pan Am Mixed Team Championships",
        "Silver Medal: 2023 Guadalajara Mixed team",
        "Competition: Pan Am Female Badminton Cup",
        "Silver Medal: 2024 S\u00e3o Paulo Women's team",
        "Country: {{SIN}}",
        "Competition: Southeast Asian Games",
        "Bronze Medal: 2009 Vientiane Women's team",
        "Competition: World Junior Championships",
        "Bronze Medal: 2007 Waitakere City Mixed team"
    ]
}