{
    "name": "Bellaetrix Manuputty",
    "country": "Indonesia",
    "birth_place": "Jakarta, Indonesia",
    "height": "1.66",
    "weight": "53",
    "event": "Women's singles",
    "handedness": "Right",
    "highest_ranking": "22",
    "date_of_highest_ranking": "12 July 2014",
    "bwf_id": "B70BD663-B33B-4222-AD45-233481D8AA52",
    "birth_date": "1988-10-11",
    "medaltemplates": [
        "Sport: Women's badminton",
        "Country: {{INA}}",
        "Competition: Sudirman Cup",
        "Bronze Medal: 2015 Dongguan Mixed team",
        "Competition: SEA Games",
        "Gold Medal: 2013 Naypyidaw {{Women's singles}}",
        "Silver Medal: {{2011 Jakarta\u2013Palembang}} Women's team",
        "Competition: Summer Universiade",
        "Gold Medal: 2011 Shenzhen Mixed team",
        "Competition: Asian Junior Championships",
        "Bronze Medal: 2005 Jakarta Girls' singles",
        "Bronze Medal: 2005 Jakarta Girls' team",
        "Bronze Medal: 2006 Kuala Lumpur Mixed team"
    ]
}