{
    "name": "Ben Lane",
    "country": "England",
    "birth_place": "Kingston, Surrey, England",
    "residence": "Milton Keynes, England",
    "height": "1.75 m",
    "weight": "70 kg",
    "handedness": "Left",
    "event": "Men's & mixed doubles",
    "highest_ranking": "13 (MD with Sean Vendy 27 September 2022) 21 (XD with Jessica Pugh 28 June 2018)",
    "current_ranking": "19",
    "date_of_current_ranking": "MD with Sean Vendy 16 April 2024",
    "birth_date": "1997-7-13",
    "medaltemplates": [
        "Sport: Men's badminton",
        "Country: {{GBR}}",
        "Competition: European Games",
        "Silver Medal: 2023 Krak\u00f3w\u2013Ma\u0142opolska Men's doubles",
        "Country: {{ENG}}",
        "Competition: Commonwealth Games",
        "Silver Medal: 2022 Birmingham Men's doubles",
        "Bronze Medal: 2018 Gold Coast Mixed team",
        "Competition: European Championships",
        "Bronze Medal: 2022 Madrid Men's doubles",
        "Bronze Medal: 2024 Saarbr\u00fccken Men's doubles",
        "Competition: European Men's Team Championships",
        "Silver Medal: 2018 Kazan Men's team",
        "Bronze Medal: 2024 \u0141\u00f3d\u017a Men's team",
        "Competition: European Mixed Team Championships",
        "Bronze Medal: 2023 Aire-sur-la-Lys Mixed team",
        "Competition: European Junior Championships",
        "Silver Medal: 2015 Lubin Boys' doubles",
        "Silver Medal: 2015 Lubin Mixed team",
        "Bronze Medal: 2015 Lubin Mixed doubles"
    ]
}