{
    "name": "Ben Stawski",
    "birth_place": "Nuneaton, England",
    "country": "ENG",
    "event": "Men's singles & doubles",
    "highest_ranking": "593 (MS 22 October 2009)  64 (MD 12 September 2013)  59 (XD 4 October 2012)",
    "birth_date": "1990-6-5",
    "medaltemplates": [
        "Sport: Men's badminton",
        "Country: {{ENG}}",
        "Competition: European Junior Championships",
        "Bronze Medal: 2009 Milan Mixed doubles",
        "Bronze Medal: 2009 Milan Mixed team"
    ]
}