{
    "name": "Bengisu Er\u00e7etin",
    "country": "Turkey",
    "birth_place": "Istanbul, Turkey ",
    "residence": "Erzincan, Erzincan, Turkey",
    "height": "1.65 m",
    "weight": "70 kg",
    "event": "Women's doubles",
    "highest_ranking": "39",
    "date_of_highest_ranking": "with Nazl\u0131can \u0130nci 30 March 2021",
    "current_ranking": "55",
    "date_of_current_ranking": "with Nazl\u0131can \u0130nci 16 April 2024",
    "birth_date": "2001-1-1",
    "medaltemplates": [
        "Sport: Women's badminton",
        "Country: {{TUR}}",
        "Competition: European Championships",
        "Bronze Medal: 2024 Saarbr\u00fccken Women's doubles",
        "Competition: Mediterranean Games",
        "Gold Medal: 2022 Oran Women's doubles",
        "Silver Medal: 2018 Tarragona Women's doubles",
        "Competition: European Junior Championships",
        "Gold Medal: 2018 Tallinn Girls' doubles"
    ]
}