{
    "name": "Bengt Fr\u00f6man",
    "event": "Doubles",
    "country": "Sweden",
    "birth_date": "1950-11-30",
    "medaltemplates": [
        "Sport: Men's badminton",
        "Country: {{SWE}}",
        "Competition: World Championships",
        "Bronze Medal: 1977 Malm\u00f6 Men's doubles",
        "Competition: European Championships",
        "Silver Medal: 1978 Preston Men's doubles",
        "Silver Medal: 1980 Groningen Men's doubles",
        "Bronze Medal: 1976 Dublin Men's doubles",
        "Bronze Medal: 1976 Dublin Mixed team",
        "Bronze Medal: 1978 Preston Mixed team",
        "Bronze Medal: 1980 Groningen Mixed team",
        "Competition: European Junior Championships",
        "Bronze Medal: 1969 Leidschendam-Voorburg Mixed doubles"
    ]
}