{
    "name": "Benyapa Aimsaard",
    "country": "Thailand",
    "handedness": "Right",
    "event": "Women's singles & doubles",
    "highest_ranking": "66 (WS 23 March 2021) 9 (WD 3 January 2023) 144 (XD 17 March 2020)",
    "current_ranking": "15 (WD)",
    "date_of_current_ranking": "9 April 2024",
    "birth_date": "2002-8-29",
    "medaltemplates": [
        "Sport: Women's badminton",
        "Country: {{THA}}",
        "Competition: Uber Cup",
        "Bronze Medal: 2020 Aarhus Women's team",
        "Bronze Medal: 2022 Bangkok Women's team",
        "Competition: Asian Games",
        "Bronze Medal: 2022 Hangzhou Women's team",
        "Competition: Asia Mixed Team Championships",
        "Bronze Medal: 2023 Dubai Mixed team",
        "Competition: Asia Team Championships",
        "Silver Medal: 2024 Selangor Women's team",
        "Competition: SEA Games",
        "Gold Medal: 2021 Vietnam Women's team",
        "Gold Medal: 2023 Cambodia Women's team",
        "Silver Medal: 2021 Vietnam Women's doubles",
        "Competition: World Junior Championships",
        "Bronze Medal: 2019 Kazan Mixed team",
        "Bronze Medal: 2019 Kazan Mixed doubles",
        "Competition: Asian Junior Championships",
        "Gold Medal: 2019 Suzhou Mixed team",
        "Bronze Medal: 2019 Suzhou Girls' singles"
    ]
}