{
    "name": "Ber\u00f3nica Vibieca",
    "birth_name": "Nieve Ber\u00f3nica Vibieca Aquino",
    "country": "Dominican Republic",
    "height": "1.73 m",
    "event": "Women's singles & doubles",
    "highest_ranking": "107 (WS 31 October 2013)  96 (WD 19 January 2012)  74 (XD 26 February 2015)",
    "birth_date": "1990-1-6",
    "medaltemplates": [
        "Sport: Women's badminton",
        "Country: {{DOM}}",
        "Competition: Central American and Caribbean Games",
        "Bronze Medal: 2010 Mayag\u00fcez Women's team",
        "Bronze Medal: 2014 Veracruz Women's singles"
    ]
}