{
    "name": "Berry Angriawan",
    "country": "Indonesia",
    "birth_place": "Sukabumi, West Java, Indonesia",
    "height": "m=1.78",
    "weight": "78",
    "handedness": "Right",
    "event": "Men's doubles",
    "highest_ranking": "14",
    "date_of_highest_ranking": "with Hardianto 18 January 2018",
    "bwf_id": "69C52627-D04B-4DC9-AE95-B0D190F4D708",
    "birth_date": "1991-10-03",
    "medaltemplates": [
        "Sport: Men's badminton",
        "Country: {{INA}}",
        "Competition: Thomas Cup",
        "Bronze Medal: 2014 New Delhi Men's team",
        "Competition: Asia Team Championships",
        "Gold Medal: 2016 Hyderabad Men's team",
        "Competition: SEA Games",
        "Gold Medal: 2017 Kuala Lumpur Men's team",
        "Silver Medal: 2013 Naypyidaw Men's doubles",
        "Competition: World Junior Championships",
        "Silver Medal: 2009 Alor Setar Boys' doubles"
    ]
}