{
    "name": "Bianca de Oliveira Lima",
    "country": "Brazil",
    "event": "Women's singles & doubles",
    "highest_ranking": "257 (WS 30 August 2018)  141 (WD 22 September 2016)  185 (XD 20 April 2017)",
    "birth_date": "1996-8-27",
    "medaltemplates": [
        "Sport: Women's badminton",
        "Country: {{BRA}}",
        "Competition: Pan Am Championships",
        "Silver Medal: 2017 Santo Domingo Mixed team",
        "Bronze Medal: 2019 Lima Mixed team",
        "Competition: Pan Am Women's Team Championships",
        "Bronze Medal: 2020 Salvador Women's team"
    ]
}