{
    "name": "Billy Ng  \u9ec4\u7ecd\u94ed",
    "nickname": "''Billy the Kid''",
    "birth_place": "Johor Bahru, Johor, British Malaya",
    "event": "Men's singles",
    "country": "Malaysia",
    "years_active": "1959-1967",
    "coach": "Eddie Choong, Roland Ng & Ng Ngoh Tee",
    "birth_date": "1940",
    "medaltemplates": [
        "Sport: Men's badminton",
        "Country: {{MAS}}",
        "Competition: Thomas Cup",
        "Gold Medal: 1967 Jakarta Team",
        "Competition: Asian Games",
        "Silver Medal: 1966 Bangkok Men's team",
        "Bronze Medal: 1962 Jakarta Men's team",
        "Competition: Asian Championships",
        "Gold Medal: 1962 Kuala Lumpur Men's team",
        "Silver Medal: 1962 Kuala Lumpur Men's singles",
        "Competition: Southeast Asian Games",
        "Bronze Medal: 1967 Bangkok Men's singles"
    ]
}