{
    "name": "Billy Gilliland",
    "birth_place": "Greenock, Renfrewshire, Scotland",
    "country": "Scotland",
    "birth_date": "1957-3-27",
    "medaltemplates": [
        "Sport: Men's badminton",
        "Country: {{GBR2}}",
        "Competition: World Games",
        "Bronze Medal: 1981 Santa Clara Men's doubles",
        "Country: {{SCO}}",
        "Competition: Commonwealth Games",
        "Gold Medal: 1986 Edinburgh Men's doubles",
        "Silver Medal: 1978 Edmonton Mixed doubles",
        "Bronze Medal: 1986 Edinburgh Mixed doubles",
        "Competition: European Championships",
        "Bronze Medal: 1984 Preston Men's doubles",
        "Bronze Medal: 1978 Preston Mixed doubles",
        "Bronze Medal: 1980 Groningen Mixed doubles"
    ]
}