{
    "name": "Bilqis Prasista",
    "country": "Indonesia",
    "birth_place": "Magelang, Central Java, Indonesia",
    "handedness": "Right",
    "event": "Women's singles",
    "career_record": "51 wins, 38 losses",
    "highest_ranking": "78",
    "date_of_highest_ranking": "2 May 2023",
    "current_ranking": "125",
    "date_of_current_ranking": "16 April 2024",
    "bwf_id": "a7bf709c-8bdb-4533-8b24-07a185e9c33d",
    "birth_date": "2003-5-24",
    "medaltemplates": [
        "Sport: Women's badminton",
        "Country: {{INA}}",
        "Competition: Asia Team Championships",
        "Gold Medal: 2022 Selangor Women's team"
    ]
}