{
    "name": "Birgit Michels",
    "birth_name": "Birgit Overzier",
    "country": "Germany",
    "birth_place": "K\u00f6ln, West Germany",
    "residence": "Bonn, Germany",
    "height": "1.78 m",
    "handedness": "Right",
    "highest_ranking": "13 (WD), 6 (XD)",
    "birth_date": "{{birth date and age|1984|09|28|df=y}}<ref name=bwf>{{cite web |title=Birgit Michels Player Profile |url=http://bwfcontent.tournamentsoftware.com/profile/default.aspx?id=79229D5E-2208-48D8-99D8-34F1982C5D0D |publisher=BWF-Tournament Software |access-date=9 April 2016 |archive-url=https://archive.today/20130725093745/http://bwfcontent.tournamentsoftware.com/profile/overview.aspx?id=79229D5E-2208-48D8-99D8-34F1982C5D0D |archive-date=25 July 2013 |url-status=dead |df=dmy-all }}</ref>",
    "medaltemplates": [
        "Sport: Women's badminton",
        "Country: {{GER}}",
        "Competition: Uber Cup",
        "Bronze Medal: 2008 Jakarta Women's team",
        "Competition: European Championships",
        "Bronze Medal: 2012 Karlskrona Women's doubles",
        "Competition: European Mixed Team Championships",
        "Gold Medal: 2013 Moscow Mixed team",
        "Silver Medal: 2011 Amsterdam Mixed team",
        "Bronze Medal: 2015 Leuven Mixed team",
        "Competition: European Women's Team Championships",
        "Gold Medal: 2012 Amsterdam Women's team",
        "Bronze Medal: 2006 Thessalonica Women's team",
        "Bronze Medal: 2008 Almere Women's team",
        "Bronze Medal: 2010 Warsaw Women's team",
        "Bronze Medal: 2014 Basel Women's team",
        "Bronze Medal: 2016 Kazan Women's team",
        "Competition: European Junior Championships",
        "Gold Medal: 2001 Spa\u0142a Mixed team",
        "Gold Medal: 2003 Esbjerg Mixed doubles",
        "Gold Medal: 2003 Esbjerg Mixed team",
        "Silver Medal: 2003 Esbjerg Girls' doubles",
        "Bronze Medal: 2001 Spa\u0142a Mixed doubles"
    ]
}