{
    "name": "Bj\u00f6rn Joppien",
    "birth_place": "Langenfeld, West Germany",
    "height": "m=1.92",
    "weight": "85",
    "event": "Men's singles",
    "country": "Germany",
    "years_active": "1997\u20132009",
    "handedness": "Left",
    "coach": "Xu Yan Wang",
    "highest_ranking": "8",
    "birth_date": "1981-1-30",
    "medaltemplates": [
        "Sport: Men's badminton",
        "Country: {{GER}}",
        "Competition: European Championships",
        "Bronze Medal: 2004 Geneva Men's singles",
        "Competition: European Mixed Team Championships",
        "Bronze Medal: 2004 Geneva Mixed team",
        "Competition: European Men's Team Championships",
        "Silver Medal: 2006 Thessalonica Men's team",
        "Bronze Medal: 2008 Almere Men's team",
        "Competition: European Junior Championships",
        "Gold Medal: 1999 Glasgow Boys' singles",
        "Gold Medal: 1999 Glasgow Mixed team"
    ]
}