{
    "name": "Bjorn Seguin",
    "birth_place": "Los Angeles, California",
    "height": "1.87 m",
    "weight": "84 kg",
    "event": "Men's",
    "country": "United States",
    "highest_ranking": "67 (MS) 16 Jul 2015, 65 (MD) 4 Dec 2014, 72 (XD) 1 Sep 2016",
    "birth_date": "1990-4-4",
    "medaltemplates": [
        "Sport: Badminton",
        "Country: {{USA}}",
        "Competition: Pan Am Championships",
        "Silver Medal: 2014 Markham Men's singles",
        "Silver Medal: 2014 Markham Mixed team",
        "Bronze Medal: 2017 Havana Men's singles"
    ]
}