{
    "name": "Bobby Ertanto",
    "birth_name": "Bobby Ertanto Kurniawan",
    "birth_place": "Surabaya, East Java, Indonesia ",
    "event": "Men's doubles",
    "country": "Indonesia",
    "coach": "Ong Thio Djian",
    "handedness": "Right",
    "birth_date": "1960-8-2",
    "medaltemplates": [
        "Sport: Men's badminton",
        "Country: {{INA}}",
        "Competition: World Championships",
        "Bronze Medal: 1983 Copenhagen Men's doubles",
        "Competition: World Cup",
        "Gold Medal: 1986 Jakarta Men's doubles",
        "Silver Medal: 1983 Kuala Lumpur Men's doubles",
        "Bronze Medal: 1985 Jakarta Men's doubles",
        "Competition: World Senior Championships",
        "Gold Medal: 2017 Kochi Men's doubles 50+",
        "Gold Medal: 2017 Kochi Mixed doubles 55+",
        "Bronze Medal: 2019 Katowice Mixed doubles 55+",
        "Competition: Thomas Cup",
        "Silver Medal: 1986 Jakarta Men's team",
        "Bronze Medal: 1988 Kuala Lumpur Men's team",
        "Competition: Asian Games",
        "Bronze Medal: 1986 Seoul Men's doubles",
        "Bronze Medal: 1986 Seoul Men's team",
        "Competition: Asian Championships",
        "Silver Medal: 1987 Semarang Men's team",
        "Competition: SEA Games",
        "Gold Medal: 1983 Singapore Men's doubles",
        "Gold Medal: 1983 Singapore Men's team",
        "Gold Medal: 1987 Jakarta Men's team",
        "Silver Medal: 1983 Singapore Mixed doubles",
        "Bronze Medal: 1987 Jakarta Men's doubles"
    ]
}