{
    "name": "Bobby Setiabudi",
    "country": "Indonesia",
    "birth_place": "Situbondo Regency, East Java, Indonesia",
    "handedness": "Right",
    "event": "Men's singles",
    "highest_ranking": "126",
    "date_of_highest_ranking": "2 May 2023",
    "bwf_id": "299173E1-7570-4364-A20D-06855009B7B1",
    "birth_date": "2001-3-22",
    "medaltemplates": [
        "Sport: Men's badminton",
        "Country: {{INA}}",
        "Competition: SEA Games",
        "Bronze Medal: 2021 Vietnam Men's team",
        "Competition: World Junior Championships",
        "Gold Medal: 2019 Kazan Mixed team",
        "Competition: Asian Junior Championships",
        "Silver Medal: 2019 Suzhou Mixed team"
    ]
}