{
    "name": "Bodin Isara",
    "country": "Thailand",
    "birth_place": "Bangkok, Thailand",
    "height": "m=1.75",
    "event": "Men's & mixed doubles",
    "handedness": "Left",
    "highest_ranking": "7 (MD 10 January 2013)  10 (XD 10 February 2017)",
    "birth_date": "1990-12-12",
    "medaltemplates": [
        "Sport: Men's badminton",
        "Country: {{THA}}",
        "Competition: Sudirman Cup",
        "Bronze Medal: 2017 Gold Coast Mixed team",
        "Competition: Asian Games",
        "Bronze Medal: 2010 Guangzhou Men's team",
        "Competition: Asia Mixed Team Championships",
        "Bronze Medal: 2017 Ho Chi Minh Mixed team",
        "Competition: SEA Games",
        "Silver Medal: 2015 Singapore Men's team",
        "Silver Medal: 2019 Philippines Men's doubles",
        "Bronze Medal: 2009 Vientiane Men's team",
        "Bronze Medal: 2011 Jakarta\u2013Palembang Men's team",
        "Bronze Medal: 2017 Kuala Lumpur Men's doubles",
        "Bronze Medal: 2017 Kuala Lumpur Mixed doubles",
        "Bronze Medal: 2017 Kuala Lumpur Men's team",
        "Bronze Medal: 2019 Philippines Men's team",
        "Competition: Summer Universiade",
        "Gold Medal: 2011 Shenzhen Men's doubles",
        "Bronze Medal: 2011 Shenzhen Mixed team",
        "Bronze Medal: 2015 Gwangju Men's doubles",
        "Bronze Medal: 2015 Gwangju Mixed team"
    ]
}