{
    "name": "Bona Septano",
    "country": "Indonesia",
    "birth_place": "Medan, North Sumatera, Indonesia",
    "event": "Men's doubles",
    "highest_ranking": "5",
    "date_of_highest_ranking": "with Mohammad Ahsan 9 August 2012",
    "coach": "Aryono Miranat Herry Iman Pierngadi",
    "handedness": "Right",
    "birth_date": "1987-9-22",
    "medaltemplates": [
        "Sport: Men's badminton",
        "Country: {{INA}}",
        "Competition: World Championships",
        "Bronze Medal: 2011 London Men's doubles",
        "Competition: Sudirman Cup",
        "Bronze Medal: 2009 Guangzhou Mixed team",
        "Bronze Medal: 2011 Qingdao Mixed team",
        "Competition: Thomas Cup",
        "Silver Medal: 2010 Kuala Lumpur Men's team",
        "Competition: SEA Games",
        "Gold Medal: 2009 Vientiane Men's team",
        "Gold Medal: 2011 Jakarta\u2013Palembang Men's doubles",
        "Gold Medal: 2011 Jakarta\u2013Palembang Men's team",
        "Bronze Medal: 2009 Vientiane Men's doubles",
        "Competition: Summer Universiade",
        "Bronze Medal: 2007 Bangkok Mixed team"
    ]
}