{
    "name": "Boon Xin Yuan, \u6587\u946b\u6e90",
    "country": "Malaysia",
    "birth_place": "Malacca, Malaysia",
    "height": "1.76 m",
    "years_active": "2015\u2013present",
    "handedness": "Right",
    "coach": "Ong Ewe Hock",
    "event": "Men's doubles",
    "highest_ranking": "48",
    "date_of_highest_ranking": "with Wong Tien Ci 31 January 2023",
    "current_ranking": "58",
    "date_of_current_ranking": "with Wong Tien Ci 28 March 2023",
    "birth_date": "1999-02-27"
}