{
    "name": "Brenda Beenhakker",
    "nickname": "Big Brenda",
    "birth_place": "Arnhem, Gelderland, Netherlands",
    "height": "1.79 m",
    "country": "Netherlands",
    "handedness": "Right",
    "event": "Women's singles & doubles",
    "career_record": "172 wins, 120 losses",
    "bwf_id": "157181FC-2428-4332-B8C5-901E4B880656",
    "birth_date": "1977-2-18",
    "medaltemplates": [
        "Sport: Women's badminton",
        "Country: {{NED}}",
        "Competition: Uber Cup",
        "Bronze Medal: 2002 Guangzhou Women's team",
        "Competition: European Championships",
        "Bronze Medal: 2002 Malm\u00f6 Women's singles",
        "Competition: European Mixed Team Championships",
        "Silver Medal: 2004 Geneva Mixed team",
        "Silver Medal: 2006 Den Bosch Mixed team",
        "Bronze Medal: 2002 Malm\u00f6 Mixed team",
        "Competition: European Women's Team Championships",
        "Gold Medal: 2006 Thessaloniki Women's team",
        "Competition: European Junior Championships",
        "Gold Medal: 1995 Nitra Girls' singles"
    ]
}