{
    "name": "Brian Yang",
    "country": "Canada",
    "birth_place": "Toronto, Ontario, Canada",
    "residence": "Richmond Hill, Ontario, Canada",
    "height": "1.80 m",
    "weight": "66 kg",
    "handedness": "Right",
    "event": "Men's singles",
    "highest_ranking": "21",
    "date_of_highest_ranking": "27 December 2022",
    "current_ranking": "23",
    "date_of_current_ranking": "9 April 2024",
    "birth_date": "2001-11-25",
    "medaltemplates": [
        "Sport: Men's badminton",
        "Country: {{CAN}}",
        "Competition: Pan American Games",
        "Gold Medal: 2023 Santiago Men's singles",
        "Silver Medal: 2019 Lima Men's singles",
        "Competition: Pan Am Championships",
        "Gold Medal: 2021 Guatemala City Men's singles",
        "Gold Medal: 2023 Kingston Men's singles",
        "Silver Medal: 2022 San Salvador Men's singles",
        "Bronze Medal: 2024 Guatemala City Men's singles",
        "Competition: Pan Am Mixed Team Championships",
        "Gold Medal: 2019 Lima Mixed team",
        "Gold Medal: 2023 Guadalajara Mixed team",
        "Competition: Pan Am Male Cup",
        "Gold Medal: 2018 Tacarigua Men's team",
        "Gold Medal: 2020 Salvador Men's team",
        "Gold Medal: 2022 Acapulco Men's team",
        "Gold Medal: 2024 S\u00e3o Paulo Men's team",
        "Competition: Junior Pan American Games",
        "Gold Medal: 2021 Cali\u2013Valle Boys' singles",
        "Gold Medal: 2021 Cali\u2013Valle Mixed doubles",
        "Competition: Pan Am Junior Championships",
        "Gold Medal: 2016 Lima Boys' doubles",
        "Gold Medal: 2016 Lima Mixed doubles",
        "Gold Medal: 2016 Lima Mixed team",
        "Gold Medal: 2017 Markham Boys' singles",
        "Gold Medal: 2017 Markham Mixed doubles",
        "Gold Medal: 2018 Salvador Mixed team",
        "Gold Medal: 2019 Moncton Boys' singles",
        "Gold Medal: 2019 Moncton Boys' doubles",
        "Silver Medal: 2017 Markham Mixed team",
        "Silver Medal: 2019 Moncton Mixed doubles",
        "Country: {{{{flagicon}} Mixed-NOCs}}",
        "Competition: Youth Olympic Games",
        "Gold Medal: 2018 Buenos Aires Mixed team"
    ]
}