{
    "name": "Brice Leverdez",
    "country": "France",
    "birth_place": "La Garenne-Colombes, France",
    "residence": "Saint-Maur-des-Foss\u00e9s, France",
    "height": "1.80 m",
    "weight": "75 kg",
    "years_active": "2005\u2013present",
    "handedness": "Right",
    "event": "Men's singles & doubles",
    "highest_ranking": "19 (MS 12 July 2018)  49 (MD 26 June 2014)",
    "current_ranking": "40",
    "date_of_current_ranking": "MS 31 January 2023",
    "birth_date": "1986-4-9",
    "medaltemplates": [
        "Sport: Men's badminton",
        "Country: {{FRA}}",
        "Competition: European Games",
        "Silver Medal: 2019 Minsk Men's singles",
        "Competition: European Championships",
        "Bronze Medal: 2018 Huelva Men's singles",
        "Competition: European Men's Team Championships",
        "Silver Medal: 2016 Kazan Men's team",
        "Bronze Medal: 2018 Kazan Men's team",
        "Bronze Medal: 2020 Li\u00e9vin Men's team",
        "Competition: Mediterranean Games",
        "Gold Medal: 2013 Mersin Men's singles",
        "Competition: European Junior Championships",
        "Bronze Medal: 2005 Den Bosch Boys' doubles"
    ]
}