{
    "name": "Bridget Shamim Bangi",
    "birth_place": "Luzira, Uganda",
    "height": "1.62 m",
    "weight": "55 kg",
    "country": "UGA",
    "event": "Women's singles & doubles",
    "highest_ranking": "107 (WS 2 April 2015)  132 (WD 29 March 2015)  166 (XD 18 June 2015)",
    "current_ranking": "1279 (WS 23 November 2021)",
    "birth_date": "1993-7-6",
    "medaltemplates": [
        "Sport: Women's badminton",
        "Country: {{UGA}}",
        "Competition: African Championshios",
        "Bronze Medal: 2012 Addis Ababa Women's doubles",
        "Competition: Africa Team Championships",
        "Bronze Medal: 2016 Rose Hill Women's team"
    ]
}