{
    "name": "Brigitte Steden",
    "birth_place": "Wuppertal, North Rhine-Westphalia, West Germany",
    "death_date": "df=yes",
    "death_place": "Bochum, North Rhine-Westphalia, Germany",
    "event": "Singles and Doubles",
    "country": "Germany",
    "handedness": "Right",
    "birth_date": "1949-3-16",
    "medaltemplates": [
        "Sport: Women's badminton",
        "Country: {{FRG}}",
        "Competition: European Championships",
        "Bronze Medal: 1972 Karlskrona Mixed doubles",
        "Bronze Medal: 1972 Karlskrona Mixed team"
    ]
}