{
    "name": "Brittney Tam \u8c2d\u78a7\u8d24",
    "birth_name": "Brittney Shannon Tam",
    "birth_place": "Toronto, Canada",
    "residence": "Markham, Canada",
    "height": "1.70 m",
    "weight": "60 kg",
    "country": "Canada",
    "years_active": "2014",
    "handedness": "Right",
    "coach": "Kevin Cao",
    "event": "Women's singles & doubles",
    "highest_ranking": "43 (WS 24 December 2019)  326 (WD 14 April 2016)  74 (XD 18 June 2015)",
    "current_ranking": "79",
    "date_of_current_ranking": "WS 9 August 2022",
    "birth_date": "1997-8-23",
    "medaltemplates": [
        "Sport: Women's badminton",
        "Country: {{CAN}}",
        "Competition: Pan Am Championships",
        "Gold Medal: 2014 Markham Mixed team",
        "Gold Medal: 2016 Campinas Mixed team",
        "Gold Medal: 2016 Campinas Women's singles",
        "Gold Medal: 2016 Campinas Mixed doubles",
        "Gold Medal: 2017 Santo Domingo Mixed team",
        "Gold Medal: 2019 Lima Mixed team",
        "Silver Medal: 2017 Havana Women's singles",
        "Silver Medal: 2017 Havana Mixed doubles",
        "Silver Medal: 2019 Aguascalientes Women's singles",
        "Bronze Medal: 2018 Guatemala City Women's singles",
        "Competition: Pan Am Women's Team Championships",
        "Gold Medal: 2018 Tacarigua Women's team",
        "Gold Medal: 2020 Salvador Women's team",
        "Competition: Pan Am Junior Championships",
        "Gold Medal: 2013 Puerto Vallarta Mixed team",
        "Silver Medal: 2012 Edmonton Mixed doubles",
        "Silver Medal: 2012 Edmonton Mixed team"
    ]
}