{
    "name": "Britta Andersen",
    "country": "Denmark",
    "birth_place": "Aarhus, Denmark",
    "height": "1.68 m",
    "event": "Doubles",
    "handedness": "Right",
    "birth_date": "19 December 1979",
    "medaltemplates": [
        "Sport: Women's badminton",
        "Country: {{DEN}}",
        "Competition: World Junior Championships",
        "Bronze Medal: 1996 Silkeborg Girls' doubles",
        "Competition: European Junior Championships",
        "Gold Medal: 1997 Nymburk Mixed doubles",
        "Gold Medal: 1997 Nymburk Mixed team",
        "Silver Medal: 1997 Nymburk Girls' doubles"
    ]
}