{
    "name": "Broddi Kristj\u00e1nsson",
    "birth_place": "Reykjav\u00edk, Iceland",
    "height": "185cm",
    "event": "Men's singles & men's doubles",
    "country": "Iceland",
    "handedness": "Right",
    "birth_date": "1960-12-8",
    "medaltemplates": [
        "Sport: Men's badminton",
        "Country: {{ISL}}",
        "Competition: World Senior Championships",
        "Gold Medal: 2009 Huelva Men's singles 45+",
        "Bronze Medal: 2015 Helsingborg Men's singles 50+",
        "Bronze Medal: 2021 Huelva Men's singles 60+"
    ]
}