{
    "name": "Bryan Moody",
    "birth_place": "Pointe-Claire, Quebec, Canada",
    "height": "1.75 m",
    "weight": "77 kg",
    "country": "CAN",
    "handedness": "Right",
    "event": "Men's & mixed doubles",
    "birth_date": "1972-1-16",
    "medaltemplates": [
        "Sport: Men's badminton",
        "Country: {{CAN}}",
        "Competition: Pan American Games",
        "Bronze Medal: 1999 Winnipeg Men's doubles",
        "Competition: Pan Am Championships",
        "Bronze Medal: 1997 Winnipeg Men's doubles"
    ]
}