{
    "name": "J. Bryan Blanshard",
    "country": "Canada",
    "birth_place": "Toronto, Ontario, Canada",
    "height": "1.73 m",
    "handedness": "Right",
    "birth_date": "1966-1-28",
    "medaltemplates": [
        "Sport: Men's badminton",
        "Country: {{CAN}}",
        "Competition: Commonwealth Games",
        "Silver Medal: 1990 Auckland Mixed team",
        "Bronze Medal: 1990 Auckland Men's doubles",
        "Competition: Pan American Championships",
        "Gold Medal: 1991 Kingston Men's doubles",
        "Silver Medal: 1991 Kingston Men's singles"
    ]
}