{
    "name": "Budi Santoso",
    "birth_place": "Klaten, Central Java, Indonesia",
    "country": "INA",
    "handedness": "Right",
    "event": "Men's singles",
    "birth_date": "1975-6-8",
    "medaltemplates": [
        "Sport: Men's badminton",
        "Country: {{INA}}",
        "Competition: Thomas Cup",
        "Gold Medal: 2002 Guangzhou Men's team",
        "Competition: Asian Games",
        "Gold Medal: 1998 Bangkok Men's team",
        "Competition: Asia Cup",
        "Gold Medal: 1997 Jakarta Men's team"
    ]
}