{
    "name": "Busanan Ongbamrungphan",
    "country": "Thailand",
    "birth_place": "Nonthaburi, Thailand",
    "height": "1.68",
    "handedness": "Right",
    "event": "Women's singles",
    "highest_ranking": "10",
    "date_of_highest_ranking": "1 November 2022",
    "current_ranking": "18",
    "date_of_current_ranking": "6 February 2024",
    "bwf_id": "2E8E31B9-0832-43E8-A7CC-A620D9DF8DE0",
    "birth_date": "22 March 1996",
    "medaltemplates": [
        "Sport: Women's badminton",
        "Country: {{THA}}",
        "Competition: Sudirman Cup",
        "Bronze Medal: 2017 Gold Coast Mixed team",
        "Bronze Medal: 2019 Nanning Mixed team",
        "Competition: Uber Cup",
        "Silver Medal: 2018 Bangkok Women's team",
        "Bronze Medal: 2020 Aarhus Women's team",
        "Bronze Medal: 2022 Bangkok Women's team",
        "Competition: Asian Games",
        "Bronze Medal: 2018 Jakarta\u2013Palembang Women's team",
        "Bronze Medal: 2022 Hangzhou Women's team",
        "Competition: Asia Mixed Team Championships",
        "Bronze Medal: 2017 Ho Chi Minh Mixed team",
        "Bronze Medal: 2023 Dubai Mixed team",
        "Competition: Asia Team Championships",
        "Silver Medal: 2024 Selangor Women's team",
        "Bronze Medal: 2016 Hyderabad Women's team",
        "Bronze Medal: 2020 Manila Women's team",
        "Competition: SEA Games",
        "Gold Medal: {{2015 Singapore}} {{Women's singles}}",
        "Gold Medal: 2015 Singapore Women's team",
        "Gold Medal: 2017 Kuala Lumpur Women's team",
        "Gold Medal: 2019 Philippines Women's team",
        "Silver Medal: 2013 Naypyidaw Women's singles",
        "Competition: Summer Universiade",
        "Bronze Medal: 2015 Gwangju Mixed team",
        "Competition: Youth Olympic Games",
        "Bronze Medal: 2014 Nanjing Girls' singles",
        "Competition: World Junior Championships",
        "Bronze Medal: 2013 Bangkok Girls' singles",
        "Bronze Medal: 2014 Alor Setar Mixed team",
        "Competition: Asian Youth Games",
        "Silver Medal: 2013 Nanjing Girls' singles",
        "Competition: Asian Junior Championship",
        "Silver Medal: 2013 Kota Kinabalu Girls' singles",
        "Bronze Medal: 2012 Gimcheon Girls' singles",
        "Bronze Medal: 2014 Taipei Girls' singles"
    ]
}