{
    "name": "Buwaneka Goonethilleka",
    "birth_name": "Buwenaka Tharindu Dullewa Dumbukola Goonathileka",
    "country": "Sri Lanka",
    "birth_place": "Mahamodara, Southern Province, Sri Lanka",
    "height": "1.88 m",
    "weight": "64 kg",
    "years_active": "2012\u2013present",
    "handedness": "Right",
    "event": "Men's doubles",
    "highest_ranking": "72",
    "highest_ranking_date": "with Sachin Dias 15 November 2022",
    "current_ranking": "73",
    "current_ranking_date": "with Sachin Dias 13 December 2022",
    "birth_date": "1996-5-8",
    "medaltemplates": [
        "Sport: Men's badminton",
        "Country: {{SRI}}",
        "Competition: South Asian Games",
        "Silver Medal: 2016 Guwahati\u2013Shillong Men's team",
        "Silver Medal: 2019 Kathmandu\u2013Pokhara Men's team",
        "Silver Medal: 2019 Kathmandu\u2013Pokhara Men's doubles",
        "Bronze Medal: 2016 Guwahati\u2013Shillong Men's doubles",
        "Bronze Medal: 2016 Guwahati\u2013Shillong Mixed doubles"
    ]
}