{
    "name": "C\u00e9sar Brito Gonz\u00e1lez",
    "birth_name": "Cesar Adonis Brito Gonz\u00e1lez",
    "country": "Dominican Republic",
    "height": "1.77 m",
    "weight": "79 kg",
    "event": "Men's singles & doubles",
    "highest_ranking": "274 (MS 22 November 2018)  217 (MD 13 July 2017)  158 (XD 26 October 2017)",
    "birth_date": "1999-5-10",
    "medaltemplates": [
        "Sport: Men's badminton",
        "Country: {{DOM}}",
        "Competition: Central American and Caribbean Games",
        "Bronze Medal: 2018 Barranquilla Men's doubles",
        "Competition: Pan Am Junior Championships",
        "Bronze Medal: 2016 Lima Mixed doubles"
    ]
}