{
    "name": "Cai Yun \u8521\u8d5f",
    "country": "China",
    "birth_place": "Suzhou, Jiangsu, China",
    "height": "1.82",
    "weight": "65",
    "event": "Men's doubles",
    "highest_ranking": "1",
    "date_of_highest_ranking": "7 September 2006   with Fu Haifeng",
    "handedness": "Right",
    "birth_date": "1980-1-19",
    "medaltemplates": [
        "Sport: Men's badminton",
        "Country: {{CHN}}",
        "Competition: Olympic Games",
        "Gold Medal: 2012 London Men's doubles",
        "Silver Medal: 2008 Beijing Men's doubles",
        "Competition: World Championships",
        "Gold Medal: 2006 Madrid Men's doubles",
        "Gold Medal: 2009 Hyderabad Men's doubles",
        "Gold Medal: 2010 Paris Men's doubles",
        "Gold Medal: 2011 London Men's doubles",
        "Bronze Medal: 2003 Birmingham Men's doubles",
        "Bronze Medal: 2013 Guangzhou Men's doubles",
        "Competition: World Cup",
        "Gold Medal: 2005 Yiyang Men's doubles",
        "Bronze Medal: 2006 Yiyang Men's doubles",
        "Competition: Thomas Cup",
        "Gold Medal: 2004 Jakarta Team",
        "Gold Medal: 2006 Tokyo Team",
        "Gold Medal: 2008 Jakarta Team",
        "Gold Medal: 2010 Kuala Lumpur Team",
        "Gold Medal: 2012 Wuhan Team",
        "Competition: Sudirman Cup",
        "Gold Medal: 2005 Beijing Team",
        "Gold Medal: 2007 Glasgow Team",
        "Gold Medal: 2009 Guangzhou Team",
        "Gold Medal: 2011 Qingdao Team",
        "Gold Medal: 2013 Kuala Lumpur Team",
        "Gold Medal: 2015 Dongguan Team",
        "Silver Medal: 2003 Eindhoven Team",
        "Competition: Asian Games",
        "Gold Medal: 2006 Doha Men's team",
        "Gold Medal: 2010 Guangzhou Men's team",
        "Silver Medal: 2014 Incheon Men's team",
        "Competition: Asian Championships",
        "Gold Medal: 2011 Chengdu Men's doubles",
        "Bronze Medal: 2015 Wuhan Men's doubles",
        "Competition: World Junior Championships",
        "Silver Medal: 1998 Melbourne Boys' doubles",
        "Bronze Medal: 1998 Melbourne Mixed doubles",
        "Competition: Asia Junior Championships",
        "Gold Medal: 1998 Kuala Lumpur Boys' team",
        "Gold Medal: 1997 Manila Boys' team",
        "Silver Medal: 1997 Manila Boys' doubles"
    ]
}