{
    "name": "Cai Yanyan \u8521\u708e\u708e",
    "birth_place": "Beijing, China",
    "height": "1.71 m",
    "country": "China",
    "handedness": "Right",
    "event": "Women's singles",
    "highest_ranking": "14",
    "date_of_highest_ranking": "30 April 2019",
    "current_ranking": "1125",
    "date_of_current_ranking": "21 February 2023",
    "birth_date": "1999-11-15",
    "medaltemplates": [
        "Sport: Women's badminton",
        "Country: {{CHN}}",
        "Competition: Asian Games",
        "Silver Medal: 2018 Jakarta\u2013Palembang Women's team",
        "Competition: Asian Championships",
        "Bronze Medal: {{2019 Wuhan}} {{Women's singles}}",
        "Competition: Asia Mixed Team Championships",
        "Gold Medal: 2019 Hong Kong Mixed team",
        "Gold Medal: 2023 Dubai Mixed team",
        "Competition: World Junior Championships",
        "Gold Medal: 2016 Bilbao Mixed team",
        "Gold Medal: 2017 Yogyakarta Mixed team",
        "Bronze Medal: 2017 Yogyakarta Girls' singles",
        "Competition: Asian Junior Championships",
        "Gold Medal: 2016 Bangkok Mixed team"
    ]
}