{
    "name": "Caitlin Pringle",
    "birth_place": "Glasgow, Scotland",
    "residence": "Glasgow, Scotland",
    "height": "1.83 m",
    "weight": "74 kg ",
    "country": "SCO",
    "handedness": "Right",
    "coach": "Yvette Yun Luo, John Quinn, Iain Pringle",
    "event": "Women's",
    "highest_ranking": "640 (WS) 14 Mar 2013, 89 (WD) 3 Jul 2014, 176 (XD) 26 Sep 2013",
    "current_ranking": "363 (WD)",
    "date_of_current_ranking": "8 Sep 2016",
    "birth_date": "1993-12-4"
}