{
    "name": "Caitlin Dransfield",
    "country": "AUS",
    "birth_place": "Perth, Australia",
    "height": "171 cm",
    "weight": "61 kg",
    "coach": "Mark Cunningham",
    "event": "Women's singles SL4, Women's doubles SL3\u2013SU5, Mixed doubles SL3\u2013SU5",
    "highest_ranking": "8 (WS 8 November 2022), 14 (WD with Doung Kim Chou 19 September 2022), 21 (XD with Corrie Keith Robinson 1 January 2019)",
    "current_ranking": "8 (WS), 18 (WD with Doung Kim Chou), 33 (XD with Kenneth Adlawan)",
    "current_ranking_date": "15 November 2022",
    "birth_date": "1991-1-13",
    "medaltemplates": [
        "Sport: Women's para-badminton"
    ]
}