{
    "name": "Callum Hemming",
    "country": "England",
    "birth_place": "Milton Keynes, England",
    "event": "Men's & mixed doubles",
    "highest_ranking": "37 (MD with Steven Stallwood 18 October 2022) 33 (XD with Jessica Pugh 15 November 2022)",
    "current_ranking": "60 (MD with Ethan van Leeuwen) 48 (XD with Estelle van Leeuwen)",
    "date_of_current_ranking": "16 April 2024",
    "birth_date": "1999-6-27",
    "medaltemplates": [
        "Sport: Men's badminton",
        "Country: {{ENG}}",
        "Competition: European Mixed Team Championships",
        "Bronze Medal: 2023 Aire-sur-la-Lys Mixed team",
        "Competition: European Men's Team Championships",
        "Bronze Medal: 2024 \u0141\u00f3d\u017a Men's team",
        "Competition: European Junior Championships",
        "Silver Medal: 2017 Mulhouse Boys' doubles",
        "Bronze Medal: 2017 Mulhouse Mixed team"
    ]
}