{
    "name": "Cameron Coetzer",
    "country": "South Africa",
    "birth_place": "East London, South Africa",
    "height": "1.79 m",
    "weight": "82 kg",
    "event": "Men's singles & doubles",
    "highest_ranking": "320 (MS 18 February 2020)  239 (MD 18 February 2020)  133 (XD 5 November 2015)",
    "birth_date": "1995-11-7",
    "medaltemplates": [
        "Sport: Men's badminton",
        "Country: {{RSA}}",
        "Competition: African Championships",
        "Silver Medal: 2017 Benoni Mixed team",
        "Bronze Medal: 2023 Benoni Mixed team",
        "Competition: All Africa Men's Team Championships",
        "Gold Medal: 2016 Rose Hill Men's team",
        "Bronze Medal: 2020 Cairo Men's team",
        "Bronze Medal: 2022 Kampala Men's team"
    ]
}