{
    "name": "Carla Nyenhuis",
    "birth_name": "Carla Nelte",
    "country": "Germany",
    "birth_place": "Luckenwalde, Brandenburg, East Germany",
    "residence": "Oberhausen, Germany",
    "height": "1.72 m",
    "weight": "60 kg",
    "handedness": "Right",
    "event": "Women's & mixed doubles",
    "highest_ranking": "17 (WD 18 June 2015)  17 (XD 26 March 2015)",
    "birth_date": "1990-9-21",
    "medaltemplates": [
        "Sport: Women's badminton",
        "Country: {{GER}}",
        "Competition: European Mixed Team Championships",
        "Gold Medal: 2013 Moscow Mixed team",
        "Silver Medal: 2011 Amsterdam Mixed team",
        "Bronze Medal: 2015 Leuven Mixed team",
        "Bronze Medal: 2017 Lubin Mixed team",
        "Competition: European Women's Team Championships",
        "Gold Medal: 2012 Amsterdam Women's team",
        "Silver Medal: 2018 Kazan Women's team",
        "Bronze Medal: 2010 Warsaw Women's team",
        "Bronze Medal: 2014 Basel Women's team",
        "Bronze Medal: 2016 Kazan Women's team",
        "Competition: European Junior Championships",
        "Bronze Medal: 2009 Milan Mixed team"
    ]
}