{
    "name": "Carolina Mar\u00edn",
    "birth_name": "Carolina Mar\u00eda Mar\u00edn Mart\u00edn",
    "country": "Spain",
    "birth_place": "Huelva, Andalusia, Spain",
    "height": "1.72 m",
    "weight": "65 kg",
    "years_active": "2009\u2013present",
    "handedness": "Left",
    "coach": "Fernando Rivas",
    "event": "Women's singles",
    "career_record": "487 wins, 139 losses",
    "highest_ranking": "1",
    "date_of_highest_ranking": "11 June 2015",
    "current_ranking": "5",
    "date_of_current_ranking": "2 January 2024",
    "birth_date": "1993-6-15",
    "medaltemplates": [
        "Sport: Women's badminton",
        "Country: {{ESP}}",
        "Competition: Olympic Games",
        "Gold Medal: 2016 Rio de Janeiro Women's singles",
        "Competition: World Championships",
        "Gold Medal: 2014 Copenhagen Women's singles",
        "Gold Medal: 2015 Jakarta  Women's singles",
        "Gold Medal: 2018 Nanjing  Women's singles",
        "Silver Medal: 2023 Copenhagen  Women's singles",
        "Competition: European Games",
        "Gold Medal: 2023 Krak\u00f3w\u2013Ma\u0142opolska {{nowrap",
        "Competition: European Championships",
        "Gold Medal: 2014 Kazan Women's singles",
        "Gold Medal: 2016 La Roche-sur-Yon Women's singles",
        "Gold Medal: 2017 Kolding Women's singles",
        "Gold Medal: 2018 Huelva Women's singles",
        "Gold Medal: 2021 Kyiv Women's singles",
        "Gold Medal: 2022 Madrid Women's singles",
        "Gold Medal: 2024 Saarbr\u00fccken Women's singles",
        "Competition: European Women's Team Championships",
        "Silver Medal: 2024 \u0141\u00f3d\u017a Women's team",
        "Bronze Medal: 2016 Kazan Women's team",
        "Bronze Medal: 2018 Kazan Women's team",
        "Competition: World Junior Championships",
        "Bronze Medal: 2011 Taipei Girls' singles",
        "Competition: European Junior Championships",
        "Gold Medal: 2011 Vantaa Girls' singles",
        "Silver Medal: 2009 Milan Girls' singles"
    ]
}