{
    "name": "Carola Bott",
    "size": "250 px",
    "birth_place": "Aschaffenburg, Germany",
    "event": "Women's & mixed doubles",
    "country": "GER",
    "handedness": "Right",
    "highest_ranking": "78  (WD) 25 Aug 2011  64  (XD) 3 Sep 2015",
    "birth_date": "1984-7-9",
    "medaltemplates": [
        "Sport: Badminton",
        "Country: {{GER}}",
        "Competition: Uber Cup",
        "Bronze Medal: 2008 Jakarta Women's team",
        "Competition: European Mixed Team Championships",
        "Silver Medal: 2011 Amsterdam Mixed team",
        "Competition: European Women's Team Championships",
        "Bronze Medal: 2010 Warsaw Women's team",
        "Bronze Medal: 2008 Almere Women's team",
        "Competition: European Junior Championships",
        "Gold Medal: 2003 Esbjerg Mixed team",
        "Bronze Medal: 2003 Esbjerg Girls' doubles"
    ]
}