{
    "name": "Carsten Mogensen",
    "country": "Denmark",
    "birth_place": "Roskilde, Denmark",
    "residence": "Charlottenlund, Denmark",
    "height": "1.85 m",
    "weight": "75 kg",
    "event": "Men's doubles",
    "highest_ranking": "1",
    "date_of_highest_ranking": "with Mathias Boe 11 November 2010",
    "retired": "7 July 2020",
    "coach": "Claus Poulsen",
    "handedness": "Right",
    "bwf_id": "51A8B183-9A21-4CED-84A9-85FDEBA49D95",
    "birth_date": "1983-07-24",
    "medaltemplates": [
        "Sport: Men's badminton",
        "Country: {{DEN}}",
        "Competition: Olympic Games",
        "Silver Medal: 2012 London Men's doubles",
        "Competition: World Championships",
        "Silver Medal: 2013 Guangzhou Men's doubles",
        "Bronze Medal: 2014 Copenhagen Men's doubles",
        "Competition: Sudirman Cup",
        "Silver Medal: 2011 Qingdao Mixed team",
        "Bronze Medal: 2013 Kuala Lumpur Mixed team",
        "Competition: Thomas Cup",
        "Silver Medal: 2006 Sendai & Tokyo Men's team",
        "Bronze Medal: 2012 Wuhan Men's team",
        "Competition: European Games",
        "Gold Medal: 2015 Baku Men's doubles",
        "Competition: European Championships",
        "Gold Medal: 2012 Karlskrona Men's doubles",
        "Gold Medal: 2017 Kolding Men's doubles",
        "Silver Medal: 2006 Den Bosch Men's doubles",
        "Silver Medal: 2010 Manchester Men's doubles",
        "Bronze Medal: 2008 Herning Mixed doubles",
        "Bronze Medal: 2014 Kazan Men's doubles",
        "Competition: European Mixed Team Championships",
        "Gold Medal: 2015 Leuven Mixed team",
        "Gold Medal: 2017 Lubin Mixed team",
        "Silver Medal: 2013 Moscow Mixed team",
        "Competition: European Men's Team Championships",
        "Gold Medal: 2006 Thessalonica Men's team",
        "Gold Medal: 2008 Almere Men's team",
        "Gold Medal: 2010 Warsaw Men's team",
        "Gold Medal: 2012 Amsterdam Men's team",
        "Gold Medal: 2014 Basel Men's team",
        "Gold Medal: 2016 Kazan Men's team",
        "Gold Medal: 2020 Li\u00e9vin Men's team",
        "Competition: European Junior Championships",
        "Gold Medal: 2001 Spa\u0142a Boys' doubles",
        "Silver Medal: 2001 Spa\u0142a Mixed doubles",
        "Silver Medal: 2001 Spa\u0142a Mixed team"
    ]
}