{
    "name": "Catherina Paulin",
    "country": "SEY",
    "event": "Women's singles & doubles",
    "highest_ranking": "319 (WS 22 October 2009)  207 (WD 22 October 2009)  295 (XD 15 October 2009)",
    "birth_date": "1985-2-3",
    "medaltemplates": [
        "Sport: Women's badminton",
        "Country: {{SEY}}",
        "Competition: All-Africa Games",
        "Bronze Medal: 2003 Abuja Mixed team",
        "Bronze Medal: 2007 Algiers Women's singles",
        "Bronze Medal: 2007 Algiers Mixed team",
        "Competition: African Championships",
        "Gold Medal: 2007 Rose Hill Mixed team",
        "Silver Medal: 2006 Algiers Women's doubles",
        "Silver Medal: 2009 Nairobi Mixed team",
        "Bronze Medal: 2002 Casablanca Women's doubles",
        "Bronze Medal: 2006 Algiers Mixed team",
        "Bronze Medal: 2007 Rose Hill Women's doubles",
        "Bronze Medal: 2009 Nairobi Women's singles",
        "Bronze Medal: 2009 Nairobi Women's doubles"
    ]
}