{
    "name": "Catherine Choi",
    "country": "Canada",
    "birth_place": "Toronto, Ontario, Canada ",
    "residence": "Markham, Ontario, Canada",
    "height": "1.67 m ",
    "weight": "54.5 kg",
    "handedness": "Right",
    "coach": "Efendi Wijaya",
    "event": "Women's doubles",
    "highest_ranking": "27",
    "date_of_highest_ranking": "with Josephine Wu, 31 October 2023",
    "current_ranking": "29",
    "date_of_current_ranking": "with Josephine Wu, 9 April 2024",
    "bwf_id": "EF129216-A610-41DC-8BA4-208F807DEC15",
    "birth_date": "2001-5-1",
    "medaltemplates": [
        "Sport: Women's badminton",
        "Country: {{CAN}}",
        "Competition: Pan American Games",
        "Gold Medal: 2023 Santiago Women's doubles",
        "Competition: Pan Am Championships",
        "Gold Medal: 2023 Kingston Women's doubles",
        "Silver Medal: 2019 Aguascalientes Women's doubles",
        "Silver Medal: 2022 San Salvador Women's doubles",
        "Bronze Medal: 2024 Guatemala City Women's doubles",
        "Competition: Pan Am Mixed Team Championships",
        "Gold Medal: 2019 Lima Mixed team",
        "Competition: Pan Am Female Cup",
        "Gold Medal: 2018 Tacarigua Women's team",
        "Gold Medal: 2020 Salvador Women's team",
        "Gold Medal: 2024 S\u00e3o Paulo Women's team",
        "Silver Medal: 2022 Acapulco Women's team",
        "Competition: Pan Am Junior Championships",
        "Silver Medal: 2019 Moncton Mixed doubles"
    ]
}