{
    "name": "Catrine Bengtsson",
    "birth_place": "G\u00f6teborg, V\u00e4stra G\u00f6taland County, Sweden",
    "height": "1.61 m",
    "highest_ranking": "1",
    "country": "Sweden",
    "handedness": "Right",
    "bwf_id": "FF7C8CF9-E6E6-4205-8A3B-22DCC96778CB",
    "birth_date": "1969-9-21",
    "medaltemplates": [
        "Sport: Women's badminton",
        "Country: {{SWE}}",
        "Competition: World Championships",
        "Gold Medal: 1993 Birmingham Mixed doubles",
        "Competition: World Cup",
        "Gold Medal: 1994 Ho Chi Minh Mixed Doubles",
        "Competition: Uber Cup",
        "Bronze Medal: 1994 Jakarta Women's team",
        "Competition: European Championships",
        "Gold Medal: 1994 Den Bosch Mixed doubles",
        "Silver Medal: 1994 Den Bosch Women's singles",
        "Bronze Medal: 1992 Glasgow Women's doubles",
        "Competition: European Mixed Team Championships",
        "Gold Medal: 1992 Glasgow Mixed team",
        "Gold Medal: 1994 Den Bosch Mixed team",
        "Silver Medal: 1996 Herning Mixed team",
        "Competition: European Junior Championships",
        "Gold Medal: 1987 Warsaw Girls' doubles",
        "Bronze Medal: 1987 Warsaw Girls' singles",
        "Bronze Medal: 1987 Warsaw Mixed team"
    ]
}