{
    "name": "Cee Nantana Ketpura",
    "birth_place": "Bangkok, Thailand",
    "residence": "Orange, California",
    "height": "5' 3\"",
    "event": "Women's singles",
    "country": "USA",
    "career_record": "42 wins, 24 losses",
    "highest_ranking": "44",
    "date_of_highest_ranking": "August 11, 2011",
    "birth_date": "1993-10-13",
    "medaltemplates": [
        "Sport: Badminton",
        "Country: {{USA}}",
        "Competition: Pan American Championships",
        "Gold Medal: 2010 Curitiba Women's singles",
        "Bronze Medal: 2010 Curitiba Mixed doubles"
    ]
}