{
    "name": "Chae Yoo-jung \ucc44\uc720\uc815",
    "size": "200 px",
    "country": "South Korea",
    "birth_place": "Busan, South Korea",
    "residence": "Suwon, South Korea",
    "height": "1.63 m",
    "handedness": "Left",
    "event": "Women's & mixed doubles",
    "highest_ranking": "13 (WD with Kim So-yeong, 23 November 2017) 2 (XD with Seo Seung-jae, 12 March 2024)",
    "current_ranking": "4",
    "date_of_current_ranking": "XD with Seo Seung-jae, 16 April 2024",
    "bwf_id": "F3461C83-1E0B-4789-9E6A-5F9C34B0F511",
    "birth_date": "1995-5-9",
    "medaltemplates": [
        "Sport: Women's badminton",
        "Country: {{KOR}}",
        "Competition: World Championships",
        "Gold Medal: 2023 Copenhagen Mixed doubles",
        "Competition: Sudirman Cup",
        "Gold Medal: 2017 Gold Coast Mixed team",
        "Silver Medal: 2023 Suzhou Mixed team",
        "Bronze Medal: 2015 Dongguan Mixed team",
        "Bronze Medal: 2021 Vantaa Mixed team",
        "Competition: Uber Cup",
        "Bronze Medal: 2020 Aarhus Women's team",
        "Competition: Asian Games",
        "Gold Medal: 2022 Hangzhou Women's team",
        "Bronze Medal: 2022 Hangzhou Mixed doubles",
        "Competition: Asia Championships",
        "Silver Medal: 2024 Ningbo Mixed doubles",
        "Bronze Medal: 2016 Wuhan Mixed doubles",
        "Competition: Asia Mixed Team Championships",
        "Silver Medal: 2017 Ho Chi Minh Mixed team",
        "Competition: East Asian Games",
        "Bronze Medal: 2013 Tianjin Women's doubles",
        "Bronze Medal: 2013 Tianjin Mixed doubles",
        "Competition: World Junior Championships",
        "Gold Medal: 2013 Bangkok Girls' doubles",
        "Gold Medal: 2013 Bangkok Mixed team",
        "Silver Medal: 2011 Taipei Mixed team",
        "Bronze Medal: 2011 Taipei Mixed doubles",
        "Bronze Medal: 2012 Chiba Mixed team",
        "Bronze Medal: 2013 Bangkok Mixed doubles",
        "Competition: Asian Junior Championships",
        "Gold Medal: 2012 Gimcheon Mixed doubles",
        "Gold Medal: 2013 Kota Kinabalu Mixed doubles",
        "Silver Medal: 2013 Kota Kinabalu Mixed team",
        "Bronze Medal: 2012 Gimcheon Mixed team",
        "Bronze Medal: 2013 Kota Kinabalu Girls' doubles"
    ]
}