{
    "name": "Chai Biao \u67f4\u98da",
    "birth_name": "\u67f4\u98da",
    "country": "China",
    "birth_place": "Hunan, China",
    "residence": "Beijing, China",
    "height": "1.85 m",
    "weight": "73 kg",
    "handedness": "Right",
    "event": "Men's doubles",
    "highest_ranking": "2",
    "date_of_highest_ranking": "17 November 2016",
    "birth_date": "1990-10-10",
    "medaltemplates": [
        "Sport: Men's badminton",
        "Country: {{CHN}}",
        "Competition: World Championships",
        "Bronze Medal: 2017 Glasgow Men's doubles",
        "Competition: Sudirman Cup",
        "Gold Medal: 2009 Guangzhou Mixed team",
        "Gold Medal: 2011 Qingdao Mixed team",
        "Gold Medal: 2013 Kuala Lumpur Mixed team",
        "Gold Medal: 2015 Dongguan Mixed team",
        "Competition: Thomas Cup",
        "Gold Medal: 2010 Kuala Lumpur Men's team",
        "Gold Medal: 2012 Wuhan Men's team",
        "Bronze Medal: 2014 New Delhi Men's team",
        "Competition: Asian Championships",
        "Bronze Medal: 2009 Suwon Men's doubles",
        "Bronze Medal: 2011 Chengdu Men's doubles",
        "Bronze Medal: 2012 Qingdao Men's doubles",
        "Bronze Medal: 2017 Wuhan Men's doubles",
        "Competition: Asia Team Championships",
        "Silver Medal: 2018 Alor Setar Men's team",
        "Competition: East Asian Games",
        "Gold Medal: 2009 Hong Kong Men's team",
        "Gold Medal: 2013 Tianjin Men's team",
        "Bronze Medal: 2009 Hong Kong Men's doubles",
        "Competition: World Junior Championships",
        "Gold Medal: 2007 Waitakere City Mixed team",
        "Gold Medal: 2008 Pune Mixed doubles",
        "Gold Medal: 2008 Pune Mixed team",
        "Silver Medal: 2007 Waitakere City Boys' doubles",
        "Silver Medal: 2008 Pune Boys' doubles",
        "Competition: Asian Junior Championships",
        "Gold Medal: 2007 Kuala Lumpur Boys' doubles",
        "Gold Medal: 2008 Kuala Lumpur Mixed team",
        "Silver Medal: 2007 Kuala Lumpur Mixed team",
        "Bronze Medal: 2008 Kuala Lumpur Boys' doubles"
    ]
}