{
    "name": "Chan Chong Ming \u9648\u91cd\u540d",
    "birth_place": "Kuala Selangor, Selangor, Malaysia",
    "height": "1.71",
    "weight": "68",
    "event": "Men's doubles",
    "highest_ranking": "1",
    "date_of_highest_ranking": "11 April 2002",
    "country": "Malaysia",
    "handedness": "Left",
    "titles": "13",
    "birth_date": "1980-02-16",
    "medaltemplates": [
        "Sport: Men's badminton",
        "Country: {{MAS}}",
        "Competition: World Championships",
        "Bronze Medal: 2001 Seville Men's doubles",
        "Bronze Medal: 2005 Anaheim Men's doubles",
        "Competition: Thomas Cup",
        "Silver Medal: 2002 Guangzhou Men's team",
        "Bronze Medal: 2006 Sendai/Tokyo Men's team",
        "Competition: Commonwealth Games",
        "Gold Medal: 2002 Manchester Men's doubles",
        "Gold Medal: 2006 Melbourne Men's doubles",
        "Gold Medal: 2006 Melbourne Mixed team",
        "Competition: Asian Games",
        "Bronze Medal: 1998 Bangkok Men's team",
        "Bronze Medal: 2002 Busan Men's doubles",
        "Bronze Medal: 2002 Busan Men's team",
        "Competition: Asian Championships",
        "Bronze Medal: 2004 Kuala Lumpur Men's doubles",
        "Competition: Southeast Asian Games",
        "Gold Medal: 2001 Kuala Lumpur Men's team",
        "Gold Medal: 2005 Manila Men's team",
        "Bronze Medal: 2001 Kuala Lumpur Men's doubles",
        "Bronze Medal: 2005 Manila Men's doubles",
        "Competition: World Junior Championships",
        "Gold Medal: 1996 Silkeborg Boys' doubles",
        "Gold Medal: 1998 Melbourne Boys' doubles",
        "Gold Medal: 1998 Melbourne Mixed doubles",
        "Competition: Asian Junior Championships",
        "Gold Medal: 1998 Kuala Lumpur Boys' doubles",
        "Gold Medal: 1997 Manila Boys' doubles",
        "Silver Medal: 1998 Kuala Lumpur Mixed doubles",
        "Silver Medal: 1998 Kuala Lumpur Boys' team",
        "Silver Medal: 1997 Manila Mixed doubles",
        "Bronze Medal: 1997 Manila Boys' team"
    ]
}