{
    "name": "Chang Jeng-shyuang \u5f35\u653f\u96c4",
    "country": "Republic of China (Taiwan)",
    "birth_place": "Taiwan",
    "residence": "Taipei, Taiwan",
    "height": "1.83 m",
    "weight": "83 kg",
    "event": "Men's singles",
    "birth_date": "1974-1-30",
    "medaltemplates": [
        "Sport: Men's badminton",
        "Country: {{TPE}}",
        "Competition: Asian Championships",
        "Bronze Medal: 1993 Hong Kong Men's team",
        "Competition: Asia Cup",
        "Bronze Medal: 1997 Jakarta Men's team"
    ]
}