{
    "name": "Chang Hsin-tien \u5f35\u8398\u606c",
    "country": "Republic of China (Taiwan)",
    "birth_place": "Taipei, Taiwan",
    "height": "1.69 m",
    "handedness": "Right",
    "event": "Women's & mixed doubles",
    "highest_ranking": "76 (WD 21 December 2017)  28 (XD 20 April 2017)",
    "birth_date": "1996-04-11",
    "medaltemplates": [
        "Sport: Women's badminton",
        "Country: {{TPE}}",
        "Competition: Asian Junior Championships",
        "Bronze Medal: 2014 Taipei Mixed team"
    ]
}