{
    "name": "Chan Kwong Beng \u66fe\u5e7f\u94ed",
    "birth_place": "Perak, Malaysia",
    "height": "1.73 m",
    "country": "United States",
    "handedness": "Right",
    "event": "Men's singles",
    "highest_ranking": "52",
    "date_of_highest_ranking": "1 April 2010",
    "birth_date": "1988-6-2",
    "medaltemplates": [
        "Sport: Men's badminton",
        "Country: {{MAS}}",
        "Competition: Southeast Asian Games",
        "Bronze Medal: 2007 Nakhon Ratchasima Men's team",
        "Competition: Asian Junior Championships",
        "Bronze Medal: 2005 Jakarta Boys' team"
    ]
}