{
    "name": "Chandrika de Silva",
    "country": "Sri Lanka",
    "height": "1.62 m",
    "handedness": "Right",
    "event": "Women's singles & doubles",
    "highest_ranking": "129 (WS 19 April 2012)  164 (WD 19 January 2012)  116 (XD 31 May 2012)",
    "birth_date": "1974-2-24",
    "medaltemplates": [
        "Sport: Women's badminton",
        "Country: {{SRI}}",
        "Competition: South Asian Games",
        "Silver Medal: 2004 Islamabad Women's team",
        "Silver Medal: 2006 Colombo Women's team",
        "Silver Medal: 2010 Dhaka Women's team",
        "Silver Medal: {{2016 Guwahati\u2013Shillong}} Women's team",
        "Bronze Medal: 2004 Islamabad Women's singles",
        "Bronze Medal: 2004 Islamabad {{Women's doubles}}",
        "Bronze Medal: 2004 Islamabad Mixed doubles",
        "Bronze Medal: 2006 Colombo Women's singles",
        "Bronze Medal: 2006 Colombo Women's doubles",
        "Bronze Medal: 2006 Colombo Mixed doubles",
        "Bronze Medal: 2010 Dhaka Women's doubles",
        "Bronze Medal: 2010 Dhaka Mixed doubles"
    ]
}