{
    "name": "Chang Ko-chi \u5f35\u8ab2\u7426",
    "country": "Republic of China (Taiwan)",
    "birth_place": "Taiwan",
    "residence": "Taipei, Taiwan",
    "height": "1.91 m",
    "handedness": "Right",
    "event": "Men's & mixed doubles",
    "highest_ranking": "27 (MD with Po Li-wei, 29 August 2023) 26 (XD with Lee Chih-chen, 6 June 2023) 28 (XD with Chang Hsin-tien, 20 April 2017)",
    "current_ranking": "35 (MD with Po Li-wei) 39 (XD with Lee Chih-chen)",
    "date_of_current_ranking": "16 April 2024",
    "birth_date": "1995-11-21"
}