{
    "name": "Chantal Botts",
    "country": "South Africa",
    "birth_place": "Witbank, Mpumalanga, South Africa",
    "height": "1.65 m",
    "weight": "75 kg",
    "event": "Women's singles & doubles",
    "birth_date": "1976-3-30",
    "medaltemplates": [
        "Sport: Women's badminton",
        "Country: {{RSA}}",
        "Competition: All-Africa Games",
        "Gold Medal: 2003 Abuja Women's doubles",
        "Gold Medal: 2003 Abuja Mixed team",
        "Gold Medal: 2007 Algiers Women's doubles",
        "Silver Medal: 2007 Algiers Mixed team",
        "Bronze Medal: 2003 Abuja Women's singles",
        "Competition: African Championships",
        "Gold Medal: 2002 Casablanca Women's doubles",
        "Gold Medal: 2002 Casablanca Mixed team",
        "Gold Medal: 2004 Rose Hill Women's doubles",
        "Gold Medal: 2004 Rose Hill Mixed team",
        "Gold Medal: 2007 Rose Hill Women's doubles",
        "Silver Medal: 2000 Bauchi Women's singles",
        "Silver Medal: 2002 Casablanca Mixed doubles",
        "Silver Medal: 2004 Rose Hill Women's singles",
        "Silver Medal: 2007 Rose Hill Mixed team",
        "Bronze Medal: 2000 Bauchi Women's doubles",
        "Competition: Africa Team Championships",
        "Gold Medal: 2008 Rose Hill Women's team"
    ]
}