{
    "name": "Chan Tsz Ka \u9673\u7949\u5609",
    "country": "Hong Kong",
    "birth_place": "Hong Kong",
    "height": "1.70 m",
    "weight": "60 kg",
    "handedness": "Right",
    "event": "Women's",
    "highest_ranking": "26 (WS) 9 January 2014, 23 (WD) 17 March 2011, 70 (XD) 29 January 2015",
    "birth_date": "1990-2-10",
    "medaltemplates": [
        "Sport: Badminton",
        "Country: {{HKG}}",
        "Competition: East Asian Games",
        "Bronze Medal: 2013 Tianjin Women's team",
        "Bronze Medal: 2009 Hong Kong Women's team",
        "Competition: Asia Junior Championships",
        "Bronze Medal: 2008 Kuala Lumpur Girls' doubles",
        "Bronze Medal: 2008 Kuala Lumpur Mixed team"
    ]
}