{
    "name": "Chan Siu Kwong \u9673\u5146\u5149",
    "country": "Hong Kong",
    "height": "1.85 m",
    "weight": "79 kg",
    "birth_date": "1966-5-30",
    "medaltemplates": [
        "Sport: Men's badminton",
        "Country: {{Hong Kong}}",
        "Competition: Commonwealth Games",
        "Bronze Medal: 1990 Auckland Mixed team",
        "Bronze Medal: 1994 Victoria Mixed team",
        "Competition: Asian Championships",
        "Silver Medal: 1992 Kuala Lumpur Mixed doubles",
        "Competition: East Asian Games",
        "Bronze Medal: 1993 Shanghai Mixed doubles",
        "Bronze Medal: 1993 Shanghai Men's team"
    ]
}