{
    "name": "Chang Ye-na",
    "size": "200 px",
    "country": "South Korea",
    "birth_place": "Seoul, South Korea",
    "height": "1.72 m",
    "weight": "61 kg",
    "handedness": "Left",
    "event": "Women's & mixed doubles",
    "highest_ranking": "2 (WD 16 November 2017)  8 (XD 16 January 2014)",
    "current_ranking": "13",
    "date_of_current_ranking": "WD with Kim Hye-rin 30 August 2022",
    "birth_date": "13 December 1989",
    "medaltemplates": [
        "Sport: Women's badminton",
        "Country: {{KOR}}",
        "Competition: World Championships",
        "Silver Medal: 2013 Guangzhou Women's doubles",
        "Competition: Sudirman Cup",
        "Gold Medal: 2017 Gold Coast Mixed team",
        "Silver Medal: 2013 Kuala Lumpur Mixed team",
        "Bronze Medal: 2011 Qingdao Mixed team",
        "Bronze Medal: 2015 Donggguan Mixed team",
        "Competition: Uber Cup",
        "Gold Medal: 2010 Kuala Lumpur Women's team",
        "Silver Medal: 2012 Wuhan Women's team",
        "Silver Medal: 2016 Kunshan Women's team",
        "Bronze Medal: 2014 New Delhi Women's team",
        "Competition: Asian Games",
        "Silver Medal: 2014 Incheon Women's team",
        "Bronze Medal: 2010 Guangzhou Women's team",
        "Competition: Asian Championships",
        "Silver Medal: 2014 Gimcheon Mixed doubles",
        "Bronze Medal: 2016 Wuhan Women's doubles",
        "Bronze Medal: 2017 Wuhan Women's doubles",
        "Competition: Asia Mixed Team Championships",
        "Silver Medal: 2017 Ho Chi Minh Mixed team",
        "Competition: Asia Team Championships",
        "Silver Medal: 2020 Manila Women's team",
        "Bronze Medal: 2016 Hyderabad Women's team",
        "Bronze Medal: 2018 Alor Setar Women's team",
        "Competition: Summer Universiade",
        "Gold Medal: 2011 Shenzhen Women's doubles",
        "Gold Medal: 2013 Kazan Women's doubles",
        "Gold Medal: 2013 Kazan Mixed team",
        "Competition: Asian Junior Championships",
        "Bronze Medal: 2005 Jakarta Girls' team"
    ]
}