{
    "name": "Chan Peng Soon \u9648\u70b3\u987a",
    "country": "Malaysia",
    "birth_place": "George Town, Penang, Malaysia",
    "height": "1.75 m",
    "event": "Mixed doubles",
    "highest_ranking": "3 (with Goh Liu Ying)",
    "date_of_highest_ranking": "22 November 2012",
    "current_ranking": "34 (with Cheah Yee See)",
    "date_of_current_ranking": "30 January 2024 |retired                  =",
    "handedness": "Right",
    "birth_date": "1988-04-27",
    "medaltemplates": [
        "Sport: Men's badminton",
        "Country: {{MAS}}",
        "Competition: Olympic Games",
        "Silver Medal: 2016 Rio de Janeiro Mixed doubles",
        "Competition: Thomas Cup",
        "Silver Medal: 2014 New Delhi Men's team",
        "Competition: Commonwealth Games",
        "Gold Medal: 2010 New Delhi Mixed team",
        "Gold Medal: 2014 Glasgow Mixed team",
        "Gold Medal: 2022 Birmingham Mixed team",
        "Silver Medal: 2018 Gold Coast Mixed team",
        "Bronze Medal: 2018 Gold Coast Mixed doubles",
        "Competition: Asian Games",
        "Bronze Medal: 2014 Incheon Men's team",
        "Competition: Asian Championships",
        "Gold Medal: 2010 New Delhi Mixed doubles",
        "Competition: SEA Games",
        "Silver Medal: 2009 Vientiane Men's team",
        "Silver Medal: 2015 Singapore Mixed doubles",
        "Silver Medal: 2017 Kuala Lumpur Men's team",
        "Bronze Medal: 2009 Vientiane Mixed doubles",
        "Bronze Medal: 2015 Singapore Men's team",
        "Bronze Medal: 2017 Kuala Lumpur Mixed doubles"
    ]
}