{
    "name": "Chan Ho Yuen \u9673\u6d69\u6e90",
    "birth_place": "Hong Kong",
    "event": "Men\u2019s singles WH2",
    "highest_ranking": "2",
    "date_of_highest_ranking": "1 January 2019",
    "current_ranking": "3",
    "date_of_current_ranking": "8 November 2022",
    "country": "HKG",
    "birth_date": "1985-01-17",
    "medaltemplates": [
        "Sport: Men's para-badminton",
        "Country: {{HKG}}",
        "Competition: Paralympic Games",
        "Bronze Medal: 2020 Tokyo Men's singles",
        "Competition: World Championships",
        "Competition: Asian Para Games",
        "Competition: Asian Championships"
    ]
}