{
    "name": "Chang Tak Ching \u5f35\u5fb7\u6b63",
    "country": "Hong Kong",
    "birth_place": "Hong Kong",
    "residence": "Hong Kong",
    "height": "1.88 m",
    "handedness": "Right",
    "event": "Men's and mixed doubles",
    "highest_ranking": "57 (MD with Yeung Ming Nok 10 March 2020) 23 (XD with Ng Wing Yung 15 November 2022)",
    "current_ranking": "277 (MD with Yeung Ming Nok) 50 (XD with Ng Wing Yung)",
    "date_of_current_ranking": "24 January 2023",
    "birth_date": "1995-01-22",
    "medaltemplates": [
        "Sport: Men's badminton",
        "Country: {{HKG}}",
        "Competition: Asia Mixed Team Championships",
        "Bronze Medal: 2019 Hong Kong Mixed team"
    ]
}