{
    "name": "Charmaine Reid",
    "country": "Canada",
    "birth_place": "Niagara Falls, Ontario, Canada",
    "height": "1.70 m",
    "weight": "62 kg",
    "handedness": "Right",
    "coach": "Bryan Moody,, Ardy Wiranata,, Ken Poole",
    "event": "Women's singles & doubles",
    "highest_ranking": "16",
    "date_of_highest_ranking": "WD 7 April 2011",
    "birth_date": "1973-11-3",
    "medaltemplates": [
        "Sport: Women's badminton",
        "Country: {{CAN}}",
        "Competition: Pan American Games",
        "Gold Medal: 2003 Santo Domingo Women's doubles",
        "Silver Medal: 1999 Winnipeg Women's singles",
        "Silver Medal: 1999 Winnipeg Women's doubles",
        "Silver Medal: 2007 Rio de Janeiro Women's singles",
        "Silver Medal: 2007 Rio de Janeiro Women's doubles",
        "Competition: Pan Am Championships",
        "Gold Medal: 2004 Lima Mixed team",
        "Gold Medal: 2005 Bridgetown Women's singles",
        "Gold Medal: 2005 Bridgetown Women's doubles",
        "Gold Medal: 2005 Bridgetown Mixed team",
        "Gold Medal: 2007 Calgary Women's doubles",
        "Gold Medal: 2007 Calgary Mixed team",
        "Gold Medal: 2010 Curitiba Mixed team",
        "Silver Medal: 2001 Lima Women's doubles",
        "Silver Medal: 2001 Lima Mixed team",
        "Bronze Medal: 1997 Calgary Women's singles",
        "Bronze Medal: 2001 Lima Women's singles",
        "Bronze Medal: 2007 Calgary Women's singles"
    ]
}