{
    "name": "Chau Hoi Wah \u5468\u51f1\u83ef",
    "country": "Hong Kong",
    "full_name": "Cathy Chau Hoi Wah",
    "birth_place": "Hong Kong",
    "height": "1. 65 m",
    "weight": "60 kg",
    "handedness": "Left",
    "event": "Women's singles, Women's doubles, Mixed doubles",
    "career_record": "242 wins, 202 losses",
    "titles": "9",
    "highest_ranking": "6",
    "date_of_highest_ranking": "16 June 2014",
    "retired": "5 June 2020 ",
    "birth_date": "1986-6-5",
    "medaltemplates": [
        "Sport: Women's badminton",
        "Country: {{HKG}}",
        "Competition: World Championships",
        "Bronze Medal: 2017 Glasgow Mixed doubles",
        "Competition: Asian Championships",
        "Gold Medal: 2014 Gimcheon Mixed doubles",
        "Silver Medal: 2015 Wuhan Mixed doubles",
        "Bronze Medal: 2013 Taipei Mixed doubles",
        "Bronze Medal: 2017 Wuhan Mixed doubles",
        "Competition: Asia Mixed Team Championships",
        "Bronze Medal: 2019 Hong Kong Mixed team",
        "Competition: East Asian Games",
        "Silver Medal: 2013 Tianjin Mixed doubles",
        "Bronze Medal: 2009 Hong Kong Mixed doubles",
        "Bronze Medal: 2009 Hong Kong Women's team",
        "Bronze Medal: 2013 Tianjin Women's team"
    ]
}