{
    "name": "Chayut Triyachart",
    "country": "Singapore",
    "birth_place": "Udon Thani, Thailand",
    "height": "1.82 m",
    "handedness": "Right",
    "event": "Men's & mixed doubles",
    "highest_ranking": "16 (MD with Danny Bawa Chrisnanta 16 April 2015) 16 (XD with Yao Lei 23 September 2010)",
    "birth_date": "1989-10-9",
    "medaltemplates": [
        "Sport: Men's badminton",
        "Country: {{SIN}}",
        "Competition: Commonwealth Games",
        "Silver Medal: 2014 Glasgow Men's doubles",
        "Bronze Medal: 2010 Delhi Mixed doubles",
        "Bronze Medal: 2014 Glasgow Mixed team",
        "Competition: Southeast Asian Games",
        "Bronze Medal: 2011 Jakarta\u2013Palembang Men's team",
        "Bronze Medal: 2015 Singapore Men's doubles",
        "Bronze Medal: 2015 Singapore Men's team"
    ]
}