{
    "name": "Chayanit Chaladchalam",
    "country": "Thailand",
    "residence": "Bangkok, Thailand",
    "height": "1.63 m",
    "weight": "62 kg",
    "handedness": "Right",
    "event": "Women's doubles",
    "highest_ranking": "14",
    "date_of_highest_ranking": "with Phataimas Muenwong 15 March 2018",
    "birth_date": "1991-3-8",
    "medaltemplates": [
        "Sport: Women's badminton",
        "Country: {{THA}}",
        "Competition: Uber Cup",
        "Silver Medal: 2018 Bangkok Women's team",
        "Competition: Asian Games",
        "Bronze Medal: 2018 Jakarta-Palembang Women's team",
        "Competition: Asia Team Championships",
        "Bronze Medal: 2016 Hyderabad Women's team",
        "Bronze Medal: 2020 Manila Women's team",
        "Competition: SEA Games",
        "Gold Medal: 2019 Philippines Women's team",
        "Silver Medal: 2019 Philippines Women's doubles",
        "Competition: Summer Universiade",
        "Silver Medal: {{2017 Taipei}} {{Women's doubles}}",
        "Bronze Medal: 2015 Gwangju Mixed team",
        "Bronze Medal: 2017 Taipei Mixed team",
        "Competition: World Junior Championships",
        "Bronze Medal: 2009 Alor Setar Mixed team",
        "Competition: Asian Junior Championships",
        "Bronze Medal: 2009 Kuala Lumpur Mixed team"
    ]
}