{
    "name": "Cheah Soon Kit \u8c22\u52cb\u5bc1",
    "birth_place": "Ipoh, Perak, Malaysia",
    "height": "1.80",
    "weight": "73",
    "event": "Men's doubles",
    "country": "Malaysia",
    "years_active": "1986\u20132000",
    "handedness": "Right",
    "highest_ranking": "1",
    "date_of_highest_ranking": "1992",
    "birth_date": "1968-01-09",
    "medaltemplates": [
        "Sport: Men's badminton",
        "Country: {{MAS}}",
        "Competition: Olympic Games",
        "Silver Medal: 1996 Atlanta Men's doubles",
        "Competition: World Championships",
        "Silver Medal: 1993 Birmingham Men's doubles",
        "Silver Medal: 1997 Glasgow Men's doubles",
        "Bronze Medal: 1995 Lausanne Men's doubles",
        "Competition: World Cup",
        "Gold Medal: 1992 Guangzhou Men's doubles",
        "Gold Medal: 1994 Ho Chi Minh Men's doubles",
        "Bronze Medal: 1990 Jakarta Men's doubles",
        "Bronze Medal: 1993 New Delhi Men's doubles",
        "Bronze Medal: 1995 Jakarta Men's doubles",
        "Bronze Medal: 1996 Jakarta Men's doubles",
        "Competition: Thomas Cup",
        "Gold Medal: 1992 Kuala Lumpur Team",
        "Silver Medal: 1988 Kuala Lumpur Team",
        "Silver Medal: 1990 Tokyo Team",
        "Silver Medal: 1994 Jakarta Team",
        "Silver Medal: 1998 Hong Kong Team",
        "Bronze Medal: 1986 Jakarta Team",
        "Competition: Commonwealth Games",
        "Gold Medal: 1994 Victoria Men's doubles",
        "Gold Medal: 1998 Kuala Lumpur Men's team",
        "Silver Medal: 1990 Auckland Men's doubles",
        "Silver Medal: 1994 Victoria Mixed team",
        "Silver Medal: 1998 Kuala Lumpur Men's doubles",
        "Competition: Asian Games",
        "Silver Medal: 1990 Beijing Men's team",
        "Silver Medal: 1994 Hiroshima Men's doubles",
        "Bronze Medal: 1994 Hiroshima Men's team",
        "Competition: Asian Championships",
        "Gold Medal: 1995 Beijing Men's doubles",
        "Bronze Medal: 1989 Shanghai Men's team",
        "Bronze Medal: 1991 Kuala Lumpur Men's doubles",
        "Bronze Medal: 1999 Kuala Lumpur Men's doubles",
        "Bronze Medal: 1993 Hong Kong Men's team",
        "Competition: Asian Cup",
        "Gold Medal: 1991 Jakarta Men's doubles",
        "Silver Medal: 1994 Beijing Men's doubles",
        "Silver Medal: 1995 Qingdao Men's doubles",
        "Competition: Southeast Asian Games",
        "Gold Medal: 1989 Kuala Lumpur Men's team",
        "Gold Medal: 1991 Manila Men's team",
        "Gold Medal: 1993 Singapore Men's doubles",
        "Gold Medal: 1995 Chiang Mai Men's doubles",
        "Silver Medal: 1987 Jakarta Men's team",
        "Silver Medal: 1993 Singapore Men's team",
        "Silver Medal: 1995 Chiang Mai Men's team",
        "Silver Medal: 1997 Jakarta Men's team",
        "Bronze Medal: 1989 Kuala Lumpur Mixed doubles",
        "Bronze Medal: 1991 Manila Men's doubles"
    ]
}