{
    "name": "Cheah Yee See \u8c22\u5b9c\u831c",
    "birth_name": "\u8c22\u5b9c\u5e0c",
    "country": "Malaysia",
    "birth_place": "Butterworth, Penang, Malaysia",
    "residence": "Kuala Lumpur, Malaysia",
    "height": "1.65 m",
    "handedness": "Right",
    "event": "Women's & mixed doubles",
    "highest_ranking": "49 (WD with Chin Kah Mun 15 September 2016) 17 (XD with Chan Peng Soon 12 April 2018)",
    "current_ranking": "34",
    "date_of_current_ranking": "XD with Chan Peng Soon 30 January 2024",
    "birth_date": "1995-11-18",
    "medaltemplates": [
        "Sport: Women's badminton",
        "Country: {{MAS}}",
        "Competition: Sudirman Cup",
        "Bronze Medal: 2021 Vantaa Mixed team",
        "Competition: Commonwealth Games",
        "Gold Medal: 2022 Birmingham Mixed team",
        "Competition: SEA Games",
        "Silver Medal: 2017 Kuala Lumpur Women's team",
        "Silver Medal: 2021 Vietnam Mixed doubles",
        "Bronze Medal: 2017 Kuala Lumpur Mixed doubles",
        "Bronze Medal: 2021 Vietnam Women's doubles",
        "Competition: Asian Junior Championships",
        "Silver Medal: 2011 Lucknow Mixed team"
    ]
}