{
    "name": "Cheah Liek Hou \u8c22\u512e\u597d",
    "country": "MAS",
    "birth_place": "Kuala Lumpur, Malaysia",
    "years_active": "2005-present",
    "coach": "Rashid Sidek, Nova Armada",
    "event": "Men's singles and doubles SU5",
    "titles": "72",
    "highest_ranking": "1 (MS 1 January 2019), 1 (MD with Hairol Fozi Saaba 1 January 2019)",
    "current_ranking": "1 (MS), 4 (MD with Mohamad Faris Ahmad Azri)",
    "current_ranking_date": "1 November 2022",
    "birth_date": "1988-03-08",
    "medaltemplates": [
        "Sport: Men's para-badminton",
        "Country: {{MAS}}",
        "Competition: Paralympic Games"
    ]
}