{
    "name": "Cheam June Wei \u8a79\u4fca\u4e3a",
    "country": "Malaysia",
    "birth_place": "Seberang Jaya, Penang, Malaysia",
    "residence": "Kuala Lumpur, Malaysia",
    "height": "1.74 m",
    "weight": "65 kg",
    "years_active": "2014\u2013present",
    "handedness": "Right",
    "coach": "Nova Armada title=June Wei-Jun Hao in final showdown  ",
    "event": "Men's singles |career_record            = 186 wins, 122 losses",
    "highest_ranking": "41",
    "date_of_highest_ranking": "27 June 2023",
    "current_ranking": "54",
    "date_of_current_ranking": "17 October 2023",
    "bwf_id": "B7031DD3-B09C-47E9-ACBD-8B7E5D1678FE",
    "birth_date": "1997-1-23",
    "medaltemplates": [
        "Sport: Men's badminton",
        "Country: {{MAS}}",
        "Competition: Asia Team Championships",
        "Silver Medal: 2020 Manila Men's team",
        "Competition: Asia Junior Championships",
        "Bronze Medal: 2012 Gimcheon Mixed team",
        "Country: {{International Olympic Committee}} Mixed-NOCs",
        "Competition: Youth Olympic Games",
        "Gold Medal: 2014 Nanjing Mixed doubles"
    ]
}