{
    "name": "Chen Lu \u9648\u9732",
    "birth_place": "Guangdong, China",
    "height": "1.67 m",
    "country": "China",
    "event": "Women's & mixed doubles",
    "highest_ranking": "131 (WD 7 December 2017)  34 (XD 1 November 2018)",
    "current_ranking": "204 (WD)  42 (XD)",
    "date_of_current_ranking": "16 August 2022",
    "birth_date": "1997-12-18",
    "medaltemplates": [
        "Sport: Women's badminton",
        "Country: {{CHN}}",
        "Competition: World Junior Championships",
        "Gold Medal: 2015 Lima Mixed team"
    ]
}