{
    "name": "Chen Xingdong \u9648\u5174\u4e1c",
    "birth_place": "Sichuan, China",
    "height": "1.83 m",
    "weight": "75 kg",
    "country": "China",
    "handedness": "Right",
    "event": "Mixed doubles",
    "highest_ranking": "3",
    "date_of_highest_ranking": "June 1996",
    "birth_date": "1970-4-2",
    "medaltemplates": [
        "Sport: Men's badminton",
        "Country: {{CHN}}",
        "Competition: World Cup",
        "Silver Medal: 1994 Ho Chi Minh Mixed doubles",
        "Bronze Medal: 1996 Jakarta Mixed doubles",
        "Bronze Medal: 1992 Guangzhou Mixed doubles",
        "Competition: Sudirman Cup",
        "Gold Medal: 1997 Glasgow Mixed team",
        "Gold Medal: 1995 Lausanne Mixed team",
        "Competition: Asian Games",
        "Bronze Medal: 1994 Hiroshima Men's team",
        "Competition: Asian Championships",
        "Gold Medal: 1994 Shanghai Mixed doubles",
        "Competition: East Asian Games",
        "Gold Medal: 1993 Shanghai Mixed doubles",
        "Gold Medal: 1993 Shanghai Men's team"
    ]
}