{
    "name": "Cheng Shao-chieh \u912d\u97f6\u5a55",
    "country": "Republic of China (Taiwan)",
    "birth_place": "Taipei, Taiwan",
    "height": "1.58",
    "weight": "47",
    "event": "Women's singles",
    "handedness": "Right",
    "highest_ranking": "7",
    "date_of_highest_ranking": "8 September 2011",
    "birth_date": "1986-01-04",
    "medaltemplates": [
        "Sport: Women's badminton",
        "Country: {{TPE}}",
        "Competition: World Championships",
        "Silver Medal: 2011 London Women's singles",
        "Bronze Medal: 2005 Anaheim Women's singles",
        "Competition: Uber Cup",
        "Bronze Medal: 2006 Sendai-Tokyo Women's team",
        "Competition: Asian Championships",
        "Bronze Medal: 2005 Hyderabad Women's singles",
        "Bronze Medal: 2011 Chengdu Women's singles",
        "Competition: Summer Universiade",
        "Gold Medal: 2011 Shenzhen Women's singles",
        "Silver Medal: 2007 Bangkok Women's singles",
        "Silver Medal: 2011 Shenzhen Women's doubles",
        "Bronze Medal: 2007 Bangkok Mixed team",
        "Bronze Medal: 2011 Shenzhen Mixed team",
        "Competition: World Junior Championships",
        "Gold Medal: 2004 Richmond Girls' singles",
        "Bronze Medal: 2004 Richmond Mixed doubles",
        "Competition: Asian Junior Championships",
        "Silver Medal: 2001 Taipei Girls' team",
        "Bronze Medal: 2001 Taipei Girls' doubles",
        "Bronze Medal: 2004 Hwacheon Girls' team"
    ]
}