{
    "name": "Chen Ying \u9648\u9896",
    "birth_place": "Xijiang, Guizhou, China",
    "country": "China",
    "height": "1.75 m",
    "handedness": "Right",
    "birth_date": "1971-12-1",
    "medaltemplates": [
        "Sport: Women's badminton",
        "Country: {{CHN}}",
        "Competition: World Championships",
        "Silver Medal: 1993 Birmingham Women's doubles",
        "Competition: World Cup",
        "Bronze Medal: 1994 Ho Chi Minh Women's doubles",
        "Competition: Uber Cup",
        "Silver Medal: 1994 Jakarta Women's team",
        "Silver Medal: 1996 Hong Kong Women's team",
        "Competition: Asian Games",
        "Bronze Medal: 1994 Hiroshima Women's team",
        "Competition: Asian Championships",
        "Silver Medal: 1994 Shanghai Women's doubles",
        "Bronze Medal: 1991 Kuala Lumpur Women's singles",
        "Competition: Asian Cup",
        "Silver Medal: 1994 Beijing Women's doubles"
    ]
}