{
    "name": "Chen Xiaojia \u9648\u6653\u4f73",
    "country": "China",
    "birth_place": "Xiangtan, Hunan, China",
    "height": "1.70 m",
    "handedness": "Right",
    "event": "Women's singles",
    "highest_ranking": "22",
    "date_of_highest_ranking": "28 June 2012",
    "birth_date": "1991-10-20",
    "medaltemplates": [
        "Sport: Women's badminton",
        "Country: {{CHN}}",
        "Competition: Asian Championships",
        "Bronze Medal: 2012 Qingdao Women's singles",
        "Competition: East Asian Games",
        "Gold Medal: 2009 Hong Kong Women's team",
        "Bronze Medal: 2009 Hong Kong Women's singles",
        "Competition: World Junior Championships",
        "Gold Medal: 2008 Pune Mixed team",
        "Gold Medal: 2009 Alor Setar Mixed team",
        "Bronze Medal: 2009 Alor Setar Girls' singles",
        "Competition: Asian Junior Championships",
        "Gold Medal: 2008 Kuala Lumpur Mixed team",
        "Gold Medal: 2009 Kuala Lumpur Girls' singles",
        "Silver Medal: 2009 Kuala Lumpur Mixed team"
    ]
}