{
    "name": "Cheng Hefang \u7a0b\u548c\u82b3",
    "birth_place": "Guizhou, China",
    "event": "Women's singles SL4 Women's doubles SL3\u2013SU5 Mixed doubles SL3\u2013SU5",
    "highest_ranking": "2 (WS 1 April 2019) 1 (WD with Ma Huihui 17 November 2019) 7 (XD with Ou Wei 7 April 2019)",
    "current_ranking": "1 (WS), 63 (XD with Ou Wei)",
    "date_of_current_ranking": "8 November 2022",
    "country": "CHN",
    "coach": "Zhang Xianmin",
    "birth_date": "1995-09-01",
    "medaltemplates": [
        "Sport: Women's para badminton",
        "Country: {{CHN}}",
        "Competition: Paralympic Games",
        "Gold Medal: 2020 Tokyo Women's  singles",
        "Silver Medal: 2020 Tokyo Women's doubles",
        "Competition: World Championships",
        "Gold Medal: 2017 Ulsan Women's singles",
        "Gold Medal: 2019 Basel Women's doubles",
        "Gold Medal: 2024 Pattaya Women's singles",
        "Silver Medal: 2017 Ulsan Women's doubles",
        "Silver Medal: 2019 Basel Women's singles",
        "Competition: Asian Para Games",
        "Gold Medal: 2014 Incheon Women's doubles",
        "Gold Medal: 2018 Jakarta Women's singles",
        "Gold Medal: 2022 Hangzhou Women's singles",
        "Silver Medal: 2014 Incheon Women's singles",
        "Silver Medal: 2018 Jakarta Women's doubles",
        "Competition: Asian Championships"
    ]
}