{
    "name": "Chen Yufei \u9648\u96e8\u83f2",
    "country": "China",
    "birth_place": "Hangzhou, Zhejiang, China",
    "height": "1.71 m",
    "years_active": "2013\u2013present",
    "handedness": "Right",
    "coach": "Luo Yigang",
    "event": "Women's singles",
    "career_record": "350 wins, 104 losses",
    "highest_ranking": "1",
    "date_of_highest_ranking": "17 December 2019",
    "current_ranking": "2",
    "date_of_current_ranking": "8 April 2024",
    "bwf_id": "5C227C4B-0D18-4C14-90CB-6CD5D3ABA9A8",
    "birth_date": "1998-3-1",
    "medaltemplates": [
        "Sport: Women's badminton",
        "Country: {{CHN}}",
        "Competition: Olympic Games",
        "Gold Medal: 2020 Tokyo Women's singles",
        "Competition: World Championships",
        "Silver Medal: 2022 Tokyo Women's singles",
        "Bronze Medal: 2017 Glasgow Women's singles",
        "Bronze Medal: 2019 Basel Women's singles",
        "Bronze Medal: 2023 Copenhagen Women's singles",
        "Competition: Sudirman Cup",
        "Gold Medal: 2019 Nanning Mixed team",
        "Gold Medal: 2021 Vantaa Mixed team",
        "Gold Medal: 2023 Suzhou Mixed team",
        "Silver Medal: 2017 Gold Coast Mixed team",
        "Competition: Uber Cup",
        "Gold Medal: 2020 Aarhus Women's team",
        "Silver Medal: 2022 Bangkok Women's team",
        "Bronze Medal: 2018 Bangkok Women's team",
        "Competition: Asian Games",
        "Silver Medal: 2018 Jakarta\u2013Palembang Women's team",
        "Silver Medal: 2022 Hangzhou Women's singles",
        "Silver Medal: 2022 Hangzhou Women's team",
        "Competition: Asian Championships",
        "Silver Medal: {{2018 Wuhan}} {{Women's singles}}",
        "Silver Medal: 2024 Ningbo Women's singles",
        "Bronze Medal: 2019 Wuhan Women's singles",
        "Bronze Medal: 2023 Dubai Women's singles",
        "Competition: Asia Mixed Team Championships",
        "Bronze Medal: 2017 Ho Chi Minh Mixed team",
        "Competition: Asian Team Championships",
        "Gold Medal: 2016 Hyderabad Women's team",
        "Silver Medal: 2018 Alor Setar Women's team",
        "Competition: World Junior Championships",
        "Gold Medal: 2014 Alor Setar Mixed team",
        "Gold Medal: 2015 Lima Mixed team",
        "Gold Medal: 2016 Bilbao Girls' singles",
        "Gold Medal: 2016 Bilbao Mixed team",
        "Bronze Medal: 2013 Bangkok Mixed team",
        "Competition: Asian Youth Games",
        "Bronze Medal: 2013 Nanjing Mixed doubles",
        "Competition: Asian Junior Championships",
        "Gold Medal: 2013 Kota Kinabalu Mixed team",
        "Gold Medal: 2014 Taipei Mixed team",
        "Gold Medal: 2015 Bangkok Mixed team",
        "Gold Medal: 2016 Bangkok Girls' singles",
        "Gold Medal: 2016 Bangkok Mixed team",
        "Silver Medal: 2014 Taipei Girls' singles"
    ]
}