{
    "name": "Chen Qiqiu \u9648\u5176\u9052",
    "birth_place": "Meizhou, Guangdong, China",
    "height": "1.71 m",
    "event": "Mixed doubles",
    "country": "China",
    "handedness": "Left",
    "highest_ranking": "2",
    "birth_date": "1978-1-04",
    "medaltemplates": [
        "Sport: Men's badminton",
        "Country: {{CHN}}",
        "Competition: World Championships",
        "Bronze Medal: 2003 Birmingham Mixed doubles",
        "Competition: Sudirman Cup",
        "Gold Medal: 2005 Beijing Mixed team",
        "Silver Medal: 2003 Eindhoven Mixed team",
        "Competition: Thomas Cup",
        "Gold Medal: 2004 Jakarta Men's team",
        "Silver Medal: 2000 Kuala Lumpur Men's team",
        "Bronze Medal: 2002 Guangzhou Men's team",
        "Competition: Asian Games",
        "Bronze Medal: 2002 Busan Mixed doubles",
        "Bronze Medal: 2002 Busan Men's team"
    ]
}