{
    "name": "Chen Jin \u9648\u91d1",
    "birth_place": "Handan, Hebei, China",
    "height": "1.82 zh http://2008.qq.com/chenjin/zysy910.htm \u9648\u91d1\u5b98\u65b9\u7f51\u7ad9_\u817e\u8baf\u4f53\u80b2\u9891\u9053_\u817e\u8baf\u7f51 ",
    "weight": "72",
    "event": "Men's singles",
    "country": "China",
    "years_active": "2003\u20132013",
    "handedness": "Right",
    "career_record": "291 wins, 90 losses",
    "highest_ranking": "2",
    "date_of_highest_ranking": "1 February 2007",
    "birth_date": "1986-1-10",
    "medaltemplates": [
        "Sport: Men's badminton",
        "Country: {{CHN}}",
        "Competition: Olympic Games",
        "Bronze Medal: 2008 Beijing Men's singles",
        "Competition: World Championships",
        "Gold Medal: 2010 Paris Men's singles",
        "Silver Medal: 2009 Hyderabad Men's singles",
        "Bronze Medal: 2011 London Men's singles",
        "Competition: World Cup",
        "Bronze Medal: 2006 Yiyang Men's singles",
        "Competition: Thomas Cup",
        "Gold Medal: 2006 Tokyo Men's team",
        "Gold Medal: 2008 Jakarta Men's team",
        "Gold Medal: 2010 Kuala Lumpur Men's team",
        "Gold Medal: 2012 Wuhan Men's team",
        "Competition: Asian Games",
        "Gold Medal: 2006 Doha Men's team",
        "Gold Medal: 2010 Guangzhou Men's team",
        "Bronze Medal: 2010 Guangzhou Men's singles",
        "Competition: Asian Championships",
        "Gold Medal: 2012 Qingdao Men's singles",
        "Silver Medal: 2008 Johor Bahru Men's singles",
        "Competition: East Asian Games",
        "Gold Medal: 2009 Hong Kong Men's team",
        "Competition: World Junior Championships",
        "Gold Medal: 2002 Pretoria Boys' singles",
        "Gold Medal: 2002 Pretoria Mixed team",
        "Gold Medal: 2004 Richmond Boys' singles",
        "Gold Medal: 2004 Richmond Mixed team",
        "Competition: Asian Junior Championships",
        "Gold Medal: 2004 Hwacheon Boys' singles",
        "Gold Medal: 2004 Hwacheon Boys' team",
        "Bronze Medal: 2002 Kuala Lumpur Boys' team"
    ]
}