{
    "name": "Cheng Rui \u7a0b\u745e",
    "birth_place": "Wuhan, China",
    "height": "1.75 m",
    "weight": "65 kg",
    "country": "CHN",
    "handedness": "Right",
    "event": "Men's & mixed doubles",
    "birth_date": "1979-7-31",
    "medaltemplates": [
        "Sport: Men's badminton",
        "Country: {{CHN}}",
        "Competition: Thomas Cup",
        "Bronze Medal: 2002 Guangzhou Men's team",
        "Competition: Asian Championships",
        "Bronze Medal: 2001 Manila Men's doubles",
        "Competition: World Junior Championships",
        "Silver Medal: 1996 Silkeborg Mixed doubles",
        "Competition: Asian Junior Championships",
        "Gold Medal: 1997 Manila Mixed doubles",
        "Gold Medal: 1997 Manila Boys' team"
    ]
}