{
    "name": "Chen Zhuofu \u8c0c\u5353\u592b",
    "birth_place": "Changsha, Hunan, China",
    "height": "1.80 m",
    "country": "CHN",
    "event": "Men's & mixed doubles",
    "highest_ranking": "97 (MD 15 January 2015)  150 (XD 8 May 2014)",
    "birth_date": "1994-10-21",
    "medaltemplates": [
        "Sport: Men's badminton",
        "Country: {{CHN}}",
        "Competition: Asian Championships",
        "Bronze Medal: 2014 Gimcheon Men's doubles",
        "Competition: World Junior Championships",
        "Gold Medal: 2010 Guadalajara Mixed team",
        "Competition: Asian Junior Championships",
        "Gold Medal: 2011 Lucknow Mixed team",
        "Gold Medal: 2010 Kuala Lumpur Mixed team",
        "Bronze Medal: 2011 Lucknow Mixed doubles"
    ]
}