{
    "name": "Chen Chi-ting \u9673\u7d00\u5ef7",
    "country": "Taiwan",
    "birth_place": "Taiwan",
    "event": "Men's singles",
    "career_record": "75 wins, 32 losses",
    "current_ranking": "154",
    "date_of_current_ranking": "17 March 2020",
    "bwf_id": "F2C01A0D-D582-4381-9B0C-0E61ED08710A",
    "birth_date": "1999-9-1",
    "medaltemplates": [
        "Sport: Men's badminton",
        "Country: {{TPE}}",
        "Competition: Asian Junior Championships",
        "Bronze Medal: 2017 Jakarta Boys' singles"
    ]
}