{
    "name": "Cheng Wen-hsing \u7a0b\u6587\u6b23",
    "size": "250 px",
    "country": "Republic of China (Taiwan)",
    "birth_place": "Taipei, Taiwan",
    "height": "1.66 m",
    "weight": "62 kg",
    "handedness": "Right",
    "event": "Women's & mixed doubles",
    "highest_ranking": "1 (WD with Chien Yu-chin 1 October 2010)  5 (XD with Chen Hung-ling 13 September 2012)",
    "birth_date": "1982-02-24",
    "medaltemplates": [
        "Sport: Women's badminton",
        "Country: {{TPE}}",
        "Competition: World Championships",
        "Bronze Medal: 2010 Paris Women's doubles",
        "Competition: World Cup",
        "Bronze Medal: 2006 Yiyang Women's doubles",
        "Competition: Uber Cup",
        "Bronze Medal: 2006 Sendai\u2013Tokyo Women's team",
        "Competition: Asian Games",
        "Bronze Medal: 2010 Guangzhou Mixed doubles",
        "Competition: Asian Championships",
        "Silver Medal: 2006 Johor Bahru Women's doubles",
        "Silver Medal: 2008 Johor Bahru Women's doubles",
        "Bronze Medal: 2008 Johor Bahru Mixed doubles",
        "Bronze Medal: 2009 Suwon Women's doubles",
        "Bronze Medal: 2010 New Delhi Women's doubles",
        "Competition: East Asian Games",
        "Silver Medal: 2013 Tianjin Women's team",
        "Silver Medal: 2009 Hong Kong Women's team",
        "Bronze Medal: 2013 Tianjin Women's doubles",
        "Competition: Summer Universiade",
        "Gold Medal: 2007 Bangkok Women's doubles",
        "Silver Medal: 2007 Bangkok Mixed doubles",
        "Bronze Medal: 2007 Bangkok Mixed team",
        "Competition: Asian Junior Championships",
        "Bronze Medal: 1998 Kuala Lumpur Girls' team",
        "Bronze Medal: 1999 Yangon Girls' team",
        "Bronze Medal: 2000 Kyoto Mixed doubles",
        "Bronze Medal: 2000 Kyoto Girls' team"
    ]
}