{
    "name": "Chen Changjie \u9648\u660c\u6770",
    "country": "China",
    "birth_place": "Dalian, Liaoning, China",
    "handedness": "Right",
    "event": "Men's singles",
    "birth_date": "1959-01-04",
    "medaltemplates": [
        "Sport: Men's badminton",
        "Country: {{CHN}}",
        "Competition: World Games",
        "Gold Medal: 1981 Santa Clara Men's singles",
        "Competition: World Cup",
        "Bronze Medal: 1981 Kuala Lumpur Men's singles",
        "Competition: Thomas Cup",
        "Gold Medal: 1982 London Men's team",
        "Competition: Asian Games",
        "Gold Medal: 1982 New Delhi Men's team",
        "Bronze Medal: 1982 New Delhi Men's singles",
        "Competition: Asian Championships",
        "Gold Medal: 1983 Calcutta Men's singles",
        "Gold Medal: 1983 Calcutta Men's team"
    ]
}