{
    "name": "Chen Xiaoxin \u9648\u6653\u6b23",
    "birth_place": "Nanning, Guangxi, China",
    "height": "1.70 m",
    "country": "China",
    "handedness": "Right",
    "event": "Women's singles",
    "highest_ranking": "16",
    "date_of_highest_ranking": "30 November 2017",
    "birth_date": "1998-4-24",
    "medaltemplates": [
        "Sport: Women's badminton",
        "Country: {{CHN}}",
        "Competition: Asia Team Championships",
        "Silver Medal: 2018 Alor Setar Women's team",
        "Competition: World Junior Championships",
        "Gold Medal: 2014 Alor Setar Mixed team",
        "Competition: Asia Junior Championships",
        "Gold Medal: 2015 Bangkok Mixed team"
    ]
}