{
    "name": "Chen Su-yu, \u9673\u8085\u8aed",
    "birth_place": "Taichung, Taiwan",
    "country": "Republic of China (Taiwan)",
    "event": "Women's singles & doubles",
    "highest_ranking": "43 (WS, 30 November 2017) 85 (WD with Tang Wan-yi, 21 September 2017)",
    "current_ranking": "106 (WS) 131 (WD with Jheng Yu-chieh)",
    "date_of_current_ranking": "7 November 2023",
    "birth_date": "1997-12-19",
    "medaltemplates": [
        "Sport: Badminton",
        "Country: {{TPE}}",
        "Competition: Asia Junior Championships",
        "Bronze Medal: 2014 Taipei Mixed team"
    ]
}