{
    "name": "Chen Gang \u9648\u521a",
    "birth_place": "Hangzhou, Zhejiang, China",
    "height": "1.80 m",
    "weight": "75 kg",
    "country": "CHN",
    "handedness": "Right",
    "event": "Men's singles & doubles",
    "highest_ranking": "3",
    "birth_date": "1976-6-27",
    "medaltemplates": [
        "Sport: Men's badminton",
        "Country: {{CHN}}",
        "Competition: World Cup",
        "Bronze Medal: 1995 Jakarta Men's singles",
        "Competition: Thomas Cup",
        "Bronze Medal: 1998 Hong Kong Men's team",
        "Competition: Asian Games",
        "Silver Medal: 1998 Bangkok Men's team",
        "Competition: Asian Championships",
        "Gold Medal: 1998 Bangkok Men's singles",
        "Bronze Medal: 1998 Bangkok Mixed doubles",
        "Competition: World Junior Championships",
        "Gold Medal: 1996 Kuala Lumpur Boys' singles"
    ]
}