{
    "name": "Chen Hong \u9648\u5b8f",
    "birth_place": "Changting County, Fujian, China",
    "height": "1.82",
    "event": "Men's singles",
    "highest_ranking": "1",
    "date_of_highest_ranking": "2002",
    "country": "China",
    "handedness": "Right",
    "birth_date": "1979-11-28",
    "medaltemplates": [
        "Sport: Men's badminton",
        "Country: {{CHN}}",
        "Competition: World Championships",
        "Bronze Medal: 2001 Seville Men's singles",
        "Bronze Medal: 2006 Madrid Men's singles",
        "Competition: World Cup",
        "Bronze Medal: 2005 Yiyang Men's singles",
        "Competition: Sudirman Cup",
        "Gold Medal: 2005 Beijing Mixed team",
        "Gold Medal: 2001 Seville Mixed team",
        "Silver Medal: 2003 Eindhoven Mixed team",
        "Competition: Thomas Cup",
        "Gold Medal: 2006 Sendai & Tokyo Men's team",
        "Gold Medal: 2004 Jakarta Men's team",
        "Competition: Asian Games",
        "Bronze Medal: 2002 Busan Men's team",
        "Competition: Asia Championships",
        "Gold Medal: 1999 Kuala Lumpur Men's singles",
        "Silver Medal: 2007 Johor Bahru Men's singles",
        "Bronze Medal: 2002 Bangkok Men's singles",
        "Competition: Asia Cup",
        "Gold Medal: 2001 Singapore Men's team",
        "Competition: Summer Universiade",
        "Silver Medal: 2007 Bangkok Men's singles",
        "Silver Medal: 2007 Bangkok Mixed team",
        "Bronze Medal: 2007 Bangkok Mixed doubles",
        "Competition: Asia Junior Championships",
        "Gold Medal: 1997 Manila Boys' team",
        "Silver Medal: 1997 Manila Boys' singles",
        "Bronze Medal: 1997 Manila Boys' doubles"
    ]
}