{
    "name": "Chen Jiayuan \u9648\u5609\u56ed",
    "country": "Singapore",
    "birth_place": "Fujian, China",
    "height": "1.76 m",
    "handedness": "Right",
    "event": "Women's singles & doubles",
    "highest_ranking": "35 (WS 27 August 2015) 47 (WD 3 March 2011)",
    "birth_date": "1991-2-16",
    "medaltemplates": [
        "Sport: Women's badminton",
        "Country: {{SIN}}",
        "Competition: Southeast Asian Games",
        "Bronze Medal: 2011 Jakarta\u2013Palembang Women's team",
        "Bronze Medal: 2015 Singapore Women's team"
    ]
}