{
    "name": "Chen Qingchen \u9648\u6e05\u6668",
    "size": "250 px",
    "country": "China",
    "birth_place": "Xingning, Guangdong, China",
    "height": "1.64 m",
    "handedness": "Right",
    "event": "Women's & Mixed doubles",
    "highest_ranking": "1 (WD with Jia Yifan 2 November 2017) 1 (XD with Zheng Siwei 22 December 2016)",
    "current_ranking": "1",
    "date_of_current_ranking": "WD with Jia Yifan 23 April 2024",
    "birth_date": "1997-6-23",
    "medaltemplates": [
        "Sport: Women's badminton",
        "Country: {{CHN}}",
        "Competition: Olympic Games",
        "Silver Medal: 2020 Tokyo Women's doubles",
        "Competition: World Championships",
        "Gold Medal: 2017 Glasgow Women's doubles",
        "Gold Medal: 2021 Huelva Women's doubles",
        "Gold Medal: 2022 Tokyo Women's doubles",
        "Gold Medal: 2023 Copenhagen Women's doubles",
        "Silver Medal: 2017 Glasgow Mixed doubles",
        "Competition: Sudirman Cup",
        "Gold Medal: 2019 Nanning Mixed team",
        "Gold Medal: 2021 Vantaa Mixed team",
        "Gold Medal: 2023 Suzhou Mixed team",
        "Silver Medal: 2017 Gold Coast Mixed team",
        "Competition: Uber Cup",
        "Gold Medal: 2016 Kunshan Women's team",
        "Gold Medal: 2020 Aarhus Women's team",
        "Silver Medal: 2022 Bangkok Women's team",
        "Bronze Medal: 2018 Bangkok Women's team",
        "Competition: Asian Games",
        "Gold Medal: {{2018 Jakarta\u2013Palembang}} {{Women's doubles}}",
        "Gold Medal: 2022 Hangzhou Women's doubles",
        "Silver Medal: 2018 Jakarta\u2013Palembang Women's team",
        "Silver Medal: 2022 Hangzhou Women's team",
        "Competition: Asian Championships",
        "Gold Medal: 2019 Wuhan Women's doubles",
        "Gold Medal: 2022 Manila Women's doubles",
        "Bronze Medal: 2024 Ningbo Women's doubles",
        "Competition: Asia Mixed Team Championships",
        "Bronze Medal: 2017 Ho Chi Minh Mixed team",
        "Competition: East Asian Games",
        "Gold Medal: 2013 Tianjin Women's team",
        "Competition: World Junior Championships",
        "Gold Medal: 2012 Chiba Mixed team",
        "Gold Medal: 2013 Bangkok Mixed doubles",
        "Gold Medal: 2014 Alor Setar Girls' doubles",
        "Gold Medal: 2014 Alor Setar Mixed doubles",
        "Gold Medal: 2014 Alor Setar Mixed team",
        "Gold Medal: 2015 Lima Girls' doubles",
        "Gold Medal: 2015 Lima Mixed doubles",
        "Gold Medal: 2015 Lima Mixed team",
        "Silver Medal: 2013 Bangkok Girls' doubles",
        "Bronze Medal: 2012 Chiba Mixed doubles",
        "Bronze Medal: 2013 Bangkok Mixed team",
        "Competition: Asian Junior Championships",
        "Gold Medal: 2013 Kota Kinabalu Mixed team",
        "Gold Medal: 2014 Taipei Girls' doubles",
        "Gold Medal: 2014 Taipei Mixed doubles",
        "Gold Medal: 2014 Taipei Mixed team",
        "Gold Medal: 2015 Bangkok Mixed doubles",
        "Gold Medal: 2015 Bangkok Mixed team",
        "Silver Medal: 2012 Gimcheon Mixed team",
        "Silver Medal: 2013 Kota Kinabalu Girls' doubles",
        "Silver Medal: 2015 Bangkok Girls' doubles",
        "Bronze Medal: 2012 Gimcheon Girls' doubles",
        "Bronze Medal: 2012 Gimcheon Mixed doubles",
        "Bronze Medal: 2013 Kota Kinabalu Mixed doubles"
    ]
}