{
    "name": "Chen Xiaofei \u9648\u7b11\u83f2",
    "country": "China",
    "birth_place": "Guangdong, China",
    "height": "1.85 m",
    "event": "Women's & mixed doubles",
    "highest_ranking": "71 (WD with Zhou Chaomin) 45 (XD with Dong Weijie)",
    "date_of_highest_ranking": "10 March 2020",
    "current_ranking": "162 (WD with Feng Xueying)",
    "date_of_current_ranking": "21 March 2023",
    "birth_date": "1997-10-10",
    "medaltemplates": [
        "Sport: Women's badminton",
        "Country: {{CHN}}",
        "Competition: Asia Mixed Team Championships",
        "Gold Medal: 2019 Hong Kong Mixed team"
    ]
}