{
    "name": "Chen Hongyong \u9648\u7ea2\u52c7",
    "country": "China",
    "handedness": "Right",
    "height": "174 cm",
    "event": "Men's doubles",
    "birth_date": "1966-5-1",
    "medaltemplates": [
        "Sport: Men's badminton",
        "Country: {{CHN}}",
        "Competition: World Championships",
        "Silver Medal: 1989 Jakarta Men's doubles",
        "Bronze Medal: 1993 Birmingham Men's doubles",
        "Competition: World Cup",
        "Silver Medal: 1993 New Delhi Men's doubles",
        "Bronze Medal: 1991 Macau Men's doubles",
        "Bronze Medal: 1992 Guangzhou Men's doubles",
        "Competition: Sudirman Cup",
        "Bronze Medal: 1993 Birmingham Mixed team",
        "Competition: Thomas Cup",
        "Gold Medal: 1988 Kuala Lumpur Men's team",
        "Gold Medal: 1990 Nagoya & Tokyo Men's team",
        "Bronze Medal: 1994 Jakarta Men's team",
        "Competition: Asian Games",
        "Bronze Medal: 1994 Hiroshima Men's doubles",
        "Bronze Medal: 1994 Hiroshima Men's team",
        "Competition: Asian Championships",
        "Gold Medal: 1994 Shanghai Men's doubles",
        "Silver Medal: 1991 Kuala Lumpur Men's doubles",
        "Silver Medal: 1993 Hong Kong Men's team",
        "Competition: Asian Cup",
        "Bronze Medal: 1991 Jakarta Men's doubles"
    ]
}