{
    "name": "Chen Hsiao-huan \u9673\u66c9\u6b61",
    "country": "Republic of China (Taiwan)",
    "birth_place": "Kaohsiung, Taiwan",
    "height": "1.57 m",
    "weight": "48 kg",
    "handedness": "Right",
    "event": "Women's singles & doubles",
    "highest_ranking": "55 (WS 8 April 2010)  41 (WD 10 November 2016)  31 (XD 9 March 2017)",
    "birth_date": "1987-3-12",
    "medaltemplates": [
        "Sport: Women's badminton",
        "Country: {{TPE}}",
        "Competition: East Asian Games",
        "Silver Medal: 2013 Tianjin Women's team",
        "Competition: Asian Junior Championships",
        "Bronze Medal: 2004 Hwacheon Girls' team"
    ]
}