{
    "name": "Chen Tang Jie \u9648\u5802\u6770",
    "country": "Malaysia",
    "birth_place": "Ipoh, Perak, Malaysia ",
    "residence": "Kuala Lumpur, Malaysia",
    "height": "1.80 m",
    "years_active": "2014\u2013present",
    "handedness": "Right",
    "coach": "Nova Widianto",
    "event": "Mixed doubles",
    "highest_ranking": "8 (with Toh Ee Wei, 12 December 2023) 21 (with Peck Yen Wei, 8 November 2022)",
    "current_ranking": "9",
    "current_ranking_date": "with Toh Ee Wei, 16 April 2024",
    "birth_date": "1998-1-5",
    "medaltemplates": [
        "Sport: Men's badminton",
        "Country: {{MAS}}",
        "Competition: Sudirman Cup",
        "Bronze Medal: 2021 Vantaa Mixed team",
        "Bronze Medal: 2023 Suzhou Mixed team",
        "Competition: SEA Games",
        "Gold Medal: 2021 Vietnam Mixed doubles",
        "Silver Medal: 2021 Vietnam Men's team",
        "Competition: World Junior Championships",
        "Silver Medal: 2016 Bilbao Mixed team",
        "Bronze Medal: 2016 Bilbao Mixed doubles"
    ]
}