{
    "name": "Chen Hsuan-yu \u9648\u714a\u6e1d",
    "country": "Australia",
    "birth_place": "Taichung, Taiwan ",
    "residence": "Brisbane, Queensland, Australia",
    "height": "1.67 m ",
    "weight": "60 kg",
    "handedness": "Right",
    "event": "Women's singles",
    "highest_ranking": "55",
    "highest_ranking_date": "26 November 2015",
    "current_ranking": "73",
    "current_ranking_date": "13 December 2022",
    "birth_date": "1993-6-1",
    "medaltemplates": [
        "Sport: Women's badminton",
        "Country: {{AUS}}",
        "Competition: Oceania Championships",
        "Gold Medal: 2015 North Harbour Women's singles",
        "Gold Medal: 2016 Papeete Women's singles",
        "Gold Medal: 2017 Noum\u00e9a Women's singles",
        "Gold Medal: 2018 Hamilton Women's singles",
        "Gold Medal: 2019 Melbourne Women's singles",
        "Gold Medal: 2020 Ballarat Women's singles",
        "Gold Medal: 2022 Melbourne Women's singles",
        "Bronze Medal: 2015 North Harbour Women's doubles",
        "Bronze Medal: 2017 Noum\u00e9a Mixed doubles",
        "Competition: Oceania Mixed Team Championships",
        "Gold Medal: 2019 Melbourne Mixed team",
        "Competition: Oceania Women's Team Championships",
        "Gold Medal: 2018 Hamilton Women's team",
        "Gold Medal: 2020 Ballarat Women's team"
    ]
}