{
    "name": "Cheng Shu \u6210\u6dd1",
    "birth_place": "Nantong, Jiangsu, China",
    "height": "1.78 m",
    "weight": "62 kg",
    "country": "China",
    "handedness": "Right",
    "event": "Women's doubles",
    "highest_ranking": "1",
    "date_of_highest_ranking": "12 November 2009",
    "bwf_id": "D73D604A-EB42-40D4-A23F-B131E57B4E33",
    "birth_date": "1987-7-11",
    "medaltemplates": [
        "Sport: Women's badminton",
        "Country: {{CHN}}",
        "Competition: World Championships",
        "Silver Medal: 2009 Hyderabad Women's doubles",
        "Bronze Medal: 2010 Paris Women's doubles",
        "Competition: Uber Cup",
        "Gold Medal: 2012 Wuhan Women's team",
        "Competition: Asian Games",
        "Gold Medal: 2010 Guangzhou Women's team",
        "Competition: Asian Championships",
        "Silver Medal: 2007 Johor Bahru Women's doubles",
        "Bronze Medal: 2012 Qingdao Women's doubles",
        "Competition: East Asian Games",
        "Gold Medal: 2009 Hong Kong Women's team",
        "Bronze Medal: 2009 Hong Kong Women's doubles",
        "Competition: Asian Junior Championships",
        "Gold Medal: 2005 Jakarta Girls' doubles",
        "Gold Medal: 2005 Jakarta Girls' team"
    ]
}