{
    "name": "Chen Yu \u9648\u90c1",
    "birth_place": "Nanning, China",
    "height": "1.82",
    "weight": "70 kg",
    "country": "China",
    "handedness": "Right",
    "event": "Men's singles",
    "birth_date": "1980-05-08",
    "medaltemplates": [
        "Sport: Men's badminton",
        "Country: {{CHN}}",
        "Competition: World Championships",
        "Bronze Medal: 2007 Kuala Lumpur Men's singles",
        "Competition: World Cup",
        "Silver Medal: 2006 Yiyang Men's singles",
        "Competition: Sudirman Cup",
        "Silver Medal: 2003 Eindhoven Mixed team",
        "Competition: Thomas Cup",
        "Gold Medal: 2008 Jakarta Men's team",
        "Gold Medal: 2004 Jakarta Men's team",
        "Competition: Asian Championships",
        "Bronze Medal: 2006 Johor Bahru Men's singles",
        "Competition: Asia Cup",
        "Gold Medal: 2001 Singapore Men's team",
        "Competition: World Junior Championships",
        "Bronze Medal: 1998 Melbourne Boys' singles",
        "Competition: Asian Junior Championships",
        "Gold Medal: 1999 Yangon Boys' doubles",
        "Gold Medal: 1998 Kuala Lumpur Boys' team",
        "Silver Medal: 1999 Yangon Boys' team",
        "Bronze Medal: 1998 Kuala Lumpur Mixed doubles"
    ]
}