{
    "name": "Chen Hung-ling, \u9673\u5b8f\u9e9f",
    "birth_place": "Taipei, Taiwan",
    "residence": "Kaohsiung City, Taiwan",
    "height": "1.77 m",
    "weight": "70 kg",
    "country": "Republic of China (Taiwan)",
    "handedness": "Right",
    "event": "Men's & mixed doubles",
    "highest_ranking": "4 (MD 25 October 2018)  5 (XD 13 September 2012)",
    "birth_date": "1986-2-10",
    "medaltemplates": [
        "Sport: Men's badminton",
        "Country: {{TPE}}",
        "Competition: World Championships",
        "Bronze Medal: 2018 Nanjing Men's doubles",
        "Competition: Asian Games",
        "Bronze Medal: 2010 Guangzhou Mixed doubles",
        "Bronze Medal: 2014 Incheon Men's team",
        "Bronze Medal: 2018 Jakarta-Palembang Men's team",
        "Competition: Asian Championships",
        "Silver Medal: 2010 New Delhi Men's doubles",
        "Competition: East Asian Games",
        "Silver Medal: 2009 Hong Kong Men's doubles",
        "Silver Medal: 2013 Tianjin Men's doubles",
        "Bronze Medal: 2009 Hong Kong Mixed doubles",
        "Bronze Medal: 2009 Hong Kong Men's team",
        "Bronze Medal: 2013 Tianjin Men's team",
        "Competition: Summer Universiade",
        "Bronze Medal: 2013 Kazan Mixed doubles",
        "Bronze Medal: 2013 Kazan Mixed team"
    ]
}