{
    "name": "Cheryl Seinen",
    "country": "Netherlands",
    "birth_place": "Roermond, Netherlands",
    "height": "1.66 m ",
    "weight": "63 kg",
    "handedness": "Right",
    "event": "Women's & mixed doubles",
    "highest_ranking": "17 (WD with Selena Piek 4 May 2021) 29 (XD with Robin Tabeling 27 September 2018)",
    "current_ranking": "29",
    "date_of_current_ranking": "WD with Debora Jille 16 April 2024",
    "birth_date": "1995-8-4",
    "medaltemplates": [
        "Sport: Women's badminton",
        "Country: {{NED}}",
        "Competition: European Games",
        "Gold Medal: 2019 Minsk Women's doubles",
        "Silver Medal: {{2023 Krak\u00f3w\u2013Ma\u0142opolska}} {{Women's doubles}}",
        "Competition: European Championships",
        "Bronze Medal: 2018 Huelva Women's doubles",
        "Bronze Medal: 2021 Kyiv Women's doubles",
        "Bronze Medal: 2024 Saarbr\u00fccken Women's doubles",
        "Competition: European Mixed Team Championships",
        "Bronze Medal: 2019 Copenhagen Mixed team",
        "Competition: European Junior Championships",
        "Bronze Medal: 2013 Ankara Mixed team"
    ]
}