{
    "name": "Chetan Anand",
    "birth_place": "Vijayawada, Andhra Pradesh, India",
    "height": "ft=5",
    "weight": "162",
    "event": "Men's singles",
    "highest_ranking": "10",
    "date_of_highest_ranking": "February 2009",
    "country": "India",
    "coach": "S. M. Arif",
    "handedness": "Right",
    "birth_date": "1980-7-8",
    "medaltemplates": [
        "Sport: Men's badminton",
        "Country: {{IND}}",
        "Competition: Commonwealth Games",
        "Silver Medal: 2010 New Delhi Mixed team",
        "Bronze Medal: 2006 Melbourne Men's singles",
        "Bronze Medal: 2006 Melbourne Mixed team",
        "Competition: South Asian Games",
        "Gold Medal: 2004 Islamabad Men's singles",
        "Gold Medal: 2004 Islamabad Men's team",
        "Gold Medal: 2006 Colombo Men's singles",
        "Gold Medal: 2006 Colombo Men's team",
        "Gold Medal: 2010 Dhaka Men's singles",
        "Gold Medal: 2010 Dhaka Men's team",
        "Silver Medal: 2010 Dhaka Men's doubles"
    ]
}