{
    "name": "Cheung Ngan Yi, \u5f35\u96c1\u5b9c",
    "birth_place": "Hong Kong",
    "residence": "Hong Kong",
    "height": "1.68 m",
    "weight": "57 kg",
    "country": "Hong Kong",
    "handedness": "Right",
    "event": "Women's singles",
    "highest_ranking": "13",
    "date_of_highest_ranking": "15 June 2017",
    "current_ranking": "67",
    "date_of_current_ranking": "20 September 2022",
    "birth_date": "1993-04-27",
    "medaltemplates": [
        "Sport: Women's badminton",
        "Country: {{HKG}}",
        "Competition: Asia Mixed Team Championships",
        "Bronze Medal: 2019 Hong Kong Mixed team",
        "Competition: East Asian Games",
        "Bronze Medal: 2013 Tianjin Women's team"
    ]
}