{
    "name": "Chew Choon Eng \u90b9\u4fca\u82f1",
    "birth_place": "Penang, Malaysia",
    "height": "1.74",
    "weight": "70",
    "event": "Men's & mixed doubles",
    "highest_ranking": "1",
    "highest_ranking_date": "11 April 2002",
    "country": "Malaysia",
    "handedness": "Right",
    "birth_date": "1976-05-28",
    "medaltemplates": [
        "Sport: Men's badminton",
        "Country: {{MYS}}",
        "Competition: World Championships",
        "Bronze Medal: 2001 Seville Men's doubles",
        "Competition: Thomas Cup",
        "Silver Medal: 2002 Guangzhou Men's team",
        "Bronze Medal: 2006 Sendai/Tokyo Men's team",
        "Competition: Commonwealth Games",
        "Gold Medal: 2002 Manchester Men's doubles",
        "Silver Medal: 2002 Manchester Mixed doubles",
        "Competition: Asian Games",
        "Bronze Medal: 2002 Busan Men's doubles",
        "Bronze Medal: 2002 Busan Men's team",
        "Competition: Asian Championships",
        "Bronze Medal: 1997 Kuala Lumpur Men's doubles",
        "Bronze Medal: 2004 Kuala Lumpur Men's doubles",
        "Competition: Asia Cup",
        "Silver Medal: 1999 Ho Chi Minh Men's team",
        "Competition: Southeast Asian Games",
        "Gold Medal: {{1999 Bandar Seri Begawan}} {{Mixed doubles}}",
        "Gold Medal: 2001 Kuala Lumpur Men's team",
        "Silver Medal: 1997 Jakarta Men's team",
        "Silver Medal: 1999 Bandar Seri Begawan Men's team",
        "Silver Medal: 2003 Ho Chi Minh Men's doubles",
        "Bronze Medal: 1997 Jakarta Mixed doubles",
        "Bronze Medal: 2001 Kuala Lumpur Men's doubles",
        "Bronze Medal: 2001 Kuala Lumpur Mixed doubles",
        "Bronze Medal: 2003 Ho Chi Minh City Mixed doubles",
        "Bronze Medal: 2003 Ho Chi Minh City Men's team"
    ]
}