{
    "name": "Chia Wei Jie \u8c22\u709c\u6770",
    "country": "Malaysia",
    "handedness": "Right",
    "event": "Men's doubles",
    "highest_ranking": "63 (with Low Hang Yee) (22 November 2022) 71 (with Liew Xun) (17 October 2023)",
    "current_ranking": "71 (with Liew Xun)",
    "current_ranking_date": "17 October 2023",
    "birth_date": "2000-01-03",
    "medaltemplates": [
        "Sport: Men's badminton",
        "Country: {{MAS}}",
        "Competition: Southeast Asian Games",
        "Silver Medal: 2023 Cambodia Men's team",
        "Competition: World Junior Championships",
        "Silver Medal: 2017 Yogyakarta Mixed team",
        "Competition: Asian Junior Championships",
        "Bronze Medal: 2017 Jakarta Boys' doubles",
        "Bronze Medal: 2017 Jakarta Mixed team",
        "Bronze Medal: 2018 Jakarta Mixed team"
    ]
}