{
    "name": "Chiang Kai-hsin \u59dc\u51f1\u5fc3",
    "height": "1.67 m",
    "weight": "61 kg",
    "country": "Republic of China (Taiwan)",
    "event": "Women's & mixed doubles",
    "highest_ranking": "24 (WD) 6 April 2017, 50 (XD) 30 March 2017",
    "birth_date": "1990-12-25",
    "medaltemplates": [
        "Sport: Badminton",
        "Country: {{TPE}}",
        "Competition: East Asian Games",
        "Silver Medal: 2009 Hong Kong Women's team",
        "Competition: Summer Universiade",
        "Silver Medal: 2015 Gwangju Mixed doubles",
        "Bronze Medal: 2013 Kazan Mixed team",
        "Competition: World Junior Championships",
        "Bronze Medal: 2007 Waitakere City Girls' doubles",
        "Competition: Asia Junior Championships",
        "Bronze Medal: 2008 Kuala Lumpur Mixed doubles"
    ]
}