{
    "name": "Chiang Ying-li \u6c5f\u7a4e\u9e97",
    "birth_name": "Chiang Mei-hui \u6c5f\u7f8e\u6167",
    "residence": "Taipei, Taiwan",
    "height": "1.65 m ",
    "weight": "59 kg",
    "country": "Taiwan",
    "handedness": "Right",
    "event": "Women's singles & doubles",
    "highest_ranking": "25 (WS 15 June 2017)  133 (WD 8 October 2009)  141 (XD 4 April 2013)",
    "current_ranking": "53",
    "date_of_current_ranking": "WS 20 December 2018",
    "birth_date": "1992-10-8",
    "medaltemplates": [
        "Sport: Women's badminton",
        "Country: {{TPE}}",
        "Competition: Summer Universiade",
        "Gold Medal: 2017 Taipei Mixed team",
        "Bronze Medal: 2017 Taipei Women's singles"
    ]
}