{
    "name": "Chico Aura Dwi Wardoyo",
    "country": "Indonesia",
    "birth_place": "Jayapura, Irian Jaya, Indonesia",
    "height": "1.83 m",
    "handedness": "Right",
    "event": "Men's singles",
    "highest_ranking": "15",
    "date_of_highest_ranking": "31 January 2023",
    "current_ranking": "22",
    "date_of_current_ranking": "10 October 2023",
    "birth_date": "1998-6-15",
    "medaltemplates": [
        "Sport: Men's badminton",
        "Country: {{INA}}",
        "Competition: Thomas Cup",
        "Gold Medal: 2020 Aarhus Men's team",
        "Competition: Asian Championships",
        "Bronze Medal: 2022 Manila Men's singles",
        "Competition: Asia Team Championships",
        "Silver Medal: 2022 Selangor Men's team",
        "Competition: SEA Games",
        "Gold Medal: 2023 Cambodia Men's team",
        "Silver Medal: 2023 Cambodia Men's singles",
        "Bronze Medal: 2021 Vietnam Men's team",
        "Competition: World Junior Championships",
        "Silver Medal: 2016 Bilbao Boys' singles"
    ]
}