{
    "name": "Chien Yu-chin \u7c21\u6bd3\u747e",
    "size": "250 px",
    "country": "Republic of China (Taiwan)",
    "birth_place": "Kaohsiung, Taiwan",
    "height": "1.74 m",
    "weight": "72 kg",
    "event": "Women's & mixed doubles",
    "handedness": "Right",
    "highest_ranking": "1 (WD with Cheng Wen-hsing 1 October 2010)  6 (XD with Lee Sheng-mu 17 December 2010)",
    "birth_date": "1982-10-24",
    "medaltemplates": [
        "Sport: Women's badminton",
        "Country: {{TPE}}",
        "Competition: World Championships",
        "Bronze Medal: 2010 Paris Women's doubles",
        "Bronze Medal: 2010 Paris Mixed doubles",
        "Competition: World Cup",
        "Bronze Medal: 2006 Yiyang Women's doubles",
        "Competition: Uber Cup",
        "Bronze Medal: 2006 Sendai\u2013Tokyo Women's team",
        "Competition: Asian Championships",
        "Silver Medal: 2006 Johor Bahru Women's doubles",
        "Silver Medal: 2008 Johor Bahru Women's doubles",
        "Bronze Medal: 2009 Suwon Women's doubles",
        "Bronze Medal: 2010 New Delhi Women's doubles",
        "Competition: East Asian Games",
        "Silver Medal: 2009 Hong Kong Women's team",
        "Bronze Medal: 2009 Hong Kong Women's doubles",
        "Competition: Summer Universiade",
        "Gold Medal: 2007 Bangkok Women's doubles",
        "Bronze Medal: 2007 Bangkok Mixed team",
        "Competition: World Junior Championships",
        "Bronze Medal: 2000 Guangzhou Girls' singles",
        "Competition: Asian Junior Championships",
        "Bronze Medal: 1999 Yangon Girls' team",
        "Bronze Medal: 2000 Kyoto Girls' team"
    ]
}