{
    "name": "Chien Yu-hsiu \u7c21\u4f51\u4fee",
    "birth_place": "New Taipei City, Taiwan",
    "height": "1.68 m",
    "weight": "63 kg",
    "country": "Republic of China (Taiwan)",
    "handedness": "Right",
    "event": "Men's singles",
    "birth_date": "1980-2-29",
    "medaltemplates": [
        "Sport: Men's badminton",
        "Country: {{TPE}}",
        "Competition: Asia Cup",
        "Bronze Medal: 1997 Jakarta Men's team",
        "Competition: World Junior Championships",
        "Silver Medal: 1996 Silkeborg Boys' doubles",
        "Competition: Asian Junior Championships",
        "Gold Medal: 1998 Kuala Lumpur Boys' singles",
        "Bronze Medal: 1998 Kuala Lumpur Boys' team"
    ]
}