{
    "name": "Chiharu Shida",
    "country": "Japan",
    "birth_place": "Hachir\u014dgata, Akita, Japan",
    "height": "1.62 m",
    "handedness": "Right",
    "event": "Women's & mixed doubles",
    "highest_ranking": "2 (WD with Nami Matsuyama 8 November 2022)  211 (XD with Yunosuke Kubota 5 July 2018)",
    "current_ranking": "4",
    "date_of_current_ranking": "WD with Nami Matsuyama 16 April 2024",
    "birth_date": "1997-4-29",
    "medaltemplates": [
        "Sport: Women's badminton",
        "Country: {{JPN}}",
        "Competition: Sudirman Cup",
        "Silver Medal: 2021 Vantaa Mixed team",
        "Bronze Medal: 2023 Suzhou Mixed team",
        "Competition: Uber Cup",
        "Silver Medal: 2020 Aarhus Women's team",
        "Bronze Medal: 2022 Bangkok Women's team",
        "Competition: Asian Games",
        "Bronze Medal: 2022 Hangzhou Women's team",
        "Competition: Asia Team Championships",
        "Gold Medal: 2020 Manila Women's team",
        "Bronze Medal: 2024 Selangor Women's team",
        "Competition: World Junior Championships",
        "Bronze Medal: 2014 Alor Setar Mixed team",
        "Bronze Medal: 2015 Lima Girls' doubles",
        "Bronze Medal: 2015 Lima Mixed doubles",
        "Competition: Asian Junior Championships",
        "Bronze Medal: 2014 Taipei Mixed team",
        "Bronze Medal: 2015 Bangkok Girls' doubles",
        "Bronze Medal: 2015 Bangkok Mixed team"
    ]
}