{
    "name": "Chin Kah Mun \u9648\u5609\u96ef",
    "birth_place": "Ipoh, Perak, Malaysia",
    "event": "Women's doubles",
    "country": "Malaysia",
    "handedness": "Right",
    "highest_ranking": "49",
    "date_of_highest_ranking": "15 September 2016",
    "current_ranking": "87",
    "date_of_current_ranking": "11 May 2017",
    "birth_date": "1995-3-25",
    "medaltemplates": [
        "Sport: Badminton",
        "Country: {{MAS}}",
        "Competition: Asia Junior Championships",
        "Bronze Medal: 2012 Gimcheon Mixed team"
    ]
}