{
    "name": "Chin Eei Hui \u9673\u5100\u6167",
    "country": "Malaysia",
    "birth_place": "George Town, Penang, Malaysia",
    "height": "1.63",
    "weight": "61",
    "event": "Women's & Mixed doubles",
    "highest_ranking": "1",
    "date_of_highest_ranking": "WD 13 May 2009",
    "handedness": "Left",
    "birth_date": "1982-06-18",
    "medaltemplates": [
        "Sport: Women's badminton",
        "Country: {{MAS}}",
        "Competition: World Cup",
        "Bronze Medal: 2006 Yiyang Women's doubles",
        "Competition: Sudirman Cup",
        "Bronze Medal: 2009 Guangzhou Mixed team",
        "Competition: Commonwealth Games",
        "Gold Medal: 2006 Melbourne Women's doubles",
        "Gold Medal: 2006 Melbourne Mixed team",
        "Gold Medal: 2010 New Delhi Mixed doubles",
        "Gold Medal: 2010 New Delhi Mixed team",
        "Silver Medal: 2002 Manchester Mixed doubles",
        "Bronze Medal: 2002 Manchester Women's doubles",
        "Competition: Asian Championships",
        "Bronze Medal: 2004 Kuala Lumpur Women's doubles",
        "Competition: Southeast Asian Games",
        "Gold Medal: 2005 Manila {{Women's doubles}}",
        "Gold Medal: 2009 Vientiane Women's doubles",
        "Gold Medal: 2009 Vientiane Women's team",
        "Bronze Medal: 2001 Kuala Lumpur Women's team",
        "Bronze Medal: 2003 Vietnam Women's doubles",
        "Bronze Medal: 2003 Vietnam Mixed doubles",
        "Bronze Medal: 2005 Manila Women's team",
        "Bronze Medal: {{2007 Nakhon Ratchasima}} Women's team"
    ]
}