{
    "name": "Chirag Shetty",
    "birth_name": "Chirag Chandrashekhar Shetty title=Participants: Chirag Chandrashekhar Shetty ",
    "country": "India",
    "birth_place": "Mumbai, India",
    "height": "1.87 m",
    "weight": "75 kg",
    "handedness": "Right",
    "coach": "Mathias Boe",
    "event": "Men's & mixed doubles",
    "highest_ranking": "1 (MD with Satwiksairaj Rankireddy, 10 October 2023) 413 (XD 27 August 2015)",
    "current_ranking": "3 (MD with Satwiksairaj Rankireddy, 16 April 2024)",
    "birth_date": "1997-7-4",
    "medaltemplates": [
        "Sport: Men's badminton",
        "Country: {{IND}}",
        "Competition: World Championships",
        "Bronze Medal: 2022 Tokyo Men's doubles",
        "Competition: Thomas Cup",
        "Gold Medal: 2022 Bangkok Men's team",
        "Competition: Commonwealth Games",
        "Gold Medal: 2018 Gold Coast Mixed team",
        "Gold Medal: 2022 Birmingham Men's doubles",
        "Silver Medal: 2018 Gold Coast Men's doubles",
        "Silver Medal: 2022 Birmingham Mixed team",
        "Competition: Asian Games",
        "Gold Medal: 2022 Hangzhou Men's doubles",
        "Silver Medal: 2022 Hangzhou Men's team",
        "Competition: Asian Championships",
        "Gold Medal: 2023 Dubai Men's doubles",
        "Competition: Asia Mixed Team Championships",
        "Bronze Medal: 2023 Dubai Mixed team",
        "Competition: Asia Team Championships",
        "Bronze Medal: 2016 Hyderabad Men's team",
        "Bronze Medal: 2020 Manila Men's team"
    ]
}