{
    "name": "Chisato Hoshi \u661f\u5343\u667a",
    "country": "Japan",
    "birth_place": "Hakusan, Ishikawa, Japan",
    "height": "1.63 m",
    "handedness": "Right",
    "event": "Women's singles & doubles",
    "highest_ranking": "95 (WS 23 March 2017) 27 (WD 26 October 2017) 203 (XD 29 September 2016)",
    "current_ranking": "44 (WD), 225 (XD)",
    "date_of_current_ranking": "9 November 2021",
    "birth_date": "1995-9-26",
    "medaltemplates": [
        "Sport: Women's badminton",
        "Country: {{JPN}}",
        "Competition: World Junior Championships",
        "Silver Medal: 2012 Chiba Mixed team",
        "Competition: Asian Junior Championships",
        "Gold Medal: 2012 Gimcheon Mixed team",
        "Bronze Medal: 2013 Kota Kinabalu Mixed team"
    ]
}