{
    "name": "Chiu Hsiang-chieh \u90b1\u76f8\u69a4",
    "birth_place": "Hsinchu, Taiwan",
    "height": "1.89 m",
    "country": "Republic of China (Taiwan)",
    "handedness": "Left",
    "event": "Men's & mixed doubles",
    "highest_ranking": "37 (MD with Yang Ming-tse, 19 September 2023) 43 (XD with Lin Xiao-min, 3 October 2023)",
    "current_ranking": "38 (MD with Yang Ming-tse) 43 (XD with Lin Xiao-min)",
    "date_of_current_ranking": "3 October 2023",
    "birth_date": "2002-11-11"
}