{
    "name": "Chloe Birch",
    "country": "England",
    "birth_place": "Preston, England",
    "height": "1.68 m",
    "weight": "68 kg",
    "handedness": "Right",
    "coach": "Mike Adams Alex Marritt",
    "event": "Women's singles & doubles",
    "highest_ranking": "42 (WS 9 April 2019) 12 (WD with Lauren Smith 25 January 2022)",
    "current_ranking": "39 (WD with Lauren Smith), 199 (WD with Estelle van Leeuwen)",
    "date_of_current_ranking": "13 February 2024",
    "birth_date": "1995-9-16",
    "medaltemplates": [
        "Sport: Women's badminton",
        "Country: {{GBR2}}",
        "Competition: European Games",
        "Silver Medal: 2019 Minsk Women's doubles",
        "Country: {{ENG}}",
        "Competition: Commonwealth Games",
        "Silver Medal: 2022 Birmingham Women's doubles",
        "Bronze Medal: 2018 Gold Coast Mixed team",
        "Competition: European Championships",
        "Silver Medal: 2021 Kyiv Women's doubles",
        "Competition: European Mixed Team Championships",
        "Silver Medal: 2015 Leuven Mixed team",
        "Bronze Medal: 2017 Lubin Mixed team",
        "Bronze Medal: 2023 Aire-sur-la-Lys Mixed team"
    ]
}