{
    "name": "Chloe Magee",
    "birth_name": "Chloe Noelle Magee",
    "country": "Ireland",
    "birth_place": "Raphoe, County Donegal, Ireland",
    "height": "1.68 m ",
    "weight": "60 kg",
    "handedness": "Right",
    "coach": "Daniel Magee",
    "event": "Women's singles & doubles",
    "highest_ranking": "32 (WS 22 May 2014),  59 (WD with Bing Huang 21 January 2010),  21 (XD with Sam Magee 6 August 2015)",
    "current_ranking": "37",
    "date_of_current_ranking": "XD with Sam Magee 3 May 2022",
    "played": "2008 Summer Olympics 2012 Summer Olympics 2016 Summer Olympics",
    "birth_date": "1988-11-29",
    "medaltemplates": [
        "Sport: Women's badminton",
        "Country: {{IRL}}",
        "Competition: European Games",
        "Bronze Medal: 2015 Baku Mixed doubles",
        "Bronze Medal: 2019 Minsk Mixed doubles",
        "Competition: European Championships",
        "Bronze Medal: 2017 Kolding Mixed doubles"
    ]
}