{
    "name": "Choi Sol-gyu \ucd5c\uc194\uaddc",
    "country": "South Korea",
    "birth_place": "Seoul, South Korea",
    "height": "1.81 m",
    "handedness": "Right",
    "event": "Men's & mixed doubles",
    "highest_ranking": "7 (MD with Seo Seung-jae, 19 November 2019)  11 (XD with Chae Yoo-jung, 21 September 2017)",
    "current_ranking": "40",
    "date_of_current_ranking": "MD with Kim Won-ho 16 April 2024",
    "bwf_id": "36F55919-E025-4537-A4BF-6A8C859FAD4B",
    "birth_date": "1995-8-5",
    "medaltemplates": [
        "Sport: Men's badminton",
        "Country: {{KOR}}",
        "Competition: Sudirman Cup",
        "Gold Medal: 2017 Gold Coast Mixed team",
        "Silver Medal: 2023 Suzhou Mixed team",
        "Bronze Medal: 2021 Vantaa Mixed team",
        "Competition: Asian Games",
        "Silver Medal: 2022 Hangzhou Men's doubles",
        "Bronze Medal: 2022 Hangzhou Men's team",
        "Competition: Asia Mixed Team Championships",
        "Silver Medal: 2017 Ho Chi Minh Mixed team",
        "Competition: Asia Team Championships",
        "Bronze Medal: 2016 Hyderabad Men's team",
        "Bronze Medal: 2018 Alor Setar Men's team",
        "Competition: East Asian Games",
        "Bronze Medal: 2013 Tianjin Mixed doubles",
        "Competition: World Junior Championships",
        "Gold Medal: 2013 Bangkok Mixed team",
        "Silver Medal: 2011 Taipei Mixed team",
        "Bronze Medal: 2011 Taipei Mixed doubles",
        "Bronze Medal: 2012 Chiba Mixed team",
        "Bronze Medal: 2013 Bangkok Mixed doubles",
        "Competition: Asian Junior Championships",
        "Gold Medal: 2012 Gimcheon Mixed doubles",
        "Gold Medal: 2013 Kota Kinabalu Mixed doubles",
        "Silver Medal: 2013 Kota Kinabalu Mixed team",
        "Bronze Medal: 2012 Gimcheon Mixed team"
    ]
}