{
    "name": "Choi Hye-in",
    "country": "South Korea",
    "height": "1.67 m ",
    "event": "Women's & mixed doubles",
    "highest_ranking": "14 (WD 7 August 2013) 41 (XD 28 February 2013)",
    "birth_date": "1992-8-8",
    "medaltemplates": [
        "Sport: Women's badminton",
        "Country: {{KOR}}",
        "Competition: Asian Championships",
        "Bronze Medal: 2012 Qingdao Mixed doubles",
        "Competition: World Junior Championships",
        "Silver Medal: 2007 Waitakere City Mixed team",
        "Silver Medal: 2008 Pune Mixed team",
        "Silver Medal: 2010 Guadalajara Mixed doubles",
        "Silver Medal: 2010 Guadalajara Mixed team",
        "Bronze Medal: 2010 Guadalajara Girls' doubles"
    ]
}