{
    "name": "Chong Wei Feng \u5f20\u5d34\u70fd",
    "country": "Malaysia",
    "birth_place": "Sungai Petani, Kedah, Malaysia",
    "height": "1.70",
    "event": "Men's singles",
    "handedness": "Left",
    "highest_ranking": "12",
    "date_of_highest_ranking": "5 September 2013",
    "birth_date": "1987-05-26",
    "medaltemplates": [
        "Sport: Men's badminton",
        "Country: {{MAS}}",
        "Competition: Thomas Cup",
        "Silver Medal: 2014 New Delhi Men's team",
        "Bronze Medal: 2016 Kunshan Men's team",
        "Competition: Commonwealth Games",
        "Gold Medal: 2014 Glasgow Mixed team",
        "Competition: Asian Games",
        "Bronze Medal: 2014 Incheon Men's team",
        "Competition: Asian Championships",
        "Bronze Medal: 2013 Taipei Men's singles",
        "Competition: Southeast Asian Games",
        "Gold Medal: 2015 Singapore Men's singles",
        "Silver Medal: 2011 Jakarta\u2013Palembang Men's team",
        "Bronze Medal: 2015 Singapore Men's team",
        "Competition: Asian Junior Championships",
        "Bronze Medal: 2004 Hwacheon Boys' team",
        "Bronze Medal: 2005 Jakarta Boys' team"
    ]
}