{
    "name": "Chong Sook Chin \u5f20\u6dd1\u6676",
    "birth_place": "Selangor, Malaysia",
    "country": "Malaysia",
    "event": "Women's & mixed doubles",
    "birth_date": "1987-4-23",
    "medaltemplates": [
        "Sport: Women's badminton",
        "Country: {{MAS}}",
        "Competition: Southeast Asian Games",
        "Gold Medal: 2009 Vientiane Women's team",
        "Bronze Medal: 2011 Jakarta Women's team",
        "Competition: Asian Junior Championships",
        "Silver Medal: 2005 Jakarta Girls' team"
    ]
}