{
    "name": "Chongo Mulenga",
    "birth_name": "Chongo Ezra Mulenga",
    "birth_place": "Ndola, Zambia",
    "height": "1.76 m",
    "weight": "60 kg",
    "country": "Zambia",
    "event": "Men's singles & doubles",
    "highest_ranking": "240 (MS 15 June 2017)  118 (MD 22 June 2017)  215 (XD 5 April 2018)",
    "birth_date": "1998-8-19",
    "medaltemplates": [
        "Sport: Men's badminton",
        "Country: {{ZAM}}",
        "Competition: African Championships",
        "Bronze Medal: 2017 Benoni Mixed team"
    ]
}