{
    "name": "Andrew Chooi Kah Ming \u5f90\u5bb6\u94ed",
    "country": "Malaysia",
    "birth_place": "Kuantan, Pahang, Malaysia",
    "residence": "Kuala Lumpur, Malaysia",
    "handedness": "Right",
    "event": "Men's & mixed doubles",
    "highest_ranking": "25 (MD 2 May 2013)  136 (XD 18 July 2013)",
    "birth_date": "1991-2-25",
    "medaltemplates": [
        "Sport: Men's badminton",
        "Country: {{MAS}}",
        "Competition: World Junior Championships",
        "Gold Medal: 2009 Alor Setar Boys' doubles",
        "Silver Medal: 2009 Alor Setar Mixed team",
        "Bronze Medal: 2008 Pune Boys' doubles",
        "Bronze Medal: 2008 Pune Mixed team",
        "Competition: Asian Junior Championships",
        "Gold Medal: 2009 Kuala Lumpur Mixed team",
        "Bronze Medal: 2008 Kuala Lumpur Mixed team"
    ]
}