{
    "name": "Choong Hon Jian \u949f\u9e3f\u5065",
    "country": "Malaysia",
    "birth_place": "Bukit Mertajam, Penang, Malaysia ",
    "years_active": "2017\u2013present",
    "handedness": "Left",
    "event": "Men's & mixed doubles",
    "highest_ranking": "28 (MD with Muhammad Haikal, 2 April 2024) 50 (XD with Go Pei Kee, 23 January 2024)",
    "current_ranking": "29 (MD with Muhammad Haikal) 53 (XD with Go Pei Kee)",
    "current_ranking_date": "16 April 2024",
    "birth_date": "2000-07-02",
    "medaltemplates": [
        "Sport: Men's badminton",
        "Country: {{MAS}}",
        "Competition: Asia Team Championships",
        "Silver Medal: 2024 Selangor Men's team",
        "Competition: Southeast Asian Games",
        "Silver Medal: 2023 Cambodia Men's team",
        "Competition: Asian Junior Championships",
        "Bronze Medal: 2018 Jakarta Mixed team"
    ]
}