{
    "name": "\u017dan Kranjec",
    "disciplines": "Giant slalom, slalom",
    "club": "SD Novinar",
    "birth_place": "Ljubljana, Slovenia",
    "height": "1.76 m",
    "wcdebut": "5 March 2011 (age 18)",
    "website": "http://www.zankranjec.si/ zankranjec.si",
    "olympicteams": "3 \u2013 (2014, 2018, 2022) |olympicmedals   = 1 |olympicgolds    = 0 |worldsteams     = 6 \u2013 (2013\u20132023) |worldsmedals    = 0 |worldsgolds     =  |wcseasons       = 13 \u2013 (2011\u20132023) |wcwins          = 2 \u2013 (2 GS) |wcpodiums       = 14 \u2013 (14 GS) |wcoveralls      = 0 \u2013 ''(11th in 2023)'' |wctitles        = 0 \u2013 ''(3rd in GS, 2023)'' |medals          =  MedalSport",
    "{{SLO}} }} {{MedalOlympic}} {{MedalSilver|[[2022 Winter Olympics|2022 Beijing]]|[[Alpine skiing at the 2022 Winter Olympics \u2013 Men's giant slalom|Giant slalom]]}} {{MedalCompetition|[[World Junior Alpine Skiing Championships|Junior World Championships]]}} {{MedalGold|[[World Junior Alpine Skiing Championships 2012|2012 Roccaraso]]|Team}} {{MedalBronze|[[World Junior Alpine Skiing Championships 2013|2013 Quebec]]|Giant slalom}} {{MedalBronze|2012 Roccaraso|Giant slalom}} {{MedalBronze|2012 Roccaraso|Combined}} |show-medals": "yes ",
    "birth_date": "{{birth date and age|1992|11|15|df=y}}"
}