{
    "name": "Alice McKennis Duran",
    "country": "USA -->",
    "disciplines": "Downhill, Super-G",
    "club": "Sunlight Winter SC <!--",
    "skis": "Atomic",
    "boots": "Atomic",
    "bindings": "Atomic",
    "sponsor": "-->",
    "birth_place": "Glenwood Springs,, Colorado, U.S.",
    "height": "5 ft 6 in",
    "wcdebut": "December 5, 2008 (age 19)",
    "website": "http://www.alicemckennis.com/ alicemckennis.com",
    "olympicteams": "2 - (2010, 2018)",
    "birth_date": "1989-8-18"
}