{
    "name": "Buddy Werner",
    "fullname": "Wallace Jerold Werner  url=http://www.steamboatlibrary.org/about-us/history/who-was-buddy-werner",
    "birth_place": "Steamboat Springs, Colorado, United States",
    "death_date": "1964",
    "death_place": "Trais Fleur slope,, near St. Moritz, Switzerland",
    "disciplines": "Downhill, giant slalom, slalom, combined",
    "height": "ft=5",
    "olympicteams": "3 \u2013 (1956, 1960 ''(injured)'',  1964)",
    "birth_date": "1936-02-26"
}