{
    "name": "Carlo Janka",
    "disciplines": "Downhill, super-G, giant slalom, combined",
    "club": "Obersaxen <!--",
    "skis": "Rossignol Atomic until April 2014",
    "boots": "Rossignol",
    "bindings": "Rossignol",
    "sponsor": "-->",
    "birth_place": "Obersaxen, Graub\u00fcnden, Switzerland",
    "height": "1.85 m",
    "wcdebut": "21 December 2005 (age 19)",
    "retired": "15 January 2022 (age 35)",
    "website": "http://www.carlo-janka.ch/ carlo-janka.ch",
    "olympicteams": "3 \u2013 (2010, 2014, 2018)",
    "birth_date": "1986-10-15"
}