{
    "name": "Christine Scheyer",
    "gender": "f",
    "disciplines": "Downhill, Super-G,, Combined",
    "birth_place": "Hohenems, Vorarlberg, Austria",
    "club": "B-Kader",
    "wcdebut": "12 December 2014 (age 20)",
    "website": "|olympicteams   = 1 \u2013 (2022) |olympicmedals  = 0 |olympicgolds   =  |worldsteams    = 2 \u2013 (2017, 2021) |worldsmedals   = 0 |worldsgolds    =  |wcseasons      = 9 \u2013 (2015\u20132023) |wcwins         = 1 \u2013 (1 DH) |wcpodiums      = 2 \u2013 (2 DH) |wcoveralls     = 0 \u2013 ''(25th in 2017)'' |wctitles       = 0 \u2013 ''(10th in DH, 2017, 2022)'' |medaltemplates   =  |show-medals      =  |updated          =  ",
    "birth_date": "1994-07-18"
}