{
    "name": "Cindy Nelson",
    "disciplines": "Downhill, giant slalom, slalom, combined, super-G",
    "birth_place": "Lutsen, Minnesota, U.S. url=https://www.sports-reference.com/olympics/athletes/ne/cindy-nelson-1.html ",
    "height": "5 ft 6 in",
    "wcdebut": "December 1971 (age 16) url=https://www.si.com/vault/1975/01/27/576560/here-today-gold-tomorrow ",
    "retired": "April 1985 (age 29)",
    "olympicteams": "3 \u2013 (1976\u201384)  ''missed 1972 \u2013 hip injury''",
    "birth_date": "1955-08-19"
}