{
    "name": "Daniela Merighetti",
    "disciplines": "Downhill, super-G, combined",
    "club": "G.S. Fiamme Gialle",
    "birth_place": "Brescia, Lombardy, Italy",
    "height": "168 cm",
    "wcdebut": "9 December 2000 (age 19)",
    "website": "http://www.danielamerighetti.it/ danielamerighetti.it",
    "wcseasons": "16 \u2013 (2001\u201316)",
    "wcwins": "1 \u2013 (1 DH)",
    "wcpodiums": "6 \u2013 (4 DH, 1 SG, 1 GS)",
    "wcoveralls": "0 \u2013 ''(15th in 2012)''",
    "wctitles": "0 \u2013 ''(7th in DH, 2012, 2013)''",
    "olympicteams": "3 \u2013 (2006, 2010, 2014)",
    "birth_date": "1981-07-05"
}