{
    "name": "Daniel Albrecht",
    "disciplines": "Downhill, super-G, giant slalom, slalom, combined",
    "club": "Fiesch Eggishorn <!--",
    "skis": "Head  formerly Atomic",
    "boots": "Head",
    "bindings": "Head",
    "sponsor": "-->",
    "birth_place": "Fiesch, Valais, Switzerland",
    "height": "1.83 m",
    "wcdebut": "23 January 2003 (age 19)",
    "retired": "6 October 2013 (age 30)",
    "website": "www.daniel-albrecht.ch",
    "olympicteams": "1 \u2013 (2006)",
    "birth_date": "1983-5-25"
}