{
    "name": "David Chodounsky",
    "gender": "m",
    "disciplines": "Giant slalom, slalom url=http://www.teamusa.org/Athletes/CH/David-Chodounsky ",
    "birth_place": "Saint Paul, Minnesota",
    "club": "Crested Butte Mountain, Sports Team",
    "height": "5 ft 11 in",
    "wcdebut": "December 21, 2009 (age 25)",
    "retired": "July 3, 2018 (age 34)",
    "website": "http://www.davidchodounsky.com davidchodounsky.com",
    "olympicteams": "2 \u2013 (2014, 2018)",
    "birth_date": "1984-06-25"
}