{
    "name": "Denise Feierabend",
    "birth_place": "Engelberg, Obwalden, Switzerland",
    "height": "1.70 m",
    "club": "Engelberg",
    "disciplines": "Slalom, Combined,, Downhill, Super-G  |wcdebut        = website        = http://www.denisefeierabend.ch/ denisefeierabend.ch |olympicteams   = 2 \u2013 (2014, 2018) |olympicmedals  = 1 |olympicgolds   = 1 |worldsteams    = 3 \u2013 (2009, 2011, 2017) |worldsmedals   = 0 |worldsgolds    =  |wcseasons      = 11 \u2013 (2008\u20132018) |wcwins         =   |wcpodiums      = 0  |wcoveralls     = 0 \u2013 ''(43rd in 2014)'' |wctitles       = 0 \u2013 ''(8th in AC, 2016)'' |show-medals    = yes |medaltemplates = Sport Country Olympic Games  Gold",
    "birth_date": "1989-4-15"
}