{
    "name": "Evan Rees Strong",
    "disciplines": "Para-Snowboard Cross Para-Banked Slalom",
    "birth_place": "San Francisco, California, U.S.",
    "height": "5 ft 11 in",
    "website": "www.strongevan.com",
    "paralympicteams": "USA 2014 Gold Medal USA 2018 Silver Medal USA 2018 4th place",
    "wcseasons": "2012, 2013, 2014,2015,2016,2017",
    "wcwins": "10",
    "wcpodiums": "29",
    "wcoveralls": "2011, 2012, 2013 1st, 2014 2nd",
    "wctitles": "2012 world champion",
    "birth_date": "November 13, 1986",
    "medaltemplates": [
        "Sport: Men's para snowboarding",
        "Country: {{USA}}",
        "Competition: Winter Paralympic Games",
        "Gold Medal: 2014 Sochi Snowboard cross",
        "Silver Medal: {{2018 Pyeongchang}} {{Banked slalom SB-LL2}}"
    ]
}