{
    "name": "Gertrud Gabl",
    "disciplines": "Downhill, giant slalom, slalom",
    "birth_place": "St. Anton am Arlberg, Austria",
    "death_date": "1976",
    "death_place": "St. Anton am Arlberg, Austria",
    "height": "1.72",
    "wcdebut": "January 1967 (age 18) ''inaugural season''",
    "retired": "March 1972 (age 23)",
    "wcseasons": "6 \u2013 (1967-1972)",
    "wcwins": "7 \u2013 (2 GS, 5 SL)",
    "wcpodiums": "17 \u2013 (7 GS, 10 SL)",
    "wcoveralls": "1 \u2013 (1969)",
    "wctitles": "1  \u2013 (1 SL) ",
    "birth_date": "1948-8-26"
}