{
    "name": "Hermann Maier",
    "disciplines": "Downhill, super-G, giant slalom, combined",
    "club": "USC Flachau \u2013 Salzburg",
    "birth_place": "Altenmarkt im Pongau, Salzburg, Austria",
    "height": "1.81 m",
    "wcdebut": "10 February 1996 (age 23)",
    "retired": "October 2009 (age 36)",
    "website": "http://www.hm1.com hm1.com",
    "wcseasons": "12  (1997\u20132001, 2003-2009)",
    "wcwins": "54",
    "wcpodiums": "96",
    "wcoveralls": "4  (1998, 2000, 2001, 2004)",
    "wctitles": "10  (2 DH, 5 SG, 3 GS)",
    "olympicteams": "2  (1998, 2006)",
    "birth_date": "1972-12-7"
}