{
    "name": "Ivica Kosteli\u0107",
    "gender": "m",
    "birth_place": "Zagreb, SR Croatia, Yugoslavia",
    "website": "http://www.ivica.kostelic.hr/index.php?link=&lang=en ivica.kostelic.hr",
    "height": "m=1.82 ",
    "disciplines": "Slalom, combined, super-G, giant slalom, downhill",
    "club": "Ski club Zagreb  |olympicteams  = 4 \u2013 (2002\u20132014) |olympicmedals = 4",
    "wcwins": "26",
    "access-date": "16 January 2015",
    "wcpodiums": "60",
    "wcseasons": "20 \u2013 (1998\u20132017)",
    "wcoveralls": "1 \u2013 (2011)",
    "wctitles": "5 \u2013 (SL in 2002 and 2011, K in 2011, 2012 and 2013)",
    "birth_date": "1979-11-23",
    "medaltemplates": [
        "Country: {{CRO}}",
        "Competition: Slalom",
        "Gold Medal: 15",
        "Silver Medal: 9",
        "Bronze Medal: 16",
        "Competition: Giant",
        "Gold Medal: 0",
        "Silver Medal: 1",
        "Bronze Medal: 0",
        "Competition: Super-G",
        "Gold Medal: 1",
        "Silver Medal: 1",
        "Bronze Medal: 1",
        "Competition: Olympic Games",
        "Gold Medal: 0",
        "Silver Medal: 4",
        "Bronze Medal: 0",
        "Competition: World Championships",
        "Gold Medal: 1",
        "Silver Medal: 1",
        "Bronze Medal: 1"
    ]
}