{
    "name": "Jacqueline Wiles",
    "gender": "f",
    "disciplines": "Downhill, Super-G, Combined",
    "birth_place": "Portland, Oregon, U.S.",
    "height": "1.69 m",
    "club": "White Pass (WA) Ski Club",
    "wcdebut": "November 29, 2013 (age 21)",
    "website": "http://www.jacquelinewiles.com/ jacquelinewiles.com |olympicteams   = 2 \u2013 (2014, 2022) |olympicmedals  = 0 |olympicgolds   =  |worldsteams    = 3 \u2013 (2015\u20132021) |worldsmedals   = 0 |worldsgolds    =  |wcseasons      = 10 \u2013 (2014\u201318, 2020\u201324) |wcwins         = 0 |wcpodiums      = 3 \u2013 (3 DH)  |wcoveralls     = 0 \u2013 ''(45th in 2017)'' |wctitles       = 0 \u2013 ''(14th in DH, 2017)''",
    "birth_date": "1992-07-13"
}