{
    "name": "Jared Goldberg",
    "gender": "m",
    "disciplines": "Downhill, Super-G,, Combined",
    "birth_place": "Boston, Massachusetts",
    "club": "Snowbird Sports Education Foundation",
    "height": "6 ft 0 in https://web.archive.org/web/20200418054325/https://www.sports-reference.com/olympics/athletes/go/jared-goldberg-1.html \"Jared Goldberg Bio, Stats, and Results,\" Olympics at Sports-Reference.com.",
    "wcdebut": "November 2012 (age 21)",
    "olympicteams": "2 \u2013 (2014, 2018)",
    "birth_date": "1991-06-17"
}