{
    "name": "Jasmina Suter",
    "gender": "f",
    "disciplines": "Downhill, Super G, Combined",
    "birth_place": "Switzerland",
    "website": "|olympicteams   = 0  |olympicmedals  =  |olympicgolds   =  |worldsteams    = 2 \u2013 (2017, 2021) |worldsmedals   =  |worldsgolds    =  |wcseasons      = 5 \u2013 (2016-2021) |wcwins         =  |wcpodiums      =  |wcoveralls     = 0 \u2013 ''(111th in 2016)'' |wctitles       = 0 \u2013 ''(41st in AC, 2016)'' |medaltemplates   =  |show-medals      =  |updated          =  ",
    "birth_date": "1995-04-16"
}