{
    "name": "Jean-No\u00ebl Augert",
    "disciplines": "Technical events",
    "birth_place": "Saint-Jean-de-Maurienne, France",
    "height": "1.80 m",
    "club": "Savoie Mont Blanc  |wcdebut       = 1969 |retired       = 1973 |website       =  |olympicteams  = 1 |olympicmedals =  |olympicgolds  =  |worldsteams   = 2 |worldsmedals  = 1 |worldsgolds   = 1 |wcseasons     = 5 |wcwins        = 15 |wcpodiums     = 30 |wcoveralls    =   |wctitles      = 3 |show-medals   = yes |medaltemplates=  Sport Country  total=yes World Championships   1970 Val Gardena  ",
    "birth_date": "1949-08-17"
}