{
    "name": "Johannes Strolz",
    "disciplines": "Slalom, giant slalom",
    "birth_place": "Bludenz, Austria",
    "height": "1.86 m",
    "wcdebut": "14 December 2013 (age 21)",
    "website": "https://johannesstrolz.at/ johannesstrolz.at",
    "olympicteams": "1 \u2013 (2022) |olympicmedals   = 3 |olympicgolds    = 2 |worldsteams     = 1 \u2013 (2023) |worldsmedals    = 0 |worldsgolds     =  |wcseasons       = 10 \u2013 (2014\u20132023) |wcwins          = 1 \u2013 (1 SL) |wcpodiums       = 1 \u2013 (1 SL) |wcoveralls      = 0 \u2013 ''(97th in 2023)'' |wctitles        = 0 \u2013 ''(32nd in GS, 2023)'' |medals          =  MedalSport",
    "{{AUT}} }} {{Medal|Competition|[[Alpine skiing at the Winter Olympics|Olympic Games]]}} {{Medal|Gold|[[2022 Winter Olympics|2022 Beijing]]|[[Alpine skiing at the 2022 Winter Olympics \u2013 Mixed team|Team event]]}} {{Medal|Gold|[[2022 Winter Olympics|2022 Beijing]]|[[Alpine skiing at the 2022 Winter Olympics \u2013 Men's combined|Combined]]}} {{Medal|Silver|2022 Beijing|[[Alpine skiing at the 2022 Winter Olympics \u2013 Men's slalom|Slalom]]}} {{Medal|Competition|[[World Junior Alpine Skiing Championships|Junior World Championships]]}} {{Medal|Bronze|[[World Junior Alpine Skiing Championships 2012|2012 Roccaraso]]|Super-G}} |show-medals": "yes ",
    "birth_date": "{{birth date and age|1992|9|12|df=y}}"
}