{
    "name": "Laurence St-Germain",
    "disciplines": "Slalom, giant slalom",
    "club": "Mont-Sainte-Anne University of Vermont",
    "birth_place": "Quebec City, Quebec, Canada",
    "height": "5 ft 8 in",
    "wcdebut": "leftright=y",
    "website": "|olympicteams   = 2 \u2013 (2018, 2022) |olympicmedals  = 0 |olympicgolds   =  |worldsteams    = 3 \u2013 (2019\u20132023) |worldsmedals   = 1 |worldsgolds    = 1 |wcseasons      = 9 \u2013 (2016\u20132024) |wcwins         =  |wcpodiums      = 0 |wcoveralls     = 0 \u2013 ''(30th in 2021)'' |wctitles       = 0 \u2013 ''(8th in SL, 2021)'' |show-medals    = yes |medaltemplates = Sport Country World Championships 2023 M\u00e9ribel ",
    "birth_date": "1994-05-30"
}