{
    "name": "Lucile Wheeler country=CAN",
    "gender": "f",
    "disciplines": "Downhill, giant slalom, slalom, combined",
    "birth_place": "Sainte-Jovite, Quebec, Canada",
    "club": "|olympicteams       = 2 \u2013 (1952, 1956) |olympicmedals  = 1 |olympicgolds   = 0 |worldsteams    = 5 \u2013 (''1950'', '52, '54, '56, '58),      ''includes two Olympics'' |worldsmedals   = 4 |worldsgolds    = 2 |medals         =  MedalSport",
    "[[FIS Alpine World Ski Championships 1958#Combined 2|Combined]]}} |show-medals": "yes ",
    "birth_date": "1935-1-14"
}