{
    "name": "Petra Wenzel",
    "disciplines": "Slalom, giant slalom, Downhill",
    "club": "Skiclub Schaan url=https://www.olympedia.org/athletes/83028",
    "birth_place": "Grabs, Saint Gallen, Switzerland",
    "height": "164cm",
    "wcdebut": "1979, Lake Placid",
    "retired": "1984",
    "olympicteams": "LIE ,  1980 Winter Olympics ,  1984 Winter Olympics",
    "worldsteams": "LIE ,  1980 Lake Placid \u2020  ,  1982 Schladming,    \u2020  The 1980 FIS Alpine Ski World Championship took place during the Winter Olympic games.  ",
    "birth_date": "1961-11-20"
}