{
    "name": "Phil Mahre",
    "disciplines": "Downhill, giant slalom, slalom, combined",
    "club": "White Pass",
    "birth_place": "Yakima, Washington, U.S.",
    "height": "5 ft 9 in (1.75 m)",
    "wcdebut": "December 5, 1975 (age 18)",
    "retired": "March 1984 (age 26)",
    "website": "https://web.archive.org/web/20111223080542/http://www.mahretrainingcenter.com/gettoknowthemahres.html mahretrainingcenter.com",
    "olympicteams": "3 \u2013 (1976, 1980, 1984)",
    "birth_date": "1957-05-10"
}