{
    "name": "Spider Sabich",
    "gender": "m",
    "disciplines": "Slalom, giant slalom,, Downhill, combined",
    "club": "Red Hornet - Edelweiss, CA, University of Colorado",
    "birth_place": "Sacramento, California, U.S.",
    "death_date": "1976",
    "death_place": "Aspen, Colorado, U.S.",
    "height": "ft=5",
    "wcdebut": "January 1967 (age 22), ''inaugural season''",
    "retired": "April 1970 (age 26), (World Cup)",
    "olympicteams": "1 \u2013 (1968)",
    "birth_date": "1945-01-10"
}