{
    "name": "Veronika Velez-Zuzulov\u00e1",
    "disciplines": "Slalom",
    "club": "Vojensk\u00e9 \u0161portov\u00e9 centrum Dukla Bansk\u00e1 Bystrica",
    "birth_name": "Veronika Zuzulov\u00e1",
    "birth_place": "Bratislava, Czechoslovakia",
    "height": "1.72 m",
    "wcdebut": "28 October 2000 (age 16)",
    "retired": "10 March 2018 (age 33)",
    "website": "http://www.zuzulova.com/ zuzulova.com",
    "olympicteams": "4 \u2013 (2002, 2006, 2010, 2018)",
    "birth_date": "1984-07-15"
}