{
    "name": "Vreni Schneider",
    "birth_place": "Elm, Switzerland",
    "height": "1.70 m",
    "disciplines": "Technical Events",
    "club": "SC Elm |wcdebut       = 1984 |retired       = 1995 |website       =  |olympicteams  = 3 |olympicmedals = 5 |olympicgolds  = 3 |worldsteams   = 4 |worldsmedals  = 6 |worldsgolds   = 3 |wcseasons     = 12 |wcwins        = 55 |wcpodiums     = 101 |wcoveralls    = 3 |wctitles      = 11 |show-medals   = yes |medaltemplates=   Women's alpine skiing   SUI  total=yes  total=yes Olympic Games  1994 Lillehammer 1988 Calgary 1988 Calgary 1994 Lillehammer 1994 Lillehammer  Alpine World Ski Championships  1987 Crans Montana 1989 Vail 1991 Saalbach 1989 Vail 1989 Vail 1991 Saalbach ",
    "birth_date": "26 November 1964"
}