{
    "name": "\u00c1ngel Gim\u00e9nez",
    "country": "ESP",
    "birth_place": "Barcelona, Spain",
    "height": "m=1.63",
    "plays": "Right-handed",
    "singlesrecord": "82\u2013107",
    "singlestitles": "2",
    "highestsinglesranking": "No. 42 (31 December 1978)",
    "FrenchOpenresult": "2R (1981)",
    "Wimbledonresult": "2R (1981)",
    "doublesrecord": "45\u201394",
    "doublestitles": "0",
    "highestdoublesranking": "No. 145 (3 January 1983)",
    "FrenchOpenDoublesresult": "2R (1981)",
    "birth_date": "1955-10-10",
    "medaltemplates": [
        "Competition: Mediterranean Games",
        "Gold Medal: 1975 Algiers Singles",
        "Silver Medal: 1975 Algiers Doubles"
    ]
}