{
    "name": "\u00c1lvaro Fillol",
    "country": "Chile",
    "birth_place": "Santiago, Chile",
    "plays": "Right\u2013handed (one-handed backhand)",
    "singlestitles": "0",
    "FrenchOpenresult": "2R (1981)",
    "Wimbledonresult": "1R (1978, 1979, 1980)",
    "USOpenresult": "2R (1975, 1977)",
    "doublestitles": "5",
    "FrenchOpenDoublesresult": "QF (1979)",
    "WimbledonDoublesresult": "1R (1977, 1978, 1979)",
    "USOpenDoublesresult": "QF (1977)",
    "birth_date": "1952-12-4"
}