{
    "name": "\u00c7a\u011fla B\u00fcy\u00fckak\u00e7ay",
    "country": "TUR",
    "residence": "Istanbul, Turkey",
    "birth_place": "Adana, Turkey",
    "height": "1.72 m",
    "turnedpro": "2006",
    "plays": "Right-handed (two-handed backhand)",
    "coach": "Can Uner",
    "careerprizemoney": "US$ 1,268,173",
    "singlesrecord": "won=503",
    "singlestitles": "1 WTA, 12 ITF",
    "highestsinglesranking": "No. 60 (12 September 2016)",
    "currentsinglesranking": "No. 264 (9 October 2023)",
    "AustralianOpenresult": "1R (2017)",
    "FrenchOpenresult": "2R (2016, 2017)",
    "Wimbledonresult": "1R (2016)",
    "USOpenresult": "2R (2016)",
    "Othertournaments": "yes",
    "Olympicsresult": "1R (2016)",
    "doublesrecord": "won=168",
    "doublestitles": "15 ITF",
    "highestdoublesranking": "No. 111 (29 February 2016)",
    "currentdoublesranking": "No. 759 (9 October 2023)",
    "WimbledonDoublesresult": "1R (2016)",
    "USOpenDoublesresult": "1R (2016)",
    "Team": "yes",
    "FedCupresult": "won=41",
    "birth_date": "1989-9-28"
}