{
    "name": "\u00c1lvaro Raposo de Oliveira",
    "country": "PER",
    "residence": "Lima, Peru",
    "birth_place": "Lima, Peru https://www.atptour.com/en/players/-/RA03/overview ATP player profile",
    "height": "1.80 m",
    "turnedpro": "2007",
    "plays": "Left-handed",
    "careerprizemoney": "$10,568",
    "singlesrecord": "1\u20130",
    "singlestitles": "0",
    "highestsinglesranking": "No. 752 (10 May 2010)",
    "currentsinglesranking": "No. 1,780 (20 June 2011)",
    "AustralianOpenresult": "\u2013",
    "FrenchOpenresult": "\u2013",
    "Wimbledonresult": "\u2013",
    "USOpenresult": "\u2013",
    "doublestitles": "0",
    "birth_date": "1990-09-05"
}