{
    "name": "\u00c5sa Svensson",
    "country": "SWE",
    "residence": "V\u00e4ster\u00e5s, Sweden",
    "birth_place": "Surahammar, Sweden",
    "height": "1.78 m",
    "turnedpro": "1992",
    "retired": "2004",
    "plays": "Right-handed (two-handed backhand)",
    "careerprizemoney": "US$ 1,569,134",
    "singlesrecord": "won=322",
    "singlestitles": "2 WTA, 3 ITF",
    "highestsinglesranking": "No. 28 (1 April 1996)",
    "AustralianOpenresult": "3R (1997, 2000, 2002)",
    "FrenchOpenresult": "4R (2000)",
    "Wimbledonresult": "2R (1998)",
    "USOpenresult": "4R (1996)",
    "doublesrecord": "won=206",
    "doublestitles": "7 WTA, 6 ITF",
    "highestdoublesranking": "No. 28 (9 October 2000)",
    "AustralianOpenDoublesresult": "3R (1999, 2001)",
    "FrenchOpenDoublesresult": "2R (1995, 1996, 2001, 2002)",
    "WimbledonDoublesresult": "2R (1994, 1995, 1996, 2000, 2002)",
    "USOpenDoublesresult": "3R (2002)",
    "AustralianOpenMixedresult": "2R (1997)",
    "WimbledonMixedresult": "QF (2002)",
    "USOpenMixedresult": "QF (2004) |Team = yes |HopmanCupresult = F (1999) ",
    "birth_date": "1975-6-16"
}