{
    "name": "\u00d3scar Serrano",
    "fullname": "\u00d3scar Serrano G\u00e1mez",
    "country_represented": "ESP",
    "residence": "Sant Just Desvern, Spain",
    "birth_place": "Barcelona, Spain",
    "height": "5'8\"",
    "turnedpro": "1996",
    "retired": "2005",
    "plays": "Right-handed (one-handed backhand)",
    "careerprizemoney": "$267,670",
    "singlesrecord": "6\u201313",
    "singlestitles": "0 ,   1 Challenger, 1 Futures",
    "highestsinglesranking": "No. 128 (27 November 2000)",
    "AustralianOpenresult": "1R (1999)",
    "FrenchOpenresult": "1R (2000)",
    "Wimbledonresult": "Q2 (2004)",
    "doublesrecord": "1\u20131",
    "doublestitles": "0 ,   0 Challenger, 1 Futures",
    "highestdoublesranking": "No. 375 (16 June 2003)",
    "birth_date": "1978-5-25"
}