{
    "name": "\u00c1ngeles Montolio",
    "country": "ESP",
    "residence": "Barcelona",
    "birth_place": "Barcelona",
    "height": "m=1.57",
    "turnedpro": "February 1990",
    "retired": "2003",
    "plays": "Right (two-handed backhand)",
    "careerprizemoney": "$720,661",
    "singlesrecord": "won=276",
    "singlestitles": "3 WTA, 12 ITF",
    "highestsinglesranking": "No. 22 (25 February 2002)",
    "AustralianOpenresult": "2R (2000)",
    "FrenchOpenresult": "2R (2000, 2001)",
    "Wimbledonresult": "3R (2001)",
    "USOpenresult": "3R (1999, 2001)",
    "doublesrecord": "won=46",
    "doublestitles": "0 WTA, 1 ITF",
    "highestdoublesranking": "No. 114 (21 April 1997)",
    "AustralianOpenDoublesresult": "2R (1997)",
    "Team": "yes",
    "FedCupresult": "2\u20131 ",
    "birth_date": "1975-8-6"
}