{
    "name": "\u00c1gnes Szatm\u00e1ri",
    "country": "ROM",
    "residence": "Gheorgheni, Romania",
    "birth_place": "Gheorgheni, Socialist Republic of Romania",
    "height": "m=1.61",
    "turnedpro": "2004",
    "plays": "Right-handed (two-handed backhand)",
    "careerprizemoney": "$124,226",
    "singlesrecord": "won=204",
    "singlestitles": "2 ITF",
    "highestsinglesranking": "No. 187 (24 March 2008)",
    "FrenchOpenresult": "Q1 (2008)",
    "Wimbledonresult": "Q1 (2008)",
    "doublesrecord": "won=169",
    "doublestitles": "14 ITF",
    "highestdoublesranking": "No. 123 (20 August 2007) ",
    "birth_date": "1987-6-28"
}