{
    "name": "\u00c9ric Deblicker",
    "country_represented": "France",
    "birth_place": "Neuilly-sur-Seine, Hauts-de-Seine",
    "plays": "Right-handed",
    "singlesrecord": "65\u201389",
    "singlestitles": "0",
    "highestsinglesranking": "No. 65 (1 May 1978)",
    "FrenchOpenresult": "3R (1977)",
    "Wimbledonresult": "2R (1974, 1978)",
    "USOpenresult": "1R (1976, 1977)",
    "doublesrecord": "37\u201359",
    "doublestitles": "0",
    "highestdoublesranking": "No. 123 (12 December 1976)",
    "FrenchOpenDoublesresult": "3R (1975, 1977)",
    "WimbledonDoublesresult": "2R (1976) ",
    "birth_date": "1952-04-17"
}