{
    "name": "\u00d3scar Burrieza L\u00f3pez",
    "country": "ESP Spain",
    "residence": "Lugo, Spain",
    "birth_place": "Lugo, Spain",
    "height": "m=1.70",
    "turnedpro": "1994",
    "plays": "Right-handed (two-handed backhand)",
    "careerprizemoney": "319,190",
    "singlesrecord": "won=4",
    "singlestitles": "0",
    "highestsinglesranking": "No. 126 (17 Nov 1997)",
    "AustralianOpenresult": "1R (1997)",
    "Wimbledonresult": "1R (1997)",
    "doublesrecord": "won=2",
    "doublestitles": "0",
    "highestdoublesranking": "No. 298 (3 Nov 1997)   ",
    "birth_date": "1975-7-22"
}