{
    "name": "\u0130pek Soylu",
    "country": "TUR",
    "residence": "Istanbul, Turkey",
    "birth_place": "Adana, Turkey",
    "height": "1.74 m",
    "retired": "2022",
    "plays": "Right (two-handed backhand)",
    "careerprizemoney": "US$ 399,180",
    "singlesrecord": "won=245",
    "singlestitles": "0 WTA, 12 ITF",
    "highestsinglesranking": "No. 151 (31 October 2016)",
    "AustralianOpenresult": "Q1 (2016, 2017, 2018)",
    "FrenchOpenresult": "1R (2016)",
    "Wimbledonresult": "Q2 (2017)",
    "USOpenresult": "1R (2017)",
    "doublesrecord": "won=166",
    "doublestitles": "3 WTA, 18 ITF",
    "highestdoublesranking": "No. 63 (17 April 2017)",
    "AustralianOpenDoublesresult": "1R (2017)",
    "FrenchOpenDoublesresult": "1R (2017)",
    "WimbledonDoublesresult": "2R (2017)",
    "Team": "yes",
    "FedCupresult": "won=13 ",
    "birth_date": "1996-04-15"
}