{
    "name": "\u0122irts Dzelde",
    "country": "USSR ,  LAT",
    "birth_place": "Riga, Latvia",
    "height": "m=1.73",
    "plays": "Right-handed",
    "careerprizemoney": "$ 240,274",
    "singlestitles": "0",
    "highestsinglesranking": "No. 273 (29 July 1991)",
    "FrenchOpenresult": "1R (1994)",
    "Wimbledonresult": "2R (1991)",
    "USOpenresult": "1R (1993)",
    "doublestitles": "0",
    "highestdoublesranking": "No. 108 (4 October 1993)",
    "FrenchOpenDoublesresult": "2R (1992)",
    "WimbledonDoublesresult": "1R (1982)",
    "birth_date": "1963-7-16"
}