{
    "name": "\u0110\u1ed7 Minh Qu\u00e2n",
    "country": "VIE Vietnam",
    "residence": "Hanoi, Vietnam",
    "birth_place": "Ho Chi Minh City, Vietnam",
    "height": "1.81m",
    "turnedpro": "2002",
    "retired": "2012",
    "plays": "Right-handed (two-handed backhand)",
    "careerprizemoney": "$117",
    "singlesrecord": "won=38",
    "highestsinglesranking": "No. 1002 (6 March 2006)",
    "doublesrecord": "won=30",
    "highestdoublesranking": "No. 959 (10 July 2006)",
    "birth_date": "1984-01-07"
}