{
    "name": "\u013dubom\u00edra Kurhajcov\u00e1",
    "country": "SVK",
    "residence": "Bratislava, Slovakia",
    "birth_place": "Bratislava, Czechoslovakia",
    "height": "m=1.80",
    "turnedpro": "2002",
    "plays": "Right-handed (two-handed backhand)",
    "retired": "2008",
    "careerprizemoney": "US$366,913",
    "singlesrecord": "won=217",
    "singlestitles": "4 ITF",
    "highestsinglesranking": "No. 59 (24 May 2004)",
    "AustralianOpenresult": "1R (2003\u20132005)",
    "FrenchOpenresult": "1R (2004)",
    "Wimbledonresult": "1R (2004)",
    "USOpenresult": "1R (2003\u20132004)",
    "doublesrecord": "won=68",
    "doublestitles": "3 ITF",
    "highestdoublesranking": "No. 78 (13 September 2004)",
    "AustralianOpenDoublesresult": "2R (2005)",
    "FrenchOpenDoublesresult": "1R (2004)",
    "WimbledonDoublesresult": "1R (2004)",
    "USOpenDoublesresult": "1R (2004) ",
    "birth_date": "1983-10-11"
}