{
    "name": "\u0130pek \u015eeno\u011flu",
    "country": "TUR",
    "residence": "Istanbul",
    "birth_place": "Eski\u015fehir",
    "height": "1.80 m",
    "turnedpro": "1996",
    "retired": "2012",
    "plays": "Right (two-handed backhand)",
    "careerprizemoney": "$261,244",
    "singlesrecord": "won=143",
    "singlestitles": "2 ITF",
    "highestsinglesranking": "293 (5 July 2004)",
    "doublesrecord": "won=254",
    "doublestitles": "21 ITF",
    "highestdoublesranking": "53 (19 October 2009)",
    "AustralianOpenDoublesresult": "2R (2005)",
    "FrenchOpenDoublesresult": "1R (2009, 2010)",
    "WimbledonDoublesresult": "3R (2009)",
    "USOpenDoublesresult": "3R (2004)",
    "Team": "yes",
    "FedCupresult": "won=22 ",
    "birth_date": "1979-6-8"
}