{
    "name": "\u0141ukasz Kubot",
    "country": "Poland",
    "residence": "Lubin, Poland",
    "birth_place": "Boles\u0142awiec, Poland",
    "height": "1.91 m",
    "turnedpro": "2002",
    "plays": "Right-handed (two-handed backhand)",
    "coach": "Jan Sto\u010des",
    "careerprizemoney": "US $8,728,383",
    "website": "http://www.lukasz-kubot.com/en/ lukasz-kubot.com",
    "singlesrecord": "won=97",
    "singlestitles": "0",
    "highestsinglesranking": "No. 41 (12 April 2010)",
    "AustralianOpenresult": "4R (2010)",
    "FrenchOpenresult": "3R (2011, 2012)",
    "Wimbledonresult": "QF (2013)",
    "USOpenresult": "3R (2006)",
    "Othertournaments": "yes",
    "Olympicsresult": "1R (2012)",
    "doublesrecord": "won=435",
    "doublestitles": "27",
    "highestdoublesranking": "No. '''1''' (8 January 2018)",
    "currentdoublesranking": "No. 380 (18 September 2023)",
    "AustralianOpenDoublesresult": "'''W''' (2014)",
    "FrenchOpenDoublesresult": "SF (2016)",
    "WimbledonDoublesresult": "'''W'''  (2017)",
    "USOpenDoublesresult": "F (2018)",
    "OthertournamentsDoubles": "Yes",
    "MastersCupDoublesresult": "F (2017)",
    "OlympicsDoublesresult": "2R (2016)",
    "Mixed": "yes",
    "mixedtitles": "0",
    "AustralianOpenMixedresult": "QF (2020)",
    "FrenchOpenMixedresult": "QF (2009)",
    "WimbledonMixedresult": "3R (2015, 2016)",
    "USOpenMixedresult": "SF (2015)",
    "OthertournamentsMixedDoubles": "yes",
    "OlympicMixedDoublesresult": "QF (2020)",
    "birth_date": "1982-5-16"
}