{
    "name": "\u017deljko Krajan",
    "country": "CRO",
    "residence": "Vara\u017edin, Croatia",
    "birth_place": "Vara\u017edin, SR Croatia, SFR Yugoslavia",
    "height": "5 ft. 10 in.",
    "turnedpro": "1997",
    "plays": "Right-handed",
    "careerprizemoney": "$284,128",
    "singlesrecord": "9\u201328 (at ATP Tour level, Grand Slam level, and in Davis Cup)",
    "singlestitles": "0",
    "highestsinglesranking": "No. 88 (19 August 2002)",
    "AustralianOpenresult": "1R (2003)",
    "FrenchOpenresult": "1R (2003)",
    "Wimbledonresult": "1R (2003)",
    "USOpenresult": "Q2 (2002)",
    "doublesrecord": "0\u20132 (at ATP Tour level, Grand Slam level, and in Davis Cup)",
    "doublestitles": "0",
    "highestdoublesranking": "No. 371 (0 November 1998) ",
    "birth_date": "1979-2-3"
}