{
    "name": "Abbie Myers",
    "fullname": "Abbie Jane Myers",
    "country": "AUS",
    "residence": "Sydney, Australia",
    "birth_place": "Sydney",
    "height": "1.75 m",
    "plays": "Right (two-handed backhand)",
    "careerprizemoney": "US$ 190,800",
    "singlesrecord": "won=176",
    "singlestitles": "1 ITF",
    "highestsinglesranking": "No. 257 (29 April 2019)",
    "AustralianOpenresult": "Q1 (2013, 2017, 2020, 2021, 2022)",
    "doublesrecord": "won=162",
    "doublestitles": "17 ITF",
    "highestdoublesranking": "No. 182 (20 July 2015)",
    "AustralianOpenDoublesresult": "1R (2015, 2021) ",
    "birth_date": "1994-07-18"
}