{
    "name": "Abe Segal",
    "fullname": "Alan Abraham Segal",
    "country": "RSA South Africa",
    "birth_place": "Johannesburg, South Africa",
    "death_date": "2016",
    "death_place": "Cape Town, South Africa",
    "plays": "Left-handed (one-handed backhand)",
    "AustralianOpenresult": "2R (1954)",
    "FrenchOpenresult": "3R (1955, 1957, 1961, 1962)",
    "Wimbledonresult": "QF (1964)",
    "USOpenresult": "4R (1956)",
    "AustralianOpenDoublesresult": "QF (1954)",
    "FrenchOpenDoublesresult": "F (1958, 1963)",
    "WimbledonDoublesresult": "SF (1963)",
    "Mixed": "yes",
    "AustralianOpenMixedresult": "QF (1964)",
    "WimbledonMixedresult": "QF (1964)",
    "Team": "yes",
    "DavisCupresult": "F Eu  (1965) ",
    "birth_date": "1930-10-23"
}