{
    "name": "Abigail Spears",
    "country": "United States",
    "residence": "Colorado Springs, Colorado",
    "birth_place": "San Diego, California",
    "height": "1.75",
    "turnedpro": "October 2000",
    "retired": "2021",
    "coach": "Larry Willens",
    "plays": "Right-handed (two-handed backhand)",
    "careerprizemoney": "$2,994,112",
    "singlesrecord": "won=285",
    "singlestitles": "0",
    "highestsinglesranking": "No. 66 (June 6, 2005)",
    "AustralianOpenresult": "3R (2005)",
    "FrenchOpenresult": "1R (2005)",
    "Wimbledonresult": "1R (2005)",
    "USOpenresult": "1R (2004, 2005)",
    "doublesrecord": "won=555",
    "doublestitles": "21",
    "highestdoublesranking": "No. 10 (March 2, 2015)",
    "AustralianOpenDoublesresult": "SF (2014)",
    "FrenchOpenDoublesresult": "3R (2004)",
    "WimbledonDoublesresult": "SF (2015, 2016, 2018)",
    "USOpenDoublesresult": "QF (2008)",
    "Mixed": "yes",
    "mixedtitles": "1",
    "AustralianOpenMixedresult": "'''W''' (2017)",
    "FrenchOpenMixedresult": "QF (2018)",
    "WimbledonMixedresult": "QF (2018)",
    "USOpenMixedresult": "F (2013, 2014)",
    "birth_date": "1981-7-12"
}