{
    "name": "Ada Bakker",
    "fullname": "Ada de Laive Bakker",
    "country": "Netherlands",
    "singlestitles": "0",
    "AustralianOpenresult": "1R (1968)",
    "Wimbledonresult": "3R (1968, 1970, 1971)",
    "USOpenresult": "1R (1971)",
    "doublestitles": "0",
    "AustralianOpenDoublesresult": "QF (1968)",
    "WimbledonDoublesresult": "3R (1968)",
    "AustralianOpenMixedresult": "1R (1968)",
    "WimbledonMixedresult": "1R (1967, 1969)",
    "Team": "yes",
    "FedCupresult": "SF (1969, 1974)",
    "birth_date": "1948-04-08"
}