{
    "name": "Adam Malik",
    "country": "MAS Malaysia",
    "birth_place": "Muar, Johor, Malaysia",
    "height": "m=1.93",
    "plays": "Right-handed",
    "careerprizemoney": "$63,365",
    "singlesrecord": "2\u20133",
    "singlestitles": "0",
    "highestsinglesranking": "No. 436 (10 April 1995)",
    "doublesrecord": "9\u201315",
    "doublestitles": "0",
    "highestdoublesranking": "No. 122 (25 July 1994)",
    "AustralianOpenDoublesresult": "1R (1995) ",
    "birth_date": "1967-5-10"
}