{
    "name": "Adriana P\u00e9rez",
    "country": "VEN",
    "residence": "Caracas, Venezuela",
    "birth_place": "Anzo\u00e1tegui, Venezuela",
    "height": "m=1.63",
    "plays": "Right (two-handed backhand)",
    "careerprizemoney": "$80,306",
    "singlesrecord": "won=127",
    "singlestitles": "7 ITF",
    "highestsinglesranking": "No. 186 (14 April 2014)",
    "USOpenresult": "Q1 (2013)",
    "doublesrecord": "won=89",
    "doublestitles": "9 ITF",
    "highestdoublesranking": "No. 152 (26 August 2013)",
    "birth_date": "1992-11-20",
    "medaltemplates": [
        "Country: {{VEN}}",
        "Sport: Women's tennis",
        "Competition: South American Games",
        "Gold Medal: 2014 Santiago Doubles",
        "Gold Medal: 2014 Santiago Mixed doubles",
        "Silver Medal: 2010 Medell\u00edn Doubles",
        "Competition: Central American and Caribbean Games",
        "Silver Medal: 2014 Veracruz Doubles",
        "Silver Medal: 2014 Veracruz Team event",
        "Silver Medal: 2014 Veracruz Mixed doubles"
    ]
}