{
    "name": "Adri\u00e1n Garc\u00eda",
    "country": "Chile",
    "residence": "Santiago, Chile",
    "birth_place": "Concepci\u00f3n, Chile",
    "height": "1.75",
    "turnedpro": "1998",
    "retired": "2011",
    "plays": "Right-handed",
    "careerprizemoney": "US$ 605,753",
    "singlesrecord": "13\u201328 (at ATP Tour level, Grand Slam level and in Davis Cup)",
    "singlestitles": "0",
    "highestsinglesranking": "No. 103 (13 September 2004)",
    "AustralianOpenresult": "Q2 (2005)",
    "FrenchOpenresult": "Q1 (2007)",
    "Wimbledonresult": "1R (2005)",
    "USOpenresult": "Q3 (2007)",
    "doublesrecord": "12\u201323 (at ATP Tour level, Grand Slam level and in Davis Cup)",
    "doublestitles": "0",
    "highestdoublesranking": "No. 124 (23 April 2007)",
    "birth_date": "1978-5-25"
}