{
    "name": "Adriano Ferreira",
    "country": "BRA",
    "residence": "Bebedouro, Brazil",
    "birth_place": "Bebedouro, Brazil",
    "height": "m=1.96",
    "turnedpro": "1991",
    "plays": "Right-handed",
    "careerprizemoney": "US$92,834",
    "singlesrecord": "0\u20130 (ATP Tour level, Grand Slam level, and Davis Cup)",
    "singlestitles": "0",
    "highestsinglesranking": "No. 146 (November 9, 1998)",
    "FrenchOpenresult": "Q1 (1999)",
    "Wimbledonresult": "Q1 (1998, 1999)",
    "USOpenresult": "Q1 (1998, 1999)",
    "doublesrecord": "1\u20133 (ATP Tour level, Grand Slam level, and Davis Cup)",
    "doublestitles": "0",
    "highestdoublesranking": "No. 140 (March 8, 1999)",
    "WimbledonDoublesresult": "1R (1999)",
    "USOpenDoublesresult": "Q1 (1998) ",
    "birth_date": "1974-3-16"
}