{
    "name": "Adriana Gonz\u00e1lez-Pe\u00f1as",
    "country": "ESP",
    "birth_place": "Olot, Spain",
    "turnedpro": "2001",
    "plays": "Right-handed (two-handed backhand)",
    "careerprizemoney": "$26,618",
    "singlesrecord": "81\u201343",
    "singlestitles": "4 ITF",
    "highestsinglesranking": "No. 328 (3 November 2003)",
    "doublesrecord": "57\u201322",
    "doublestitles": "9 ITF",
    "highestdoublesranking": "No. 313 (7 November 2005) ",
    "birth_date": "1986-3-30"
}