{
    "name": "Adriana Villagr\u00e1n",
    "fullname": "Adriana Villagr\u00e1n-Reami",
    "country_represented": "ARG",
    "turnedpro": "1979",
    "retired": "1991",
    "careerprizemoney": "$179,272",
    "singlesrecord": "76\u2013118",
    "highestsinglesranking": "No. 99 (1 August 1988)",
    "AustralianOpenresult": "2R (1984)",
    "FrenchOpenresult": "3R (1985)",
    "Wimbledonresult": "2R (1985, 1986, 1987)",
    "USOpenresult": "2R (1985)",
    "doublesrecord": "62\u2013119",
    "highestdoublesranking": "No. 111 (12 October 1987)",
    "FrenchOpenDoublesresult": "F (1980)",
    "WimbledonDoublesresult": "2R (1986)",
    "USOpenDoublesresult": "2R (1986, 1987)",
    "birth_date": "1956-08-07"
}