{
    "name": "Adriano Panatta",
    "country": "ITA",
    "residence": "Treviso, Italy",
    "birth_place": "Rome, Italy",
    "height": "1.83 m",
    "turnedpro": "1969 (amateur from 1968)",
    "retired": "1983",
    "plays": "Right-handed (one-handed backhand)",
    "careerprizemoney": "$776,187",
    "highestsinglesranking": "No. 4 (24 August 1976)",
    "AustralianOpenresult": "1R (1969)",
    "FrenchOpenresult": "'''W''' (1976)",
    "Wimbledonresult": "QF (1979)",
    "USOpenresult": "4R (1978)",
    "Othertournaments": "yes",
    "MastersCupresult": "RR (1975)",
    "WCTFinalsresult": "QF (1977)",
    "singlesrecord": "395\u2013247",
    "singlestitles": "10",
    "doublesrecord": "233\u2013152",
    "doublestitles": "18",
    "highestdoublesranking": "No. 15 (24 March 1980)",
    "Team": "yes",
    "DavisCupresult": "'''W''' (1976)",
    "birth_date": "1950-7-9",
    "medaltemplates": [
        "Country: {{ITA}}",
        "Competition: Mediterranean Games",
        "Bronze Medal: 1971 \u0130zmir Doubles"
    ]
}