{
    "name": "Adriana Barna",
    "country_represented": "GER",
    "residence": "Nuremberg, Germany",
    "birth_place": "Cluj, Romania",
    "height": "m=1.73",
    "turnedpro": "1992",
    "retired": "2007",
    "plays": "Right-handed (two-handed backhand)",
    "careerprizemoney": "$239,001",
    "singlesrecord": "won=271",
    "singlestitles": "2 ITF",
    "highestsinglesranking": "180 (3 May 2004)",
    "AustralianOpenresult": "Q2 (1995, 2000)",
    "FrenchOpenresult": "Q1 (2000, 2002, 2004)",
    "Wimbledonresult": "Q2 (2002)",
    "USOpenresult": "Q2 (1999, 2001, 2003)",
    "doublesrecord": "won=102",
    "doublestitles": "3 ITF",
    "highestdoublesranking": "121 (19 May 1997) ",
    "birth_date": "1978-05-21"
}