{
    "name": "Adriana Ger\u0161i",
    "country": "CZE",
    "residence": "Naples, Florida, United States",
    "birth_place": "\u0160ternberk, Czech Republic",
    "height": "m=1.66",
    "turnedpro": "1994",
    "retired": "2002",
    "plays": "Right-handed (two-handed backhand)",
    "careerprizemoney": "$568,774",
    "singlesrecord": "won=186",
    "singlestitles": "1 WTA, 5 ITF",
    "highestsinglesranking": "No. 48 (23 June 1997)",
    "AustralianOpenresult": "3R (1998)",
    "FrenchOpenresult": "2R (1998, 1999, 2000)",
    "Wimbledonresult": "1R (1997, 98, 2000, 01, 02)",
    "USOpenresult": "3R (2000)",
    "doublesrecord": "18\u201317",
    "doublestitles": "2 ITF",
    "highestdoublesranking": "No. 165 (14 October 1996) ",
    "birth_date": "1976-06-26"
}