{
    "name": "Adrienn Heged\u0171s",
    "country": "HUN",
    "birth_place": "Budapest, Hungary",
    "careerprizemoney": "$64,950",
    "singlesrecord": "181\u2013120",
    "singlestitles": "11 ITF",
    "highestsinglesranking": "No. 178 (24 September 2001)",
    "USOpenresult": "Q1 (2001)",
    "doublesrecord": "85\u201379",
    "doublestitles": "7 ITF",
    "highestdoublesranking": "No. 202 (27 December 1999)",
    "Team": "yes",
    "FedCupresult": "0\u20132 ",
    "birth_date": "1977-12-26"
}