{
    "name": "Agnieszka Radwa\u0144ska",
    "fullname": "Agnieszka Roma Radwa\u0144ska",
    "country": "Poland",
    "residence": "Krak\u00f3w, Poland",
    "birth_place": "Krak\u00f3w, Republic of Poland",
    "height": "1.73 m",
    "turnedpro": "23 April 2005",
    "retired": "14 November 2018",
    "plays": "Right-handed (two-handed backhand)",
    "careerprizemoney": [
        "9th in all-time rankings"
    ],
    "website": "http://www.agaradwanska.com/ agaradwanska.com",
    "singlesrecord": "won=594",
    "singlestitles": "20",
    "highestsinglesranking": "No. 2 (9 July 2012)",
    "AustralianOpenresult": "SF (2014, 2016)",
    "FrenchOpenresult": "QF (2013)",
    "Wimbledonresult": "F (2012)",
    "USOpenresult": "4R (2007, 2008, 2012, 2013, 2016)",
    "Othertournaments": "yes",
    "WTAChampionshipsresult": "'''W''' (2015)",
    "Olympicsresult": "2R (2008)",
    "doublesrecord": "won=113",
    "doublestitles": "2",
    "highestdoublesranking": "No. 16 (10 October 2011)",
    "AustralianOpenDoublesresult": "SF (2010)",
    "FrenchOpenDoublesresult": "QF (2009, 2010)",
    "WimbledonDoublesresult": "3R (2007, 2011, 2012)",
    "USOpenDoublesresult": "SF (2011)",
    "WimbledonMixedresult": "1R (2007)",
    "USOpenMixedresult": "QF (2007)",
    "Team": "yes",
    "FedCupresult": "won=42",
    "HopmanCupresult": "'''W''' (2015) ",
    "birth_date": "1989-3-6"
}