{
    "name": "Agust\u00edn Moreno",
    "country": "MEX",
    "birth_place": "Guadalajara, Mexico",
    "height": "m=1.80",
    "plays": "Right-handed",
    "careerprizemoney": "$144,576",
    "singlestitles": "0",
    "highestsinglesranking": "No. 120 (18 July 1988)",
    "AustralianOpenresult": "1R (1989)",
    "Wimbledonresult": "1R (1988)",
    "USOpenresult": "1R (1988, 1989)",
    "doublestitles": "0",
    "highestdoublesranking": "No. 40 (15 May 1989)",
    "birth_date": "1967-3-31"
}