{
    "name": "Ahmed El-Mehelmy",
    "country": "EGY Egypt",
    "birth_place": "Cairo, Egypt",
    "height": "6 ft 0 in",
    "turnedpro": "1984",
    "plays": "Right-handed",
    "careerprizemoney": "$26,515",
    "singlesrecord": "2-10",
    "singlestitles": "0",
    "highestsinglesranking": "No. 175 (24 Mar 1986)",
    "USOpenresult": "1R (1985)",
    "doublesrecord": "1-4",
    "doublestitles": "0",
    "highestdoublesranking": "No. 377 (19 May 1986) ",
    "birth_date": "1962-1-25"
}