{
    "name": "Ahsha Rolle",
    "country": "USA",
    "residence": "Miami Shores, Florida",
    "birth_place": "Miami",
    "height": "m=1.72",
    "turnedpro": "2004",
    "retired": "2013",
    "plays": "Right-handed (one-handed backhand)",
    "careerprizemoney": "$388,608",
    "singlesrecord": "won=237",
    "singlestitles": "3 ITF",
    "highestsinglesranking": "No. 82 (September 10, 2007)",
    "AustralianOpenresult": "1R (2007)",
    "FrenchOpenresult": "Q2 (2006,2007,2008)",
    "Wimbledonresult": "Q3 (2007)",
    "USOpenresult": "3R (2007)",
    "doublesrecord": "won=165",
    "doublestitles": "10 ITF",
    "highestdoublesranking": "No. 111 (October 17, 2011)",
    "WimbledonDoublesresult": "1R (2006)",
    "USOpenDoublesresult": "2R (2005) ",
    "birth_date": "1985-3-21"
}