{
    "name": "Ai Sugiyama  \u6749\u5c71\u611b",
    "country": "JPN",
    "residence": "Kanagawa",
    "birth_place": "Yokohama, Japan",
    "height": "m=1.63",
    "turnedpro": "October 1992",
    "retired": "October 2009",
    "plays": "Right-handed (two-handed backhand)",
    "careerprizemoney": "$8,128,126",
    "singlesrecord": "won=492",
    "singlestitles": "6 WTA, 1 ITF",
    "highestsinglesranking": "No. 8 (February 9, 2004)",
    "AustralianOpenresult": "QF (2000)",
    "FrenchOpenresult": "4R (1995, 2000, 2003)",
    "Wimbledonresult": "QF (2004)",
    "USOpenresult": "4R (2003, 2004)",
    "Othertournaments": "yes",
    "WTAChampionshipsresult": "RR (2003)",
    "Olympicsresult": "QF (2004)",
    "doublesrecord": "won=566",
    "doublestitles": "38 WTA, 4 ITF",
    "highestdoublesranking": "No. '''1''' (October 23, 2000)",
    "AustralianOpenDoublesresult": "F (2009)",
    "FrenchOpenDoublesresult": "'''W''' (2003)",
    "WimbledonDoublesresult": "'''W''' (2003)",
    "USOpenDoublesresult": "'''W''' (2000)",
    "OthertournamentsDoubles": "yes",
    "WTAChampionshipsDoublesresult": "F (2003, 2007)",
    "OlympicsDoublesresult": "SF \u2013 4th (2004)",
    "Mixed": "yes",
    "mixedrecord": "35\u201321",
    "mixedtitles": "1",
    "AustralianOpenMixedresult": "2R (1999, 2001, 2003, 2006)",
    "FrenchOpenMixedresult": "SF (2000)",
    "WimbledonMixedresult": "SF (2004)",
    "USOpenMixedresult": "'''W''' (1999) ",
    "birth_date": "1975-7-5"
}