{
    "name": "Aiko Nakamura  \u4e2d\u6751\u85cd\u5b50",
    "country": "JAP",
    "turnedpro": "1999",
    "retired": "2012",
    "residence": "Tenn\u014dji-ku, Osaka",
    "birth_place": "Osaka",
    "height": "1.63",
    "plays": "Right-handed (two-handed both sides)",
    "careerprizemoney": "$861,081",
    "singlesrecord": "won=268",
    "singlestitles": "4 ITF",
    "highestsinglesranking": "No. 47 (6 August 2007)",
    "AustralianOpenresult": "3R (2006, 2007)",
    "FrenchOpenresult": "1R (2005\u20132008)",
    "Wimbledonresult": "2R (2005, 2007)",
    "USOpenresult": "2R (2005, 2006)",
    "doublesrecord": "won=80",
    "doublestitles": "3 ITF",
    "highestdoublesranking": "No. 64 (3 March 2008)",
    "AustralianOpenDoublesresult": "2R (2008)",
    "FrenchOpenDoublesresult": "1R (2006\u20132008)",
    "WimbledonDoublesresult": "2R (2005, 2007, 2008)",
    "USOpenDoublesresult": "2R (2007)",
    "Team": "yes",
    "FedCupresult": "6\u20134 ",
    "birth_date": "1983-12-28"
}