{
    "name": "Aisam-ul-Haq Qureshi   \u0627\u0639\u0635\u0627\u0645 \u0627\u0644\u062d\u0642 \u0642\u0631\u06cc\u0634\u06cc",
    "country": "PAK",
    "residence": "Lahore, Punjab, Pakistan",
    "birth_place": "Lahore, Punjab, Pakistan",
    "height": "1.83 m",
    "turnedpro": "1998",
    "plays": "Right-handed (one-handed backhand)",
    "careerprizemoney": "US$3,721,648",
    "singlesrecord": "won=34  (ATP Tour-level, Grand Slam-level, and in Davis Cup)",
    "singlestitles": "0",
    "highestsinglesranking": "No. 125 (10 December 2007)",
    "AustralianOpenresult": "Q2 (2002)",
    "Wimbledonresult": "2R (2007)",
    "USOpenresult": "1R (2008)",
    "doublesrecord": "won=393",
    "doublestitles": "18",
    "highestdoublesranking": "No. 8 (6 June 2011)",
    "currentdoublesranking": "No. 154 (29 January 2024)",
    "AustralianOpenDoublesresult": "QF (2018)",
    "FrenchOpenDoublesresult": "SF (2012)",
    "WimbledonDoublesresult": "QF (2010)",
    "USOpenDoublesresult": "F (2010)",
    "Mixed": "Yes",
    "AustralianOpenMixedresult": "QF (2012, 2014, 2022)",
    "FrenchOpenMixedresult": "SF (2013, 2019)",
    "WimbledonMixedresult": "SF (2014, 2016)",
    "USOpenMixedresult": "F (2010)",
    "birth_date": "1980-3-18",
    "medaltemplates": [
        "Sport: Men's Tennis",
        "Country: {{PAK}}",
        "Competition: South Asian Games",
        "Bronze Medal: 2016 Guwahati Singles",
        "Bronze Medal: 2016 Guwahati Mixed Doubles",
        "Competition: Islamic Solidarity Games",
        "Gold Medal: 2005 Mecca Singles",
        "Gold Medal: 2005 Mecca Doubles",
        "Gold Medal: 2005 Mecca Team"
    ]
}