{
    "name": "Ajla Tomljanovi\u0107",
    "country": "CRO  (Dec 2009\u2013Jan 2018)  AUS  (Feb 2018\u2013present)",
    "residence": "Boca Raton, Florida, U.S.",
    "birth_place": "Zagreb, Croatia",
    "height": "1.80 m",
    "turnedpro": "December 2009",
    "plays": "Right-handed (two-handed backhand)",
    "careerprizemoney": "US$ 6,065,211",
    "singlesrecord": "won=374",
    "singlestitles": "1 WTA 125",
    "highestsinglesranking": "No. 32 (3 April 2023)",
    "currentsinglesranking": "No. 220 (18 March 2024)",
    "AustralianOpenresult": "2R (2014, 2015, 2020, 2021, 2024)",
    "FrenchOpenresult": "4R (2014)",
    "Wimbledonresult": "QF (2021, 2022)",
    "USOpenresult": "QF (2022)",
    "Othertournaments": "yes",
    "Olympicsresult": "2R (2021)",
    "doublesrecord": "won=80",
    "doublestitles": "3 ITF",
    "highestdoublesranking": "No. 47 (5 January 2015)",
    "currentdoublesranking": "No. 510 (18 March 2024)",
    "AustralianOpenDoublesresult": "QF (2014)",
    "FrenchOpenDoublesresult": "3R (2022)",
    "WimbledonDoublesresult": "3R (2015)",
    "USOpenDoublesresult": "3R (2014, 2018)",
    "Team": "yes",
    "FedCupresult": "F (2019, 2022)   Record: won=8",
    "birth_date": "1993-05-07"
}