{
    "name": "Akgul Amanmuradova",
    "fullname": "Akgul Charievna Amanmuradova",
    "country": "UZB",
    "residence": "Tashkent, Uzbekistan",
    "birth_place": "Tashkent, Uzbek SSR, Soviet Union",
    "height": "1.90 m",
    "turnedpro": "2000",
    "retired": "(last match played in 2022)",
    "plays": "Right-handed (two-handed backhand)",
    "careerprizemoney": "US$ 1,549,307",
    "singlesrecord": "won=427",
    "singlestitles": "10 ITF",
    "highestsinglesranking": "No. 50 (26 May 2008)",
    "AustralianOpenresult": "2R (2006, 2009, 2013)",
    "FrenchOpenresult": "3R (2010)",
    "Wimbledonresult": "1R (2008, 2009, 2010, 2011, 2012)",
    "USOpenresult": "3R (2011)",
    "doublesrecord": "won=294",
    "doublestitles": "2 WTA, 16 ITF",
    "highestdoublesranking": "No. 36 (18 January 2010)",
    "AustralianOpenDoublesresult": "2R (2009)",
    "FrenchOpenDoublesresult": "2R (2012)",
    "WimbledonDoublesresult": "3R (2008, 2010)",
    "USOpenDoublesresult": "2R (2011)",
    "AustralianOpenMixedresult": "2R (2010)",
    "FrenchOpenMixedresult": "2R (2010)",
    "USOpenMixedresult": "1R (2009)",
    "Team": "yes",
    "FedCupresult": "49\u201342",
    "birth_date": "1984-6-23"
}