{
    "name": "Aki Rahunen",
    "country": "FIN Finland",
    "residence": "Espoo, Finland",
    "birth_place": "Helsinki",
    "height": "5'9\" (175 cm)",
    "plays": "Right-handed",
    "careerprizemoney": "$257,054",
    "singlesrecord": "31\u201346",
    "singlestitles": "0",
    "highestsinglesranking": "No. 57 (25 June 1990)",
    "AustralianOpenresult": "2R (1992)",
    "FrenchOpenresult": "3R (1990)",
    "Wimbledonresult": "2R (1990)",
    "USOpenresult": "1R (1990)",
    "doublesrecord": "0-0",
    "highestdoublesranking": "No. 981 (11 November 1988) ",
    "birth_date": "1971-12-24"
}