{
    "name": "Akiko Kijimuta, \u96c9\u5b50\u725f\u7530\u660e\u5b50",
    "country_represented": "JPN",
    "birth_place": "Ebina, Kanagawa, Japan",
    "height": "162 cm",
    "turnedpro": "1983",
    "retired": "1994",
    "careerprizemoney": "$323,209",
    "singlesrecord": "126\u2013148",
    "singlestitles": "1 ITF",
    "highestsinglesranking": "No. 49 (March 5, 1990)",
    "AustralianOpenresult": "3R (1987, 1988)",
    "FrenchOpenresult": "4R (1992)",
    "Wimbledonresult": "3R (1988)",
    "USOpenresult": "3R (1987)",
    "doublesrecord": "33\u201363",
    "doublestitles": "1 ITF",
    "highestdoublesranking": "No. 93 (August 26, 1991)",
    "AustralianOpenDoublesresult": "2R (1988, 1994)",
    "FrenchOpenDoublesresult": "1R (1991, 1994)",
    "WimbledonDoublesresult": "2R (1992)",
    "USOpenDoublesresult": "1R (1991, 1992) ",
    "birth_date": "1968-05-01"
}