{
    "name": "Akiko Yonemura",
    "country": "JAP",
    "birth_place": "Kumamoto",
    "careerprizemoney": "$160,615",
    "singlesrecord": "won=246",
    "singlestitles": "3 ITF",
    "highestsinglesranking": "No. 208 (12 May 2008)",
    "AustralianOpenresult": "Q1 (2008)",
    "FrenchOpenresult": "Q2 (2008)",
    "Wimbledonresult": "Q1 (2008)",
    "USOpenresult": "Q1 (2007, 2008)",
    "doublesrecord": "won=189",
    "doublestitles": "15 ITF",
    "highestdoublesranking": "No. 137 (28 April 2008) ",
    "birth_date": "1984-01-25"
}