{
    "name": "Akiko Morigami,  \u68ee\u4e0a\u4e9c\u5e0c\u5b50",
    "country": "JPN",
    "residence": "Tokyo, Japan",
    "birth_place": "Osaka, Japan",
    "height": "1.65 m",
    "turnedpro": "January 1998",
    "retired": "2009",
    "plays": "Right-handed (two-handed backhand)",
    "careerprizemoney": "$1,177,175",
    "singlesrecord": "won=286",
    "singlestitles": "1 WTA, 7 ITF",
    "highestsinglesranking": "No. 41 (15 August 2005)",
    "AustralianOpenresult": "2R (2003, 2004, 2007, 2008)",
    "FrenchOpenresult": "3R (2005)",
    "Wimbledonresult": "3R (2003, 2007)",
    "USOpenresult": "2R (2004)",
    "doublesrecord": "won=60",
    "doublestitles": "1 WTA, 3 ITF",
    "highestdoublesranking": "No. 59 (30 July 2007)",
    "AustralianOpenDoublesresult": "1R (2004, 2007, 2008)",
    "FrenchOpenDoublesresult": "3R (2007)",
    "WimbledonDoublesresult": "2R (2005, 2007)",
    "USOpenDoublesresult": "3R (2006, 2007)",
    "Team": "yes",
    "FedCupresult": "won=18 ",
    "birth_date": "1980-01-12"
}