{
    "name": "Akvil\u0117 Para\u017einskait\u0117",
    "country": "LTU",
    "birth_place": "Vilnius",
    "careerprizemoney": "$28,929",
    "singlesrecord": "won=101",
    "singlestitles": "1 ITF",
    "highestsinglesranking": "No. 491 (18 July 2022) <!--",
    "FrenchOpenjuniorresult": "2R (2014)",
    "Wimbledonjuniorresult": "1R (2013) -->",
    "doublesrecord": "won=63",
    "doublestitles": "5 ITF",
    "highestdoublesranking": "No. 356 (18 July 2022) <!--",
    "WimbledonDoublesjuniorresult": "1R (2013) -->",
    "Team": "yes",
    "FedCupresult": "13\u20134 |medaltemplates = flag Youth Olympic Games 2014 Nanjing a border Mixed-NOCs team Youth Olympic Games 2014 Nanjing ",
    "birth_date": "1996-11-29"
}