{
    "name": "Al Parker",
    "country": "USA United States",
    "residence": "Claxton, Georgia",
    "birth_place": "Savannah, Georgia",
    "height": "6 ft 2 in",
    "turnedpro": "1991",
    "plays": "Right-handed",
    "careerprizemoney": "$32,734",
    "singlesrecord": "1\u201310",
    "singlestitles": "0",
    "highestsinglesranking": "No. 261 (August 10, 1987)",
    "USOpenresult": "1R (1986, 1987)",
    "doublesrecord": "2\u20137",
    "doublestitles": "0",
    "highestdoublesranking": "No. 307 (February 1, 1993) ",
    "birth_date": "1968-12-22"
}