{
    "name": "Alain Gerbault",
    "fullname": "Alain Jacques Georges Marie Gerbault",
    "country_represented": "France",
    "birth_place": "Laval, Mayenne, France",
    "death_date": "1941",
    "death_place": "Dili, Portuguese Timor",
    "FrenchOpenresult": "2R (1931)",
    "Wimbledonresult": "2R (1921)",
    "USOpenresult": "3R (1924)",
    "Othertournaments": "yes",
    "WHCCresult": "3R (1922)",
    "WimbledonDoublesresult": "3R (1920)",
    "WHCCDoublesresult": "F (1921) ",
    "birth_date": "1893-11-17"
}