{
    "name": "Alan Mackin",
    "country": "Great Britain Great Britain",
    "residence": "Glasgow",
    "birth_place": "Paisley, Scotland",
    "height": "5 ft 11 in (180 cm)",
    "turnedpro": "1997",
    "retired": "2007",
    "plays": "Right-handed (two-handed backhand)",
    "singlesrecord": "1\u201315",
    "singlestitles": "0",
    "highestsinglesranking": "No. 213 (13 September 2004)",
    "AustralianOpenresult": "1R (2007)",
    "Wimbledonresult": "1R (2002, 2003, 2005, 2006)",
    "doublesrecord": "0\u20131",
    "doublestitles": "0",
    "highestdoublesranking": "No. 536 (18 September 2000)",
    "WimbledonDoublesresult": "1R (2005)",
    "Team": "yes",
    "DavisCupresult": "World Group 1R (''2003'') ",
    "birth_date": "1981-08-11"
}