{
    "name": "Albert Chang",
    "country_represented": "Canada",
    "birth_place": "Vancouver, British Columbia",
    "height": "6 ft 0 in",
    "plays": "Right-handed",
    "careerprizemoney": "$212,100",
    "singlesrecord": "7\u201318",
    "highestsinglesranking": "No. 140 (11 September 1995)",
    "Wimbledonresult": "1R (1995, 1996)",
    "USOpenresult": "1R (1994)",
    "doublesrecord": "2\u20137",
    "highestdoublesranking": "No. 212 (22 August 1994) ",
    "birth_date": "1971-02-27"
}