{
    "name": "Alberto Tous",
    "country": "ESP Spain",
    "residence": "Barcelona",
    "birth_place": "Palma, Spain",
    "height": "m=1.75",
    "plays": "Right-handed",
    "careerprizemoney": "$200,221",
    "singlesrecord": "40\u201361",
    "singlestitles": "0",
    "highestsinglesranking": "No. 52 (10 August 1987)",
    "FrenchOpenresult": "2R (1983, 1988, 1989)",
    "Wimbledonresult": "1R (1983)",
    "doublesrecord": "40\u201362",
    "doublestitles": "0",
    "highestdoublesranking": "No. 36 (15 June 1987)",
    "FrenchOpenDoublesresult": "SF (1987)",
    "Mixed": "yes",
    "mixedtitles": "0",
    "FrenchOpenMixedresult": "3R (1988) ",
    "birth_date": "1962-8-3"
}