{
    "name": "Albina Khabibulina",
    "country": "UZB",
    "residence": "Tashkent, Uzbekistan",
    "birth_place": "Tashkent",
    "height": "1.62 m",
    "plays": "Right-handed (two-handed backhand)",
    "careerprizemoney": "$78,468",
    "singlesrecord": "won=191",
    "singlestitles": "1 ITF",
    "highestsinglesranking": "No. 492 (4 July 2011)",
    "doublesrecord": "won=266",
    "doublestitles": "31 ITF",
    "highestdoublesranking": "No. 208 (4 August 2014)",
    "Team": "yes",
    "FedCupresult": "11\u201313 ",
    "birth_date": "1992-05-11"
}