{
    "name": "Alejandro Arambur\u00fa",
    "country": "PER Peru",
    "birth_place": "Lima, Peru",
    "height": "m=1.75",
    "plays": "Right-handed",
    "careerprizemoney": "$143,267",
    "singlesrecord": "14\u201326",
    "singlestitles": "0",
    "highestsinglesranking": "No. 141 (7 Aug 1989)",
    "FrenchOpenresult": "1R (1993)",
    "doublesrecord": "0\u20134",
    "doublestitles": "0",
    "highestdoublesranking": "No. 319 (17 Aug 1998) ",
    "birth_date": "1969-2-14"
}