{
    "name": "Alejandro Pierola",
    "country": "CHI Chile",
    "birth_place": "Santiago, Presidential Republic Chile",
    "plays": "Right-handed",
    "singlesrecord": "16\u201346",
    "singlestitles": "0",
    "highestsinglesranking": "No. 82 (26 Dec 1979)",
    "FrenchOpenresult": "2R (1978)",
    "doublesrecord": "15\u201337",
    "doublestitles": "0",
    "highestdoublesranking": "No. 174 (3 Jan 1983)",
    "FrenchOpenDoublesresult": "1R (1978, 1980, 1982) ",
    "birth_date": "1949-11-20"
}