{
    "name": "Alejandro Cortes",
    "country": "COL Colombia",
    "residence": "Bogot\u00e1",
    "birth_place": "Los Angeles, California, U.S.",
    "plays": "Right-handed",
    "singlesrecord": "18\u201334",
    "singlestitles": "0",
    "highestsinglesranking": "No. 126 (4 January 1982)",
    "FrenchOpenresult": "1R (1980, 1982)",
    "Wimbledonresult": "1R (1979, 1982)",
    "USOpenresult": "2R (1981)",
    "doublesrecord": "17\u201345",
    "doublestitles": "0",
    "highestdoublesranking": "No. 188 (3 January 1983)",
    "FrenchOpenDoublesresult": "2R (1981)",
    "WimbledonDoublesresult": "1R (1982)",
    "USOpenDoublesresult": "1R (1981) ",
    "birth_date": "1955-7-14"
}