{
    "name": "Alejandro Ganz\u00e1bal",
    "country": "ARG",
    "birth_place": "Buenos Aires, Argentina",
    "height": "m=1.80",
    "plays": "Right-handed",
    "careerprizemoney": "$151,882",
    "singlesrecord": "46\u201368",
    "singlestitles": "0",
    "highestsinglesranking": "No. 58 (28 January 1985)",
    "FrenchOpenresult": "3R (1981)",
    "USOpenresult": "1R (1985)",
    "doublesrecord": "18\u201335",
    "doublestitles": "1",
    "highestdoublesranking": "No. 89 (7 April 1986)",
    "FrenchOpenDoublesresult": "1R (1981, 1982) ",
    "birth_date": "1960-2-16"
}