{
    "name": "Alejo Mancisidor",
    "country": "ESP Spain",
    "residence": "Irun, Spain",
    "birth_place": "San Sebasti\u00e1n, Spain",
    "height": "m=1.83",
    "turnedpro": "1991",
    "plays": "Right-handed",
    "careerprizemoney": "$149,180",
    "singlesrecord": "5\u201321",
    "singlestitles": "0",
    "highestsinglesranking": "No. 120 (27 Feb 1995)",
    "USOpenresult": "1R (1992)",
    "highestdoublesranking": "No. 433 (13 Jun 1994) ",
    "birth_date": "1970-7-31"
}