{
    "name": "Alejo Russell",
    "fullname": "Alejandro Domingo Russell",
    "country": "ARG",
    "birth_place": "C\u00f3rdoba, Argentina",
    "death_date": "1977",
    "death_place": "Bayonne, France",
    "plays": "Right-handed (one-handed backhand)",
    "turnedpro": "1936 (amateur)",
    "retired": "1955",
    "singlesrecord": "won=149",
    "singlestitles": "19",
    "FrenchOpenresult": "3R (1952)",
    "Wimbledonresult": "4R (1939)",
    "USOpenresult": "QF (1942, 1945)",
    "WimbledonDoublesresult": "QF (1948, 1952) http://www.wimbledon.com/en_GB/scores/draws/archive/players/31561024-d954-4a58-8972-24e7a7e3edd1/index.html Wimbledon Results Archive",
    "Mixed": "yes",
    "WimbledonMixedresult": "SF (1938)",
    "USOpenMixedresult": "F (1942)",
    "Team": "yes",
    "DavisCupresult": "F Am  (1958) "
}