{
    "name": "Alejandro Gattiker",
    "country": "ARG Argentina",
    "birth_place": "Buenos Aires, Argentina",
    "height": "m=1.80",
    "plays": "Right-handed",
    "singlesrecord": "5\u201324",
    "singlestitles": "0",
    "highestsinglesranking": "No. 194 (4 Jan 1982)",
    "FrenchOpenresult": "1R (1982)",
    "doublesrecord": "22\u201337",
    "doublestitles": "0",
    "highestdoublesranking": "No. 119 (3 Jan 1983)",
    "FrenchOpenDoublesresult": "1R (1977, 1980, 1981, 1983)",
    "WimbledonDoublesresult": "1R (1980) ",
    "birth_date": "1958-5-5"
}