{
    "name": "Aleksandar Kitinov",
    "country_represented": "YUG (1991\u20131992), MKD (1992\u20132003)",
    "residence": "Skopje, Macedonia",
    "birth_place": "Skopje, SR Macedonia, SFR Yugoslavia",
    "height": "m=1.90",
    "turnedpro": "1992",
    "plays": "Right-handed",
    "careerprizemoney": "$618,346",
    "singlesrecord": "0\u20132",
    "singlestitles": "0",
    "highestsinglesranking": "No. 296 (29 April 1996)",
    "doublesrecord": "90\u2013168",
    "doublestitles": "3",
    "highestdoublesranking": "No. 38 (15 November 1999)",
    "AustralianOpenDoublesresult": "2R (1997, 1998, 1999)",
    "FrenchOpenDoublesresult": "2R (1998, 2001)",
    "WimbledonDoublesresult": "3R (2001)",
    "USOpenDoublesresult": "2R (2001)",
    "AustralianOpenMixedresult": "QF (1998)",
    "FrenchOpenMixedresult": "1R (1998, 1999, 2000)",
    "WimbledonMixedresult": "1R (1997, 1998, 1999, 2000, 2002)",
    "USOpenMixedresult": "2R (1997)",
    "birth_date": "1971-01-13"
}