{
    "name": "Aleksandra Kruni\u0107",
    "country": "SRB",
    "residence": "Belgrade, Serbia",
    "birth_place": "Moscow, Russia",
    "height": "1.63 m",
    "turnedpro": "2008",
    "plays": "Right-handed (two-handed backhand)",
    "coach": "Elise Tama\u00ebla (2016\u201318)  , Sarah Stone (2018)",
    "careerprizemoney": "US$ 3,684,383",
    "singlesrecord": "won=373",
    "singlestitles": "1",
    "highestsinglesranking": "No. 39 (18 June 2018)",
    "currentsinglesranking": "No. 536 (22 April 2024)",
    "AustralianOpenresult": "2R (2019)",
    "FrenchOpenresult": "2R (2019, 2022)",
    "Wimbledonresult": "3R (2015)",
    "USOpenresult": "4R (2014)",
    "Othertournaments": "yes",
    "Olympicsresult": "1R (2016)",
    "doublesrecord": "won=214",
    "doublestitles": "6",
    "highestdoublesranking": "No. 35 (30 September 2019)",
    "currentdoublesranking": "No. 110 (22 April 2024)",
    "AustralianOpenDoublesresult": "QF (2021)",
    "FrenchOpenDoublesresult": "3R (2016)",
    "WimbledonDoublesresult": "QF (2021)",
    "USOpenDoublesresult": "3R (2015)",
    "AustralianOpenMixedresult": "1R (2022)",
    "WimbledonMixedresult": "2R (2022)",
    "OthertournamentsDoubles": "yes",
    "OlympicsDoublesresult": "1R (2016, 2021)",
    "Team": "yes",
    "FedCupresult": "F (2012),  record won=28",
    "birth_date": "1993-3-15"
}