{
    "name": "Aleksandrina Naydenova   \u0410\u043b\u0435\u043a\u0441\u0430\u043d\u0434\u0440\u0438\u043d\u0430 \u041d\u0430\u0439\u0434\u0435\u043d\u043e\u0432\u0430",
    "country": "BUL",
    "birth_place": "Plovdiv",
    "residence": "Plovdiv, Bulgaria",
    "height": "1.70",
    "turnedpro": "2007",
    "retired": "2020",
    "plays": "Right (two-handed backhand)",
    "careerprizemoney": "US$ 237,920",
    "singlesrecord": "won=336",
    "singlestitles": "10 ITF",
    "highestsinglesranking": "No. 218 (9 September 2019)",
    "AustralianOpenresult": "Q1 (2017)",
    "doublesrecord": "won=213",
    "doublestitles": "14 ITF",
    "highestdoublesranking": "No. 95 (25 September 2017)",
    "AustralianOpenDoublesresult": "1R (2014) ",
    "birth_date": "1992-02-29"
}