{
    "name": "Alena Fomina-Klotz    \u0410\u043b\u0451\u043d\u0430 \u0424\u043e\u043c\u0438\u043d\u0430",
    "fullname": "Alena Sergeyevna Fomina-Klotz",
    "country": "UKR (2005\u20132017) ,  RUS (2017\u2013present)",
    "birth_place": "Sevastopol, Soviet Union",
    "careerprizemoney": "US$ 149,302",
    "singlesrecord": "won=166",
    "singlestitles": "1 ITF",
    "highestsinglesranking": "No. 520 (3 April 2017)",
    "doublesrecord": "won=318",
    "doublestitles": "1 WTA Challenger, 27 ITF",
    "highestdoublesranking": "No. 102 (24 July 2023)",
    "currentdoublesranking": "No. 148 (18 March 2024)",
    "birth_date": "1989-07-05"
}