{
    "name": "Alena Va\u0161kov\u00e1",
    "country": "CZE",
    "birth_place": "Ro\u017enov pod Radho\u0161t\u011bm, Czechoslovakia",
    "turnedpro": "1992",
    "retired": "2005",
    "height": "1.75",
    "plays": "Right-handed (two-handed backhand)",
    "careerprizemoney": "$236,165",
    "singlesrecord": "won=276",
    "singlestitles": "8 ITF",
    "highestsinglesranking": "No. 115 (9 July 2001)",
    "AustralianOpenresult": "Q3 (2003)",
    "FrenchOpenresult": "Q3 (2002)",
    "Wimbledonresult": "Q3 (2003)",
    "USOpenresult": "1R (2000, 2003)",
    "doublesrecord": "won=120",
    "doublestitles": "11 ITF",
    "highestdoublesranking": "No. 135 (22 April 2002)",
    "Team": "yes",
    "FedCupresult": "0\u20132 ",
    "birth_date": "1975-11-08"
}