{
    "name": "Alessandro Giannessi",
    "country": "ITA",
    "residence": "La Spezia, Italy",
    "birth_place": "La Spezia, Italy",
    "height": "m=1.85",
    "turnedpro": "2008",
    "plays": "Left-handed (two-handed backhand)",
    "coach": "Flavio Cipolla",
    "careerprizemoney": "$ 1,419,042",
    "singlesrecord": "13\u201323",
    "singlestitles": "0",
    "highestsinglesranking": "No. 84 (24 July 2017)",
    "currentsinglesranking": "No. 226 (15 January 2024)",
    "AustralianOpenresult": "Q3 (2022)",
    "FrenchOpenresult": "1R (2021, 2022)",
    "Wimbledonresult": "Q3 (2018)",
    "USOpenresult": "2R (2016)",
    "doublesrecord": "2\u20138",
    "doublestitles": "0",
    "highestdoublesranking": "No. 171 (14 October 2013)",
    "currentdoublesranking": "No. 396 (15 January 2024)",
    "USOpenDoublesresult": "2R (2017)",
    "birth_date": "1990-05-30"
}