{
    "name": "Alex Kuznetsov",
    "country": "USA",
    "residence": "Tampa, Florida, United States",
    "birth_place": "Kyiv, USSR (now Ukraine)",
    "height": "m=1.83",
    "turnedpro": "2004",
    "retired": "2016",
    "plays": "Right-handed (two-handed backhand)",
    "careerprizemoney": "$909,591",
    "singlesrecord": "9\u201330",
    "singlestitles": "0",
    "highestsinglesranking": "No. 120 (September 30, 2013)",
    "AustralianOpenresult": "2R (2007)",
    "FrenchOpenresult": "1R (2013)",
    "Wimbledonresult": "1R (2013, 2014)",
    "USOpenresult": "1R (2006, 2007)",
    "doublesrecord": "9\u201314",
    "doublestitles": "0",
    "highestdoublesranking": "No. 78 (September 24, 2007)",
    "birth_date": "1987-2-5"
}