{
    "name": "Alexander Zverev",
    "country": "Germany",
    "residence": "Monte Carlo, Monaco",
    "birth_place": "Hamburg, Germany",
    "height": "1.98 m",
    "turnedpro": "2013",
    "coach": "Alexander Zverev Sr.",
    "plays": "Right-handed (two-handed backhand)",
    "careerprizemoney": [
        "6th all-time in earnings"
    ],
    "website": "|singlesrecord                = won=414 (at ATP Tour level, Grand Slam level, and in Davis Cup)",
    "singlestitles": "21",
    "highestsinglesranking": "No. 2 (13 June 2022)",
    "currentsinglesranking": "No. 5 (18 March 2024)",
    "AustralianOpenresult": "SF (2020, 2024)",
    "FrenchOpenresult": "SF (2021, 2022, 2023)",
    "Wimbledonresult": "4R (2017, 2021)",
    "USOpenresult": "F (2020)",
    "Othertournaments": "Yes",
    "MastersCupresult": "'''W''' (2018, 2021)",
    "Olympicsresult": "(2020)",
    "doublesrecord": "won=66 (at ATP Tour level, Grand Slam level, and in Davis Cup)",
    "doublestitles": "2",
    "highestdoublesranking": "No. 68 (18 March 2019)",
    "currentdoublesranking": "No. 77 (15 April 2024)",
    "FrenchOpenDoublesresult": "1R (2016)",
    "OthertournamentsDoubles": "Yes",
    "OlympicsDoublesresult": "QF (2020)",
    "Team": "yes",
    "DavisCupresult": "QF (2018)",
    "HopmanCupresult": "F (2018, 2019)",
    "birth_date": "1997-4-20"
}