{
    "name": "Alexander Waske",
    "country": "GER",
    "residence": "Frankfurt",
    "birth_place": "Frankfurt, West Germany",
    "height": "college                = San Diego Sta",
    "turnedpro": "2000",
    "retired": "2012",
    "plays": "Right-handed (one-handed backhand)",
    "careerprizemoney": "$1,339,987",
    "singlesrecord": "28\u201364",
    "singlestitles": "0",
    "highestsinglesranking": "No. 89 (12 June 2006)",
    "AustralianOpenresult": "1R (2003, 2006, 2007)",
    "FrenchOpenresult": "2R (2006)",
    "Wimbledonresult": "2R (2002)",
    "USOpenresult": "1R (2002, 2006, 2007)",
    "doublesrecord": "111\u201376",
    "doublestitles": "4",
    "highestdoublesranking": "No. 16 (30 April 2007) |AustralianOpenDoublesresult = SF (2005) |FrenchOpenDoublesresult = SF (2006) |WimbledonDoublesresult = QF (2005) |USOpenDoublesresult    = 3R (2006) ",
    "birth_date": "1975-03-31"
}