{
    "name": "Alexandra Fusai",
    "country": "FRA",
    "residence": "Nantes, France",
    "birth_place": "Saint-Cloud, France",
    "height": "m=1.76",
    "turnedpro": "September 1989",
    "retired": "April 2003",
    "plays": "Right-handed (two-handed backhand)",
    "careerprizemoney": "$1,608,170",
    "singlesrecord": "284\u2013269",
    "singlestitles": "6 ITF",
    "highestsinglesranking": "No. 37 (26 October 1998)",
    "AustralianOpenresult": "3R (1996)",
    "FrenchOpenresult": "3R (1994, 1998)",
    "Wimbledonresult": "2R (1996, 1998)",
    "USOpenresult": "3R (1997)",
    "doublesrecord": "300\u2013225",
    "doublestitles": "12 WTA, 2 ITF",
    "highestdoublesranking": "No. 6 (14 September 1998)",
    "AustralianOpenDoublesresult": "QF (2001)",
    "FrenchOpenDoublesresult": "SF (1997, 1999, 2000)",
    "WimbledonDoublesresult": "3R (1997)",
    "USOpenDoublesresult": "QF (1997)",
    "Team": "yes",
    "FedCupresult": "'''W''' (1997) ",
    "birth_date": "1973-11-22"
}