{
    "name": "Alexander Kudryavtsev  \u0410\u043b\u0435\u043a\u0441\u0430\u043d\u0434\u0440 \u041a\u0443\u0434\u0440\u044f\u0432\u0446\u0435\u0432",
    "country": "RUS",
    "residence": "Saint Petersburg, Russia",
    "birth_place": "Ekaterinburg, USSR",
    "height": "m=1.83",
    "turnedpro": "2003",
    "retired": "2017",
    "coach": "Vadim Davletshin",
    "plays": "Right-handed (two-handed backhand)",
    "careerprizemoney": "$ 909,894",
    "singlesrecord": "lost=15|details=in Grand Slam and ATP World Tour main draw matches, and in Davis C",
    "small": "yes",
    "singlestitles": "0",
    "highestsinglesranking": "No. 117 (2 February 2015)",
    "AustralianOpenresult": "1R (2012, 2015)",
    "FrenchOpenresult": "Q2 (2015)",
    "Wimbledonresult": "1R (2016)",
    "USOpenresult": "2R (2014)",
    "doublesrecord": "lost=11|details=in Grand Slam and ATP World Tour main draw matches, and in Davis C",
    "doublestitles": "0",
    "highestdoublesranking": "No. 70 (7 November 2011) |AustralianOpenDoublesresult  = 2R (2012) |FrenchOpenDoublesresult      =  |WimbledonDoublesresult       = 1R (2008) |USOpenDoublesresult          =",
    "birth_date": "1985-10-26"
}