{
    "name": "Alexandre Simoni",
    "country": "BRA",
    "residence": "S\u00e3o Paulo, Brazil",
    "birth_place": "S\u00e3o Paulo, Brazil",
    "height": "m=1.87",
    "turnedpro": "1997",
    "plays": "Right-handed",
    "careerprizemoney": "US$394,788",
    "singlesrecord": "10\u201322 (at ATP Tour-level, Grand Slam-level, and in Davis Cup)",
    "singlestitles": "0",
    "highestsinglesranking": "No. 96 (16 July 2001)",
    "AustralianOpenresult": "2R (2002)",
    "FrenchOpenresult": "Q2 (2003)",
    "Wimbledonresult": "1R (2002)",
    "USOpenresult": "1R (2001)",
    "doublesrecord": "11\u201313 (at ATP Tour-level, Grand Slam-level, and in Davis Cup)",
    "doublestitles": "0",
    "highestdoublesranking": "No. 119 (7 October 2002)",
    "WimbledonDoublesresult": "Q1 (2000, 2001, 2003)",
    "USOpenDoublesresult": "1R (2002) ",
    "birth_date": "1979-7-2"
}