{
    "name": "Alexandra Kolesnichenko",
    "fullname": "Alexandra Kolesnichenko",
    "country": "UZB",
    "birth_place": "Tashkent, Uzbekistan",
    "careerprizemoney": "$11,068",
    "singlesrecord": "23\u201322",
    "singlestitles": "0",
    "highestsinglesranking": "No. 577 (21 September 2009) <!--",
    "FrenchOpenjuniorresult": "2R (2008)",
    "USOpenjuniorresult": "1R (2007) -->",
    "doublesrecord": "19\u201317",
    "doublestitles": "1 ITF",
    "highestdoublesranking": "No. 517 (21 September 2009) <!--",
    "FrenchOpenDoublesjuniorresult": "1R (2008)",
    "USOpenDoublesjuniorresult": "1R (2007) -->",
    "Team": "yes",
    "FedCupresult": "2\u20130 ",
    "birth_date": "1992-12-14"
}