{
    "name": "Alexandra Mueller",
    "country": "USA",
    "residence": "Abington, Pennsylvania",
    "birth_place": "Abington",
    "height": "m=1.88",
    "coach": "Scott Lambdin",
    "plays": "Right-handed (two-handed backhand)",
    "careerprizemoney": "$178,902",
    "singlesrecord": "won=259",
    "singlestitles": "7 ITF",
    "highestsinglesranking": "No. 280 (July 6, 2009)",
    "USOpenresult": "Q2 (2004)",
    "doublesrecord": "won=236",
    "doublestitles": "21 ITF",
    "highestdoublesranking": "No. 130 (January 28, 2019)",
    "USOpenDoublesresult": "1R (2004, 2007) ",
    "birth_date": "1988-2-14"
}