{
    "name": "Alex Stepanek",
    "itf_name": "Alexander Stepanek",
    "country": "FRG West Germany",
    "residence": "Berlin",
    "birth_place": "Munich, West Germany",
    "height": "m=1.80",
    "careerprizemoney": "$25,847",
    "singlesrecord": "2\u20139",
    "singlestitles": "0",
    "highestsinglesranking": "No. 133 (24 Feb 1986)",
    "FrenchOpenresult": "1R (1986)",
    "doublesrecord": "1\u20131",
    "doublestitles": "0",
    "highestdoublesranking": "No. 336 (16 May 1988)  ",
    "birth_date": "1963-7-11"
}