{
    "name": "Alex R\u0103dulescu",
    "country": "Germany",
    "residence": "Monaco",
    "birth_place": "Bucharest, Romania",
    "height": "m=1.87",
    "plays": "Right-handed (one-handed backhand)",
    "turnedpro": "1992",
    "careerprizemoney": "$698,887",
    "singlesrecord": "40\u201356",
    "singlestitles": "0 ,   3 Challenger, 1 Futures",
    "highestsinglesranking": "No. 51 (10 March 1997)",
    "AustralianOpenresult": "1R (1997, 1998)",
    "FrenchOpenresult": "1R (1997)",
    "Wimbledonresult": "QF (1996)",
    "USOpenresult": "3R (1997)",
    "doublesrecord": "8\u201315",
    "doublestitles": "0 ,   2 Challenger, 0 Futures",
    "highestdoublesranking": "No. 184 (2 February 1998)",
    "WimbledonDoublesresult": "1R (1993)",
    "birth_date": "1974-12-7"
}