{
    "name": "Alex Olmedo",
    "fullname": "Alejandro Olmedo Rodr\u00edguez",
    "country": "PER, USA",
    "birth_place": "Arequipa, Peru",
    "death_date": "2020",
    "death_place": "Los Angeles, California, US",
    "height": "ft=5",
    "turnedpro": "1960",
    "retired": "1977",
    "plays": "Right-handed (one-handed backhand)",
    "tennishofyear": "1987",
    "tennishofid": "alex-olmedo",
    "singlesrecord": "477\u2013420 (53.1%) title=Alex Olmedo: Career match record",
    "singlestitles": "21 title=Alex Olmedo: Career match record",
    "highestsinglesranking": "No. 2 (1959 , Lance Tingay ) United States Lawn Tennis Association (1972). ''Official Encyclopedia of Tennis'' (First Edition), p. 427.",
    "AustralianOpenresult": "'''W''' (1959)",
    "FrenchOpenresult": "1R (1969, 1972)",
    "Wimbledonresult": "'''W''' (1959)",
    "USOpenresult": "F (1959)",
    "Promajors": "yes",
    "USProresult": "'''W''' (1960)",
    "WembleyProresult": "SF (1960, 1963)",
    "FrenchProresult": "QF (1962, 1964)",
    "USOpenDoublesresult": "'''W''' (1958)",
    "Mixed": "yes",
    "USOpenMixedresult": "F (1958)",
    "Team": "yes",
    "DavisCupresult": "'''W''' (1958) ",
    "birth_date": "1936-03-24"
}