{
    "name": "Alexa Glatch",
    "country": "USA",
    "residence": "Delray Beach, Florida",
    "birth_place": "Newport Beach, California",
    "height": "1.83 m",
    "turnedpro": "2005",
    "plays": "Right (two-handed backhand)",
    "careerprizemoney": "US$ 825,740",
    "singlesrecord": "won=327",
    "singlestitles": "11 ITF",
    "highestsinglesranking": "No. 102 (August 3, 2009)",
    "AustralianOpenresult": "Q3 (2015)",
    "FrenchOpenresult": "2R (2009, 2012)",
    "Wimbledonresult": "1R (2009, 2011, 2013)",
    "USOpenresult": "2R (2005)",
    "doublesrecord": "won=115",
    "doublestitles": "9 ITF",
    "highestdoublesranking": "No. 98 (October 5, 2009)",
    "currentdoublesranking": "No. 788 (February 26, 2024)",
    "WimbledonDoublesresult": "1R (2009)",
    "USOpenDoublesresult": "3R (2009)",
    "birth_date": "1989-09-10"
}