{
    "name": "Alexandar Lazov, \u0410\u043b\u0435\u043a\u0441\u0430\u043d\u0434\u044a\u0440 \u041b\u0430\u0437\u043e\u0432",
    "country": "BUL",
    "residence": "Pazardzhik, Bulgaria",
    "birth_place": "Pazardzhik, PR Bulgaria",
    "height": "1.83",
    "turnedpro": "2006",
    "retired": "2019 (last match)",
    "plays": "Left-handed (two-handed backhand)",
    "careerprizemoney": "US$ 112,161",
    "singlesrecord": "1\u20137   (at ATP Tour level, Grand Slam level, and in Davis Cup)",
    "singlestitles": "0",
    "highestsinglesranking": "No. 324 (29 June 2015)",
    "doublesrecord": "4\u20133   (at ATP Tour level, Grand Slam level, and in Davis Cup)",
    "doublestitles": "0",
    "highestdoublesranking": "No. 314 (23 October 2017)",
    "birth_date": "1990-07-09"
}