{
    "name": "Alex Kim",
    "country": "United States",
    "residence": "Delray Beach, Florida, United States",
    "birth_place": "Silver Spring, Maryland, United States",
    "height": "5 ft 9 in",
    "turnedpro": "2000",
    "plays": "Right-handed",
    "careerprizemoney": "$281,041",
    "singlesrecord": "8\u201326",
    "singlestitles": "0 ,   3 Challenger, 1 Futures",
    "highestsinglesranking": "No. 106 (10 June 2002)",
    "AustralianOpenresult": "3R (2002)",
    "FrenchOpenresult": "1R (2003)",
    "Wimbledonresult": "Q1 (2003)",
    "USOpenresult": "1R (2000, 2002, 2003)",
    "doublesrecord": "0\u20135",
    "doublestitles": "0 ,   1 Challenger, 1 Futures",
    "highestdoublesranking": "No. 264 (20 October 2003)",
    "USOpenDoublesresult": "1R (2002, 2003)",
    "birth_date": "1978-12-20"
}