{
    "name": "Alex Bogdanovic",
    "country": "Great Britain Great Britain",
    "birth_place": "Belgrade, SR Serbia, SFR Yugoslavia",
    "residence": "London, England",
    "height": "1.83",
    "turnedpro": "2002",
    "retired": "15 July 2013",
    "plays": "Left-handed (one-handed backhand)",
    "careerprizemoney": "$695,395",
    "singlesrecord": "11\u201336  (at ATP Tour and Grand Slam level, and in Davis Cup)",
    "highestsinglesranking": "No. 108 (25 June 2007)",
    "AustralianOpenresult": "Q2 (2008, 2009)",
    "FrenchOpenresult": "Q2 (2007, 2008, 2009)",
    "Wimbledonresult": "1R (2002, 2003, 2004, 2005, 2006, 2007, 2008, 2009)",
    "USOpenresult": "1R (2004)",
    "doublesrecord": "2\u201310  (at ATP Tour and Grand Slam level, and in Davis Cup)",
    "doublestitles": "0",
    "highestdoublesranking": "No. 336 (12 January 2009)",
    "Team": "yes",
    "DavisCupresult": "1R (2003, 2008)",
    "birth_date": "1984-05-22"
}