{
    "name": "Alex Reichel",
    "country": "USA United States",
    "residence": "Newport Beach, California",
    "birth_place": "Los Angeles, California",
    "height": "ft=6",
    "turnedpro": "1992",
    "plays": "Right-handed",
    "careerprizemoney": "$135,419",
    "singlesrecord": "3\u20138",
    "singlestitles": "0",
    "highestsinglesranking": "No. 204 (August 5, 1996)",
    "AustralianOpenresult": "1R (1997)",
    "doublesrecord": "0\u20133",
    "doublestitles": "0",
    "highestdoublesranking": "No. 519 (July 21, 1997) ",
    "birth_date": "1971-3-3"
}