{
    "name": "Alexander Mikhailovich Zverev Sr.",
    "country": "URS Soviet Union",
    "residence": "Hamburg, Germany",
    "birth_place": "Sochi, Russian SFSR, Soviet Union",
    "height": "m=1.85",
    "plays": "Right-handed",
    "singlesrecord": "3\u201316",
    "singlestitles": "0",
    "highestsinglesranking": "No. 175 (18 March 1985)",
    "AustralianOpenresult": "1R (1985)",
    "Wimbledonresult": "1R (1986)",
    "doublesrecord": "4\u20134",
    "doublestitles": "0",
    "highestdoublesranking": "No. 307 (18 March 1985)",
    "Mixed": "yes",
    "FrenchOpenMixedresult": "1R (1986)",
    "birth_date": "1960-1-22"
}