{
    "name": "Alexandra Nancarrow",
    "country": "AUS",
    "birth_place": "Canberra, Australia",
    "residence": "Barcelona, Spain",
    "height": "1.65",
    "plays": "Right-handed (one-handed backhand)",
    "careerprizemoney": "$48,310",
    "singlesrecord": "won=130",
    "singlestitles": "4 ITF",
    "highestsinglesranking": "No. 385 (10 November 2014)",
    "doublesrecord": "won=134",
    "doublestitles": "20 ITF",
    "highestdoublesranking": "No. 346 (2 February 2015)",
    "AustralianOpenDoublesresult": "1R (2015) ",
    "birth_date": "1993-09-01"
}