{
    "name": "Alexander Peya",
    "country": "AUT",
    "residence": "Vienna, Austria",
    "birth_place": "Vienna, Austria",
    "height": "m=1.82",
    "turnedpro": "1998 |retired=2019 (last match)",
    "plays": "Right-handed (one-handed backhand)",
    "careerprizemoney": "US$4,428,635",
    "singlesrecord": "22\u201351",
    "singlestitles": "0",
    "highestsinglesranking": "No. 92 (April 30, 2007)",
    "FrenchOpenresult": "1R (2004, 2007)",
    "Wimbledonresult": "2R (2004)",
    "USOpenresult": "3R (2004)",
    "doublesrecord": "368\u2013266",
    "doublestitles": "17",
    "highestdoublesranking": "No. 3 (12 August 2013)",
    "AustralianOpenDoublesresult": "3R (2014)",
    "FrenchOpenDoublesresult": "SF (2013, 2016, 2018)",
    "WimbledonDoublesresult": "SF (2011)",
    "USOpenDoublesresult": "F (2013)",
    "OthertournamentsDoubles": "Yes",
    "MastersCupDoublesresult": "SF (2013)",
    "OlympicsDoublesresult": "QF (2016)",
    "Mixed": "yes",
    "mixedtitles": "1",
    "AustralianOpenMixedresult": "QF (2015)",
    "FrenchOpenMixedresult": "QF (2015, 2018)",
    "WimbledonMixedresult": "'''W''' (2018)",
    "USOpenMixedresult": "2R (2014)",
    "birth_date": "1980-6-27"
}