{
    "name": "Alex Bogomolov Jr.,  \u0410\u043b\u0435\u043a\u0441 \u0411\u043e\u0433\u043e\u043c\u043e\u043b\u043e\u0432",
    "fullname": "Aleksandr Aleksandrovich Bogomolov Jr.",
    "country": "USA (2002\u20132011), RUS (2012\u20132014)",
    "residence": "Florida, United States",
    "birth_place": "Moscow, Russian SFSR, Soviet Union",
    "height": "1.78",
    "turnedpro": "2002 |retired= 2014",
    "plays": "Right-handed (two-handed backhand)",
    "careerprizemoney": "$1,946,779",
    "singlesrecord": "70\u2013107   (at ATP Tour and Grand Slam-level, and in Davis Cup)",
    "singlestitles": "0",
    "highestsinglesranking": "No. 33 (31 October 2011)",
    "AustralianOpenresult": "2R (2006, 2012)",
    "FrenchOpenresult": "1R (2004, 2011, 2012)",
    "Wimbledonresult": "3R (2011)",
    "USOpenresult": "3R (2011) |Othertournaments = yes |Olympicsresult = 2R (2012)",
    "doublesrecord": "27\u201337  (at ATP Tour and Grand Slam-level, and in Davis Cup)",
    "doublestitles": "1",
    "highestdoublesranking": "No. 100 (3 October 2011)",
    "currentdoublesranking": "|AustralianOpenDoublesresult=  |FrenchOpenDoublesresult=  |WimbledonDoublesresult=  |USOpenDoublesresult= 3R (2012)",
    "birth_date": "1983-4-23"
}