{
    "name": "Alexia Dechaume-Balleret",
    "country_represented": "FRA",
    "plays": "Right-handed",
    "retired": "2000",
    "careerprizemoney": "US$949,605",
    "singlesrecord": "won=234",
    "singlestitles": "0",
    "highestsinglesranking": "No. 46 (17 August 1992)",
    "AustralianOpenresult": "3R (1991, 1992)",
    "FrenchOpenresult": "4R (1994)",
    "Wimbledonresult": "3R (1990)",
    "USOpenresult": "3R (1994)",
    "doublesrecord": "won=165",
    "doublestitles": "6",
    "highestdoublesranking": "No. 22 (22 March 1993)",
    "AustralianOpenDoublesresult": "3R (1989)",
    "FrenchOpenDoublesresult": "2R (1990, 91, 92, 1994, 95, 96, 1998)",
    "WimbledonDoublesresult": "3R (1988, 1996)",
    "USOpenDoublesresult": "3R (1996) ",
    "birth_date": "1970-5-3"
}