{
    "name": "Alfonso Mora",
    "country_represented": "Venezuela",
    "birth_place": "Washington D.C.",
    "height": "6 ft 2 in",
    "plays": "Right-handed",
    "careerprizemoney": "$105,367",
    "highestsinglesranking": "No. 636 (May 2, 1988)",
    "doublesrecord": "32\u201359",
    "doublestitles": "2",
    "highestdoublesranking": "No. 89 (March 25, 1991)",
    "AustralianOpenDoublesresult": "1R (1990, 1991)",
    "FrenchOpenDoublesresult": "2R (1990)",
    "WimbledonDoublesresult": "1R (1990, 1991)",
    "USOpenDoublesresult": "1R (1989, 1990, 1991)",
    "FrenchOpenMixedresult": "1R (1990)",
    "WimbledonMixedresult": "1R (1990) ",
    "birth_date": "1964-05-23"
}