{
    "name": "Algernon Kingscote",
    "fullname": "Algernon Robert Fitzhardinge Kingscote",
    "country": "United Kingdom",
    "birth_place": "Bangalore, India",
    "death_date": "df=yes",
    "death_place": "Woking, Surrey, Great Britain",
    "plays": "Right-handed (one-handed backhand)",
    "singlesrecord": "won=93",
    "singlestitles": "13",
    "highestsinglesranking": "No. 3 (1920 , A. Wallis Myers ) United States Lawn Tennis Association (1972). ''Official Encyclopedia of Tennis'' (First Edition), p. 422.",
    "AustralianOpenresult": "'''W''' (1919)",
    "FrenchOpenseniorresult": "1R (1930)",
    "Wimbledonresult": "F (1919 (AC) )",
    "Othertournaments": "yes",
    "WHCCresult": "QF (1914)",
    "Olympicsresult": "4R (1924)",
    "AustralianOpenDoublesresult": "SF (1919) url=http://nla.gov.au/nla.news-article1675205 ",
    "WimbledonDoublesresult": "F (1920)",
    "OthertournamentsDoubles": "yes",
    "WHCCDoublesresult": "F (1914)",
    "OlympicsDoublesresult": "1R (1924)"
}