{
    "name": "Ali\u00e9nor Tricerri",
    "country": "SUI",
    "birth_place": "Geneva, Switzerland",
    "height": "1.72",
    "careerprizemoney": "$59,481",
    "retired": "2008",
    "singlesrecord": "155\u2013160",
    "singlestitles": "4 ITF",
    "highestsinglesranking": "286 (20 September 1999)",
    "doublesrecord": "163\u2013107",
    "doublestitles": "21 ITF",
    "highestdoublesranking": "203 (18 September 2000)",
    "Team": "yes",
    "FedCupresult": "0\u20132 ",
    "birth_date": "1980-03-20"
}