{
    "name": "Aliaksandra Sasnovich ,  \u0410\u043b\u044f\u043a\u0441\u0430\u043d\u0434\u0440\u0430 \u0421\u0430\u0441\u043d\u043e\u0432\u0456\u0447",
    "fullname": "Aliaksandra Aliaksandra\u016dna Sasnovich",
    "country": "BLR",
    "residence": "Minsk, Belarus",
    "birth_place": "Minsk",
    "height": "1.74 m",
    "plays": "Right-handed (two-handed backhand)",
    "coach": "Nikolai Fidirko",
    "careerprizemoney": "$5,571,409",
    "singlesrecord": "won=393",
    "singlestitles": "11 ITF",
    "highestsinglesranking": "No. 29 (19 September 2022)",
    "currentsinglesranking": "No. 105 (1 April 2024)",
    "AustralianOpenresult": "3R (2018, 2019)",
    "FrenchOpenresult": "4R (2022)",
    "Wimbledonresult": "4R (2018)",
    "USOpenresult": "3R (2018, 2020)",
    "doublesrecord": "won=128",
    "doublestitles": "7 ITF",
    "highestdoublesranking": "No. 39 (23 August 2021)",
    "currentdoublesranking": "No. 75 (1 April 2024)",
    "AustralianOpenDoublesresult": "3R (2019, 2020, 2023)",
    "FrenchOpenDoublesresult": "QF (2020)",
    "WimbledonDoublesresult": "2R (2019)",
    "USOpenDoublesresult": "SF (2019)",
    "Team": "yes",
    "FedCupresult": "won=25",
    "birth_date": "1994-03-22"
}