{
    "name": "Aliaksandr Bury ,  \u0410\u043b\u044f\u043a\u0441\u0430\u043d\u0434\u0440 \u0411\u0443\u0440\u044b",
    "country": "BLR",
    "residence": "Minsk, Belarus",
    "birth_place": "Minsk, Belarusian SSR, Soviet Union",
    "height": "2.03",
    "plays": "Right-handed (one-handed backhand)",
    "careerprizemoney": "US$285,007",
    "coach": "Igor Bobkov",
    "singlesrecord": "2\u20131  (at ATP Tour level, Grand Slam level, and in Davis Cup)",
    "singlestitles": "0",
    "highestsinglesranking": "No. 366 (10 February 2014)",
    "doublesrecord": "27\u201339  (at ATP Tour level, Grand Slam level, and in Davis Cup)",
    "doublestitles": "1",
    "highestdoublesranking": "No. 59 (19 October 2015)",
    "currentdoublesranking": "No. 1,653 (26 August 2019)",
    "AustralianOpenDoublesresult": "1R (2016, 2017)",
    "FrenchOpenDoublesresult": "1R (2016)",
    "WimbledonDoublesresult": "2R (2015)",
    "USOpenDoublesresult": "2R (2015)",
    "Team": "yes",
    "DavisCupresult": "8\u20135",
    "birth_date": "1987-9-14"
}