{
    "name": "Alicia Molik",
    "country": "AUS",
    "residence": "Melbourne & Perth",
    "birth_place": "Adelaide, South Australia",
    "height": "1.82 m",
    "turnedpro": "1996",
    "retired": "2011",
    "plays": "Right-handed (one-handed backhand)",
    "careerprizemoney": "$3,185,805",
    "singlesrecord": "won=346",
    "singlestitles": "5",
    "highestsinglesranking": "No. 8 (28 February 2005)",
    "AustralianOpenresult": "QF (2005)",
    "FrenchOpenresult": "3R (1999, 2006)",
    "Wimbledonresult": "3R (2003, 2004)",
    "USOpenresult": "3R (2001, 2003)",
    "Othertournaments": "yes",
    "Olympicsresult": "Bronze medal (2004)",
    "doublesrecord": "won=214",
    "doublestitles": "7",
    "highestdoublesranking": "No. 6 (6 June 2005)",
    "AustralianOpenDoublesresult": "'''W''' (2005)",
    "FrenchOpenDoublesresult": "'''W''' (2007)",
    "WimbledonDoublesresult": "SF (2007)",
    "USOpenDoublesresult": "QF (2005)",
    "Team": "yes",
    "FedCupresult": "18\u201321",
    "HopmanCupresult": "F (2003) ",
    "birth_date": "1981-1-27"
}