{
    "name": "Alice Matteucci",
    "country": "ITA",
    "birth_place": "Pescara",
    "careerprizemoney": "$78,049",
    "singlesrecord": "won=194",
    "singlestitles": "6 ITF",
    "highestsinglesranking": "No. 319 (22 February 2016)",
    "AustralianOpenjuniorresult": "Q2 (2012, 2013)",
    "FrenchOpenjuniorresult": "1R (2013)",
    "Wimbledonjuniorresult": "3R (2013)",
    "USOpenjuniorresult": "1R (2013)",
    "doublesrecord": "won=151",
    "doublestitles": "16 ITF",
    "highestdoublesranking": "No. 145 (26 October 2015)",
    "AustralianOpenDoublesjuniorresult": "QF (2013)",
    "FrenchOpenDoublesjuniorresult": "SF (2013)",
    "WimbledonDoublesjuniorresult": "1R (2013)",
    "USOpenDoublesjuniorresult": "QF (2013)",
    "Team": "yes",
    "FedCupresult": "0\u20131 ",
    "birth_date": "1995-09-29"
}