{
    "name": "Alicja Rosolska",
    "country": "POL",
    "residence": "Warsaw, Poland",
    "birth_place": "Warsaw",
    "height": "1.66 m",
    "turnedpro": "2003",
    "plays": "Right-handed (two-handed backhand)",
    "careerprizemoney": "US$ 2,141,928",
    "singlesrecord": "won=45",
    "singlestitles": "0",
    "highestsinglesranking": "No. 636 (9 June 2003)",
    "doublesrecord": "won=434",
    "doublestitles": "9 WTA, 14 ITF",
    "highestdoublesranking": "No. 23 (10 June 2019)",
    "currentdoublesranking": "No. 188 (19 February 2024)",
    "AustralianOpenDoublesresult": "3R (2012, 2015)",
    "FrenchOpenDoublesresult": "3R (2013, 2017, 2022)",
    "WimbledonDoublesresult": "SF (2018)",
    "USOpenDoublesresult": "3R (2008, 2014)",
    "OthertournamentsDoubles": "yes",
    "OlympicsDoublesresult": "1R (2008, 2012)",
    "AustralianOpenMixedresult": "1R (2011, 2014, 2018, 2023)",
    "FrenchOpenMixedresult": "QF (2019)",
    "WimbledonMixedresult": "3R (2010)",
    "USOpenMixedresult": "F (2018)",
    "Team": "yes",
    "FedCupresult": "won=28",
    "birth_date": "1985-12-01",
    "medaltemplates": [
        "Country: {{Poland}}",
        "Competition: Universiade",
        "Silver Medal: 2009 Belgrade Doubles",
        "Silver Medal: 2009 Belgrade Team"
    ]
}