{
    "name": "Alina Tec\u0219or",
    "fullname": "Alina Cercel-Tec\u0219or",
    "country": "ROU",
    "birth_place": "Alexandria, Socialist Republic of Romania",
    "turnedpro": "1996",
    "retired": "2001",
    "plays": "Right-handed",
    "careerprizemoney": "US$14,958",
    "singlesrecord": "72\u201346",
    "singlestitles": "0 WTA, 1 ITF",
    "highestsinglesranking": "No. 364 (9 September 1996)",
    "doublesrecord": "12\u201320",
    "doublestitles": "0 WTA, 0 ITF",
    "highestdoublesranking": "No. 529 (7 October 1996)",
    "birth_date": "1979-10-29"
}