{
    "name": "Alina Jidkova",
    "country": "Russia",
    "residence": "Boca Raton, Florida, U.S.",
    "birth_place": "Moscow, Soviet Union  now Russia",
    "height": "1.68",
    "turnedpro": "1993",
    "retired": "2010",
    "plays": "Right-handed (two-handed backhand)",
    "careerprizemoney": "$1,128,467",
    "singlesrecord": "won=466",
    "singlestitles": "9 ITF",
    "highestsinglesranking": "No. 51 (7 March 2005)",
    "AustralianOpenresult": "3R (2000)",
    "FrenchOpenresult": "2R (2002)",
    "Wimbledonresult": "1R (2000, 2002, 2003, 2004, 2005)",
    "USOpenresult": "2R (2006)",
    "doublesrecord": "won=281",
    "doublestitles": "1 WTA, 9 ITF",
    "highestdoublesranking": "No. 50 (4 August 2003)",
    "AustralianOpenDoublesresult": "2R (2003)",
    "FrenchOpenDoublesresult": "2R (2000, 2003, 2004)",
    "WimbledonDoublesresult": "2R (2002, 2005, 2008)",
    "USOpenDoublesresult": "2R (2005) ",
    "birth_date": "1977-1-18"
}