{
    "name": "Aliona Bolsova",
    "fullname": "Aliona Vadimovna Bolsova Zadoinova",
    "country": "MDA (2012\u2013Jan 2013) ESP (Apr 2013\u2013)",
    "birth_place": "Chi\u0219in\u0103u, Moldova",
    "residence": "Palafrugell, Spain",
    "height": "1.72 m",
    "turnedpro": "2018",
    "plays": "Right-handed (two-handed backhand)",
    "coach": "Lourdes Dominguez Lino",
    "careerprizemoney": "US$ 1,556,548",
    "singlesrecord": "won=255",
    "singlestitles": "9 ITF",
    "highestsinglesranking": "No. 88 (31 July 2019)",
    "currentsinglesranking": "No. 189 (4 March 2024)",
    "AustralianOpenresult": "1R (2021)",
    "FrenchOpenresult": "4R (2019)",
    "Wimbledonresult": "1R (2021)",
    "USOpenresult": "2R (2019, 2020)",
    "doublesrecord": "won=135",
    "doublestitles": "5 WTA Challengers",
    "highestdoublesranking": "No. 54 (5 December 2022)",
    "currentdoublesranking": "No. 102 (4 March 2024)",
    "AustralianOpenDoublesresult": "3R (2021, 2022)",
    "FrenchOpenDoublesresult": "1R (2020, 2021, 2023)",
    "WimbledonDoublesresult": "2R (2022)",
    "USOpenDoublesresult": "2R (2022, 2023)",
    "Team": "yes",
    "FedCupresult": "4\u20133",
    "birth_date": "1997-11-6"
}