{
    "name": "Alisa Kleybanova  \u0410\u043b\u0438\u0441\u0430 \u041a\u043b\u0435\u0439\u0431\u0430\u043d\u043e\u0432\u0430",
    "country": "RUS",
    "residence": "Moscow, Russia",
    "birth_place": "Moscow, Soviet Union",
    "height": "m=1.81",
    "turnedpro": "2003",
    "plays": "Right-handed (two-handed backhand)",
    "coach": "Julian Vespan",
    "careerprizemoney": "$2,492,031",
    "website": "http://www.alisakleybanova.ru/en alisakleybanova.ru",
    "singlesrecord": "won=307",
    "singlestitles": "2",
    "highestsinglesranking": "No. 20 (21 February 2011)",
    "AustralianOpenresult": "4R (2009)",
    "FrenchOpenresult": "3R (2010)",
    "Wimbledonresult": "4R (2008)",
    "USOpenresult": "2R (2008, 2010, 2013)",
    "doublesrecord": "won=150",
    "doublestitles": "5",
    "highestdoublesranking": "No. 10 (1 February 2010)",
    "AustralianOpenDoublesresult": "QF (2010)",
    "FrenchOpenDoublesresult": "3R (2014)",
    "WimbledonDoublesresult": "QF (2009)",
    "USOpenDoublesresult": "SF (2009)",
    "Team": "yes",
    "FedCupresult": "3\u20132",
    "birth_date": "1989-7-15"
}