{
    "name": "Alison Van Uytvanck",
    "country": "BEL",
    "residence": "Grimbergen, Belgium",
    "birth_place": "Vilvoorde, Belgium",
    "height": "1.73 m",
    "turnedpro": "2010",
    "coach": "Ann Devries",
    "plays": "Right-handed (two-handed backhand)",
    "careerprizemoney": "US$ 4,253,618",
    "website": "http://alisonvanuytvanck.be/en/ alisonvanuytvanck.be",
    "singlesrecord": "won=372",
    "singlestitles": "5",
    "highestsinglesranking": "No. 37 (13 August 2018)",
    "currentsinglesranking": "No. 478 (29 January 2024)",
    "AustralianOpenresult": "2R (2021, 2022)",
    "FrenchOpenresult": "QF (2015)",
    "Wimbledonresult": "4R (2018)",
    "USOpenresult": "2R (2019, 2022)",
    "Othertournaments": "yes",
    "Olympicsresult": "3R (2021)",
    "doublesrecord": "won=70",
    "doublestitles": "2",
    "highestdoublesranking": "No. 66 (16 May 2022)",
    "AustralianOpenDoublesresult": "3R (2023)",
    "FrenchOpenDoublesresult": "2R (2020, 2022)",
    "WimbledonDoublesresult": "3R (2015)",
    "USOpenDoublesresult": "3R (2021)",
    "Team": "yes",
    "FedCupresult": "won=15",
    "birth_date": "1994-03-26"
}