{
    "name": "Alison Riske-Amritraj",
    "country": "USA",
    "residence": "Atlanta, Georgia, U.S.",
    "birth_place": "Pittsburgh, Pennsylvania",
    "height": "ft=5",
    "turnedpro": "2009",
    "plays": "Right-handed (two-handed backhand)",
    "careerprizemoney": "US$ 6,815,857",
    "coach": "Yves Boulais, Billy Heiser  , Thomas Gutteridge",
    "singlesrecord": "won=414",
    "singlestitles": "3 WTA, 9 ITF",
    "highestsinglesranking": "No. 18 (November 4, 2019)",
    "AustralianOpenresult": "4R (2020)",
    "FrenchOpenresult": "2R (2014, 2022)",
    "Wimbledonresult": "QF (2019)",
    "USOpenresult": "4R (2013, 2022)",
    "Othertournaments": "yes",
    "Olympicsresult": "1R (2021)",
    "doublesrecord": "won=88",
    "doublestitles": "1 ITF",
    "highestdoublesranking": "No. 40 (January 13, 2020)",
    "AustralianOpenDoublesresult": "SF (2019)",
    "FrenchOpenDoublesresult": "3R (2014)",
    "WimbledonDoublesresult": "3R (2022)",
    "USOpenDoublesresult": "QF (2020)",
    "OthertournamentsDoubles": "yes",
    "OlympicsDoublesresult": "1R (2021)",
    "Team": "yes",
    "FedCupresult": "'''W''' (2017), won=2",
    "birth_date": "1990-7-3"
}