{
    "name": "Aliz\u00e9 Cornet",
    "country": "FRA",
    "residence": "Nice, France",
    "birth_place": "Nice, France",
    "height": "1.73 m",
    "turnedpro": "2006",
    "plays": "Right-handed (two-handed backhand)",
    "careerprizemoney": "US$10,322,600",
    "singlesrecord": "won=537",
    "singlestitles": "6",
    "highestsinglesranking": "No. 11 (16 February 2009)",
    "currentsinglesranking": "No. 110 (15 January 2024)",
    "AustralianOpenresult": "QF (2022)",
    "FrenchOpenresult": "4R (2015, 2017)",
    "Wimbledonresult": "4R (2014, 2022)",
    "USOpenresult": "4R (2020)",
    "Othertournaments": "yes",
    "Olympicsresult": "1R (2021)",
    "doublesrecord": "won=120",
    "doublestitles": "3",
    "highestdoublesranking": "No. 59 (7 March 2011)",
    "currentdoublesranking": "No. 323 (15 January 2024)",
    "AustralianOpenDoublesresult": "3R (2014)",
    "FrenchOpenDoublesresult": "3R (2023)",
    "WimbledonDoublesresult": "3R (2019)",
    "USOpenDoublesresult": "2R (2013, 2021)",
    "OthertournamentsDoubles": "yes",
    "OlympicsDoublesresult": "2R (2021)",
    "AustralianOpenMixedresult": "QF (2009)",
    "FrenchOpenMixedresult": "QF (2014)",
    "WimbledonMixedresult": "QF (2022)",
    "USOpenMixedresult": "2R (2013)",
    "Team": "yes",
    "FedCupresult": "'''W''' (2019), record 11\u201322",
    "HopmanCupresult": "'''W''' (2014)",
    "birth_date": "1990-1-22"
}