{
    "name": "Allie Kiick",
    "fullname": "Alexandra Kiick",
    "country": "USA",
    "residence": "Orlando, Florida",
    "birth_place": "Fort Lauderdale, Florida",
    "height": "5",
    "turnedpro": "2015",
    "coach": "Lisa Raymond",
    "plays": "Right (two-handed backhand)",
    "careerprizemoney": "US$594,703",
    "singlesrecord": "won=257",
    "singlestitles": "7 ITF",
    "highestsinglesranking": "No. 126 (June 17, 2019)",
    "currentsinglesranking": "No. 363 (January 15, 2024)",
    "AustralianOpenresult": "Q2 (2019, 2020)",
    "FrenchOpenresult": "Q3 (2014)",
    "Wimbledonresult": "Q1 (2014, 2015, 2021)",
    "USOpenresult": "1R (2017, 2020)",
    "doublesrecord": "won=58",
    "doublestitles": "2 ITF",
    "highestdoublesranking": "No. 214 (May 19, 2014)",
    "currentdoublesranking": "No. 1209 (January 15, 2024)",
    "USOpenDoublesresult": "1R (2012, 2013)",
    "birth_date": "1995-06-30"
}