{
    "name": "Allison Bradshaw",
    "country": "United States",
    "residence": "San Diego, California, United States",
    "birth_place": "San Diego, California, United States",
    "height": "m=1.80",
    "turnedpro": "1999",
    "plays": "Right-handed (two-handed backhand)",
    "careerprizemoney": "$168,068",
    "singlesrecord": "91\u201389",
    "singlestitles": "1 ITF",
    "highestsinglesranking": "No. 102 (June 25, 2001)",
    "FrenchOpenresult": "1R (2001)",
    "Wimbledonresult": "1R (2001)",
    "USOpenresult": "3R (2000)",
    "doublesrecord": "46\u201343",
    "doublestitles": "2 ITF",
    "highestdoublesranking": "No. 165 (July 9, 2001)",
    "USOpenDoublesresult": "1R  (1998, 2001) ",
    "birth_date": "1980-11-14"
}