{
    "name": "Alona Pushkarevsky",
    "fullname": "Alona Pushkarevsky",
    "country": "Israel",
    "birth_place": "Haifa, Israel",
    "height": "1.74",
    "plays": "Left-handed (two-handed backhand)",
    "careerprizemoney": "US$ 6,886",
    "singlesrecord": "20-31",
    "singlestitles": "0 WTA, 0 ITF",
    "highestsinglesranking": "933 (7 December 2015)",
    "currentsinglesranking": "\u2013 (19 April 2017)",
    "doublesrecord": "36-32",
    "doublestitles": "0 WTA, 2 ITF",
    "highestdoublesranking": "618 (13 July 2015)",
    "currentdoublesranking": "869 (19 April 2017)",
    "Team": "yes",
    "FedCupresult": "0\u20134",
    "birth_date": "1997-01-28"
}