{
    "country": "United States",
    "birth_place": "Clarendon County, South Carolina, U.S.",
    "death_date": "2003",
    "death_place": "East Orange, New Jersey, U.S.",
    "height": "5",
    "retired": "1958",
    "plays": "Right-handed",
    "singlestitles": "56",
    "highestsinglesranking": "No. '''1''' (1957)",
    "tennishofyear": "1971",
    "tennishofid": "althea-gibson",
    "AustralianOpenresult": "F (1957)",
    "FrenchOpenresult": "'''W''' (1956)",
    "Wimbledonresult": "'''W''' (1957, 1958)",
    "USOpenresult": "'''W''' (1957, 1958)",
    "AustralianOpenDoublesresult": "'''W''' (1957)",
    "FrenchOpenDoublesresult": "'''W''' (1956)",
    "WimbledonDoublesresult": "'''W''' (1956, 1957, 1958)",
    "USOpenDoublesresult": "F (1957, 1958)",
    "AustralianOpenMixedresult": "SF (1957)",
    "FrenchOpenMixedresult": "QF (1956)",
    "WimbledonMixedresult": "F (1956, 1957, 1958)",
    "USOpenMixedresult": "'''W''' (1957)",
    "birth_date": "1927-8-25"
}