{
    "name": "Alun Jones",
    "country": "Australia",
    "residence": "Yarralumla, Canberra, Australia",
    "birth_place": "Boksburg, South Africa",
    "turnedpro": "2000",
    "plays": "Right-handed, Two-handed Backhand",
    "careerprizemoney": "$298,154",
    "singlesrecord": "4\u20139",
    "singlestitles": "0",
    "highestsinglesranking": "No. 123 (13 August 2007)",
    "AustralianOpenresult": "2R (2008)",
    "FrenchOpenresult": "Q1 (2007)",
    "Wimbledonresult": "Q1 (2007, 2008)",
    "USOpenresult": "1R (2007)",
    "highestdoublesranking": "No. 149 (28 April 2003)",
    "AustralianOpenDoublesresult": "3R (2003)",
    "WimbledonDoublesresult": "Q1 (2008)",
    "birth_date": "1980-04-26"
}