{
    "name": "Alycia Ann Moulton",
    "country": "USA",
    "residence": "Menlo Park, California",
    "birth_place": "Sacramento, California",
    "turnedpro": "1982",
    "retired": "1988",
    "plays": "Right-handed",
    "careerprizemoney": "$468,748",
    "singlesrecord": "won=134",
    "singlestitles": "2",
    "highestsinglesranking": "No. 18 (November 26, 1984)",
    "AustralianOpenresult": "4R (1983)",
    "FrenchOpenresult": "2R (1983)",
    "Wimbledonresult": "3R (1985, 1987)",
    "USOpenresult": "4R (1985)",
    "doublesrecord": "won=147",
    "doublestitles": "6",
    "highestdoublesranking": "No. 28 (May 25, 1987)",
    "AustralianOpenDoublesresult": "QF (1983, 1985)",
    "FrenchOpenDoublesresult": "QF (1983, 1986)",
    "WimbledonDoublesresult": "QF (1982)",
    "USOpenDoublesresult": "QF (1984) ",
    "birth_date": "1961-02-18"
}