{
    "name": "Alyona Sotnikova, \u0410\u043b\u044c\u043e\u043d\u0430 \u0421\u043e\u0442\u043d\u0438\u043a\u043e\u0432\u0430",
    "country": "UKR",
    "residence": "Kharkiv, Ukraine",
    "birth_place": "Kharkiv",
    "height": "1.70 m",
    "plays": "Right (two-handed backhand)",
    "careerprizemoney": "$91,002",
    "singlesrecord": "won=236",
    "singlestitles": "8 ITF",
    "highestsinglesranking": "No. 315 (27 July 2015)",
    "doublesrecord": "won=179",
    "doublestitles": "24 ITF",
    "highestdoublesranking": "No. 237 (1 October 2012) ",
    "birth_date": "1992-5-5"
}