{
    "name": "Alyssa Boey",
    "full_name": "Alyssa Chia Pheng Boey",
    "country": "Malaysia",
    "birth_place": "Petaling Jaya, Malaysia",
    "height": "1.65",
    "careerprizemoney": "$2,616",
    "plays": "Right-handed (two-handed backhand)",
    "singlesrecord": "0\u20131",
    "singlestitles": "0",
    "highestsinglesranking": "\u2014",
    "doublesrecord": "0\u20131",
    "doublestitles": "0",
    "highestdoublesranking": "\u2014",
    "Team": "yes",
    "FedCupresult": "4\u20135",
    "birth_date": "1996-8-10"
}