{
    "name": "Amandine Hesse",
    "country": "FRA",
    "residence": "Vaucresson, France",
    "birth_place": "Montauban, France",
    "height": "1.64 m",
    "turnedpro": "2007",
    "plays": "Right (two-handed backhand)",
    "careerprizemoney": "US$ 930,034",
    "singlesrecord": "won=397",
    "singlestitles": "6 ITF",
    "highestsinglesranking": "No. 154 (9 May 2016)",
    "currentsinglesranking": "No. 297 (12 February 2024)",
    "AustralianOpenresult": "Q2 (2016, 2017, 2019)",
    "FrenchOpenresult": "2R (2015)",
    "Wimbledonresult": "Q2 (2019)",
    "USOpenresult": "1R (2014, 2017)",
    "doublesrecord": "won=163",
    "doublestitles": "8 ITF",
    "highestdoublesranking": "No. 108 (2 May 2016)",
    "currentdoublesranking": "No. 397 (12 February 2024)",
    "FrenchOpenDoublesresult": "2R (2015)",
    "FrenchOpenMixedresult": "QF (2019)",
    "Team": "yes",
    "FedCupresult": "3\u20131",
    "birth_date": "1993-01-16"
}