{
    "name": "Amanda Brown",
    "country": "GBR Great Britain",
    "turnedpro": "1982",
    "retired": "1986",
    "careerprizemoney": "US$77,096",
    "singlesrecord": "24\u201343",
    "singlestitles": "0 WTA, 0 ITF",
    "AustralianOpenresult": "2R (1985)",
    "FrenchOpenresult": "1R (1985)",
    "Wimbledonresult": "2R (1983, 1984)",
    "USOpenresult": "1R (1984, 1985)",
    "Othertournaments": "Yes",
    "Olympicsresult": "2R (1984)",
    "doublesrecord": "12\u201337",
    "doublestitles": "0 WTA, 0 ITF",
    "AustralianOpenDoublesresult": "1R (1983, 1985)",
    "FrenchOpenDoublesresult": "1R (1985)",
    "WimbledonDoublesresult": "1R (1983, 1984, 1985, 1986)",
    "USOpenDoublesresult": "1R (1984, 1985)",
    "birth_date": "1965-05-02"
}