{
    "name": "Amanda Carreras",
    "country": "GBR ,  Gibraltar",
    "birth_place": "Gibraltar",
    "turnedpro": "2008",
    "plays": "Right-handed (two-handed backhand)",
    "careerprizemoney": "US$ 167,336",
    "singlesrecord": "won=454",
    "singlestitles": "11 ITF",
    "highestsinglesranking": "No. 236 (24 April 2017)",
    "Wimbledonresult": "Q1 (2013, 2015)",
    "doublesrecord": "won=136",
    "doublestitles": "15 ITF",
    "highestdoublesranking": "No. 279 (24 April 2017)",
    "birth_date": "1990-05-16",
    "medaltemplates": [
        "Country: {{Gibraltar}}",
        "Competition: Island Games",
        "Gold Medal: 2007 Rhodes Women's singles",
        "Gold Medal: 2007 Rhodes Women's team",
        "Gold Medal: 2011 Isle of Wight Women's singles",
        "Gold Medal: 2011 Isle of Wight Women's doubles",
        "Gold Medal: 2011 Isle of Wight Women's team",
        "Gold Medal: 2019 Gibraltar Women's singles",
        "Gold Medal: 2019 Gibraltar Women's doubles",
        "Gold Medal: 2019 Gibraltar Women's team",
        "Silver Medal: 2007 Rhodes Mixed doubles"
    ]
}