{
    "name": "Amanda Hopmans",
    "country": "NED",
    "residence": "Alphen aan den Rijn, Netherlands",
    "birth_place": "Goirle, Netherlands",
    "height": "m=1.67",
    "turnedpro": "1994",
    "retired": "2003",
    "plays": "Right-handed",
    "careerprizemoney": "$331,012",
    "singlesrecord": "won=223",
    "singlestitles": "8 ITF",
    "highestsinglesranking": "No. 72 (1 November 1999)",
    "AustralianOpenresult": "1R (2000, 2001)",
    "FrenchOpenresult": "1R (1999, 2000, 2001)",
    "Wimbledonresult": "2R (1999)",
    "USOpenresult": "2R (1999)",
    "doublesrecord": "won=129",
    "doublestitles": "11 ITF",
    "highestdoublesranking": "No. 88 (25 September 2000)",
    "AustralianOpenDoublesresult": "1R (1999, 2000, 2001)",
    "FrenchOpenDoublesresult": "1R (2000, 2002)",
    "WimbledonDoublesresult": "1R (2000)",
    "USOpenDoublesresult": "2R (2000)",
    "Team": "yes",
    "FedCupresult": "13\u20137 ",
    "birth_date": "1976-02-11"
}