{
    "name": "Amber Liu",
    "country": "USA",
    "residence": "La Mesa, California, USA",
    "birth_place": "Santa Monica, California, USA",
    "spouse": "Michael Chang",
    "children": "2",
    "height": "m=1.70",
    "turnedpro": "2000",
    "college": "Stanford (2002\u201306)",
    "plays": "Right-handed (two-handed backhand)",
    "careerprizemoney": "112,326",
    "singlesrecord": "won=85",
    "singlestitles": "0 WTA, 2 ITF",
    "highestsinglesranking": "No. 241 (March 3, 2008)",
    "USOpenresult": "1R (2001, 2003, 2004)",
    "doublesrecord": "won=4",
    "doublestitles": "0 WTA, 0 ITF",
    "highestdoublesranking": "No. 600 (July 7, 2003)",
    "birth_date": "1984-7-6"
}