{
    "name": "Amina Rakhim",
    "country": "KAZ",
    "residence": "Almaty, Kazakhstan",
    "birth_place": "Almaty",
    "turnedpro": "2004",
    "plays": "Right (two-handed backhand)",
    "careerprizemoney": "$23,555",
    "singlesrecord": "48\u201331",
    "singlestitles": "1 ITF",
    "highestsinglesranking": "No. 259 (10 September 2007)",
    "doublesrecord": "33\u201317",
    "doublestitles": "4 ITF",
    "highestdoublesranking": "No. 215 (25 February 2008) ",
    "birth_date": "1989-2-22"
}