{
    "name": "Amra Sadikovi\u0107",
    "country": "SUI",
    "residence": "Birr, Switzerland",
    "birth_place": "Prilep, SFR Yugoslavia",
    "height": "1.86",
    "turnedpro": "2009",
    "retired": "April 2019 (short comeback 2022)",
    "coach": "Jean-Claude Scherrer",
    "careerprizemoney": "$302,604",
    "singlesrecord": "won=317",
    "singlestitles": "8 ITF",
    "highestsinglesranking": "No. 126 (18 July 2016)",
    "AustralianOpenresult": "Q2 (2017)",
    "FrenchOpenresult": "Q2 (2016)",
    "Wimbledonresult": "1R (2016)",
    "USOpenresult": "Q2 (2013)",
    "doublesrecord": "won=168",
    "doublestitles": "15 ITF",
    "highestdoublesranking": "No. 135 (10 October 2016)",
    "Team": "yes",
    "FedCupresult": "7\u20136 ",
    "birth_date": "1989-05-06"
}