{
    "country": "IRL",
    "name": "Amy Bowtell",
    "residence": "Wicklow, Ireland",
    "birth_place": "Dublin, Ireland",
    "height": "1.83 m",
    "turnedpro": "2009",
    "plays": "Right-handed (two-handed backhand)",
    "careerprizemoney": "$34,664",
    "singlesrecord": "won=139",
    "singlestitles": "5 ITF",
    "highestsinglesranking": "No. 381 (9 February 2015)",
    "doublesrecord": "won=49",
    "doublestitles": "5 ITF",
    "highestdoublesranking": "No. 450 (29 October 2012)",
    "Team": "yes",
    "FedCupresult": "24\u201314 ",
    "birth_date": "1993-9-16"
}