{
    "name": "Amy Frazier",
    "country": "United States",
    "residence": "Detroit, Michigan",
    "birth_place": "St. Louis, Missouri",
    "height": "1.75",
    "turnedpro": "1990",
    "retired": "2006",
    "plays": "Right-handed (two-handed backhand)",
    "careerprizemoney": "$3,460,799",
    "singlesrecord": "won=497",
    "singlestitles": "8 WTA, 4 ITF",
    "highestsinglesranking": "No. 13 (February 27, 1995)",
    "AustralianOpenresult": "QF (1992)",
    "FrenchOpenresult": "3R (1995, 2001)",
    "Wimbledonresult": "4R (1991, 1992, 1996, 2004)",
    "USOpenresult": "QF (1995)",
    "doublesrecord": "won=200",
    "doublestitles": "4 WTA, 5 ITF",
    "highestdoublesranking": "No. 24 (March 29, 1993)",
    "AustralianOpenDoublesresult": "2R (1989\u201390, 1993, 1996\u201397, 2001\u201302, 2006)",
    "FrenchOpenDoublesresult": "3R (1995)",
    "WimbledonDoublesresult": "QF (1995)",
    "USOpenDoublesresult": "QF (1998) ",
    "birth_date": "1972-09-19"
}