{
    "name": "An-Sophie Mestach",
    "country": "BEL",
    "birth_place": "Ghent, Belgium",
    "height": "1.70 m",
    "turnedpro": "2009",
    "retired": "September 2018",
    "careerprizemoney": "$396,005",
    "singlesrecord": "won=237",
    "singlestitles": "6 ITF",
    "highestsinglesranking": "No. 98 (14 September 2015)",
    "AustralianOpenresult": "1R (2015)",
    "FrenchOpenresult": "Q1 (2014)",
    "Wimbledonresult": "Q3 (2013)",
    "USOpenresult": "Q2 (2013, 2015, 2016)",
    "doublesrecord": "won=131",
    "doublestitles": "2 WTA, 8 ITF",
    "highestdoublesranking": "No. 64 (1 February 2016)",
    "WimbledonDoublesresult": "1R (2016)",
    "Team": "yes",
    "FedCupresult": "9\u20136",
    "birth_date": "1994-03-07",
    "medaltemplates": [
        "Country: a border Mixed-NOCs team",
        "Competition: Youth Olympic Games",
        "Bronze Medal: 2010 Singapore Girls' doubles"
    ]
}