{
    "name": "Ana Clara Duarte",
    "full_name": "Ana Clara Reis Duarte",
    "country": "BRA",
    "birth_place": "Rio de Janeiro, Brazil",
    "height": "m=1.63",
    "careerprizemoney": "$96,178",
    "singlesrecord": "won=222",
    "singlestitles": "6 ITF",
    "highestsinglesranking": "No. 221 (6 June 2011)",
    "doublesrecord": "won=177",
    "doublestitles": "15 ITF",
    "highestdoublesranking": "No. 182 (10 October 2011)",
    "Team": "yes",
    "FedCupresult": "won=8",
    "birth_date": "1989-06-11",
    "medaltemplates": [
        "Country: {{BRA}}",
        "Competition: Pan American Games",
        "Bronze Medal: 2011 Guadalajara Mixed doubles"
    ]
}