{
    "name": "Ana Bogdan",
    "country": "ROU",
    "residence": "Cluj-Napoca, Romania",
    "birth_place": "Sinaia, Romania",
    "height": "1.71 m",
    "coach": "Daniel Dobre",
    "turnedpro": "2009",
    "plays": "Right-handed (two-handed backhand)",
    "careerprizemoney": "US$ 3,016,358",
    "singlesrecord": "won=421",
    "singlestitles": "17 ITF  url=https://www.itftennis.com/en/players/ana-bogdan/800277254/rou/wt/s/titles/ ",
    "highestsinglesranking": "No. 39 (24 July 2023)",
    "currentsinglesranking": "No. 64 (8 April 2024)",
    "AustralianOpenresult": "3R (2018)",
    "FrenchOpenresult": "3R (2021)",
    "Wimbledonresult": "3R (2023)",
    "USOpenresult": "2R (2016, 2017, 2018, 2019)",
    "doublesrecord": "won=50",
    "doublestitles": "1 ITF  url=https://www.itftennis.com/en/players/ana-bogdan/800277254/rou/wt/d/titles/ ",
    "highestdoublesranking": "No. 148 (1 July 2019)",
    "currentdoublesranking": "No. 318 (8 April 2024)",
    "AustralianOpenDoublesresult": "2R (2024)",
    "FrenchOpenDoublesresult": "1R (2018, 2020, 2023)",
    "WimbledonDoublesresult": "2R (2018, 2023)",
    "USOpenDoublesresult": "2R (2022)",
    "Team": "yes",
    "FedCupresult": "4\u20133",
    "birth_date": "1992-11-25"
}