{
    "name": "Ana Sof\u00eda S\u00e1nchez",
    "fullname": "Ana Sof\u00eda S\u00e1nchez Palau",
    "country": "MEX",
    "birth_place": "San Luis Potos\u00ed",
    "height": "1.62 m",
    "plays": "Left (two-handed backhand)",
    "careerprizemoney": "US$ 297,827",
    "singlesrecord": "won=409",
    "singlestitles": "14 ITF",
    "highestsinglesranking": "No. 248 (28 June 2021)",
    "currentsinglesranking": "No. 281 (18 March 2024)",
    "AustralianOpenresult": "Q1 (2022)",
    "doublesrecord": "won=232",
    "doublestitles": "11 ITF",
    "highestdoublesranking": "No. 221 (15 August 2016)",
    "currentdoublesranking": "No. 406 (18 March 2024)",
    "Team": "yes",
    "FedCupresult": "10\u201310",
    "birth_date": "1994-04-13",
    "medaltemplates": [
        "Country: {{Mexico}}",
        "Sport: Women's Tennis",
        "Competition: Central American and Caribbean Games",
        "Gold Medal: 2014 Veracruz Team event",
        "Silver Medal: 2014 Veracruz Singles"
    ]
}