{
    "name": "Ana Veselinovi\u0107",
    "country": "SRB (until April 2013), MNE (April 2013\u2013present)",
    "birth_place": "Herceg Novi, SFR Yugoslavia",
    "height": "1.73 m",
    "careerprizemoney": "$90,988",
    "singlesrecord": "won=217",
    "singlestitles": "6 ITF",
    "highestsinglesranking": "No. 329 (10 September 2007)",
    "doublesrecord": "won=216",
    "doublestitles": "31 ITF",
    "highestdoublesranking": "No. 172 (6 August 2018)",
    "Team": "yes",
    "FedCupresult": "won=6 ",
    "birth_date": "1988-02-22"
}