{
    "name": "Ana Timoti\u0107 ,   A\u043da T\u0438\u043co\u0442\u0438\u045b",
    "country": "FR-YUG (1998\u20132003) SCG (2003\u20132006) SRB (2006\u2013present)",
    "residence": "Dubai, Uae http://www.mycity.rs/Tenis/Nasi-mladi-teniseri-u-usponu.html Na\u0161i mladi teniseri u usponu",
    "birth_place": "Belgrade, SFR Yugoslavia",
    "turnedpro": "17 May 1998",
    "retired": "2010",
    "plays": "Right (two-handed backhand)",
    "careerprizemoney": "$110,561",
    "singlesrecord": "won=241",
    "singlestitles": "9 ITF",
    "highestsinglesranking": "No. 199 (19 June 2006)",
    "FrenchOpenresult": "Q1 (2006)",
    "Wimbledonresult": "Q1 (2006)",
    "USOpenresult": "Q2 (2004)",
    "doublesrecord": "won=58",
    "doublestitles": "2 ITF",
    "highestdoublesranking": "No. 274 (26 July 2004)",
    "Team": "yes",
    "FedCupresult": "9\u201310 ",
    "birth_date": "1982-12-30"
}