{
    "name": "Ana Vrlji\u0107",
    "country": "CRO",
    "residence": "Zagreb",
    "birth_place": "Zagreb, SR Croatia, SFR Yugoslavia",
    "turnedpro": "2000",
    "retired": "2019",
    "plays": "Right-handed (one-handed backhand)",
    "careerprizemoney": "$293,378",
    "singlesrecord": "won=495",
    "singlestitles": "4 ITF",
    "highestsinglesranking": "No. 180 (26 August 2013)",
    "AustralianOpenresult": "Q2 (2014)",
    "FrenchOpenresult": "Q1 (2013)",
    "Wimbledonresult": "Q1 (2007, 2011, 2013)",
    "USOpenresult": "Q2 (2006)",
    "doublesrecord": "won=169",
    "doublestitles": "11 ITF",
    "highestdoublesranking": "No. 149 (13 January 2013)",
    "Team": "yes",
    "FedCupresult": "4-3",
    "birth_date": "1984-8-1",
    "medaltemplates": [
        "Sport: Women's tennis",
        "Country: {{HRV}}",
        "Competition: Mediterranean Games",
        "Silver Medal: 2005 Almer\u00eda Doubles"
    ]
}