{
    "name": "Anand Amritraj",
    "birth_place": "Madras, India",
    "height": "1.85",
    "retired": "yes",
    "plays": "Right-handed (one-handed backhand)",
    "careerprizemoney": "$332,133",
    "singlesrecord": "195\u2013170",
    "singlestitles": "7",
    "highestsinglesranking": "No. 74 (6 November 1974) |AustralianOpenresult = |FrenchOpenresult = 1R (1973, 1974, 1976, 1979) |Wimbledonresult = 2R (1973, 1977, 1978) |USOpenresult = 3R (1974)",
    "doublesrecord": "288\u2013269",
    "doublestitles": "12",
    "highestdoublesranking": "No. 80 (2 January 1984)",
    "AustralianOpenDoublesresult": "1R (1984)",
    "FrenchOpenDoublesresult": "3R (1979)",
    "WimbledonDoublesresult": "SF (1976)",
    "USOpenDoublesresult": "QF (1973, 1976)",
    "Team": "yes",
    "DavisCupresult": "F (1974, 1987) ",
    "birth_date": "1951-03-20"
}