{
    "name": "Anastasia Grymalska",
    "country": "ITA",
    "residence": "Pescara, Italy",
    "birth_place": "Kiev, Ukrainian SSR, USSR",
    "turnedpro": "2006",
    "plays": "Right (two-handed backhand)",
    "careerprizemoney": "US$ 261,446",
    "singlesrecord": "won=474",
    "singlestitles": "20 ITF",
    "highestsinglesranking": "No. 213 (12 May 2014)",
    "AustralianOpenresult": "Q1 (2019)",
    "USOpenresult": "Q1 (2014)",
    "doublesrecord": "won=289",
    "doublestitles": "34 ITF",
    "highestdoublesranking": "No. 169 (10 June 2019) ",
    "birth_date": "1990-07-12"
}