{
    "name": "Anastasia Malhotra",
    "native_name": "\u30a2\u30ca\u30b9\u30bf\u30b7\u30a2\u30fb\u30de\u30eb\u30d5\u30a9\u30fc\u30c8\u30e9",
    "native_name_lang": "ja",
    "country": "JPN",
    "birth_place": "Gifu, Japan",
    "turnedpro": "2005",
    "plays": "Left-handed (two-handed backhand)",
    "careerprizemoney": "US$106,180",
    "singlesrecord": "68\u201368",
    "singlestitles": "0",
    "highestsinglesranking": "No. 449 (May 11, 2009)",
    "AustralianOpenresult": "\u2013",
    "FrenchOpenresult": "\u2013",
    "Wimbledonresult": "\u2013",
    "USOpenresult": "\u2013",
    "doublesrecord": "8\u201320",
    "doublestitles": "0",
    "highestdoublesranking": "No. 835 (July 26, 2010)",
    "birth_date": "1989-12-12"
}