{
    "name": "Anastasiya Vasylyeva   \u0410\u043d\u0430\u0441\u0442\u0430\u0441\u0456\u044f \u0412\u0430\u0441\u0438\u043b\u044c\u0454\u0432\u0430",
    "country": "UKR",
    "residence": "Kharkiv, Ukraine",
    "birth_place": "Kharkiv",
    "height": "1.82 m",
    "plays": "Left (two-handed backhand)",
    "careerprizemoney": "$239,775",
    "singlesrecord": "won=367",
    "singlestitles": "9 ITF",
    "highestsinglesranking": "No. 129 (11 August 2014)",
    "AustralianOpenresult": "Q2 (2014)",
    "FrenchOpenresult": "Q2 (2014)",
    "Wimbledonresult": "Q1 (2014)",
    "USOpenresult": "Q1 (2014)",
    "doublesrecord": "won=310",
    "doublestitles": "28 ITF",
    "highestdoublesranking": "No. 145 (19 October 2015)",
    "Team": "yes",
    "FedCupresult": "1\u20130 ",
    "birth_date": "1992-1-18"
}