{
    "name": "Anastasiya Yakimova,  \u041d\u0430\u0441\u0442\u0430\u0441\u0441\u044f \u042f\u043a\u0456\u043c\u0430\u0432\u0430",
    "country": "BLR",
    "residence": "Las Palmas de Gran Canaria, Spain",
    "birth_place": "Minsk, Soviet Union",
    "height": "m=1.65",
    "turnedpro": "2001",
    "plays": "Right-handed (two-handed backhand)",
    "careerprizemoney": "$1,075,533",
    "singlesrecord": "won=355",
    "singlestitles": "0 WTA, 13 ITF",
    "highestsinglesranking": "No. 49 (31 July 2006)",
    "AustralianOpenresult": "3R (2007)",
    "FrenchOpenresult": "2R (2006, 2008)",
    "Wimbledonresult": "2R (2011, 2012)",
    "USOpenresult": "2R (2011)",
    "doublesrecord": "won=134",
    "doublestitles": "2 WTA, 11 ITF",
    "highestdoublesranking": "No. 67 (19 June 2006)",
    "Team": "yes",
    "FedCupresult": "10\u201313 ",
    "birth_date": "1986-11-1"
}