{
    "name": "Anastasia Frolova ,  \u0410\u043d\u0430\u0441\u0442\u0430\u0441\u0438\u044f \u0424\u0440\u043e\u043b\u043e\u0432\u0430",
    "country": "RUS",
    "residence": "Moscow, Russia",
    "birth_place": "Moscow",
    "plays": "Right-handed (two-handed backhand)",
    "coach": "Mikhail Chesalov",
    "careerprizemoney": "$58,323",
    "singlesrecord": "won=154",
    "singlestitles": "1 ITF",
    "highestsinglesranking": "No. 298 (6 November 2017)",
    "doublesrecord": "won=113",
    "doublestitles": "11 ITF",
    "highestdoublesranking": "No. 251 (10 September 2018) ",
    "birth_date": "1994-6-21"
}