{
    "name": "Anastasija Sevastova",
    "country": "LAT",
    "residence": "Liep\u0101ja, Latvia",
    "birth_place": "Liep\u0101ja, Latvian SSR, Soviet Union",
    "height": "1.69 m",
    "turnedpro": "2006",
    "plays": "Right-handed (two-handed backhand)",
    "coach": "Ronald Schmidt",
    "careerprizemoney": "US$ 8,251,365",
    "singlesrecord": "won=448",
    "singlestitles": "4",
    "highestsinglesranking": "No. 11 (15 October 2018)",
    "currentsinglesranking": "No. 382 (22 April 2024)",
    "AustralianOpenresult": "4R (2011, 2019)",
    "FrenchOpenresult": "4R (2019)",
    "Wimbledonresult": "3R (2021)",
    "USOpenresult": "SF (2018)",
    "doublesrecord": "won=68",
    "doublestitles": "0",
    "highestdoublesranking": "No. 56 (17 December 2018)",
    "AustralianOpenDoublesresult": "2R (2017, 2018)",
    "FrenchOpenDoublesresult": "2R (2010)",
    "WimbledonDoublesresult": "1R (2010, 2011, 2017)",
    "USOpenDoublesresult": "QF (2018)",
    "Team": "yes",
    "FedCupresult": "won=27",
    "birth_date": "1990-4-13"
}