{
    "name": "Anastasia Vdovenco",
    "country": "MDA",
    "birth_place": "Chi\u0219in\u0103u, Moldova",
    "plays": "Right-handed",
    "careerprizemoney": "$48,137",
    "singlesrecord": "won=184",
    "singlestitles": "3 ITF",
    "highestsinglesranking": "No. 415 (10 April 2017)",
    "doublesrecord": "won=76",
    "doublestitles": "5 ITF",
    "highestdoublesranking": "No. 507 (10 November 2014)",
    "Team": "yes",
    "FedCupresult": "4\u20138 ",
    "birth_date": "1994-04-20"
}