{
    "name": "Anastasia Rodionova,  \u0410\u043d\u0430\u0441\u0442\u0430\u0441\u0438\u044f \u0420\u043e\u0434\u0438\u043e\u043d\u043e\u0432\u0430",
    "country": "RUS (1997\u20132009), AUS (2009\u2013present)",
    "residence": "Melbourne, Australia",
    "birth_place": "Tambov, Soviet Union",
    "height": "167",
    "turnedpro": "May 1997",
    "retired": "August 2023",
    "plays": "Right (two-handed backhand)",
    "careerprizemoney": "$3,680,801",
    "website": "http://www.rodionova.com rodionova.com",
    "singlesrecord": "won=465",
    "singlestitles": "8 ITF",
    "highestsinglesranking": "62 (16 August 2010)",
    "AustralianOpenresult": "2R (2007, 2008)",
    "FrenchOpenresult": "3R (2010, 2011)",
    "Wimbledonresult": "3R (2010)",
    "USOpenresult": "3R (2006, 2009)",
    "doublesrecord": "won=455",
    "doublestitles": "11 WTA, 13 ITF",
    "highestdoublesranking": "15 (8 September 2014)",
    "AustralianOpenDoublesresult": "QF (2011, 2016)",
    "FrenchOpenDoublesresult": "QF (2011, 2012)",
    "WimbledonDoublesresult": "QF (2002, 2011, 2014)",
    "USOpenDoublesresult": "SF (2010)",
    "OthertournamentsDoubles": "yes",
    "WTAChampionshipsDoublesresult": "SF (2014)",
    "AustralianOpenMixedresult": "QF (2011)",
    "FrenchOpenMixedresult": "QF (2015)",
    "WimbledonMixedresult": "F (2003)",
    "USOpenMixedresult": "SF (2017)",
    "Team": "yes",
    "FedCupresult": "2\u20134",
    "birth_date": "1982-05-12"
}