{
    "name": "Anca Barna",
    "country": "GER",
    "residence": "Nuremberg, Germany",
    "birth_place": "Cluj, Romania",
    "height": "m=1.75",
    "turnedpro": "1991",
    "retired": "2005",
    "plays": "Left-handed (two-handed backhand)",
    "careerprizemoney": "$746,387",
    "singlesrecord": "won=331",
    "singlestitles": "2 ITF",
    "highestsinglesranking": "No. 46 (12 April 2004)",
    "AustralianOpenresult": "3R (2003)",
    "FrenchOpenresult": "1R (2001, 2002, 2003, 2004)",
    "Wimbledonresult": "2 R (2001)",
    "USOpenresult": "2R (2002, 2003)",
    "doublesrecord": "won=75",
    "doublestitles": "2 ITF",
    "highestdoublesranking": "119 (21 April 1997)",
    "AustralianOpenDoublesresult": "1R (2002)",
    "FrenchOpenDoublesresult": "1R (1997)",
    "WimbledonDoublesresult": "Q2 (1999) ",
    "birth_date": "1977-05-14"
}