{
    "name": "Anda Perianu",
    "country": "ROU",
    "residence": "Br\u0103ila, Romania",
    "height": "m=1.70",
    "turnedpro": "2004",
    "retired": "2015",
    "plays": "Right-handed (two-handed backhand)",
    "careerprizemoney": "$137,172",
    "singlesrecord": "131\u201384",
    "singlestitles": "3 ITF",
    "highestsinglesranking": "No. 120 (24 July 2006)",
    "FrenchOpenresult": "2R (2006)",
    "doublesrecord": "53\u201341",
    "doublestitles": "5 ITF",
    "highestdoublesranking": "No. 213 (May 22, 2006)",
    "USOpenMixedresult": "1R (2015) ",
    "birth_date": "1980-7-4"
}