{
    "name": "Andrei Chesnokov,  \u0410\u043d\u0434\u0440\u0435\u0439 \u0427\u0435\u0441\u043d\u043e\u043a\u043e\u0432",
    "country": "USSR, RUS",
    "residence": "Moscow, Russia",
    "birth_place": "Moscow, Soviet Union",
    "height": "m=1.87",
    "turnedpro": "1985",
    "retired": "1999",
    "plays": "Right-handed (two-handed backhand)",
    "careerprizemoney": "$3,084,188",
    "singlesrecord": "344\u2013259 (57.4%)",
    "singlestitles": "7",
    "highestsinglesranking": "No. 9 (8 April 1991)",
    "AustralianOpenresult": "QF (1988)",
    "FrenchOpenresult": "SF (1989)",
    "Wimbledonresult": "1R (1986, 1988, 1989, 1992, 1993, 1995, 1996)",
    "USOpenresult": "4R (1986, 1987, 1989)",
    "doublesrecord": "7\u201321",
    "doublestitles": "0",
    "highestdoublesranking": "No. 342 (12 October 1992) ",
    "birth_date": "1966-02-02"
}