{
    "name": "Andrei P\u0103trui",
    "country": "ROM",
    "residence": "Romania",
    "birth_place": "Romania",
    "height": "m=1.70",
    "turnedpro": "2013",
    "plays": "Right-handed (one-handed backhand)",
    "careerprizemoney": "$ 942",
    "singlesrecord": "0",
    "singlestitles": "0",
    "highestsinglesranking": "0",
    "currentsinglesranking": "0",
    "AustralianOpenresult": "-",
    "FrenchOpenresult": "-",
    "Wimbledonresult": "-",
    "USOpenresult": "-",
    "doublesrecord": "0",
    "doublestitles": "0",
    "highestdoublesranking": "No. 941 (9 September 2013)",
    "currentdoublesranking": "No. 978 (17 March 2014)",
    "birth_date": "1996-7-1"
}