{
    "name": "Andreea Mitu",
    "country": "ROU",
    "birth_place": "Bucharest, Romania",
    "height": "1.75 m",
    "coach": "Marius Cristian Onil\u0103",
    "plays": "Right (two-handed backhand)",
    "careerprizemoney": "US$ 953,473",
    "singlesrecord": "won=400",
    "singlestitles": "0 WTA, 20 ITF",
    "highestsinglesranking": "No. 68 (8 June 2015)",
    "currentsinglesranking": "No. 219 (4 March 2024)",
    "AustralianOpenresult": "1R (2016)",
    "FrenchOpenresult": "4R (2015)",
    "Wimbledonresult": "1R (2014, 2015)",
    "USOpenresult": "1R (2015)",
    "doublesrecord": "won=255",
    "doublestitles": "4 WTA, 1 WTA Challenger",
    "highestdoublesranking": "No. 69 (24 October 2016)",
    "currentdoublesranking": "No. 148 (4 March 2024)",
    "AustralianOpenDoublesresult": "2R (2021)",
    "FrenchOpenDoublesresult": "3R (2020)",
    "WimbledonDoublesresult": "2R (2021)",
    "USOpenDoublesresult": "2R (2021)",
    "Team": "yes",
    "FedCupresult": "1\u20133",
    "birth_date": "1991-09-22"
}