{
    "name": "Andrea Strnadov\u00e1",
    "country": "CZE",
    "birth_place": "Prague, Czechoslovakia",
    "height": "m=1.75",
    "turnedpro": "1988",
    "retired": "1995",
    "careerprizemoney": "US$ 504,157",
    "singlesrecord": "4 ITF",
    "highestsinglesranking": "No. 33 (16 September 1991)",
    "AustralianOpenresult": "3R (1991)",
    "FrenchOpenresult": "3R (1992)",
    "Wimbledonresult": "3R (1991)",
    "USOpenresult": "3R (1992)",
    "doublestitles": "3 WTA, 2 ITF",
    "highestdoublesranking": "No. 14 (19 April 1993) ",
    "birth_date": "1972-5-28"
}