{
    "name": "Andrew Kratzmann",
    "country": "Australia",
    "residence": "Windera, Australia",
    "birth_place": "Murgon, Queensland, Australia",
    "height": "ft=6",
    "turnedpro": "1990",
    "plays": "Right-handed",
    "careerprizemoney": "$976,085",
    "singlesrecord": "0\u20132",
    "singlestitles": "0 ,  0 Challenger, 0 Futures",
    "highestsinglesranking": "No. 299 (26 August 1991)",
    "AustralianOpenresult": "1R (1994)",
    "Wimbledonresult": "Q2 (1991, 1993)",
    "doublesrecord": "198\u2013210",
    "doublestitles": "9 ,  8 Challenger, 0 Futures",
    "highestdoublesranking": "No. 13 (13 March 2000)",
    "AustralianOpenDoublesresult": "F (2000)",
    "FrenchOpenDoublesresult": "QF (1999)",
    "WimbledonDoublesresult": "QF (2000)",
    "USOpenDoublesresult": "3R (1998, 2002)",
    "AustralianOpenMixedresult": "QF (1998)",
    "FrenchOpenMixedresult": "QF (1998)",
    "WimbledonMixedresult": "3R (1999, 2000, 2002)",
    "USOpenMixedresult": "2R (1993)",
    "birth_date": "1971-11-3"
}