{
    "name": "Andrea Glass",
    "country_represented": "GER",
    "birth_place": "Darmstadt, West Germany",
    "plays": "Right Handed",
    "retired": "2003",
    "careerprizemoney": "$589,087",
    "singlesrecord": "207\u2013225",
    "highestsinglesranking": "No. 53 (1 February 1999)",
    "AustralianOpenresult": "3R (1999)",
    "FrenchOpenresult": "2R (1997, 1999, 2001)",
    "Wimbledonresult": "2R (1997)",
    "USOpenresult": "1R (1996, 97, 98, 99, 2001)",
    "doublesrecord": "48\u201375",
    "doublestitles": "3 ITF",
    "highestdoublesranking": "No. 85 (20 November 2000)",
    "AustralianOpenDoublesresult": "1R (2001, 2003)",
    "FrenchOpenDoublesresult": "1R (2001)",
    "WimbledonDoublesresult": "1R (2001)",
    "USOpenDoublesresult": "2R (2001) ",
    "birth_date": "1976-7-17"
}