{
    "name": "Andre Agassi",
    "fullname": "Andre Kirk Agassi",
    "country": "United States",
    "residence": "Las Vegas, Nevada, U.S.",
    "birth_place": "Las Vegas, Nevada, U.S.",
    "height": "ft=5",
    "turnedpro": "1986",
    "retired": "2006",
    "plays": "Right-handed (two-handed backhand)",
    "coach": "Ubl",
    "[[Nick Bollettieri]] (1983\u20131993)<ref>{{cite news |url": "https://www.nytimes.com/1993/07/10/sports/tennis-agassi-has-streisand-but-loses-bollettieri.html |title=TENNIS; Agassi Has Streisand But Loses Bollettieri |date=July 10, 1993 |newspaper=The New York Times |first=Robin |last=Finn |access-date=July 5, 2014",
    "careerprizemoney": [
        "11th all-time in earnings"
    ],
    "tennishofyear": "2011",
    "tennishofid": "andre-agassi",
    "singlesrecord": "won=870",
    "singlestitles": "60",
    "highestsinglesranking": "No. '''1''' (April 10, 1995)",
    "AustralianOpenresult": "'''W''' (1995, 2000, 2001, 2003)",
    "FrenchOpenresult": "'''W''' (1999)",
    "Wimbledonresult": "'''W''' (1992)",
    "USOpenresult": "'''W''' (1994, 1999) |Othertournaments            = Yes |MastersCupresult            = '''W''' (1990) |Olympicsresult               =  (1996)",
    "doublesrecord": "40\u201342",
    "doublestitles": "1",
    "FrenchOpenDoublesresult": "QF (1992)",
    "USOpenDoublesresult": "1R (1987)",
    "highestdoublesranking": "No. 123 (August 17, 1992)",
    "Team": "yes",
    "DavisCupresult": "'''W''' (1990, 1992, 1995) |CoachYears            = 2017\u20132020 |CoachPlayers          = Novak Djokovic (2017\u20132018) ",
    "birth_date": "1970-04-29"
}