{
    "name": "Andreea Ehritt-Vanc",
    "country": "ROU",
    "residence": "Rome, Italy",
    "birth_place": "Timi\u0219oara, Romania",
    "height": "m=1.70",
    "turnedpro": "1992",
    "retired": "2008",
    "plays": "Left-handed (two-handed backhand)",
    "careerprizemoney": "US$ 426,943",
    "singlesrecord": "won=306",
    "singlestitles": "13 ITF",
    "highestsinglesranking": "No. 135 (17 February 2003)",
    "AustralianOpenresult": "Q3 (1999, 2003)",
    "FrenchOpenresult": "Q3 (2002)",
    "Wimbledonresult": "Q3 (2003)",
    "USOpenresult": "Q2 (2002, 2003)",
    "doublesrecord": "won=301",
    "doublestitles": "2 WTA, 24 ITF",
    "highestdoublesranking": "No. 40 (8 May 2006)",
    "AustralianOpenDoublesresult": "3R (2005)",
    "FrenchOpenDoublesresult": "3R (2005)",
    "WimbledonDoublesresult": "2R (2003, 2006)",
    "USOpenDoublesresult": "2R (2005, 2006)",
    "Mixed": "yes",
    "mixedrecord": "0\u20134",
    "mixedtitles": "0",
    "AustralianOpenMixedresult": "1R (2007)",
    "WimbledonMixedresult": "1R (2005, 2006)",
    "USOpenMixedresult": "1R (2006) ",
    "birth_date": "1973-10-6"
}