{
    "name": "Andrey Rublev",
    "native_name": "ru",
    "fullname": "Andrey Andreyevich Rublev",
    "country": "RUS",
    "birth_place": "Moscow",
    "height": "1.88 m",
    "turnedpro": "2014",
    "plays": "Right-handed (two-handed backhand)",
    "coach": "Fernando Vicente   Alberto Mart\u00edn",
    "careerprizemoney": [
        "23rd all-time in earnings"
    ],
    "singlesrecord": "won=307",
    "singlestitles": "15",
    "highestsinglesranking": "No. 5 (13 September 2021)",
    "currentsinglesranking": "No. 8 (15 April 2024)",
    "AustralianOpenresult": "QF (2021, 2023, 2024)",
    "FrenchOpenresult": "QF (2020, 2022)",
    "Wimbledonresult": "QF (2023)",
    "USOpenresult": "QF (2017, 2020, 2022, 2023)",
    "doublesrecord": "won=77",
    "doublestitles": "4",
    "highestdoublesranking": "No. 44 (6 November 2023)",
    "currentdoublesranking": "No. 46 (15 January 2024)",
    "AustralianOpenDoublesresult": "2R (2019)",
    "USOpenDoublesresult": "3R (2017)",
    "Team": "yes",
    "DavisCupresult": "'''W''' (2021)",
    "Othertournaments": "yes",
    "MastersCupresult": "SF (2022)",
    "OthertournamentsDoubles": "yes",
    "Mixed": "yes",
    "mixedtitles": "1",
    "OthertournamentsMixedDoubles": "yes",
    "Olympicsresult": "1R (2020)",
    "OlympicsDoublesresult": "1R (2020)",
    "OlympicMixedDoublesresult": "(2020)",
    "birth_date": "1997-10-20",
    "medaltemplates": [
        "Country: {{ROC}}",
        "Competition: Olympic Games",
        "Gold Medal: 2020 Tokyo Mixed doubles",
        "Country: {{Russia}}",
        "Competition: Youth Olympic Games",
        "Bronze Medal: 2014 Nanjing Singles",
        "Silver Medal: 2014 Nanjing Doubles"
    ]
}