{
    "name": "Andr\u00e9 Miele",
    "country": "Brazil",
    "residence": "Ribeir\u00e3o Preto, Brazil",
    "birth_place": "Ribeir\u00e3o Preto, Brazil",
    "height": "m=1.74",
    "plays": "Right-handed (two-handed backhand)",
    "careerprizemoney": "$176,026",
    "singlesrecord": "0\u20130   (ATP Tour, Grand Slams, and Davis Cup)",
    "singlestitles": "0 ,   0 Challenger, 7 Futures",
    "highestsinglesranking": "No. 229 (4 August 2008)",
    "FrenchOpenresult": "Q1 (2009)",
    "Wimbledonresult": "Q1 (2009)",
    "USOpenresult": "Q1 (2008)",
    "doublesrecord": "0\u20130   (ATP Tour, Grand Slams, and Davis Cup)",
    "doublestitles": "0 ,   1 Challenger, 33 Futures",
    "highestdoublesranking": "No. 179 (14 September 2009)",
    "currentdoublesranking": "No. 1368 (11 April 2022)",
    "birth_date": "1987-4-12"
}