{
    "name": "Andrea Leand",
    "country": "USA",
    "birth_place": "Baltimore, USA",
    "height": "ft=5",
    "college": "Princeton University ,  Johns Hopkins University Carey Business School",
    "turnedpro": "1982",
    "retired": "1996",
    "plays": "Right-handed",
    "singlestitles": "1",
    "highestsinglesranking": "No. 12 (May, 1982), holds the WTA record for best first time appearance on the WTA rankings at No.18",
    "AustralianOpenresult": "2R (1982, 1984)",
    "FrenchOpenresult": "4R (1982)",
    "Wimbledonresult": "3R (1983, 1990)",
    "USOpenresult": "4R (1981, 1982, 1983)",
    "doublestitles": "1",
    "AustralianOpenDoublesresult": "2R (1990)",
    "FrenchOpenDoublesresult": "3R (1985)",
    "WimbledonDoublesresult": "QF (1983)",
    "USOpenDoublesresult": "2R (1981, 1983, 1984)",
    "FrenchOpenMixedresult": "3R (1985)",
    "WimbledonMixedresult": "2R (1983)",
    "birth_date": "1964-1-18"
}