{
    "full_name": "Andr\u00e9s Artu\u00f1edo Mart\u00ednavarro",
    "country": "Spain",
    "residence": "Barcelona, Spain",
    "birth_place": "Castell\u00f3n de la Plana, Spain",
    "height": "6'0 (183 cm)",
    "turnedpro": "2010",
    "coach": "Alex Bragado / Joaqu\u00edn Monso",
    "plays": "Right-handed (two-handed backhand)",
    "careerprizemoney": "$119,091",
    "singlesrecord": "0-1 (ATP Tour level, Grand Slam level, and Davis Cup)",
    "singlestitles": "0 ,   0 Challenger, 14 Futures",
    "highestsinglesranking": "No. 293 (3 March 2014)",
    "currentsinglesranking": "No. 573 (17 May 2021)",
    "doublesrecord": "0-0 (ATP Tour level, Grand Slam level, and Davis Cup)",
    "doublestitles": "0 ,   1 Challenger, 8 Futures",
    "highestdoublesranking": "No. 267 (24 June 2019)",
    "currentdoublesranking": "No. 505 (17 May 2021)",
    "birth_date": "1993-9-14"
}