{
    "name": "Andres V\u00f5sand",
    "country": "URS Soviet Union EST Estonia",
    "residence": "Kornwestheim, Germany",
    "birth_place": "Rakvere, Estonia",
    "height": "m=1.80",
    "plays": "Right-handed",
    "careerprizemoney": "$188,934",
    "singlesrecord": "9\u201329",
    "singlestitles": "0",
    "highestsinglesranking": "No. 81 (20 Mar 1989)",
    "AustralianOpenresult": "1R (1988, 1990)",
    "FrenchOpenresult": "3R (1988)",
    "Wimbledonresult": "1R (1989)",
    "doublesrecord": "1\u20133",
    "doublestitles": "0",
    "highestdoublesranking": "No. 292 (6 Jul 1992) ",
    "birth_date": "1966-03-10"
}