{
    "name": "Andrew Burrow",
    "country": "RSA South Africa",
    "residence": "Oudtshoorn",
    "birth_place": "George, South Africa",
    "height": "5'10\" (178 cm)",
    "plays": "Right-handed",
    "singlesrecord": "3\u20138",
    "singlestitles": "0",
    "highestsinglesranking": "No. 276 (12 June 1989)",
    "USOpenresult": "2R (1988)",
    "doublesrecord": "5\u20138",
    "doublestitles": "0",
    "highestdoublesranking": "No. 227 (16 Jul 1984)  ",
    "birth_date": "1963-6-17"
}