{
    "name": "Andrei Merinov",
    "country": "RUS Russia",
    "residence": "Constance, Germany",
    "birth_place": "Moscow, Russia",
    "height": "m=1.83",
    "plays": "Left-handed",
    "careerprizemoney": "$185,632",
    "singlesrecord": "5-10",
    "singlestitles": "0",
    "highestsinglesranking": "No. 141 (16 Jun 1997)",
    "FrenchOpenresult": "1R (1997)",
    "doublesrecord": "2-11",
    "doublestitles": "0",
    "highestdoublesranking": "No. 138 (26 Jul 1993) ",
    "birth_date": "1971-6-23"
}