{
    "name": "Andrea Jaeger",
    "country": "USA",
    "residence": "Santa Rosa Beach, Florida",
    "birth_place": "Chicago, Illinois",
    "height": "ft=5",
    "turnedpro": "1980",
    "retired": "1985",
    "plays": "Right-handed (two handed-backhand)",
    "careerprizemoney": "US$ 1,379,065 id=100003",
    "singlesrecord": "won=260",
    "singlestitles": "10",
    "highestsinglesranking": "No. 2 (August 17, 1981)",
    "AustralianOpenresult": "SF (1982)",
    "FrenchOpenresult": "F (1982)",
    "Wimbledonresult": "F (1983)",
    "USOpenresult": "SF (1980, 1982)",
    "doublesrecord": "47\u201338",
    "doublestitles": "4",
    "AustralianOpenDoublesresult": "3R (1981, 1982)",
    "FrenchOpenDoublesresult": "QF (1982)",
    "WimbledonDoublesresult": "3R (1981)",
    "USOpenDoublesresult": "SF (1980)",
    "Mixed": "Yes",
    "mixedtitles": "1",
    "FrenchOpenMixedresult": "'''W''' (1981)",
    "WimbledonMixedresult": "1R (1980, 1983)",
    "birth_date": "1965-6-4"
}