{
    "name": "Andr\u00e9 Gaspar Murta",
    "country": "POR Portugal",
    "residence": "Faro, Portugal",
    "birth_place": "Faro, Portugal",
    "height": "m=1.93",
    "plays": "Right-handed (two-handed backhand)",
    "coach": "Jo\u00e3o Antunes, Andr\u00e9 Podalca",
    "careerprizemoney": "US$40,075",
    "singlesrecord": "won=1",
    "singlestitles": "0",
    "highestsinglesranking": "No. 480 (19 September 2016)",
    "currentsinglesranking": "No. 609 (10 April 2017)",
    "doublesrecord": "won=0",
    "doublestitles": "0",
    "highestdoublesranking": "No. 646 (10 February 2014)",
    "currentdoublesranking": "No. 1318 (10 April 2017)",
    "birth_date": "1994-08-08"
}