{
    "name": "Andrea Stoppini",
    "country": "ITA",
    "birth_place": "Trento, Italy",
    "turnedpro": "1998",
    "plays": "Right-handed (two-handed backhand)",
    "careerprizemoney": "$289,443",
    "singlesrecord": "3\u20138",
    "singlestitles": "0",
    "highestsinglesranking": "No. 161 (13 July 2009)",
    "currentsinglesranking": "No. 1557 (24 September 2012) |AustralianOpenresult=1R (2009) |FrenchOpenresult=Q1 (2008) |Wimbledonresult= Q3 (2009) |USOpenresult=Q2 (2008, 2009)",
    "doublesrecord": "0\u20130",
    "doublestitles": "0",
    "highestdoublesranking": "No. 188 (27 August 2007) ",
    "birth_date": "1980-2-29"
}