{
    "name": "Andrea Betzner",
    "country": "FRG",
    "birth_place": "Freiburg, West Germany",
    "retired": "1990",
    "careerprizemoney": "$93,918",
    "singlesrecord": "59\u201372",
    "highestsinglesranking": "No. 115 (5 January 1985)",
    "AustralianOpenresult": "1R (1987, 1989)",
    "FrenchOpenresult": "1R (1985, 1986)",
    "Wimbledonresult": "2R (1986)",
    "USOpenresult": "1R (1985, 1986)",
    "doublesrecord": "43\u201352",
    "doublestitles": "2 WTA, 1 ITF",
    "highestdoublesranking": "No. 54 (26 October 1987)",
    "AustralianOpenDoublesresult": "2R (1985)",
    "FrenchOpenDoublesresult": "2R (1987)",
    "WimbledonDoublesresult": "2R (1986)",
    "USOpenDoublesresult": "1R (1986) ",
    "birth_date": "1966-7-10"
}