{
    "name": "Andrei Olhovskiy",
    "country": "RUS",
    "birth_place": "Moscow, USSR",
    "residence": "Monte Carlo, Monaco",
    "height": "m=1.85",
    "turnedpro": "1987",
    "retired": "1998",
    "plays": "Right-handed (two-handed backhand)",
    "careerprizemoney": "$3,208,620",
    "singlesrecord": "117\u2013165",
    "singlestitles": "2",
    "highestsinglesranking": "No. 49 (14 June 1993)",
    "AustralianOpenresult": "3R (1993, 1995)",
    "FrenchOpenresult": "2R (1994)",
    "Wimbledonresult": "4R (1988, 1992)",
    "USOpenresult": "2R (1989, 1994, 1996)",
    "Othertournaments": "yes",
    "Olympicsresult": "1/32 1988 Summer Olimpics-Seoul),QF (1996)",
    "doublesrecord": "379\u2013314",
    "doublestitles": "20",
    "highestdoublesranking": "No. 6 (31 July 1995)  Mixed doubles: 1993 French open champion, 1994 finalist 1994 Australian open champion 1997 Wimbledon finalist",
    "birth_date": "1966-4-15"
}