{
    "name": "Andrej Kra\u010dman",
    "country": "SVN",
    "birth_place": "Ljubljana, Slovenia",
    "height": "1.96",
    "plays": "Right-handed",
    "coach": "Neco Nikolic",
    "careerprizemoney": "$24,209",
    "singlesrecord": "9\u20136  (ATP Tour level, Grand Slam level, and Davis Cup)",
    "singlestitles": "0",
    "highestsinglesranking": "No. 393 (9 June 2003)",
    "doublesrecord": "8\u20134  (ATP Tour level, Grand Slam level, and Davis Cup)",
    "doublestitles": "0",
    "highestdoublesranking": "No. 272 (17 March 2003)  ",
    "birth_date": "1982-08-22"
}