{
    "name": "Andrea Petkovic",
    "native_name": "\u0410\u043d\u0434\u0440\u0435\u0430 \u041f\u0435\u0442\u043a\u043e\u0432\u0438\u045b",
    "country": "GER",
    "residence": "Darmstadt, Germany",
    "birth_place": "Tuzla, SR Bosnia and Herzegovina, SFR Yugoslavia",
    "height": "1.80 m",
    "turnedpro": "2006",
    "retired": "2022",
    "plays": "Right-handed (two-handed backhand)",
    "careerprizemoney": "US$8,829,248",
    "singlesrecord": "won=518",
    "singlestitles": "7",
    "highestsinglesranking": "No. 9 (10 October 2011)",
    "AustralianOpenresult": "QF (2011)",
    "FrenchOpenresult": "SF (2014)",
    "Wimbledonresult": "3R (2011, 2014, 2015)",
    "USOpenresult": "QF (2011)",
    "doublesrecord": "won=106",
    "doublestitles": "1",
    "highestdoublesranking": "No. 46 (14 July 2014)",
    "AustralianOpenDoublesresult": "QF (2017)",
    "FrenchOpenDoublesresult": "3R (2011, 2014)",
    "WimbledonDoublesresult": "SF (2014)",
    "USOpenDoublesresult": "2R (2009, 2011, 2016, 2021)",
    "AustralianOpenMixedresult": "1R (2010)",
    "WimbledonMixedresult": "3R (2011)",
    "USOpenMixedresult": "1R (2012)",
    "Team": "yes",
    "FedCupresult": "F (2014), record 15\u201315 ",
    "birth_date": "1987-09-09"
}