{
    "name": "Andrew Sznajder",
    "country": "CAN",
    "residence": "Oakville, Ontario, Canada",
    "birth_place": "Preston, England",
    "height": "1.75",
    "college": "Pepperdine University",
    "turnedpro": "1988",
    "plays": "Right-handed",
    "careerprizemoney": "$419,995",
    "singlesrecord": "58\u201374",
    "singlestitles": "0 ,  1 Challenger, 0 Futures",
    "highestsinglesranking": "No. 46 (25 September 1989)",
    "AustralianOpenresult": "2R (1990)",
    "FrenchOpenresult": "2R (1989, 1990)",
    "Wimbledonresult": "Q3 (1993)",
    "USOpenresult": "2R (1989)",
    "Othertournaments": "yes",
    "Olympicsresult": "2R (1992)",
    "doublesrecord": "7\u201318",
    "doublestitles": "0 ,  1 Challenger, 0 Futures",
    "highestdoublesranking": "No. 182 (29 July 1991)",
    "Team": "yes",
    "DavisCupresult": "SF (1992)",
    "birth_date": "1967-5-25"
}