{
    "name": "Andrew Richardson",
    "country": "GBR Great Britain",
    "residence": "Bourne, England",
    "birth_place": "Peterborough, England",
    "height": "6 ft 7 in",
    "turnedpro": "1992",
    "retired": "2000",
    "plays": "Left-handed",
    "coach": "David Sammel",
    "careerprizemoney": "$246,675",
    "singlesrecord": "6-14",
    "singlestitles": "0,  1 Challenger",
    "highestsinglesranking": "No. 133 (3 November 1997)",
    "AustralianOpenresult": "Q3 (1997, 1998)",
    "FrenchOpenresult": "Q1 (1997, 1998)",
    "Wimbledonresult": "3R (1997)",
    "USOpenresult": "Q3 (1996)",
    "doublesrecord": "15-31",
    "doublestitles": "0",
    "highestdoublesranking": "No. 96 (21 October 1996)",
    "AustralianOpenDoublesresult": "2R (1997)",
    "FrenchOpenDoublesresult": "1R (1996)",
    "WimbledonDoublesresult": "2R (1992, 1995, 1996)",
    "USOpenDoublesresult": "2R (1996) ",
    "birth_date": "1974-3-14"
}