{
    "name": "Andrea Gaudenzi",
    "country": "Italy",
    "residence": "London, United Kingdom",
    "birth_place": "Faenza, Italy",
    "height": "m=1.85",
    "turnedpro": "1990",
    "retired": "2003",
    "plays": "Right-handed (two-handed backhand)",
    "careerprizemoney": "$3,063,479",
    "singlesrecord": "219\u2013231",
    "singlestitles": "3",
    "highestsinglesranking": "No. 18 (27 February 1995)",
    "AustralianOpenresult": "3R (1998)",
    "FrenchOpenresult": "4R (1994)",
    "Wimbledonresult": "2R (1996)",
    "USOpenresult": "3R (1994)",
    "Othertournaments": "yes",
    "Olympicsresult": "3R (1996)",
    "doublesrecord": "86\u2013113",
    "doublestitles": "2",
    "AustralianOpenDoublesresult": "1R (1996, 1997, 2001)",
    "USOpenDoublesresult": "3R (1996)",
    "highestdoublesranking": "No. 59 (3 February 1997)",
    "birth_date": "1973-7-30"
}