{
    "name": "Andr\u00e9 S\u00e1",
    "fullname": "Andr\u00e9 Rezende S\u00e1",
    "country": "BRA",
    "residence": "Blumenau, Brazil",
    "birth_place": "Belo Horizonte, Brazil",
    "height": "m=1.85",
    "turnedpro": "1996",
    "retired": "2018",
    "plays": "Right-handed (two-handed backhand)",
    "careerprizemoney": "$2,632,597",
    "singlesrecord": "won=52",
    "singlestitles": "0",
    "highestsinglesranking": "No. 55 (12 August 2002)",
    "AustralianOpenresult": "2R (2001)",
    "FrenchOpenresult": "1R (2000, 2002, 2003)",
    "Wimbledonresult": "QF (2002)",
    "USOpenresult": "2R (2000, 2001)",
    "doublesrecord": "won=291",
    "doublestitles": "11",
    "highestdoublesranking": "No. 17 (2 February 2009)",
    "AustralianOpenDoublesresult": "QF (2004)",
    "FrenchOpenDoublesresult": "3R (2002, 2010, 2013, 2014, 2015, 2016)",
    "WimbledonDoublesresult": "SF (2007)",
    "USOpenDoublesresult": "QF (2007, 2016)",
    "OthertournamentsDoubles": "yes",
    "OlympicsDoublesresult": "2R (2004, 2008, 2016)",
    "AustralianOpenMixedresult": "1R (2009, 2010, 2013)",
    "FrenchOpenMixedresult": "QF (2008, 2009)",
    "WimbledonMixedresult": "2R (2010, 2016)",
    "USOpenMixedresult": "2R (2009)",
    "Team": "yes",
    "DavisCupresult": "SF (2000)",
    "birth_date": "1977-05-6"
}