{
    "name": "Andrea Koch Benvenuto",
    "fullname": "Karina Andrea Koch Benvenuto",
    "country": "CHI",
    "birth_place": "Santiago, Chile",
    "height": "1.74",
    "careerprizemoney": "$118,523",
    "singlesrecord": "364\u2013231",
    "singlestitles": "14 ITF",
    "highestsinglesranking": "224 (11 June 2012)",
    "doublesrecord": "196\u2013123",
    "doublestitles": "19 ITF",
    "highestdoublesranking": "289 (11 June 2012)",
    "Team": "yes",
    "FedCupresult": "41\u201332",
    "birth_date": "1985-04-26",
    "medaltemplates": [
        "Country: {{Chile}}",
        "Competition: Pan American Games",
        "Silver Medal: 2011 Guadalajara Mixed Doubles",
        "Competition: South American Games",
        "Bronze Medal: 2014 Santiago Mixed Doubles"
    ]
}