{
    "name": "Andrea Ben\u00edtez",
    "country_represented": "ARG",
    "birth_place": "Formosa, Argentina",
    "turnedpro": "2002",
    "retired": "2013",
    "plays": "Right-handed (one-handed backhand)",
    "careerprizemoney": "$85,674",
    "singlesrecord": "won=241",
    "singlestitles": "11 ITF",
    "highestsinglesranking": "No. 251 (15 May 2006)",
    "doublesrecord": "won=204",
    "doublestitles": "26 ITF",
    "highestdoublesranking": "No. 269 (22 October 2007) ",
    "birth_date": "1986-05-10"
}