{
    "name": "Andrea G\u00e1miz",
    "fullname": "Andrea G\u00e1miz P\u00e9rez",
    "country": "VEN",
    "residence": "Caracas, Venezuela",
    "birth_place": "Caracas",
    "height": "1.62 m",
    "turnedpro": "2006",
    "plays": "Right (two-handed backhand)",
    "careerprizemoney": "US$ 317,147",
    "singlesrecord": "won=428",
    "singlestitles": "13 ITF",
    "highestsinglesranking": "No. 244 (30 April 2018)",
    "currentsinglesranking": "No. 669 (15 January 2024)",
    "doublesrecord": "won=337",
    "doublestitles": "3 WTA Challengers",
    "highestdoublesranking": "No. 77 (26 June 2023)",
    "currentdoublesranking": "No. 110 (15 January 2024)",
    "FrenchOpenDoublesresult": "1R (2023)",
    "WimbledonDoublesresult": "2R (2023)",
    "USOpenDoublesresult": "1R (2023)",
    "Team": "yes",
    "FedCupresult": "won=28",
    "birth_date": "1992-10-31",
    "medaltemplates": [
        "Sport: Women's Tennis",
        "Country: {{VEN}}",
        "Competition: South American Games",
        "Gold Medal: 2014 Santiago Doubles",
        "Silver Medal: 2010 Medell\u00edn Doubles",
        "Competition: Central American and Caribbean Games",
        "Silver Medal: 2014 Veracruz Doubles",
        "Silver Medal: 2014 Veracruz Team event"
    ]
}