{
    "name": "Andrey Golubev  \u0410\u043d\u0434\u0440\u0435\u0301\u0439 \u0413\u043e\u0301\u043b\u0443\u0431\u0435\u0432",
    "country": "Russia (2005&ndash;2008) KAZ (2008&ndash;)",
    "residence": "Astana, Kazakhstan",
    "birth_place": "Volzhsky, Russian SFSR, Soviet Union",
    "height": "m=1.83",
    "turnedpro": "2005",
    "plays": "Right-handed (one-handed backhand)",
    "careerprizemoney": "$ 3,314,031",
    "coach": "Yuri Schukin",
    "singlesrecord": "won=67",
    "singlestitles": "1",
    "highestsinglesranking": "No. 33 (4 October 2010)",
    "AustralianOpenresult": "2R (2010, 2012)",
    "FrenchOpenresult": "2R (2009)",
    "Wimbledonresult": "1R (2009, 2010, 2011, 2014)",
    "USOpenresult": "2R (2008)",
    "doublesrecord": "won=91",
    "doublestitles": "1",
    "AustralianOpenDoublesresult": "3R (2021)",
    "FrenchOpenDoublesresult": "F (2021)",
    "WimbledonDoublesresult": "3R (2021)",
    "USOpenDoublesresult": "3R (2021)",
    "highestdoublesranking": "No. 21 (16 May 2022)",
    "currentdoublesranking": "No. 62 (15 January 2024) |OthertournamentsDoubles     = yes |OlympicsDoublesresult       = 1R (2021)",
    "AustralianOpenMixedresult": "2R (2022)",
    "FrenchOpenMixedresult": "1R (2022)",
    "Team": "yes",
    "DavisCupresult": "QF (2011, 2013, 2014, 2015, 2021)",
    "HopmanCupresult": "RR (2010, 2011)",
    "birth_date": "1987-7-22",
    "medaltemplates": [
        "Sport: Men's tennis",
        "Country: {{KAZ}}",
        "Competition: Asian Games",
        "Gold Medal: 2014 Incheon Team Event"
    ]
}