{
    "name": "Andrew Painter",
    "country": "AUS Australia",
    "residence": "Launceston, Tasmania",
    "birth_place": "Sydney, Australia",
    "height": "cm=188",
    "turnedpro": "1994",
    "plays": "Right-handed",
    "careerprizemoney": "$80,468",
    "singlesrecord": "0\u20131",
    "singlestitles": "0",
    "highestsinglesranking": "No. 492 (10 Jul 1995)",
    "AustralianOpenresult": "Q3 (1995)",
    "USOpenresult": "Q1 (1995)",
    "Wimbledonresult": "1R (1995)",
    "doublesrecord": "5\u201314",
    "doublestitles": "0",
    "highestdoublesranking": "No. 119 (4 Oct 1999)",
    "AustralianOpenDoublesresult": "1R (1996, 1997, 1999)",
    "WimbledonDoublesresult": "2R (1998)",
    "USOpenDoublesresult": "Q2 (1998, 1999) ",
    "birth_date": "1975-7-18"
}