{
    "name": "Andreas Beck",
    "country": "Germany",
    "residence": "Ravensburg, Germany",
    "birth_place": "Weingarten, Germany",
    "height": "m=1.91",
    "turnedpro": "2003",
    "retired": "2016",
    "plays": "Left-handed (two-handed backhand)",
    "careerprizemoney": "$ 1,564,600",
    "singlesrecord": "41\u201365",
    "singlestitles": "0",
    "highestsinglesranking": "No. 33 (2 November 2009)",
    "AustralianOpenresult": "2R (2009, 2012)",
    "FrenchOpenresult": "2R (2009, 2010)",
    "Wimbledonresult": "2R (2010)",
    "USOpenresult": "2R (2008, 2009, 2010)",
    "doublesrecord": "22\u201327",
    "doublestitles": "0",
    "highestdoublesranking": "No. 116 (30 January 2012)",
    "FrenchOpenDoublesresult": "2R (2010)",
    "USOpenDoublesresult": "1R (2009)",
    "birth_date": "1986-2-5"
}