{
    "name": "Andy Andrews",
    "country_represented": "United States",
    "birth_place": "Raleigh, North Carolina, US",
    "height": "6 ft 1 in",
    "plays": "Right-handed",
    "singlesrecord": "18\u201336",
    "singlestitles": "0",
    "highestsinglesranking": "No. 78 (May 17, 1982)",
    "AustralianOpenresult": "3R (1983)",
    "FrenchOpenresult": "1R (1983)",
    "Wimbledonresult": "2R (1982, 1983)",
    "USOpenresult": "1R (1981, 1982, 1983)",
    "doublesrecord": "50\u201347",
    "doublestitles": "3",
    "highestdoublesranking": "No. 32 (February 28, 1983)",
    "AustralianOpenDoublesresult": "F (1982)",
    "WimbledonDoublesresult": "1R (1982, 1983, 1984)",
    "USOpenDoublesresult": "SF (1983) ",
    "birth_date": "1959-01-01"
}