{
    "name": "Andy Lapthorne",
    "full_name": "Andrew David Lapthorne",
    "country_represented": "GBR",
    "birth_place": "Middlesex, England",
    "turnedpro": "2005",
    "singlesrecord": "won=285 title=Andy Lapthorne ",
    "singlestitles": "58",
    "highestsinglesranking": "No. 1 (27 January 2020)",
    "currentsinglesranking": "No. 5 (6 September 2021)",
    "AustralianOpenresult": "F (2020)",
    "FrenchOpenresult": "F (2020)",
    "Wimbledonresult": "F (2019)",
    "USOpenresult": "'''W''' (2014, 2019)",
    "Othertournaments": "yes",
    "WheelchairTennisMastersresult": "F (2011, 2012, 2017, 2018)",
    "Paralympicsresult": "F (2016)",
    "doublesrecord": "won=177",
    "highestdoublesranking": "No. '''1''' (31 January 2011)",
    "currentdoublesranking": "No. 3 (6 September 2021)",
    "AustralianOpenDoublesresult": "'''W''' (2011, 2012, 2014, 2015, 2017, 2022, 2024)",
    "FrenchOpenDoublesresult": "'''W''' (2021, 2023)",
    "WimbledonDoublesresult": "'''W''' (2019, 2021)",
    "USOpenDoublesresult": "'''W''' (2017, 2018, 2019, 2020)",
    "OthertournamentsDoubles": "yes",
    "WheelchairTennisMastersDoublesresult": "'''W''' (2010, 2016)",
    "ParalympicsDoublesresult": "F (2012)",
    "birth_date": "1990-10-11"
}