{
    "name": "Andy Kohlberg",
    "country_represented": "United States",
    "residence": "San Diego, United States",
    "birth_place": "New York City, United States",
    "height": "5",
    "turnedpro": "1979",
    "retired": "1988",
    "plays": "Left-handed",
    "careerprizemoney": "$169,395",
    "singlesrecord": "15\u201338",
    "singlestitles": "0",
    "highestsinglesranking": "No. 142 (February 24, 1986)",
    "AustralianOpenresult": "1R (1982)",
    "USOpenresult": "1R (1979, 1980, 1981, 1985)",
    "doublesrecord": "90\u2013100",
    "doublestitles": "1",
    "highestdoublesranking": "No. 26 (July 3, 1988)",
    "AustralianOpenDoublesresult": "1R (1982)",
    "FrenchOpenDoublesresult": "2R (1980)",
    "WimbledonDoublesresult": "3R (1985, 1987)",
    "USOpenDoublesresult": "QF (1985) ",
    "birth_date": "1959-08-17"
}