{
    "name": "Anett Kontaveit",
    "country": "EST",
    "birth_place": "Tallinn, Estonia",
    "residence": "Viimsi, Estonia",
    "height": "1.74 m",
    "turnedpro": "2010",
    "retired": "2023",
    "plays": "Right-handed (two-handed backhand)",
    "careerprizemoney": "US$7,940,128",
    "website": "http://anettkontaveit.ee/en anettkontaveit.ee",
    "singlesrecord": "won=390",
    "singlestitles": "6",
    "highestsinglesranking": "No. 2 (6 June 2022)",
    "AustralianOpenresult": "QF (2020)",
    "FrenchOpenresult": "4R (2018)",
    "Wimbledonresult": "3R (2017, 2018, 2019)",
    "USOpenresult": "4R (2015, 2020)",
    "Othertournaments": "yes",
    "Olympicsresult": "1R (2020)|",
    "WTAChampionshipsresult": "F (2021)",
    "doublesrecord": "won=55",
    "doublestitles": "0",
    "highestdoublesranking": "No. 95 (2 March 2020)",
    "AustralianOpenDoublesresult": "2R (2019, 2020)",
    "FrenchOpenDoublesresult": "3R (2019)",
    "WimbledonDoublesresult": "2R (2017, 2022)",
    "USOpenDoublesresult": "2R (2019, 2021)",
    "WimbledonMixedresult": "1R (2023)",
    "Team": "yes",
    "FedCupresult": "won=26 ",
    "birth_date": "1995-12-24"
}