{
    "name": "Ang\u00e9lica Gavald\u00f3n",
    "full_name": "Ang\u00e9lica Gavald\u00f3n Loaiza",
    "country": "MEX",
    "birth_place": "El Centro, California, U.S.",
    "retired": "2000",
    "plays": "Right-handed",
    "careerprizemoney": "$504,376",
    "singlesrecord": "184-162",
    "singlestitles": "0 WTA, 3 ITF",
    "highestsinglesranking": "No. 34 (1 January 1996)",
    "AustralianOpenresult": "QF (1990, 1995)",
    "FrenchOpenresult": "2R (1994)",
    "Wimbledonresult": "3R (1990, 1995)",
    "USOpenresult": "3R (1995)",
    "doublesrecord": "10\u20137",
    "doublestitles": "0 WTA, 1 ITF",
    "highestdoublesranking": "No. 236 (11 March 1991)",
    "birth_date": "1973-10-3"
}