{
    "name": "Angela Buxton",
    "country": "GBR",
    "birth_place": "Liverpool, Lancashire, England",
    "death_date": "df=yes",
    "death_place": "Fort Lauderdale, Florida, U.S.",
    "retired": "1957",
    "FrenchOpenresult": "QF (1954)",
    "Wimbledonresult": "F (1956)",
    "highestdoublesranking": "| AustralianOpenDoublesresult       =",
    "FrenchOpenDoublesresult": "'''W''' (1956)",
    "WimbledonDoublesresult": "'''W''' (1956)",
    "FrenchOpenMixedresult": "3R (1956)",
    "birth_date": "1934-8-16"
}