{
    "name": "Angelique van der Meet",
    "country": "NED",
    "birth_place": "'s-Heer Abtskerke, Netherlands",
    "careerprizemoney": "$54,431",
    "singlesrecord": "won=158",
    "singlestitles": "4 ITF",
    "highestsinglesranking": "228 (5 August 2013)",
    "USOpenresult": "Q2 (2013)",
    "doublesrecord": "won=35",
    "doublestitles": "3 ITF",
    "highestdoublesranking": "319 (24 June 2013)",
    "Team": "yes",
    "FedCupresult": "1\u20130 ",
    "birth_date": "1991-02-20"
}