{
    "name": "Angelika Bachmann",
    "country": "Germany",
    "residence": "Munich, Germany",
    "birth_place": "Munich, Germany",
    "height": "m=1.74",
    "turnedpro": "1998",
    "retired": "2010",
    "plays": "Right-handed (two-handed backhand)",
    "careerprizemoney": "422,119",
    "singlesrecord": "309\u2013290",
    "singlestitles": "0 WTA, 2 ITF",
    "highestsinglesranking": "130 (17 April 2000)",
    "AustralianOpenresult": "1R (2004, 2008)",
    "FrenchOpenresult": "1R (2000)",
    "Wimbledonresult": "Q3 (2000)",
    "USOpenresult": "1R (2000)",
    "doublesrecord": "140\u2013140",
    "doublestitles": "0 WTA, 7 ITF",
    "highestdoublesranking": "'''90''' (18 December 2000)",
    "AustralianOpenDoublesresult": "1R (2001)",
    "FrenchOpenDoublesresult": "1R (2000,2001)",
    "WimbledonDoublesresult": "2R (2000)",
    "USOpenDoublesresult": "1R (2000) ",
    "birth_date": "1979-05-16"
}