{
    "name": "Angelina Gabueva ,   \u0410\u043d\u0433\u0435\u043b\u0438\u043d\u0430 \u0413\u0430\u0431\u0443\u0435\u0432\u0430",
    "fullname": "Angelina Alexandrovna Gabueva",
    "country": "RUS",
    "birth_place": "Vladikavkaz, Russia",
    "height": "1.74 m",
    "plays": "Right-handed",
    "careerprizemoney": "US $179,652",
    "singlesrecord": "won=317",
    "singlestitles": "2 ITF",
    "highestsinglesranking": "No. 423 (17 June 2013)",
    "doublesrecord": "won=263",
    "doublestitles": "17 ITF",
    "highestdoublesranking": "No. 94 (26 September 2022)",
    "birth_date": "1988-12-07"
}