{
    "name": "Angela Haynes",
    "country": "USA",
    "residence": "Irvine, California",
    "birth_place": "Bellflower, California",
    "height": "5",
    "turnedpro": "2002",
    "retired": "2014",
    "plays": "Left (two-handed backhand)",
    "careerprizemoney": "$492,425",
    "singlesrecord": "won=223",
    "singlestitles": "2 ITF",
    "highestsinglesranking": "No. 95 (August 22, 2005)",
    "AustralianOpenresult": "1R (2005)",
    "FrenchOpenresult": "1R (2005)",
    "Wimbledonresult": "1R (2005)",
    "USOpenresult": "3R (2004)",
    "doublesrecord": "won=135",
    "doublestitles": "8 ITF",
    "highestdoublesranking": "No. 86 (September 15, 2008)",
    "WimbledonDoublesresult": "2R (2008)",
    "USOpenDoublesresult": "1R (2003, 2005, 2006, 2007, 2008, 2009) ",
    "birth_date": "1984-09-27"
}