{
    "name": "Angelique Kerber",
    "country": "Germany",
    "residence": "Puszczykowo, Poland",
    "birth_place": "Bremen, West Germany",
    "height": "1.73 m",
    "turnedpro": "2003",
    "plays": "Left-handed (two-handed backhand)",
    "coach": "Torben Beltz",
    "careerprizemoney": [
        "8th in all-time rankings"
    ],
    "website": "http://www.angelique-kerber.de/en angelique-kerber.de",
    "singlesrecord": "won=677",
    "singlestitles": "14",
    "highestsinglesranking": "No. '''1''' (12 September 2016)",
    "currentsinglesranking": "No. 332 (15 April 2024)",
    "AustralianOpenresult": "'''W''' (2016)",
    "FrenchOpenresult": "QF (2012, 2018)",
    "Wimbledonresult": "'''W''' (2018)",
    "USOpenresult": "'''W''' (2016)",
    "Othertournaments": "yes",
    "WTAChampionshipsresult": "F (2016)",
    "Olympicsresult": "(2016)",
    "doublesrecord": "won=59",
    "doublestitles": "0",
    "highestdoublesranking": "No. 103 (26 August 2013)",
    "AustralianOpenDoublesresult": "1R (2008, 2011, 2012)",
    "FrenchOpenDoublesresult": "2R (2012)",
    "WimbledonDoublesresult": "3R (2011)",
    "USOpenDoublesresult": "3R (2012)",
    "Team": "yes",
    "FedCupresult": "F (2014), record 13\u201312",
    "HopmanCupresult": "F (2018, 2019)",
    "UnitedCupresult": "W (2024)",
    "birth_date": "1988-01-18"
}