{
    "name": "Angelique Widjaja,  \u9ec4\u4f9d\u6797",
    "country": "INA",
    "residence": "Bandung, Indonesia",
    "birth_place": "Bandung",
    "height": "m=1.73",
    "turnedpro": "1999",
    "retired": "2008",
    "plays": "Right-handed (two-handed backhand)",
    "careerprizemoney": "$533,037",
    "singlesrecord": "won=118",
    "singlestitles": "2 WTA, 1 ITF",
    "highestsinglesranking": "No. 55 (31 March 2003)",
    "AustralianOpenresult": "1R (2003, 2004)",
    "FrenchOpenresult": "2R (2002)",
    "Wimbledonresult": "2R (2002, 2003)",
    "USOpenresult": "2R (2002)",
    "doublesrecord": "won=103",
    "doublestitles": "2 WTA, 6 ITF",
    "highestdoublesranking": "No. 15 (2 February 2004)",
    "AustralianOpenDoublesresult": "QF (2004)",
    "FrenchOpenDoublesresult": "3R (2002)",
    "WimbledonDoublesresult": "QF (2003, 2004)",
    "USOpenDoublesresult": "QF (2003)",
    "AustralianOpenMixedresult": "2R (2004)",
    "FrenchOpenMixedresult": "QF (2004)",
    "WimbledonMixedresult": "1R (2004)",
    "USOpenMixedresult": "1R (2004)",
    "birth_date": "1984-12-12"
}