{
    "name": "Angelika R\u00f6sch",
    "itf_name": "Angelika Roesch",
    "country": "GER",
    "residence": "Berlin, Germany",
    "birth_place": "East Berlin",
    "height": "m=1.72",
    "turnedpro": "1996",
    "retired": "2010",
    "plays": "Right-handed (two handed backhand)",
    "careerprizemoney": "$371,951",
    "singlesrecord": "won=347",
    "singlestitles": "5 ITF",
    "highestsinglesranking": "No. 69 (24 February 2003)",
    "AustralianOpenresult": "1R (2003)",
    "FrenchOpenresult": "1R (2003)",
    "Wimbledonresult": "1R (2002, 2003)",
    "USOpenresult": "1R (2002, 2003)",
    "doublesrecord": "won=125",
    "doublestitles": "6 ITF",
    "highestdoublesranking": "No. 107 (17 March 2003) ",
    "birth_date": "1977-06-08"
}