{
    "name": "Anhelina Kalinina   \u0410\u043d\u0433\u0435\u043b\u0456\u043d\u0430 \u041a\u0430\u043b\u0456\u043d\u0456\u043d\u0430",
    "fullname": "Anhelina Serhiyivna Kalinina",
    "country": "UKR",
    "birth_place": "Nova Kakhovka, Ukraine",
    "height": "1.80 m",
    "plays": "Right (two-handed backhand)",
    "coach": "Anton Korchevskyi",
    "careerprizemoney": "US$ 3,178,749",
    "singlesrecord": "won=346",
    "singlestitles": "1 WTA 125",
    "highestsinglesranking": "No. 25 (22 May 2023)",
    "currentsinglesranking": "No. 35 (4 March 2024)",
    "AustralianOpenresult": "3R (2023)",
    "FrenchOpenresult": "2R (2021, 2022)",
    "Wimbledonresult": "2R (2022, 2023)",
    "USOpenresult": "2R (2018, 2021, 2022)",
    "doublesrecord": "won=62",
    "doublestitles": "3 ITF",
    "highestdoublesranking": "No. 120 (3 April 2023)",
    "currentdoublesranking": "No. 121 (4 March 2024)",
    "AustralianOpenDoublesresult": "3R (2023)",
    "FrenchOpenDoublesresult": "1R (2022, 2023)",
    "WimbledonDoublesresult": "2R (2023)",
    "USOpenDoublesresult": "2R (2021)",
    "birth_date": "1997-02-07",
    "medaltemplates": [
        "Country: a border Mixed-NOCs team",
        "Competition: Youth Olympic Games",
        "Gold Medal: 2014 Nanjing Girls' doubles"
    ]
}