{
    "name": "Ani Mija\u010dika",
    "country": "CRO",
    "residence": "Makarska, Croatia",
    "birth_place": "Tu\u010depi, SR Croatia, SFR Yugoslavia",
    "plays": "Right (two-handed backhand)",
    "retired": "2014, active again 2016\u201318",
    "careerprizemoney": "$90,964",
    "singlesrecord": "won=203",
    "singlestitles": "10 ITF",
    "highestsinglesranking": "No. 193 (17 October 2011)",
    "USOpenresult": "Q1 (2010, 2011)",
    "doublesrecord": "won=82",
    "doublestitles": "10 ITF",
    "highestdoublesranking": "No. 222 (19 September 2011)",
    "Team": "yes",
    "FedCupresult": "won=4 ",
    "birth_date": "1987-06-15"
}