{
    "name": "Ani Amiraghyan  \u0531\u0576\u056b \u0531\u0574\u056b\u0580\u0561\u0572\u0575\u0561\u0576",
    "country": "ARM",
    "birth_place": "Yerevan, Armenia",
    "height": "1.68 m",
    "plays": "Right (two-handed backhand)",
    "careerprizemoney": "US$ 42,734",
    "singlesrecord": "won=191",
    "singlestitles": "1 ITF",
    "highestsinglesranking": "No. 422 (12 August 2013)",
    "doublesrecord": "won=72",
    "doublestitles": "6 ITF",
    "highestdoublesranking": "No. 505 (27 June 2016)",
    "Team": "yes",
    "FedCupresult": "won=29 ",
    "birth_date": "1993-10-09"
}