{
    "name": "Aniek van Koot",
    "country": "NED",
    "birth_place": "Winterswijk, Netherlands",
    "singlesrecord": "374\u2013144",
    "highestsinglesranking": "'''No. 1''' (28 January 2013)",
    "currentsinglesranking": "No. 6 (19 June 2023)",
    "AustralianOpenresult": "'''W''' (2013)",
    "FrenchOpenresult": "F (2012, 2014, 2015)",
    "Wimbledonresult": "'''W''' (2019)",
    "USOpenresult": "'''W''' (2013)",
    "Othertournaments": "yes",
    "WheelchairTennisMastersresult": "'''W''' (2014)",
    "Paralympicsresult": "'''Silver Medal (2)''' (2012, 2016)",
    "doublesrecord": "290\u201398",
    "highestdoublesranking": "'''No. 1''' (26 July 2010)",
    "currentdoublesranking": "No. 3 (19 June 2023)",
    "AustralianOpenDoublesresult": "'''W''' (2010, '''2013''', 2017, '''2019''', 2021, 2022, 2023)",
    "FrenchOpenDoublesresult": "'''W''' (2010, '''2013''', 2015, 2018, '''2019''', 2020, 2021, 2022)",
    "WimbledonDoublesresult": "'''W''' (2012, '''2013''', '''2019''')",
    "USOpenDoublesresult": "'''W''' ('''2013''', 2015, '''2019''', 2021, 2022)",
    "OthertournamentsDoubles": "yes",
    "WheelchairTennisMastersDoublesresult": "'''W''' (2010, 2012, 2015, 2018, 2019, 2021, 2022)",
    "ParalympicsDoublesresult": "'''Gold Medal''' (2016, 2020),  '''Silver Medal''' (2012)",
    "birth_date": "1990-8-15"
}