{
    "name": "Anita Wagner",
    "country": "BIH",
    "birth_place": "Tuzla, Bosnia and Herzegovina",
    "careerprizemoney": "US$ 64,176",
    "singlesrecord": "won=131",
    "singlestitles": "0",
    "highestsinglesranking": "No. 633 (16 December 2013)",
    "doublesrecord": "won=224",
    "doublestitles": "15 ITF",
    "highestdoublesranking": "No. 232 (29 January 2024)",
    "currentdoublesranking": "No. 234 (5 February 2024)",
    "Team": "yes",
    "FedCupresult": "won=11",
    "birth_date": "1994-06-27"
}