{
    "name": "Anke Huber",
    "country": "Germany",
    "residence": "Ludwigshafen, Germany",
    "birth_place": "Bruchsal, West Germany",
    "height": "m=1.73",
    "turnedpro": "1989",
    "retired": "31 October 2001",
    "plays": "Right-handed (two-handed backhand)",
    "careerprizemoney": "$4,768,292",
    "singlesrecord": "447\u2013225 (66.5%)",
    "singlestitles": "12 WTA, 2 ITF",
    "highestsinglesranking": "No. 4 (14 October 1996)",
    "AustralianOpenresult": "F (1996)",
    "FrenchOpenresult": "SF (1993)",
    "Wimbledonresult": "4R (1991, 1993, 1995, 2000, 2001)",
    "USOpenresult": "QF (1999, 2000)",
    "Othertournaments": "yes",
    "WTAChampionshipsresult": "F (1995)",
    "Olympicsresult": "QF (1992)",
    "doublesrecord": "130\u2013129",
    "doublestitles": "1",
    "highestdoublesranking": "No. 23 (9 February 1998)",
    "AustralianOpenDoublesresult": "3R (1996, 1997, 1998)",
    "FrenchOpenDoublesresult": "SF (1992)",
    "WimbledonDoublesresult": "3R (1992, 2000)",
    "USOpenDoublesresult": "QF (2000)",
    "Team": "yes",
    "FedCupresult": "'''W''' (1992)",
    "HopmanCupresult": "'''W''' (1995 with Boris Becker) ",
    "birth_date": "1974-12-4"
}