{
    "name": "Ankita Bhambri",
    "native_name": "\u0905\u0902\u0915\u093f\u0924\u093e \u092d\u093e\u092e\u094d\u092c\u0930\u0940",
    "native_name_lang": "hi",
    "country": "IND",
    "residence": "New Delhi, India",
    "birth_place": "New Delhi",
    "turnedpro": "2000",
    "plays": "Right-handed (two-handed backhand)",
    "careerprizemoney": "$62,691",
    "singlesrecord": "won=162",
    "singlestitles": "9 ITF",
    "highestsinglesranking": "No. 332 (1 May 2006)",
    "doublesrecord": "won=100",
    "doublestitles": "9 ITF",
    "highestdoublesranking": "No. 299 (31 October 2005) ",
    "birth_date": "1986-10-28"
}