{
    "name": "Ankita Raina",
    "full_name": "Ankita Ravinderkrishan Raina",
    "country": "IND",
    "birth_place": "Ahmedabad, Gujarat",
    "residence": "Pune, Maharashtra",
    "height": "1.63 m",
    "turnedpro": "May 2009",
    "plays": "Right (two-handed backhand)",
    "careerprizemoney": "US$ 731,575",
    "singlesrecord": "won=348",
    "singlestitles": "0 WTA, 11 ITF",
    "highestsinglesranking": "No. 160 (2 March 2020)",
    "currentsinglesranking": "No. 255 (8 April 2024)",
    "AustralianOpenresult": "Q3 (2021)",
    "FrenchOpenresult": "Q2 (2020, 2021, 2023)",
    "Wimbledonresult": "Q2 (2018, 2019)",
    "USOpenresult": "Q3 (2023)",
    "doublesrecord": "won=279",
    "doublestitles": "1 WTA, 1 WTA 125",
    "highestdoublesranking": "No. 93 (17 May 2021)",
    "currentdoublesranking": "No. 206 (15 January 2024)",
    "AustralianOpenDoublesresult": "1R (2021)",
    "FrenchOpenDoublesresult": "1R (2021)",
    "WimbledonDoublesresult": "1R (2021)",
    "WimbledonMixedresult": "1R (2021)",
    "USOpenDoublesresult": "1R (2021)",
    "OthertournamentsDoubles": "yes",
    "OlympicsDoublesresult": "1R (2020)",
    "Team": "yes",
    "FedCupresult": "won=30",
    "birth_date": "1993-01-11"
}