{
    "name": "Ann Grossman",
    "fullname": "Ann Grossman-Wunderlich",
    "country": "USA",
    "careerprizemoney": "$1,138,377",
    "singlesrecord": "won=223",
    "singlestitles": "0",
    "highestsinglesranking": "No. 29 (August 16, 1993)",
    "AustralianOpenresult": "3R (1994)",
    "FrenchOpenresult": "4R (1989, 1990)",
    "Wimbledonresult": "3R (1994)",
    "USOpenresult": "4R (1994)",
    "doublesrecord": "won=88",
    "doublestitles": "1 WTA",
    "highestdoublesranking": "No. 31 (November 15, 1993)",
    "AustralianOpenDoublesresult": "QF (1994)",
    "FrenchOpenDoublesresult": "2R (1990, 1993, 1994)",
    "WimbledonDoublesresult": "2R (1996)",
    "USOpenDoublesresult": "2R (1990)",
    "Team": "yes",
    "FedCupresult": "2\u20130",
    "birth_date": "1970-10-13"
}