{
    "name": "Ann Jones    CBE",
    "full_name": "Ann Shirley Jones",
    "country": "GBR Great Britain",
    "birth_place": "Kings Heath, Birmingham, England",
    "plays": "Left-handed",
    "tennishofyear": "1985",
    "tennishofid": "ann-haydon-jones",
    "singlesrecord": "1077-244 (81.5%)",
    "singlestitles": "136",
    "highestsinglesranking": "No. 2 (1967 , Lance Tingay )",
    "AustralianOpenresult": "SF (1969)",
    "FrenchOpenresult": "'''W''' (1961, 1966)",
    "Wimbledonresult": "'''W''' (1969)",
    "USOpenresult": "F (1961, 1967)",
    "AustralianOpenDoublesresult": "SF (1969)",
    "FrenchOpenDoublesresult": "'''W''' (1963, 1968, 1969)",
    "WimbledonDoublesresult": "F (1968)",
    "USOpenDoublesresult": "F (1960)",
    "Mixed": "yes",
    "AustralianOpenMixedresult": "'''W''' (1969)",
    "FrenchOpenMixedresult": "F (1960, 1966, 1967)",
    "WimbledonMixedresult": "'''W''' (1969) ",
    "birth_date": "1938-10-17"
}