{
    "name": "Anna Danilina   \u0410\u043d\u043d\u0430 \u0414\u0430\u043d\u0438\u043b\u0438\u043d\u0430",
    "country": "RUS (2009\u2013Nov 2010) KAZ (March 2011\u2013)",
    "birth_place": "Moscow, Russia",
    "height": "1.78 m",
    "plays": "Right (two-handed backhand)",
    "careerprizemoney": "US$941,859",
    "singlesrecord": "won=166",
    "singlestitles": "0",
    "highestsinglesranking": "No. 269 (14 September 2020)",
    "currentsinglesranking": "No. 939 (1 April 2024)",
    "doublesrecord": "won=283",
    "doublestitles": "5",
    "highestdoublesranking": "No. 10 (9 January 2023)",
    "currentdoublesranking": "No. 54 (8 April 2024)",
    "AustralianOpenDoublesresult": "F (2022)",
    "FrenchOpenDoublesresult": "2R (2022, 2023)",
    "WimbledonDoublesresult": "1R (2023)",
    "USOpenDoublesresult": "3R (2022)",
    "Mixed": "yes",
    "mixedtitles": "1",
    "AustralianOpenMixedresult": "1R (2023, 2024)",
    "FrenchOpenMixedresult": "1R (2022, 2023)",
    "WimbledonMixedresult": "QF (2023)",
    "USOpenMixedresult": "'''W''' (2023)",
    "OthertournamentsDoubles": "yes",
    "WTAChampionshipsDoublesresult": "RR (2022)",
    "Team": "yes",
    "FedCupresult": "won=5",
    "birth_date": "1995-08-20"
}