{
    "name": "Annabel Ellwood",
    "country": "AUS",
    "birth_place": "Canberra, Australia",
    "height": "165 cm",
    "plays": "Right-handed",
    "careerprizemoney": "US$ 519,219",
    "singlesrecord": "won=233",
    "singlestitles": "9 ITF",
    "highestsinglesranking": "No. 57 (21 April 1997)",
    "AustralianOpenresult": "3R (1998)",
    "FrenchOpenresult": "1R (1997,1998)",
    "Wimbledonresult": "1R (1996, 1997)",
    "USOpenresult": "2R (1996)",
    "doublesrecord": "won=168",
    "doublestitles": "14 ITF",
    "highestdoublesranking": "No. 60 (27 October 1997)",
    "AustralianOpenDoublesresult": "3R (2000)",
    "FrenchOpenDoublesresult": "3R (2001)",
    "WimbledonDoublesresult": "3R (2000)",
    "USOpenDoublesresult": "3R (1997)",
    "AustralianOpenMixedresult": "2R (2001, 2002)",
    "FrenchOpenMixedresult": "1R (1997, 1999)",
    "WimbledonMixedresult": "3R (1996) ",
    "birth_date": "1978-02-2"
}