{
    "name": "Anna Biele\u0144-\u017barska",
    "country": "Poland",
    "birth_place": "K\u0119dzierzyn-Ko\u017ale, Poland",
    "height": "1.74",
    "careerprizemoney": "$108,692",
    "retired": "2005",
    "singlesrecord": "229\u2013202",
    "singlestitles": "4 ITF",
    "highestsinglesranking": "No. 146 (3 April 2000)",
    "AustralianOpenresult": "Q1 (2000, 2001)",
    "FrenchOpenresult": "Q2 (2000)",
    "Wimbledonresult": "Q1 (2000)",
    "USOpenresult": "Q2 (2000)",
    "doublesrecord": "81\u201388",
    "doublestitles": "5 ITF",
    "highestdoublesranking": "No. 176 (30 July 2001)",
    "Team": "yes",
    "FedCupresult": "6\u20137 ",
    "birth_date": "1979-07-22"
}