{
    "name": "Anna Tatishvili",
    "country": "GEO (2005\u20132014)   USA (2014\u2013present)",
    "residence": "New York",
    "birth_place": "Tbilisi, Georgian SSR, Soviet Union",
    "height": "1.71",
    "turnedpro": "2005",
    "retired": "2020",
    "plays": "Right-handed (two-handed backhand)",
    "careerprizemoney": "US$ 1,554,295",
    "singlesrecord": "won=355",
    "singlestitles": "11 ITF",
    "highestsinglesranking": "No. 50 (8 October 2012)",
    "AustralianOpenresult": "2R (2012, 2015)",
    "FrenchOpenresult": "1R (2011, 2012, 2013, 2014, 2019)",
    "Wimbledonresult": "2R (2011, 2012)",
    "USOpenresult": "4R (2012)",
    "Othertournaments": "yes",
    "Olympicsresult": "2R (2012)",
    "doublesrecord": "won=158",
    "doublestitles": "1 WTA, 8 ITF",
    "highestdoublesranking": "No. 59 (21 May 2012)",
    "AustralianOpenDoublesresult": "1R (2012, 2015)",
    "FrenchOpenDoublesresult": "2R (2013)",
    "WimbledonDoublesresult": "1R (2012)",
    "USOpenDoublesresult": "3R (2011)",
    "OthertournamentsDoubles": "yes",
    "OlympicsDoublesresult": "1R (2012)",
    "Team": "yes",
    "FedCupresult": "10\u20133 ",
    "birth_date": "1990-2-3"
}