{
    "name": "Anna Smashnova",
    "country": "ISR",
    "birth_place": "Minsk, Byelorussian Soviet Socialist Republic, Soviet Union",
    "height": "1.57 m",
    "turnedpro": "January 1991",
    "retired": "July 2007",
    "plays": "Right-handed (one-handed backhand)",
    "careerprizemoney": "$2,274,431",
    "singlesrecord": "won=401",
    "singlestitles": "12 WTA, 7 ITF",
    "highestsinglesranking": "No. 15 (February 3, 2003)",
    "AustralianOpenresult": "3R (1995, 2003, 2005)",
    "FrenchOpenresult": "4R (1995, 1998)",
    "Wimbledonresult": "3R (2000)",
    "USOpenresult": "3R (1994)",
    "Othertournaments": "yes",
    "WTAChampionshipsresult": "1R (2002)",
    "Olympicsresult": "1R (2004)",
    "doublesrecord": "won=31",
    "doublestitles": "0",
    "highestdoublesranking": "No. 275 (July 10, 2006)",
    "AustralianOpenDoublesresult": "1R (2006, 2007)",
    "FrenchOpenDoublesresult": "1R (2005, 2006)",
    "WimbledonDoublesresult": "1R (2005, 2006)",
    "USOpenDoublesresult": "2R (2005) ",
    "birth_date": "1976-07-16"
}