{
    "name": "Anna-Lena Friedsam",
    "country": "GER",
    "birth_place": "Neuwied, Germany",
    "height": "1.74 m",
    "plays": "Right-handed (two-handed backhand)",
    "careerprizemoney": "US$2,558,368",
    "singlesrecord": "won=349",
    "singlestitles": "0",
    "highestsinglesranking": "No. 45 (15 August 2016)",
    "currentsinglesranking": "No. 194 (22 April 2024)",
    "AustralianOpenresult": "4R (2016)",
    "FrenchOpenresult": "2R (2015, 2023)",
    "Wimbledonresult": "3R (2016)",
    "USOpenresult": "2R (2020)",
    "Othertournaments": "yes",
    "Olympicsresult": "2R (2021)",
    "doublesrecord": "won=114",
    "doublestitles": "4",
    "highestdoublesranking": "No. 34 (21 September 2020)",
    "currentdoublesranking": "No. 119 (22 April 2024)",
    "AustralianOpenDoublesresult": "2R (2022)",
    "FrenchOpenDoublesresult": "3R (2016, 2019)",
    "WimbledonDoublesresult": "3R (2019)",
    "USOpenDoublesresult": "3R (2019)",
    "OthertournamentsDoubles": "yes",
    "OlympicsDoublesresult": "1R (2021)",
    "Team": "yes",
    "BJKCupresult": "RR (2021, 2023)",
    "birth_date": "1994-02-01"
}