{
    "name": "Anna Orlik, \u0413\u0430\u043d\u043d\u0430 \u041e\u0440\u043b\u0456\u043a",
    "country": "BLR",
    "birth_place": "Minsk, Belarus",
    "height": "1.69 m",
    "plays": "Right-handed (two-handed backhand)",
    "careerprizemoney": "$16,320",
    "singlesrecord": "38\u201324",
    "singlestitles": "0",
    "highestsinglesranking": "No. 585 (26 October 2009)",
    "doublesrecord": "34\u201312",
    "doublestitles": "6 ITF",
    "highestdoublesranking": "No. 387 (1 March 2010) ",
    "birth_date": "1993-3-05"
}