{
    "name": "Anna Arina Marenko, \u0410\u043d\u043d\u0430 \u0410\u0440\u0438\u043d\u0430 \u041c\u0430\u0440\u044c\u0435\u043d\u043a\u043e",
    "country": "RUS",
    "birth_place": "Moscow, Russia",
    "height": "1.70",
    "turnedpro": "2008",
    "plays": "Right (two-handed backhand)",
    "careerprizemoney": "$20,158",
    "singlesrecord": "48\u201354",
    "singlestitles": "0",
    "highestsinglesranking": "No. 411 (4 July 2011)",
    "doublesrecord": "42\u201338",
    "doublestitles": "5 ITF",
    "highestdoublesranking": "No. 338 (20 December 2010) ",
    "birth_date": "1992-01-02"
}