{
    "name": "Anna Linkova ,   \u0410\u043d\u043d\u0430 \u041b\u0438\u043d\u043a\u043e\u0432\u0430",
    "fullname": "Anna Linkova",
    "country": "Russia",
    "birth_place": "Soviet Union",
    "careerprizemoney": "$25,811",
    "singlesrecord": "93\u201365",
    "singlestitles": "1 ITF",
    "highestsinglesranking": "No. 338 (27 January 1997)",
    "FrenchOpenjuniorresult": "1R (1994)",
    "Wimbledonjuniorresult": "2R (1994)",
    "doublesrecord": "61\u201359",
    "doublestitles": "1 ITF",
    "highestdoublesranking": "No. 247 (21 July 1997)",
    "FrenchOpenDoublesjuniorresult": "2R (1994)",
    "WimbledonDoublesjuniorresult": "2R (1994) ",
    "birth_date": "1977-01-22"
}