{
    "name": "Anna Lapushchenkova  \u0410\u043d\u043d\u0430 \u041b\u0430\u043f\u0443\u0449\u0435\u043d\u043a\u043e\u0432\u0430",
    "country": "RUS",
    "residence": "Moscow",
    "birth_place": "Moscow, Soviet Union",
    "height": "1.72 m",
    "plays": "Right (two-handed backhand)",
    "careerprizemoney": "$293,618",
    "singlesrecord": "won=186",
    "singlestitles": "11 ITF",
    "highestsinglesranking": "No. 93 (24 May 2010)",
    "AustralianOpenresult": "Q3 (2009)",
    "FrenchOpenresult": "Q3 (2008)",
    "Wimbledonresult": "1R (2010)",
    "USOpenresult": "Q3 (2008, 2009)",
    "doublesrecord": "won=41",
    "doublestitles": "1 ITF",
    "highestdoublesranking": "No. 157 (9 March 2009) ",
    "birth_date": "1986-10-24"
}