{
    "name": "Annabel Croft",
    "fullname": "Annabel Nicola Croft",
    "country": "GBR Great Britain",
    "residence": "Kingston upon Thames title=Annabel Croft ",
    "birth_place": "Farnborough, Kent, England",
    "retired": "1988",
    "careerprizemoney": "$201,254",
    "singlesrecord": "49\u201368",
    "singlestitles": "1",
    "highestsinglesranking": "No. 24 (31 December 1985)",
    "AustralianOpenresult": "2R (1984, 1985)",
    "FrenchOpenresult": "2R (1986)",
    "Wimbledonresult": "3R (1984)",
    "USOpenresult": "3R (1986)",
    "doublesrecord": "13\u201336",
    "doublestitles": "0",
    "highestdoublesranking": "No. 126 (21 December 1986) ",
    "birth_date": "1966-07-12"
}