{
    "name": "Anna Gerasimou ,   \u0386\u03bd\u03bd\u03b1 \u0393\u03b5\u03c1\u03b1\u03c3\u03af\u03bc\u03bf\u03c5",
    "country": "GRE",
    "residence": "Athens",
    "birth_place": "Kavala",
    "turnedpro": "2003",
    "retired": "2010",
    "plays": "Right-handed (two-handed backhand)",
    "careerprizemoney": "$85,137",
    "singlesrecord": "won=165",
    "singlestitles": "7 ITF",
    "highestsinglesranking": "No. 200 (9 March 2009)",
    "FrenchOpenresult": "Q1 (2009)",
    "Wimbledonresult": "Q1 (2009)",
    "doublesrecord": "won=41",
    "doublestitles": "3 ITF",
    "highestdoublesranking": "No. 201 (7 June 2010) ",
    "birth_date": "1987-10-15"
}