{
    "name": "Anna-Maria Fernandez",
    "country": "USA",
    "birth_place": "Torrance, California, U.S.",
    "height": "5",
    "turnedpro": "1978",
    "retired": "1989",
    "singlesrecord": "50\u201371",
    "singlestitles": "0",
    "highestsinglesranking": "No. 19 (March 5, 1980)",
    "AustralianOpenresult": "2R (1983, 1988)",
    "FrenchOpenresult": "1R (1983, 1987)",
    "Wimbledonresult": "2R (1986)",
    "USOpenresult": "3R (1978)",
    "doublesrecord": "57\u201365",
    "doublestitles": "4",
    "highestdoublesranking": "No. 44 (August 3, 1987)",
    "AustralianOpenDoublesresult": "QF (1982)",
    "FrenchOpenDoublesresult": "2R (1983)",
    "WimbledonDoublesresult": "QF (1987)",
    "USOpenDoublesresult": "2R (1982, 1984, 1985, 1988) ",
    "birth_date": "1960-10-22"
}