{
    "name": "Anna Bond\u00e1r",
    "country": "HUN",
    "birth_place": "Szeghalom",
    "plays": "Right (two-handed backhand)",
    "height": "1.75 m",
    "careerprizemoney": "US$ 1,553,363",
    "singlesrecord": "won=359",
    "singlestitles": "1 WTA 125",
    "highestsinglesranking": "No. 50 (18 July 2022)",
    "currentsinglesranking": "No. 114 (8 April 2024)",
    "AustralianOpenresult": "2R (2023)",
    "FrenchOpenresult": "1R (2022, 2023)",
    "Wimbledonresult": "1R (2022, 2023)",
    "USOpenresult": "1R (2022)",
    "doublesrecord": "won=224",
    "doublestitles": "2 WTA, 2 WTA 125",
    "highestdoublesranking": "No. 43 (30 January 2023)",
    "currentdoublesranking": "No. 47 (8 April 2024)",
    "AustralianOpenDoublesresult": "2R (2023, 2024)",
    "FrenchOpenDoublesresult": "QF (2022, 2023)",
    "WimbledonDoublesresult": "3R (2023)",
    "USOpenDoublesresult": "2R (2022)",
    "Team": "yes",
    "FedCupresult": "16\u20139",
    "birth_date": "1997-05-27"
}