{
    "name": "Anna Zaja",
    "country": "GER",
    "birth_place": "Sigmaringen, Germany",
    "height": "1.83 m",
    "plays": "Right-handed (two-handed backhand) |retired                = July 2022",
    "careerprizemoney": "$300,489",
    "singlesrecord": "won=332",
    "singlestitles": "6 ITF",
    "highestsinglesranking": "No. 184 (6 May 2019)",
    "AustralianOpenresult": "Q2 (2019)",
    "FrenchOpenresult": "Q1 (2019)",
    "Wimbledonresult": "Q2 (2019)",
    "USOpenresult": "1R (2017)",
    "doublesrecord": "won=164",
    "doublestitles": "13 ITF",
    "highestdoublesranking": "No. 145 (28 April 2014)",
    "birth_date": "1991-06-25"
}