{
    "name": "Anna-Lena Gr\u00f6nefeld",
    "itf_name": "Anna-Lena Groenefeld",
    "country": "Germany",
    "residence": "Hanover, Germany",
    "birth_place": "Nordhorn, West Germany",
    "height": "1.80 m",
    "turnedpro": "April 2003",
    "retired": "December 2019",
    "plays": "Right-handed (two-handed backhand)",
    "careerprizemoney": "$4,662,619",
    "singlesrecord": "won=287",
    "singlestitles": "1 WTA, 12 ITF",
    "highestsinglesranking": "No. 14 (17 April 2006)",
    "AustralianOpenresult": "3R (2005)",
    "FrenchOpenresult": "QF (2006)",
    "Wimbledonresult": "1R (2004, 2005, 2006, 2007, 2009, 2010)",
    "USOpenresult": "4R (2008)",
    "doublesrecord": "won=451",
    "doublestitles": "17 WTA, 1 WTA 125K, 6 ITF",
    "highestdoublesranking": "No. 7 (6 March 2006)",
    "AustralianOpenDoublesresult": "SF (2006, 2015)",
    "FrenchOpenDoublesresult": "QF (2009)",
    "WimbledonDoublesresult": "SF (2005, 2013, 2017)",
    "USOpenDoublesresult": "SF (2005, 2015)",
    "OthertournamentsDoubles": "yes",
    "WTAChampionshipsDoublesresult": "SF (2019)",
    "Mixed": "yes",
    "mixedtitles": "2",
    "AustralianOpenMixedresult": "QF (2006, 2019)",
    "FrenchOpenMixedresult": "'''W''' (2014)",
    "WimbledonMixedresult": "'''W''' (2009)",
    "USOpenMixedresult": "SF (2010, 2016)",
    "Team": "yes",
    "FedCupresult": "F (2014), record 20\u201318 ",
    "birth_date": "1985-06-04"
}