{
    "name": "Anna Smith",
    "country": "GBR",
    "residence": "Sanderstead, London, England",
    "birth_place": "Redhill, Surrey, England",
    "height": "1.74 m",
    "turnedpro": "2004 |retired=2019",
    "plays": "Right (two-handed backhand)",
    "careerprizemoney": "$405,594",
    "singlesrecord": "won=211",
    "singlestitles": "5 ITF",
    "highestsinglesranking": "No. 262 (9 August 2010)",
    "Wimbledonresult": "Q2 (2008)",
    "doublesrecord": "won=287",
    "doublestitles": "1 WTA, 29 ITF",
    "highestdoublesranking": "No. 46 (21 May 2018)",
    "AustralianOpenDoublesresult": "3R (2016)",
    "FrenchOpenDoublesresult": "2R (2016, 2017)",
    "WimbledonDoublesresult": "2R (2015)",
    "USOpenDoublesresult": "1R (2015, 2017)",
    "WimbledonMixedresult": "3R (2010, 2016)",
    "Team": "yes",
    "FedCupresult": "6\u20131 ",
    "birth_date": "1988-08-14"
}