{
    "name": "Anna Fitzpatrick",
    "country": "GBR",
    "residence": "Sheffield, South Yorkshire, England",
    "birth_place": "Sheffield, South Yorkshire, England",
    "height": "meters=1.73",
    "turnedpro": "2005",
    "plays": "Right-handed (two-handed backhand)",
    "careerprizemoney": "$96,813",
    "singlesrecord": "163\u2013154",
    "singlestitles": "0 WTA, 3 ITF",
    "highestsinglesranking": "No. 318 (16 June 2008)",
    "Wimbledonresult": "Q2 (2007)",
    "doublesrecord": "155\u2013125",
    "doublestitles": "19 ITF",
    "highestdoublesranking": "No. 215 (12 May 2008)",
    "WimbledonDoublesresult": "1R (2007, 2008) ",
    "birth_date": "1989-04-06"
}