{
    "name": "Anna Karol\u00edna Schmiedlov\u00e1",
    "country": "SVK",
    "residence": "Bratislava, Slovakia",
    "birth_place": "Ko\u0161ice, Slovakia",
    "height": "1.76 m",
    "turnedpro": "2011",
    "plays": "Right-handed (two-handed backhand)",
    "coach": "Milan Martinec",
    "careerprizemoney": "US$4,319,684",
    "singlesrecord": "won=400",
    "singlestitles": "3",
    "highestsinglesranking": "No. 26 (12 October 2015)",
    "currentsinglesranking": "No. 76 (26 February 2024)",
    "AustralianOpenresult": "2R (2014, 2015, 2021, 2023)",
    "FrenchOpenresult": "4R (2023)",
    "Wimbledonresult": "2R (2022)",
    "USOpenresult": "3R (2015, 2023)",
    "Othertournaments": "yes",
    "Olympicsresult": "2R (2016)",
    "doublesrecord": "won=39",
    "doublestitles": "0",
    "highestdoublesranking": "No. 213 (15 June 2015)",
    "currentdoublesranking": "No. 1119 (26 February 2024)",
    "AustralianOpenDoublesresult": "1R (2015, 2016, 2022, 2024)",
    "FrenchOpenDoublesresult": "2R (2015)",
    "WimbledonDoublesresult": "1R (2014, 2016, 2023)",
    "USOpenDoublesresult": "2R (2014)",
    "Team": "yes",
    "FedCupresult": "won=12",
    "birth_date": "1994-09-13"
}