{
    "name": "Anna Brazhnikova",
    "country": "SWE",
    "residence": "Halmstad, Sweden",
    "birth_place": "Tashkent, Uzbekistan",
    "height": "1.65 m",
    "turnedpro": "2007",
    "plays": "Right (two-handed backhand)",
    "careerprizemoney": "$25,796",
    "singlesrecord": "57-65",
    "singlestitles": "0",
    "highestsinglesranking": "No. 421 (2 November 2009)",
    "doublesrecord": "45\u201337",
    "doublestitles": "3 ITF",
    "highestdoublesranking": "No. 309 (10 May 2010) ",
    "birth_date": "1991-10-04"
}