{
    "name": "Anna Smolina ,  \u0410\u043d\u043d\u0430 \u0421\u043c\u043e\u043b\u0438\u043d\u0430",
    "fullname": "Anna Arkadyevna Smolina",
    "country": "RUS",
    "birth_place": "Kazan, Russia",
    "careerprizemoney": "$16,571",
    "singlesrecord": "43\u201362",
    "singlestitles": "0",
    "highestsinglesranking": "No. 725 (25 November 2013)",
    "doublesrecord": "48\u201348",
    "doublestitles": "4 ITF",
    "highestdoublesranking": "No. 466 (29 October 2012) ",
    "birth_date": "1994-09-01"
}