{
    "name": "Anne Minter",
    "country": "AUS",
    "residence": "Victoria, Australia",
    "birth_place": "Victoria, Australia",
    "turnedpro": "1981",
    "plays": "Right-handed (one-handed backhand)",
    "careerprizemoney": "US$ 682,839",
    "singlesrecord": "won=258",
    "singlestitles": "4 WTA, 1 ITF",
    "highestsinglesranking": "No. 23 (4 July 1988)",
    "AustralianOpenresult": "QF (1988)",
    "FrenchOpenresult": "3R (1987)",
    "Wimbledonresult": "4R (1991, 1988)",
    "USOpenresult": "3R (1984, 1988, 1989)",
    "doublesrecord": "won=108",
    "doublestitles": "2 ITF",
    "highestdoublesranking": "No. 68 (19 March 1990) ",
    "birth_date": "1963-4-3"
}