{
    "name": "Anne Keothavong,  country=GBR",
    "country": "GBR",
    "residence": "London, England",
    "birth_place": "Hackney, London, England, UK",
    "height": "1.75 m",
    "turnedpro": "2001",
    "retired": "2013",
    "plays": "Right-handed (two-handed backhand)",
    "careerprizemoney": "$1,303,091",
    "singlesrecord": "won=418",
    "singlestitles": "20 ITF",
    "highestsinglesranking": "No. 48 (23 February 2009)",
    "AustralianOpenresult": "2R (2011)",
    "FrenchOpenresult": "1R (2009, 2010, 2011, 2012)",
    "Wimbledonresult": "2R (2004, 2008, 2011,  2012)",
    "USOpenresult": "3R (2008)",
    "Othertournaments": "yes",
    "Olympicsresult": "1R (2012)",
    "doublesrecord": "won=106",
    "doublestitles": "8 ITF",
    "highestdoublesranking": "No. 94 (18 April 2011)",
    "AustralianOpenDoublesresult": "2R (2009)",
    "FrenchOpenDoublesresult": "1R (2009)",
    "WimbledonDoublesresult": "2R (2008)",
    "USOpenDoublesresult": "1R (2008)",
    "WimbledonMixedresult": "2R (2008)",
    "Team": "yes",
    "FedCupresult": "22\u201322 ",
    "birth_date": "1983-09-16"
}