{
    "name": "Anne White",
    "country": "USA",
    "residence": "Los Angeles, California, U.S.",
    "birth_place": "Charleston, West Virginia, U.S.",
    "height": "1.80",
    "plays": "Right-handed",
    "singlesrecord": "109\u2013115",
    "singlestitles": "1",
    "highestsinglesranking": "No. 19 (17 March 1986)",
    "AustralianOpenresult": "2R (1981 1983)",
    "FrenchOpenresult": "4R (1984)",
    "Wimbledonresult": "3R (1982)",
    "USOpenresult": "4R (1983)",
    "doublesrecord": "136\u2013108",
    "doublestitles": "8",
    "highestdoublesranking": "No. 9 (14 March 1988)",
    "AustralianOpenDoublesresult": "2R (1983, 1984)",
    "FrenchOpenDoublesresult": "SF (1985)",
    "WimbledonDoublesresult": "3R (1984, 1985)",
    "USOpenDoublesresult": "SF (1984)",
    "WimbledonMixedresult": "QF (1982, 1985)",
    "birth_date": "1961-9-28"
}