{
    "name": "Anne Smith",
    "country": "United States",
    "residence": "Dallas, Texas",
    "birth_place": "Dallas, Texas, United States",
    "height": "ft=5",
    "turnedpro": "1978",
    "retired": "1991",
    "plays": "Right-handed (one-handed backhand)",
    "careerprizemoney": "US$1,163,494",
    "singlesrecord": "203\u2013175",
    "singlestitles": "3",
    "highestsinglesranking": "No. 11 (July 1, 1980)",
    "AustralianOpenresult": "QF (1982)",
    "FrenchOpenresult": "4R (1981, 1982)",
    "Wimbledonresult": "QF (1982)",
    "USOpenresult": "QF (1981)",
    "doublesrecord": "416\u2013168",
    "doublestitles": "38",
    "highestdoublesranking": "No. 1 (1980 & 1981)",
    "AustralianOpenDoublesresult": "'''W''' (1981)",
    "FrenchOpenDoublesresult": "'''W''' (1980, 1982)",
    "WimbledonDoublesresult": "'''W''' (1980)",
    "USOpenDoublesresult": "'''W''' (1981)",
    "Mixed": "Yes",
    "mixedtitles": "5",
    "AustralianOpenMixedresult": "1R (1991)",
    "FrenchOpenMixedresult": "'''W''' (1980, 1984)",
    "WimbledonMixedresult": "'''W''' (1982)",
    "USOpenMixedresult": "'''W''' (1981, 1982) ",
    "birth_date": "1959-7-1"
}