{
    "name": "Annette Van Zyl",
    "country": "RSA South Africa",
    "birth_place": "Pretoria, South Africa",
    "height": "m=1.80",
    "plays": "Right-handed",
    "singlestitles": "11",
    "highestsinglesranking": "No. 6 (1965, 1966)",
    "AustralianOpenresult": "SF (1965)",
    "FrenchOpenresult": "SF (1967, 1968)",
    "Wimbledonresult": "QF (1966)",
    "USOpenresult": "QF (1967)",
    "doublestitles": "4",
    "AustralianOpenDoublesresult": "QF (1965)",
    "FrenchOpenDoublesresult": "F (1967)",
    "WimbledonDoublesresult": "QF (1963)",
    "USOpenDoublesresult": "SF (1967)",
    "AustralianOpenMixedresult": "3R (1965)",
    "FrenchOpenMixedresult": "'''W''' (1966)",
    "WimbledonMixedresult": "SF (1966, 1967)",
    "birth_date": "1943-09-25"
}