{
    "name": "Anne de Borman",
    "fullname": "Christine Anne de Borman",
    "country": "BEL",
    "birth_place": "Saint-Josse-ten-Noode, Belgium",
    "death_date": "df=yes",
    "death_place": "Brussels, Belgium",
    "website": "|AustralianOpenresult              =  |FrenchOpenresult                  =  |Wimbledonresult                   = 1R (1921) |USOpenresult                      =  |Othertournaments                  = yes |Olympicsresult                    = QF (1920) |doublesrecord                     =  |doublestitles                     =  |highestdoublesranking             =  |currentdoublesranking             =  |grandslamsdoublesresults          = |AustralianOpenDoublesresult       =  |FrenchOpenDoublesresult           =  |WimbledonDoublesresult            = QF (1921) |USOpenDoublesresult               =  |OthertournamentsDoubles           =  |OlympicsDoublesresult             = QF (1920) |Mixed                             =  |mixedrecord                       =  |mixedtitles                       =  |AustralianOpenMixedresult         =  |FrenchOpenMixedresult             =  |WimbledonMixedresult              = 1R (1921) |USOpenMixedresult                 =  |OthertournamentsMixedDoubles      =  |OlympicMixedDoublesresult         = 2R (1920, 1924) |WHCCMixedDoublesresult             = '''W''' (1912) ",
    "birth_date": "1881-2-3"
}