{
    "name": "Annie Miller",
    "fullname": "Annie Miller",
    "country": "United States",
    "careerprizemoney": "$346,726",
    "singlesrecord": "152\u2013109",
    "singlestitles": "0 WTA, 3 ITF",
    "highestsinglesranking": "40 (21 September 1998)",
    "AustralianOpenresult": "2R (1998)",
    "FrenchOpenresult": "1R (1996, 1998)",
    "Wimbledonresult": "2R (1996, 1998)",
    "USOpenresult": "3R (1998)",
    "doublesrecord": "18\u201333",
    "doublestitles": "0 WTA, 1 ITF",
    "highestdoublesranking": "314 (12 October 1998)",
    "USOpenDoublesresult": "1R (1997)",
    "birth_date": "1977-1-19"
}