{
    "name": "Annika Beck",
    "country": "GER",
    "residence": "Bonn, Germany",
    "birth_place": "Gie\u00dfen, Germany",
    "height": "1.70 m",
    "turnedpro": "2009",
    "retired": "21 October 2018",
    "plays": "Right (two-handed backhand)",
    "careerprizemoney": "$2,254,932",
    "singlesrecord": "251\u2013189",
    "singlestitles": "2 WTA, 7 ITF",
    "highestsinglesranking": "No. 37 (18 July 2016)",
    "AustralianOpenresult": "4R (2016)",
    "FrenchOpenresult": "3R (2015, 2016)",
    "Wimbledonresult": "3R (2016)",
    "USOpenresult": "2R (2016)",
    "doublesrecord": "28\u201361",
    "doublestitles": "1 WTA",
    "highestdoublesranking": "No. 84 (18 July 2016)",
    "AustralianOpenDoublesresult": "2R (2014, 2017)",
    "FrenchOpenDoublesresult": "2R (2014, 2015)",
    "WimbledonDoublesresult": "2R (2016)",
    "USOpenDoublesresult": "1R (2013, 2014, 2015, 2016)",
    "Team": "yes",
    "FedCupresult": "2\u20131 ",
    "birth_date": "1994-02-16"
}