{
    "name": "Anousjka van Exel",
    "country": "NED",
    "birth_place": "Heerhugowaard",
    "careerprizemoney": "$104,129",
    "singlesrecord": "115\u201388",
    "singlestitles": "3 ITF",
    "highestsinglesranking": "No. 203 (7 April 2003)",
    "AustralianOpenresult": "Q1 (2002, 2003)",
    "FrenchOpenresult": "Q1 (2003)",
    "Wimbledonresult": "Q2 (2002)",
    "USOpenresult": "Q1 (2001, 2003, 2004)",
    "doublesrecord": "91\u201371",
    "doublestitles": "8 ITF",
    "highestdoublesranking": "No. 100 (13 May 2002)",
    "AustralianOpenDoublesresult": "3R (2002)",
    "FrenchOpenDoublesresult": "1R (2002)",
    "WimbledonDoublesresult": "1R (2002)",
    "USOpenDoublesresult": "1R (2001)",
    "Team": "yes",
    "FedCupresult": "1\u20133 ",
    "birth_date": "1974-10-05"
}