{
    "name": "Ansley Cargill",
    "country_represented": "USA",
    "residence": "Atlanta, Georgia, U.S.",
    "birth_place": "Atlanta, Georgia, U.S.",
    "height": "5",
    "college": "Duke University",
    "turnedpro": "2001",
    "retired": "2006",
    "plays": "Right-handed (two handed backhand)",
    "careerprizemoney": "$338,622",
    "singlesrecord": "won=199",
    "singlestitles": "4 ITF",
    "highestsinglesranking": "No. 90 (May 5, 2003)",
    "AustralianOpenresult": "2R (2003)",
    "FrenchOpenresult": "1R (2003)",
    "Wimbledonresult": "1R (2003)",
    "USOpenresult": "1R (2000, 2001, 2002, 2003)",
    "doublesrecord": "won=90",
    "doublestitles": "4 ITF",
    "highestdoublesranking": "No. 67 (September 13, 2004)",
    "AustralianOpenDoublesresult": "1R (2004)",
    "FrenchOpenDoublesresult": "2R (2004)",
    "WimbledonDoublesresult": "2R (2004)",
    "USOpenDoublesresult": "3R (2002)",
    "birth_date": "1982-01-05"
}