{
    "name": "Ante Pavi\u0107",
    "country_represented": "CRO",
    "residence": "Zagreb, Croatia",
    "birth_place": "Ogulin, Croatia",
    "height": "1.96",
    "retired": "2021",
    "plays": "Right-handed",
    "careerprizemoney": "$472,795",
    "singlesrecord": "3\u201311",
    "singlestitles": "0",
    "highestsinglesranking": "No. 132 (13 October 2014)",
    "AustralianOpenresult": "Q2 (2014)",
    "FrenchOpenresult": "1R (2014)",
    "Wimbledonresult": "2R (2014)",
    "USOpenresult": "Q1 (2014, 2015, 2018)",
    "doublesrecord": "4\u20139",
    "doublestitles": "0",
    "highestdoublesranking": "No. 106 (6 January 2020)",
    "birth_date": "1989-03-07"
}