{
    "name": "Anthony Wilding",
    "fullname": "Anthony Frederick Wilding",
    "country": "New Zealand",
    "birth_place": "Christchurch, New Zealand",
    "death_date": "1915",
    "death_place": "Aubers Ridge, Neuve-Chapelle, France",
    "height": "1.87",
    "plays": "Right-handed (one-handed backhand)",
    "singlesrecord": "636\u201357 (91.7%) title=Anthony Wilding: Career match record",
    "singlestitles": "123",
    "highestsinglesranking": "No. '''1''' (1911 , ITHF )",
    "tennishofyear": "1978",
    "tennishofid": "anthony-wilding",
    "AustralianOpenresult": "'''W''' (1906, 1909)",
    "Wimbledonresult": "'''W''' (1910, 1911, 1912, 1913Between 1913 and 1923 Wimbledon was also known as the World Grass Court Championships sanctioned by the ILTF)",
    "Othertournaments": "yes",
    "WHCCresult": "'''W''' (1913, 1914)",
    "WCCCresult": "'''W''' (1913)",
    "AustralianOpenDoublesresult": "'''W''' (1906)",
    "WimbledonDoublesresult": "'''W''' (1907, 1908, 1910, 1914)",
    "WimbledonMixedresult": "F (1914)",
    "Team": "yes",
    "DavisCupresult": "'''W''' (1907, 1908, 1909, 1914)",
    "birth_date": "1883-10-31"
}