{
    "name": "Antonio Palafox",
    "fullname": "Antonio R. Palafox",
    "country": "MEX Mexico",
    "birth_place": "Guadalajara, Mexico",
    "plays": "|singlesrecord= 267\u2013158 |singlestitles= 14",
    "FrenchOpenresult": "3R (1958, 1964)",
    "Wimbledonresult": "4R (1961, 1963)",
    "USOpenresult": "QF (1965)",
    "WimbledonDoublesresult": "'''W''' (1963) http://www.wimbledon.com/en_GB/scores/draws/archive/players/553c0700-3ac7-4225-bac1-d683ccc48216/index.html Wimbledon Results Archive",
    "USOpenDoublesresult": "'''W''' (1962)",
    "Mixed": "yes",
    "WimbledonMixedresult": "QF (1960)",
    "USOpenMixedresult": "F (1960)",
    "Team": "yes",
    "DavisCupresult": "F Ch  (1962)",
    "birth_date": "1936-4-28"
}