{
    "name": "Antonia Lottner",
    "country": "GER",
    "birth_place": "D\u00fcsseldorf-Kaiserswerth, Germany",
    "height": "1.85 m",
    "careerprizemoney": "US$ 646,879",
    "singlesrecord": "won=199",
    "singlestitles": "7 ITF",
    "highestsinglesranking": "No. 128 (25 June 2018)",
    "AustralianOpenresult": "1R (2020)",
    "FrenchOpenresult": "1R (2019)",
    "Wimbledonresult": "1R (2018)",
    "USOpenresult": "1R (2016)",
    "doublesrecord": "won=80",
    "doublestitles": "6 ITF",
    "highestdoublesranking": "No. 131 (13 April 2015)",
    "Team": "yes",
    "FedCupresult": "SF (2018), record 2\u20131",
    "birth_date": "1996-08-13"
}