{
    "name": "Antonio \u0160an\u010di\u0107",
    "country": "CRO",
    "residence": "Samobor, Croatia",
    "birth_place": "Brezice, Slovenia",
    "height": "1.83 m",
    "retired": "2022 (last match played)",
    "plays": "Right handed (double handed backhand)",
    "careerprizemoney": "277,711",
    "singlesrecord": "0\u20130 (ATP Tour level, Grand Slam level, and Davis Cup)",
    "singlestitles": "0",
    "highestsinglesranking": "No. 362 (17 August 2009)",
    "doublesrecord": "23\u201335 (ATP Tour level, Grand Slam level, and Davis Cup)",
    "doublestitles": "0",
    "highestdoublesranking": "No. 60 (23 April 2018)",
    "FrenchOpenDoublesresult": "1R (2018)",
    "WimbledonDoublesresult": "3R (2017)",
    "USOpenDoublesresult": "1R (2018) |updated                = 9 April 2023 ",
    "birth_date": "1988-11-23"
}