{
    "name": "Arantxa Rus",
    "country": "NED",
    "residence": "Barcelona, Spain &  Monster, Netherlands",
    "birth_place": "Monster, Netherlands",
    "height": "1.80 m",
    "turnedpro": "2008",
    "coach": "Julian Alonso, Alberto Cammarata",
    "plays": "Left (two-handed backhand)",
    "careerprizemoney": "US$ 3,507,761",
    "singlesrecord": "won=670",
    "singlestitles": "1",
    "highestsinglesranking": "No. 41 (14 August 2023)",
    "currentsinglesranking": "No. 53 (8 April 2024)",
    "AustralianOpenresult": "2R (2011, 2020, 2024)",
    "FrenchOpenresult": "4R (2012)",
    "Wimbledonresult": "3R (2012)",
    "USOpenresult": "2R (2011)",
    "doublesrecord": "won=252",
    "doublestitles": "4",
    "highestdoublesranking": "No. 56 (8 November 2021)",
    "currentdoublesranking": "No. 87 (8 April 2024)",
    "AustralianOpenDoublesresult": "2R (2021)",
    "FrenchOpenDoublesresult": "2R (2020, 2021)",
    "WimbledonDoublesresult": "3R (2021)",
    "USOpenDoublesresult": "3R (2023)",
    "Team": "yes",
    "FedCupresult": "won=18   (singles 17\u201316)",
    "birth_date": "1990-12-13"
}