{
    "name": "Arantxa Parra Santonja",
    "country": "ESP",
    "residence": "Barcelona, Spain",
    "birth_place": "Valencia, Spain",
    "height": "1.76 m",
    "turnedpro": "2000",
    "retired": "May 2019",
    "plays": "Right (two-handed both sides)",
    "careerprizemoney": "US$ 2,161,163",
    "singlesrecord": "won=386",
    "singlestitles": "11 ITF",
    "highestsinglesranking": "No. 46 (12 July 2010)",
    "AustralianOpenresult": "2R (2006)",
    "FrenchOpenresult": "3R (2004)",
    "Wimbledonresult": "2R (2003, 2004, 2009, 2010)",
    "USOpenresult": "2R (2003, 2004)",
    "doublesrecord": "won=330",
    "doublestitles": "11 WTA, 9 ITF",
    "highestdoublesranking": "No. 22 (2 April 2012)",
    "AustralianOpenDoublesresult": "3R (2013)",
    "FrenchOpenDoublesresult": "QF (2014)",
    "WimbledonDoublesresult": "QF (2011)",
    "USOpenDoublesresult": "2R (2011, 2014, 2015, 2016, 2017)",
    "AustralianOpenMixedresult": "1R (2014, 2015)",
    "FrenchOpenMixedresult": "QF (2014)",
    "WimbledonMixedresult": "2R (2014)",
    "USOpenMixedresult": "1R (2014)",
    "Team": "yes",
    "FedCupresult": "4\u20130",
    "CoachPlayers": [],
    "birth_date": "1982-11-9"
}