{
    "name": "Arantxa S\u00e1nchez Vicario",
    "country": "ESP",
    "residence": "Barcelona, Spain",
    "full_name": "Ar\u00e1nzazu Isabel Mar\u00eda S\u00e1nchez Vicario",
    "birth_place": "Barcelona, Spain",
    "height": "1.69 m",
    "turnedpro": "1985",
    "retired": "2002",
    "plays": "Right-handed (two-handed backhand)",
    "careerprizemoney": [
        "27th in all-time rankings (female)"
    ],
    "tennishofyear": "2007",
    "tennishofid": "arantxa-sanchez-vicario",
    "singlesrecord": "won=759",
    "singlestitles": "29",
    "highestsinglesranking": "No. '''1''' (6 February 1995)",
    "AustralianOpenresult": "F (1994, 1995)",
    "FrenchOpenresult": "'''W''' (1989, 1994, 1998)",
    "Wimbledonresult": "F (1995, 1996)",
    "USOpenresult": "'''W''' (1994)",
    "Othertournaments": "yes",
    "GrandSlamCupresult": "QF (1998, 1999)",
    "WTAChampionshipsresult": "F (1993)",
    "doublesrecord": "won=676",
    "doublestitles": "69",
    "highestdoublesranking": "No. '''1''' (19 October 1992)",
    "AustralianOpenDoublesresult": "'''W''' (1992, 1995, 1996)",
    "FrenchOpenDoublesresult": "F (1992, 1995)",
    "WimbledonDoublesresult": "'''W''' (1995)",
    "USOpenDoublesresult": "'''W''' (1993, 1994)",
    "OthertournamentsDoubles": "yes",
    "WTAChampionshipsDoublesresult": "'''W''' (1992, 1995)",
    "Mixed": "Yes",
    "mixedtitles": "4",
    "mixedrecord": "won=68",
    "access-date": "3 August 2015",
    "archive-date": "26 September 2020",
    "archive-url": "https://web.archive.org/web/20200926183013/https://www.itftennis.com/procircuit/players/player/profile.aspx?playerid=20001427",
    "url-status": "dead ",
    "AustralianOpenMixedresult": "'''W''' (1993)",
    "FrenchOpenMixedresult": "'''W''' (1990, 1992)",
    "WimbledonMixedresult": "3R (1990)",
    "USOpenMixedresult": "'''W''' (2000)",
    "Team": "yes",
    "FedCupresult": "'''W''' (1991, 1993, 1994, 1995, 1998)",
    "HopmanCupresult": "'''W''' (1990, 2002)",
    "birth_date": "1971-12-18"
}