{
    "name": "Aranza Salut",
    "country": "ARG",
    "residence": "Buenos Aires, Argentina",
    "birth_place": "Rosario, Argentina",
    "height": "1.70 m",
    "plays": "Right-handed (two-handed backhand)",
    "careerprizemoney": "$58,643",
    "singlesrecord": "won=187",
    "singlestitles": "5 ITF",
    "highestsinglesranking": "No. 306 (9 August 2010)",
    "doublesrecord": "won=139",
    "doublestitles": "7 ITF",
    "highestdoublesranking": "No. 288 (21 May 2012) ",
    "birth_date": "1991-7-12"
}