{
    "name": "Ariel Behar",
    "country": "URU",
    "residence": "Buenos Aires, Argentina",
    "birth_place": "Montevideo, Uruguay",
    "height": "m=1.80",
    "turnedpro": "2006",
    "plays": "Right Handed (Double Handed Backhand)",
    "careerprizemoney": "$950,202",
    "singlesrecord": "1\u20135  (ATP Tour level, Grand Slam level, and Davis Cup)",
    "singlestitles": "0",
    "highestsinglesranking": "No. 823 (17 February 2014)",
    "doublesrecord": "101\u2013110  (ATP Tour level, Grand Slam level, and Davis Cup)",
    "doublestitles": "3",
    "highestdoublesranking": "No. 37 (1 April 2022)",
    "currentdoublesranking": "No. 37 (1 April 2024)",
    "AustralianOpenDoublesresult": "QF (2024)",
    "FrenchOpenDoublesresult": "2R (2022, 2023)",
    "WimbledonDoublesresult": "QF (2023)",
    "USOpenDoublesresult": "3R (2022)",
    "AustralianOpenMixedresult": "2R (2023)",
    "FrenchOpenMixedresult": "1R (2022)",
    "WimbledonMixedresult": "1R (2021, 2022)",
    "birth_date": "1989-11-12"
}