{
    "name": "Arina Folts",
    "native_name": "\u0410\u0440\u0438\u043d\u0430 \u0424\u043e\u043b\u0446",
    "country": "UZB",
    "birth_place": "Tashkent, Uzbekistan",
    "plays": "Right-handed (two-handed backhand)",
    "careerprizemoney": "$32,047",
    "singlesrecord": "won=56",
    "singlestitles": "0",
    "highestsinglesranking": "No. 613 (2 March 2015)",
    "doublesrecord": "won=65",
    "doublestitles": "2 ITF",
    "highestdoublesranking": "No. 525 (24 July 2017) ",
    "birth_date": "1997-01-01"
}