{
    "name": "Arnau Brugu\u00e9s Davi",
    "access-date": "2 August 2011",
    "country": "Spain",
    "residence": "Spain",
    "birth_place": "Vic, Barcelona, Spain",
    "height": "6 ft. 0 in (183 cm)",
    "turnedpro": "2009",
    "plays": "Left-handed (two-handed backhand)",
    "college": "Tulsa",
    "careerprizemoney": "$222,854",
    "singlesrecord": "1\u20133",
    "singlestitles": "0",
    "highestsinglesranking": "No. 135 (7 November 2011)",
    "AustralianOpenresult": "1R (2013)",
    "FrenchOpenresult": "Q1 (2010, 2012, 2013)",
    "Wimbledonresult": "Q2 (2012)",
    "USOpenresult": "Q1 (2011, 2012)",
    "doublesrecord": "0\u20130",
    "doublestitles": "0",
    "highestdoublesranking": "No. 238 (16 July 2012)",
    "birth_date": "1985-03-05"
}