{
    "name": "Arnaud Cl\u00e9ment",
    "country": "FRA",
    "residence": "Geneva, Switzerland",
    "birth_place": "Aix-en-Provence, France",
    "height": "1.72 m",
    "turnedpro": "1996",
    "retired": "5 July 2012",
    "plays": "Right-handed (two-handed backhand)",
    "careerprizemoney": "$7,125,228",
    "singlesrecord": "won=316(at ATP Tour and Grand Slam level, and in Davis Cup)",
    "singlestitles": "4",
    "highestsinglesranking": "No. 10 (2 April 2001)",
    "AustralianOpenresult": "F (2001)",
    "FrenchOpenresult": "4R (2003)",
    "Wimbledonresult": "QF (2008)",
    "USOpenresult": "QF (2000)",
    "Othertournaments": "yes",
    "Olympicsresult": "2R (2004, 2008)",
    "doublesrecord": "232\u2013195  (at ATP Tour and Grand Slam level, and in Davis Cup)",
    "doublestitles": "12",
    "highestdoublesranking": "No. 8 (28 January 2008)",
    "AustralianOpenDoublesresult": "F (2008)",
    "FrenchOpenDoublesresult": "SF (2001)",
    "WimbledonDoublesresult": "'''W''' (2007)",
    "USOpenDoublesresult": "QF (2006)",
    "Team": "yes",
    "DavisCupresult": "'''W''' (2001) ",
    "birth_date": "1977-12-17"
}