{
    "name": "Arne Thoms",
    "country": "GER Germany",
    "residence": "Hanover",
    "birth_place": "Osnabr\u00fcck, West Germany",
    "height": "m=1.88",
    "turnedpro": "1989",
    "plays": "Right-handed",
    "careerprizemoney": "$392,142",
    "singlesrecord": "23\u201335",
    "singlestitles": "0",
    "highestsinglesranking": "No. 98 (18 May 1992)",
    "FrenchOpenresult": "1R (1992)",
    "Wimbledonresult": "2R (1992, 1994, 1995)",
    "doublesrecord": "8\u201317",
    "doublestitles": "0",
    "highestdoublesranking": "No. 169 (5 Jul 1993) ",
    "birth_date": "1971-1-1"
}