{
    "name": "Arthur Gore",
    "fullname": "Arthur William Charles Wentworth Gore",
    "country": "GBR",
    "birth_place": "Lyndhurst, England",
    "death_date": "1928",
    "death_place": "Kensington, England",
    "turnedpro": "1888 (amateur tour)",
    "retired": "1927",
    "plays": "Right-handed (one-handed backhand)",
    "tennishofyear": "2006",
    "tennishofid": "arthur-gore",
    "singlesrecord": "373\u2013127 (74.6%) title=Arthur Gore:Career match record",
    "singlestitles": "51 title=Arthur Gore:Career match record",
    "highestsinglesranking": "No. '''1''' (1901 , ITHF ) https://www.tennisfame.com/hall-of-famers/inductees/arthur-gore International Tennis Hall of Fame Inductee",
    "Wimbledonresult": "'''W''' (1901, 1908, 1909)",
    "USOpenresult": "SF (1900)",
    "Othertournaments": "yes",
    "WHCCresult": "2R (1912, 1914)",
    "WCCCresult": "1R (1921)",
    "WimbledonDoublesresult": "'''W''' (1909)",
    "OthertournamentsDoubles": "Yes",
    "WHCCDoublesresult": "F (1914)",
    "WimbledonMixedresult": "2R (1913, 1922)",
    "Team": "yes",
    "DavisCupresult": "'''W''' (1912)",
    "birth_date": "1868-1-2"
}