{
    "Othertournaments": "yes",
    "MastersCupresult": "In Grand Prix, WCT, Grand Slam-main draws, and Davis Cup",
    "access-date": "August 6, 2014  |doublestitles          = 18 (14 Grand Prix and WCT titles) |highestdoublesranking  = No. 15 (August 30, 1977)",
    "AustralianOpenDoublesresult": "'''W''' (1977)",
    "FrenchOpenDoublesresult": "'''W''' (1971)",
    "WimbledonDoublesresult": "F (1971)",
    "USOpenDoublesresult": "F (1968)",
    "Team": "yes",
    "DavisCupresult": "'''W''' (1963, 1968, 1969, 1970) "
}