{
    "name": "Ashley Fisher",
    "country": "Australia",
    "residence": "St Petersburg, Florida",
    "birth_place": "Wollongong, New South Wales, Australia",
    "height": "1.83",
    "turnedpro": "1998",
    "retired": "17 October 2011",
    "plays": "Right-handed (one-handed backhand)",
    "careerprizemoney": "$871,805",
    "singlesrecord": "0\u20130",
    "singlestitles": "0",
    "highestsinglesranking": "No. 489 (24 July 2000)",
    "AustralianOpenresult": "Q1 (2000)",
    "doublesrecord": "139\u2013166",
    "doublestitles": "4",
    "highestdoublesranking": "No. 19 (22 June 2009)",
    "AustralianOpenDoublesresult": "QF (2006)",
    "FrenchOpenDoublesresult": "3R (2009, 2011)",
    "WimbledonDoublesresult": "QF (2004)",
    "USOpenDoublesresult": "SF (2006)",
    "Mixed": "yes",
    "AustralianOpenMixedresult": "2R (2007)",
    "FrenchOpenMixedresult": "2R (2009)",
    "WimbledonMixedresult": "2R (2001, 2005, 2006, 2011, 2012)",
    "USOpenMixedresult": "1R (2007, 2009)",
    "birth_date": "1975-09-25"
}