{
    "name": "Ashley Harkleroad Adams",
    "country_represented": "USA",
    "residence": "Los Angeles, California",
    "birth_place": "Rossville, Georgia",
    "height": "ft=5",
    "turnedpro": "2000",
    "retired": "2012",
    "plays": "Right-handed (two-handed backhand)",
    "careerprizemoney": "US$ 1,022,094",
    "singlesrecord": "won=213",
    "singlestitles": "8 ITF",
    "highestsinglesranking": "No. 39 (June 9, 2003)",
    "AustralianOpenresult": "3R (2007)",
    "FrenchOpenresult": "3R (2003)",
    "Wimbledonresult": "2R (2006)",
    "USOpenresult": "2R (2003)",
    "doublesrecord": "won=96",
    "doublestitles": "5 ITF",
    "highestdoublesranking": "No. 39 (January 27, 2007)",
    "AustralianOpenDoublesresult": "QF (2007)",
    "FrenchOpenDoublesresult": "QF (2008)",
    "WimbledonDoublesresult": "3R (2006)",
    "USOpenDoublesresult": "3R (2002, 2006)",
    "WimbledonMixedresult": "1R (2003)",
    "USOpenMixedresult": "QF (2007) ",
    "birth_date": "1985-05-02"
}