{
    "name": "Ashley Cooper  AO",
    "full_name": "Ashley John Cooper",
    "country": "AUS",
    "residence": "Australia",
    "birth_place": "Melbourne, Victoria, Australia",
    "death_date": "2020",
    "height": "cm=185",
    "turnedpro": "1959 (amateur from 1953)",
    "retired": "1962",
    "plays": "Right-handed (one-handed backhand)",
    "tennishofyear": "1991",
    "tennishofid": "ashley-cooper",
    "singlesrecord": "461\u2013261 (63.8%) title=Ashley Cooper: Career match record",
    "singlestitles": "27",
    "highestsinglesranking": "No. '''1''' (1957 , Lance Tingay ) United States Lawn Tennis Association (1972). ''Official Encyclopedia of Tennis'' (First Edition), p. 427.",
    "AustralianOpenresult": "'''W''' (1957, 1958)",
    "FrenchOpenresult": "SF (1956, 1957, 1958)",
    "Wimbledonresult": "'''W''' (1958)",
    "USOpenresult": "'''W''' (1958)",
    "Othertournaments": "yes",
    "Promajors": "yes",
    "USProresult": "SF (1959, 1960)",
    "WembleyProresult": "QF (1959, 1960, 1961, 1962)",
    "FrenchProresult": "SF (1962)",
    "Proother": "yes",
    "TOCresult": "QF (1959 FH )",
    "highestdoublesranking": "No. '''1''' (1957)",
    "AustralianOpenDoublesresult": "'''W''' (1958)",
    "FrenchOpenDoublesresult": "'''W''' (1957, 1958)",
    "WimbledonDoublesresult": "F (1958)",
    "USOpenDoublesresult": "'''W''' (1957)",
    "Team": "yes",
    "DavisCupresult": "'''W''' (1957) ",
    "birth_date": "1936-09-15"
}