{
    "name": "Ashleigh Barty,  size=100%",
    "fullname": "Ashleigh Jacinta Barty",
    "country": "AUS",
    "residence": "Brookwater, Queensland, Australia",
    "website": "Women's Tennis Association",
    "date": "2019-08-15",
    "access-date": "2022-05-30",
    "birth_place": "Ipswich, Queensland, Australia",
    "height": "1.70 m",
    "turnedpro": "April 2010",
    "retired": "23 March 2022",
    "plays": "Right-handed (two-handed backhand)",
    "careerprizemoney": [
        "16th all-time in earnings"
    ],
    "singlesrecord": "won=305",
    "singlestitles": "15",
    "highestsinglesranking": "No. '''1''' (24 June 2019)",
    "AustralianOpenresult": "'''W''' (2022)",
    "FrenchOpenresult": "'''W''' (2019)",
    "Wimbledonresult": "'''W''' (2021)",
    "USOpenresult": "4R (2018, 2019)",
    "Othertournaments": "yes",
    "WTAChampionshipsresult": "'''W''' (2019)",
    "Olympicsresult": "1R (2020)",
    "doublesrecord": "won=200",
    "doublestitles": "12",
    "highestdoublesranking": "No. 5 (21 May 2018)",
    "AustralianOpenDoublesresult": "F (2013)",
    "FrenchOpenDoublesresult": "F (2017)",
    "WimbledonDoublesresult": "F (2013)",
    "USOpenDoublesresult": "'''W''' (2018)",
    "OthertournamentsDoubles": "yes",
    "WTAChampionshipsDoublesresult": "SF (2018)",
    "OlympicsDoublesresult": "QF (2020)",
    "Mixed": "yes",
    "mixedrecord": "7\u20138",
    "mixedtitles": "0",
    "AustralianOpenMixedresult": "2R (2014)",
    "FrenchOpenMixedresult": "1R (2013)",
    "WimbledonMixedresult": "QF (2013)",
    "USOpenMixedresult": "QF (2014)",
    "Team": "yes",
    "FedCupresult": "F (2019)",
    "HopmanCupresult": "RR (2013, 2019)",
    "birth_date": "1996-04-24"
}