{
    "name": "Asia Muhammad",
    "country": "USA",
    "residence": "Las Vegas, Nevada",
    "birth_place": "Long Beach, California",
    "height": "m=1.78",
    "turnedpro": "2007",
    "plays": "Right (two-handed backhand)",
    "careerprizemoney": "US$ 1,956,064",
    "singlesrecord": "won=346",
    "singlestitles": "0",
    "highestsinglesranking": "No. 124 (April 24, 2017)",
    "currentsinglesranking": "No. 427 (March 18, 2024)",
    "AustralianOpenresult": "Q3 (2023)",
    "FrenchOpenresult": "Q2 (2020, 2021)",
    "Wimbledonresult": "Q3 (2017)",
    "USOpenresult": "1R (2008, 2018, 2020)",
    "doublesrecord": "won=417",
    "doublestitles": "9",
    "highestdoublesranking": "No. 26 (January 9, 2023)",
    "currentdoublesranking": "No. 41 (March 18, 2024)",
    "AustralianOpenDoublesresult": "3R (2019)",
    "FrenchOpenDoublesresult": "QF (2020)",
    "WimbledonDoublesresult": "3R (2021, 2022)",
    "USOpenDoublesresult": "SF (2020)",
    "AustralianOpenMixedresult": "1R (2021, 2022)",
    "FrenchOpenMixedresult": "QF (2023)",
    "WimbledonMixedresult": "2R (2019, 2021)",
    "USOpenMixedresult": "1R (2014, 2019, 2021, 2023)",
    "birth_date": "1991-4-4"
}