{
    "name": "Astrid Besser",
    "fullname": "Astrid Besser",
    "country": "Italy",
    "birth_place": "Prato, Italy",
    "height": "1.82",
    "careerprizemoney": "$38,694",
    "singlesrecord": "94\u201396",
    "singlestitles": "2 ITF",
    "highestsinglesranking": "'''356''' (9 March 2009)",
    "Wimbledonjuniorresult": "2R (2005)",
    "USOpenjuniorresult": "1R (2005)",
    "doublesrecord": "15\u201327",
    "doublestitles": "2 ITF",
    "highestdoublesranking": "'''401''' (16 June 2008)",
    "WimbledonDoublesjuniorresult": "1R (2005)",
    "USOpenDoublesjuniorresult": "1R (2005) ",
    "birth_date": "1989-09-01"
}