{
    "name": "S\u00e1volt Attila",
    "country": "HUN",
    "residence": "Budapest, Hungary",
    "birth_place": "Budapest, Hungary",
    "height": "m=1.83",
    "turnedpro": "1995",
    "retired": "2006",
    "plays": "Right-handed (one-handed backhand)",
    "careerprizemoney": "$698,823",
    "singlesrecord": "37-58",
    "singlestitles": "0",
    "highestsinglesranking": "No. 68 (20 April 2002)",
    "AustralianOpenresult": "2R (2002)",
    "FrenchOpenresult": "3R (2000, 2003)",
    "Wimbledonresult": "1R (2002)",
    "USOpenresult": "1R (2000, 2002)",
    "doublesrecord": "14-16",
    "doublestitles": "0 |AustralianOpenDoublesresult= 1R (1999, 2002) |FrenchOpenDoublesresult=  |WimbledonDoublesresult=  |USOpenDoublesresult=",
    "highestdoublesranking": "No. 133 (28 January 2002)  ",
    "birth_date": "1976-2-5"
}