{
    "name": "Audrey Bergot",
    "country": "FRA",
    "residence": "Marcq-en-Bar\u0153ul",
    "birth_place": "Lille",
    "height": "1.75 m",
    "turnedpro": "2002",
    "plays": "Right (two-handed backhand)",
    "careerprizemoney": "$72,858",
    "singlesrecord": "155\u2013136",
    "singlestitles": "1 ITF",
    "highestsinglesranking": "No. 224 (21 March 2011)",
    "FrenchOpenresult": "Q1 (2011)",
    "doublesrecord": "41\u201352",
    "doublestitles": "2 ITF",
    "highestdoublesranking": "No. 289 (2 May 2011)",
    "FrenchOpenDoublesresult": "1R (2011) ",
    "birth_date": "1985-02-01"
}