{
    "name": "Augustos Zerlendis",
    "country": "Greece",
    "birth_place": "Khedivate of Egypt",
    "death_date": "1954",
    "turnedpro": "1905  (amateur tour)",
    "retired": "1947",
    "FrenchOpenresult": "2R (1925, 1928)",
    "Wimbledonresult": "4R (1920) wimbledon.com website",
    "WimbledonDoublesresult": "2R (1920)wimbledon.com website",
    "WimbledonMixedresult": "2R (1922)wimbledon.com website",
    "Othertournaments": "yes",
    "OthertournamentsDoubles": "yes",
    "OthertournamentsMixedDoubles": "yes",
    "WHCCresult": "1R (1922)",
    "Mixed": "yes",
    "Olympicsresult": "3R (1924)",
    "OlympicsDoublesresult": "3R (1924)",
    "OlympicMixedDoublesresult": "2R (1924) ",
    "birth_date": "1886-11-5"
}