{
    "name": "Austin Krajicek",
    "country": "USA",
    "residence": "Plano, Texas, U.S.",
    "birth_place": "Tampa, Florida, U.S.",
    "height": "6  ",
    "college": "Texas A&M University title=Aggieathletics.com - Austin Krajicek Biography ",
    "turnedpro": "2012",
    "plays": "Left-handed  (two-handed backhand)",
    "coach": "Philip Farmer",
    "careerprizemoney": "US$ 3,413,094",
    "singlesrecord": "won=12 (in Grand Slam and ATP World Tour main draw matches, and in Davis Cup)",
    "singlestitles": "0",
    "highestsinglesranking": "No. 94 (October 26, 2015) title=ATP.com - Austin Krajicek Profile",
    "AustralianOpenresult": "2R (2016)",
    "FrenchOpenresult": "Q1 (2014, 2015)",
    "Wimbledonresult": "Q3 (2016)",
    "USOpenresult": "2R (2015)",
    "doublesrecord": "doublestitles                      =",
    "highestdoublesranking": "No. '''1'''  (June 12, 2023)",
    "currentdoublesranking": "No. 4 (April 1, 2024)  |AustralianOpenDoublesresult        = 3R (2020) |FrenchOpenDoublesresult            = '''W''' (2023) |WimbledonDoublesresult             = 3R (2022) |USOpenDoublesresult                = SF (2023) |OthertournamentsDoubles            = yes",
    "MastersCupDoublesresult": "RR (2022, ''2023'') |OlympicsDoublesresult              = SF \u2013 4th (2021) |AustralianOpenMixedresult          = 1R (2020, 2022, 2023) |FrenchOpenMixedresult              = 2R (2019) |WimbledonMixedresult               = 1R (2021, 2022) |USOpenMixedresult                  = F (2023) |updated                            = 1 April 2024 ",
    "birth_date": "1990-06-16"
}