{
    "name": "Axel Michon",
    "country_represented": "FRA",
    "residence": "Paris, France",
    "coach": "J\u00e9r\u00f4me Portier ,  Alo\u00efs Beust",
    "birth_place": "Paris, France",
    "height": "m=1.76",
    "turnedpro": "2009",
    "plays": "Left-handed , (two-handed backhand)",
    "careerprizemoney": "$253,075Singles ($235,178) & Doubles ($17,897) combined",
    "singlesrecord": "1\u20131",
    "singlestitles": "0",
    "highestsinglesranking": "No. 177 (14 July 2014)",
    "currentsinglesranking": "No. 371 (19 March 2018)",
    "AustralianOpenresult": "Q2 (2014, 2015)",
    "FrenchOpenresult": "2R (2014)",
    "Wimbledonresult": "Q2 (2016)",
    "USOpenresult": "Q1 (2014)",
    "doublesrecord": "0\u20131",
    "doublestitles": "0",
    "highestdoublesranking": "No. 379 (10 August 2015)",
    "currentdoublesranking": "No. 918 (19 March 2018)",
    "FrenchOpenDoublesresult": "1R (2015)",
    "birth_date": "1990-12-16"
}