{
    "name": "Axel Pretzsch",
    "country": "GER Germany",
    "birth_place": "Hamburg, West Germany",
    "height": "6 ft. 1 in.",
    "turnedpro": "1996",
    "plays": "Right-handed (two-handed backhand)",
    "careerprizemoney": "$336,815",
    "singlesrecord": "11\u201325",
    "singlestitles": "0",
    "highestsinglesranking": "No. 99 (14 January 2002)",
    "AustralianOpenresult": "2R (2000)",
    "FrenchOpenresult": "1R (1999)",
    "Wimbledonresult": "Q2 (1999, 2002)",
    "USOpenresult": "2R (1999)",
    "doublesrecord": "0\u20130",
    "doublestitles": "0",
    "highestdoublesranking": "No. 318 (7 April 2003)",
    "birth_date": "1976-6-16"
}