{
    "name": "Ayan Broomfield",
    "country": "CAN",
    "residence": "Toronto, Ontario, Canada",
    "birth_place": "Toronto, Ontario, Canada",
    "height": "1.70 m",
    "plays": "Right-handed (two-handed backhand)",
    "college": "Clemson Tigers UCLA Bruins",
    "careerprizemoney": "US$10,057",
    "singlesrecord": "won=35",
    "singlestitles": "0 WTA, 0 ITF",
    "highestsinglesranking": "No. 680 (April 27, 2015)",
    "doublesrecord": "won=15",
    "doublestitles": "0 WTA, 2 ITF",
    "highestdoublesranking": "No. 467 (May 4, 2015)",
    "birth_date": "1997-08-13",
    "medaltemplates": [
        "Sport: Women's tennis",
        "Country: {{ON}}",
        "Competition: Canada Summer Games",
        "Gold Medal: 2013 Sherbrooke Doubles"
    ]
}