{
    "name": "Ayu Fani Damayanti",
    "country": "INA",
    "residence": "Denpasar, Indonesia",
    "birth_place": "Denpasar, Indonesia",
    "height": "m=1.62",
    "turnedpro": "2003",
    "plays": "Right-handed (two-handed backhand)",
    "careerprizemoney": "$91,437",
    "singlesrecord": "203\u201398",
    "singlestitles": "12 ITF",
    "highestsinglesranking": "No. 216 (7 May 2012)",
    "doublesrecord": "175\u201374",
    "doublestitles": "19 ITF",
    "highestdoublesranking": "No. 201 (14 May 2012)",
    "birth_date": "1988-11-29"
}