{
    "name": "Azra Hadzic",
    "country": "Australia",
    "birth_place": "Box Hill, Victoria, Australia",
    "height": "1.72",
    "turnedpro": "2009",
    "retired": "2014",
    "careerprizemoney": "US$37,343",
    "singlesrecord": "75\u201361",
    "singlestitles": "1 ITF",
    "highestsinglesranking": "301 (1 April 2013)",
    "AustralianOpenresult": "Q1 (2013)",
    "doublesrecord": "18\u201334",
    "doublestitles": "0",
    "highestdoublesranking": "512 (27 January 2014)",
    "AustralianOpenDoublesresult": "1R (2014) ",
    "birth_date": "1994-11-26"
}