{
    "name": "B\u0142a\u017cej Koniusz",
    "country": "Poland",
    "birth_place": "\u015awi\u0119toch\u0142owice, Polish People's Republic",
    "turnedpro": "2006",
    "plays": "Right-handed (Double-handed backhand)",
    "careerprizemoney": "$63,829",
    "singlesrecord": "0\u20132 (ATP Tour level, Grand Slam level, and Davis Cup)",
    "singlestitles": "0 ,   0 Challenger. 1 Futures",
    "highestsinglesranking": "No. 445 (7 July 2008)",
    "doublesrecord": "0\u20131 (ATP Tour level, Grand Slam level, and Davis Cup)",
    "doublestitles": "0 ,   0 Challenger. 18 Futures",
    "highestdoublesranking": "No. 150 (16 February 2015)",
    "birth_date": "1988-02-22"
}