{
    "name": "Ba\u015fak Erayd\u0131n",
    "country": "TUR",
    "birth_place": "Ankara, Turkey",
    "plays": "Right-handed (one-handed backhand)",
    "careerprizemoney": "$297,777",
    "singlesrecord": "won=361",
    "singlestitles": "15 ITF",
    "highestsinglesranking": "No. 156 (2 April 2018)",
    "currentsinglesranking": "No. 949 (19 February 2024)",
    "AustralianOpenresult": "Q1 (2018, 2020)",
    "FrenchOpenresult": "Q2 (2017)",
    "Wimbledonresult": "Q2 (2019)",
    "USOpenresult": "Q2 (2017)",
    "doublesrecord": "won=230",
    "doublestitles": "18 ITF",
    "highestdoublesranking": "No. 151 (6 June 2016)",
    "currentdoublesranking": "No. 895 (19 February 2024)",
    "Team": "yes",
    "FedCupresult": "5\u20137",
    "birth_date": "1994-06-21",
    "medaltemplates": [
        "Country: {{TUR}}",
        "Sport: Women's Tennis",
        "Competition: Mediterranean Games",
        "Gold Medal: 2018 Tarragona Singles",
        "Gold Medal: 2018 Tarragona Doubles"
    ]
}