{
    "name": "Bal\u00e1zs Tar\u00f3czy",
    "country": "HUN",
    "residence": "Budapest",
    "birth_place": "Budapest, Hungary",
    "height": "m=1.82",
    "turnedpro": "1972",
    "retired": "1990",
    "plays": "Right-handed (one-handed backhand)",
    "careerprizemoney": "$1,437,443",
    "singlesrecord": "won=391",
    "singlestitles": "13",
    "highestsinglesranking": "No. 12 (5 April 1982)",
    "AustralianOpenresult": "1R (1973, 1979)",
    "FrenchOpenresult": "QF (1976, 1981)",
    "Wimbledonresult": "4R (1980)",
    "USOpenresult": "3R (1974, 1975)",
    "Othertournaments": "yes",
    "WCTFinalsresult": "1R (1983)",
    "doublesrecord": "390\u2013236",
    "doublestitles": "26",
    "highestdoublesranking": "No. 3 (15 July 1985)",
    "AustralianOpenDoublesresult": "1R (1973, 1979, 1990)",
    "FrenchOpenDoublesresult": "'''W''' (1981)",
    "WimbledonDoublesresult": "'''W''' (1985)",
    "USOpenDoublesresult": "SF (1984)",
    "birth_date": "1954-5-9"
}