{
    "name": "Bar Botzer, \u05d1\u05e8 \u05d1\u05d5\u05e6\u05e8",
    "fullname": "Bar Tzuf Botzer",
    "native_name": "\u05d1\u05e8 \u05e6\u05d5\u05e3 \u05d1\u05d5\u05e6\u05e8",
    "native_name_lang": "Hebrew",
    "country_represented": "ISR",
    "residence": "Tel Aviv, Israel",
    "birth_place": "Tel Aviv, Israel",
    "height": "6",
    "plays": "Right-handed",
    "careerprizemoney": "$12,150 |tennishofyear =",
    "singlesrecord": "0\u20132",
    "singlestitles": "0",
    "highestsinglesranking": "No. 583 (17 February 2014)",
    "currentsinglesranking": "No. 893 (2 March 2015)",
    "AustralianOpenjuniorresult": "1R (2012)",
    "FrenchOpenjuniorresult": "1R (2012)",
    "Wimbledonjuniorresult": "Q2 (2012)",
    "USOpenjuniorresult": "1R (2011)",
    "doublesrecord": "0\u20130",
    "doublestitles": "0",
    "highestdoublesranking": "No. 1,462 (16 September 2013)",
    "AustralianOpenDoublesjuniorresult": "1R (2012)",
    "FrenchOpenDoublesjuniorresult": "2R (2012)",
    "WimbledonDoublesjuniorresult": "2R (2012)",
    "USOpenDoublesjuniorresult": "1R (2011)",
    "Team": "Israel Davis Cup team",
    "DavisCupresult": "0\u20134 in singles;, 0\u20131 in doubles",
    "birth_date": "1994-3-2"
}