{
    "name": "Barbara Haas",
    "country": "AUT",
    "birth_place": "Steyr, Austria",
    "height": "1.65 m",
    "plays": "Right-handed |retired=2023 (last match played)",
    "careerprizemoney": "US$727,316",
    "singlesrecord": "won=338",
    "singlestitles": "16 ITF",
    "highestsinglesranking": "No. 133 (24 February 2020)",
    "AustralianOpenresult": "Q3 (2020)",
    "FrenchOpenresult": "1R (2020)",
    "Wimbledonresult": "Q3 (2016, 2018)",
    "USOpenresult": "1R (2016, 2020)",
    "doublesrecord": "won=43",
    "doublestitles": "3 ITF",
    "highestdoublesranking": "No. 164 (27 September 2021)",
    "Team": "yes",
    "FedCupresult": "won=16",
    "birth_date": "1996-03-19"
}