{
    "name": "Barbora Str\u00fdcov\u00e1",
    "country": "CZE",
    "residence": "Dubai, United Arab Emirates",
    "birth_place": "Plze\u0148, Czechoslovakia (now Czech Republic)",
    "height": "1.64 m",
    "turnedpro": "2002",
    "retired": "2023",
    "plays": "Right-handed (two-handed backhand)",
    "coach": "David Kotyza (2018\u201319)",
    "careerprizemoney": "US$ 12,622,642",
    "singlesrecord": "won=567",
    "singlestitles": "2",
    "highestsinglesranking": "No. 16 (16 January 2017)",
    "AustralianOpenresult": "4R (2016, 2017, 2018)",
    "FrenchOpenresult": "4R (2018)",
    "Wimbledonresult": "SF (2019)",
    "USOpenresult": "3R (2014, 2015, 2018)",
    "Othertournaments": "yes",
    "Olympicsresult": "2R (2016)",
    "doublesrecord": "won=517",
    "doublestitles": "32",
    "highestdoublesranking": "No. '''1''' (15 July 2019)",
    "AustralianOpenDoublesresult": "F (2020)",
    "FrenchOpenDoublesresult": "SF (2018)",
    "WimbledonDoublesresult": "'''W''' (2019, 2023)",
    "USOpenDoublesresult": "SF (2014, 2017)",
    "OthertournamentsDoubles": "yes",
    "WTAChampionshipsDoublesresult": "F (2019)",
    "OlympicsDoublesresult": "SF \u2013 bronze medal (2016)",
    "Mixed": "yes",
    "AustralianOpenMixedresult": "QF (2010)",
    "FrenchOpenMixedresult": "2R (2010, 2011)",
    "WimbledonMixedresult": "QF (2004)",
    "USOpenMixedresult": "QF (2011, 2023)",
    "Team": "yes",
    "FedCupresult": "'''W''' (2011, 2012, 2014, 2015, 2016, 2018), record 22\u201311",
    "birth_date": "1986-03-28"
}