{
    "name": "Barbara Hallquist",
    "country": "USA",
    "birth_place": "Pasadena, California, U.S.",
    "height": "ft=5",
    "plays": "Right-handed (one-handed backhand)",
    "singlestitles": "1",
    "highestsinglesranking": "No. 30",
    "AustralianOpenresult": "3R (1980)",
    "FrenchOpenresult": "1R (1982)",
    "Wimbledonresult": "3R (1978)",
    "USOpenresult": "QF (1980)",
    "doublestitles": "1",
    "WimbledonDoublesresult": "3R (1979)",
    "USOpenDoublesresult": "QF (1980) ",
    "birth_date": "1957-05-01"
}