{
    "name": "Barbara Gerken",
    "country_represented": "USA",
    "turnedpro": "1981",
    "retired": "1989",
    "careerprizemoney": "$141,177",
    "singlesrecord": "66\u201378",
    "singlestitles": "0",
    "highestsinglesranking": "No. 55 (June 8, 1987)",
    "AustralianOpenresult": "2R (1984, 1985)",
    "FrenchOpenresult": "1R (1984, 1986)",
    "Wimbledonresult": "3R (1986)",
    "USOpenresult": "QF (1981)",
    "doublesrecord": "60\u201367",
    "doublestitles": "1 WTA, 1 ITF",
    "highestdoublesranking": "No. 45 (January 2, 1989)",
    "AustralianOpenDoublesresult": "3R (1987)",
    "FrenchOpenDoublesresult": "1R (1984, 1986, 1987)",
    "WimbledonDoublesresult": "2R (1985, 1986, 1988)",
    "USOpenDoublesresult": "2R (1984, 1986, 1987) ",
    "birth_date": "1964-07-03"
}