{
    "name": "Barbara Paulus",
    "country": "AUT",
    "residence": "Hinterbr\u00fchl",
    "birth_place": "Vienna",
    "height": "m=1.77",
    "turnedpro": "July 1986",
    "retired": "2001",
    "plays": "Right-handed (two handed-backhand)",
    "careerprizemoney": "$1,294,445",
    "singlesrecord": "won=280",
    "singlestitles": "6",
    "highestsinglesranking": "No. 10 (18 November 1996)",
    "AustralianOpenresult": "4R (1990, 1995)",
    "FrenchOpenresult": "4R (1997)",
    "Wimbledonresult": "2R (1995, 1997)",
    "USOpenresult": "4R (1989, 1990)",
    "Othertournaments": "yes",
    "WTAChampionshipsresult": "RR (1990, 1996)",
    "Olympicsresult": "3R (1988)",
    "doublesrecord": "26\u201343",
    "doublestitles": "1",
    "highestdoublesranking": "No. 83 (17 July 1989)",
    "AustralianOpenDoublesresult": "2R (1990)",
    "FrenchOpenDoublesresult": "1R (1989)",
    "WimbledonDoublesresult": "1R (1990)",
    "USOpenDoublesresult": "1R (1989, 1990)",
    "Team": "yes",
    "FedCupresult": "Record 9\u201313 ",
    "birth_date": "1970-09-01"
}