{
    "name": "Barbara Potter",
    "country": "USA",
    "residence": "Harlem, Georgia, USA",
    "birth_place": "Waterbury, Connecticut, U.S.",
    "height": "m=1.75",
    "turnedpro": "1978",
    "retired": "1989",
    "plays": "Left-handed",
    "careerprizemoney": "US$ 1,313,808",
    "singlesrecord": "320\u2013191",
    "singlestitles": "6",
    "highestsinglesranking": "No. 7 (December 6, 1982)",
    "AustralianOpenresult": "QF (1984)",
    "FrenchOpenresult": "1R (1985)",
    "Wimbledonresult": "QF (1982, 1983, 1985)",
    "USOpenresult": "SF (1981)",
    "doublesrecord": "200\u201374",
    "doublestitles": "19",
    "highestdoublesranking": "No. 3",
    "AustralianOpenDoublesresult": "SF (1982, 1983, 1984, 1985, 1988)",
    "WimbledonDoublesresult": "SF (1983, 1984)",
    "USOpenDoublesresult": "F (1982)",
    "Mixed": "Yes",
    "USOpenMixedresult": "F (1982, 1983) ",
    "birth_date": "1961-10-22"
}