{
    "name": "Barbara Schwartz",
    "country": "AUT",
    "residence": "Brunn am Gebirge, Austria",
    "birth_place": "Austria",
    "height": "m=1.8",
    "turnedpro": "1999",
    "retired": "November 2006",
    "plays": "Left-handed",
    "careerprizemoney": "$510,141",
    "singlesrecord": "won=198",
    "singlestitles": "0 WTA, 6 ITF",
    "highestsinglesranking": "No. 40 (8 November 1999)",
    "AustralianOpenresult": "2R (1999, 2002, 2003)",
    "FrenchOpenresult": "QF (1999)",
    "Wimbledonresult": "3R (2001)",
    "USOpenresult": "3R (2001)",
    "doublesrecord": "won=67",
    "doublestitles": "2 WTA, 6 ITF",
    "highestdoublesranking": "No. 106 (10 January 2000)",
    "Team": "yes",
    "FedCupresult": "9\u20138 ",
    "birth_date": "1979-01-27"
}