{
    "name": "Barbara Schett",
    "fullname": "Barbara Schett Eagle",
    "country": "AUT",
    "birth_place": "Innsbruck, Austria",
    "height": "m=1.76",
    "turnedpro": "1992",
    "retired": "2005",
    "plays": "Right-handed (two-handed backhand)",
    "careerprizemoney": "$3,109,510",
    "singlesrecord": "won=349",
    "singlestitles": "3",
    "highestsinglesranking": "No. 7 (13 September 1999)",
    "AustralianOpenresult": "4R (1996, 1998, 1999, 2000)",
    "FrenchOpenresult": "4R (2000, 2001)",
    "Wimbledonresult": "4R (1999)",
    "USOpenresult": "QF (1999)",
    "Othertournaments": "yes",
    "GrandSlamCupresult": "QF (1999)",
    "WTAChampionshipsresult": "QF (1999)",
    "Olympicsresult": "QF (2000)",
    "doublesrecord": "214\u2013179",
    "doublestitles": "10 WTA, 0 ITF",
    "highestdoublesranking": "No. 8 (15 January 2001)",
    "AustralianOpenDoublesresult": "SF (2000)",
    "FrenchOpenDoublesresult": "QF (1998, 2000, 2001, 2003)",
    "WimbledonDoublesresult": "4R (2000, 2002, 2004)",
    "USOpenDoublesresult": "SF (1999, 2004)",
    "OthertournamentsDoubles": "yes",
    "OlympicsDoublesresult": "1R (2000)",
    "Mixed": "yes",
    "mixedrecord": "21\u201316",
    "AustralianOpenMixedresult": "F (2001)",
    "FrenchOpenMixedresult": "2R (2002, 2003)",
    "WimbledonMixedresult": "SF (2000)",
    "USOpenMixedresult": "QF (2000) ",
    "birth_date": "1976-03-10"
}