{
    "name": "Barbara Scofield",
    "fullname": "Barbara Scofield-Davidson",
    "country": "United States",
    "birth_place": "San Francisco, California, U.S.",
    "death_date": "2023",
    "plays": "Right-handed",
    "FrenchOpenresult": "SF (1950)",
    "Wimbledonresult": "QF (1950)",
    "USOpenresult": "2R (1957)",
    "FrenchOpenDoublesresult": "F (1951)",
    "WimbledonDoublesresult": "SF (1948, 1951)",
    "FrenchOpenMixedresult": "'''W''' (1950)",
    "WimbledonMixedresult": "QF (1950)",
    "birth_date": "1926-06-24"
}