{
    "name": "Barbora Krejcikova",
    "native_name": "Barbora Krej\u010d\u00edkov\u00e1",
    "country": "CZE",
    "residence": "Ivan\u010dice, Czech Republic",
    "birth_place": "Brno, Czech Republic",
    "height": "1.78m",
    "coach": "Jana Novotn\u00e1 (2014\u201317), Petr Kova\u010dka (2018), Ale\u0161 Kartus (2018\u201323),  Pavel Motl",
    "plays": "Right-handed (two-handed backhand)",
    "careerprizemoney": "US$ 11,533,800",
    "singlesrecord": "won=376",
    "singlestitles": "7",
    "highestsinglesranking": "No. 2 (28 February 2022)",
    "currentsinglesranking": "No. 24 (8 April 2024)",
    "AustralianOpenresult": "QF (2022, 2024)",
    "FrenchOpenresult": "'''W''' (2021)",
    "Wimbledonresult": "4R (2021)",
    "USOpenresult": "QF (2021)",
    "Othertournaments": "yes",
    "Olympicsresult": "3R (2021)",
    "WTAChampionshipsresult": "RR (2021)",
    "doublesrecord": "won=345",
    "doublestitles": "18",
    "highestdoublesranking": "No. '''1''' (22 October 2018)",
    "currentdoublesranking": "No. 33 (15 April 2024)",
    "AustralianOpenDoublesresult": "'''W''' (2022, 2023)",
    "FrenchOpenDoublesresult": "'''W''' (2018, 2021)",
    "WimbledonDoublesresult": "'''W''' (2018, 2022)",
    "USOpenDoublesresult": "'''W''' (2022)",
    "OthertournamentsDoubles": "yes",
    "OlympicsDoublesresult": "(2020)",
    "WTAChampionshipsDoublesresult": "'''W''' (2021)",
    "Mixed": "yes",
    "mixedtitles": "3",
    "AustralianOpenMixedresult": "'''W''' (2019, 2020, 2021)",
    "FrenchOpenMixedresult": "QF (2021)",
    "WimbledonMixedresult": "3R (2017)",
    "USOpenMixedresult": "QF (2016)",
    "OthertournamentsMixedDoubles": "yes",
    "Team": "yes",
    "FedCupresult": "'''W''' (2018), record 1\u20131",
    "birth_date": "1995-12-18"
}