{
    "name": "Barbara Jordan",
    "country": "USA",
    "birth_place": "Milwaukee, Wisconsin, U.S.",
    "height": "ft=5",
    "plays": "Right-handed",
    "highestsinglesranking": "No. 55 (December 1979)",
    "AustralianOpenresult": "'''W''' (1979)",
    "FrenchOpenresult": "2R (1981)",
    "Wimbledonresult": "3R (1978, 1980, 1983)",
    "USOpenresult": "3R (1979)",
    "highestdoublesranking": "No. 42 (December 1984)",
    "AustralianOpenDoublesresult": "QF (1979)",
    "FrenchOpenDoublesresult": "SF (1984)",
    "WimbledonDoublesresult": "3R (1983)",
    "FrenchOpenMixedresult": "'''W''' (1983)",
    "birth_date": "1957-4-2"
}