{
    "name": "Barbara Rittner",
    "country": "GER",
    "residence": "Cologne, Germany",
    "birth_place": "Krefeld, West Germany",
    "height": "m=1.73",
    "turnedpro": "1 August 1989",
    "retired": "2005",
    "plays": "Right-handed (two-handed backhand)",
    "careerprizemoney": "$1,829,648",
    "singlesrecord": "314\u2013275",
    "singlestitles": "2 WTA, 2 ITF",
    "highestsinglesranking": "No. 24 (1 February 1993)",
    "AustralianOpenresult": "4R (2001)",
    "FrenchOpenresult": "4R (1996)",
    "Wimbledonresult": "3R (1992, 1994)",
    "USOpenresult": "3R (1991, 1993, 1994, 1996)",
    "doublesrecord": "184\u2013209",
    "doublestitles": "3 WTA, 1 ITF",
    "highestdoublesranking": "No. 23 (18 March 2002)",
    "AustralianOpenDoublesresult": "3R (1997, 2003)",
    "FrenchOpenDoublesresult": "3R (1992, 2001)",
    "WimbledonDoublesresult": "3R (1992, 2001)",
    "USOpenDoublesresult": "3R (2001)",
    "FrenchOpenMixedresult": "3R (1997)",
    "WimbledonMixedresult": "QF (1999) ",
    "birth_date": "1973-04-25"
}