{
    "name": "Barry Moir",
    "country": "RSA South Africa",
    "birth_place": "Johannesburg, South Africa",
    "height": "m=1.80",
    "plays": "Right-handed",
    "careerprizemoney": "$193,347",
    "singlesrecord": "36\u201359",
    "singlestitles": "0",
    "highestsinglesranking": "No. 92 (28 July 1986)",
    "AustralianOpenresult": "2R (1988)",
    "Wimbledonresult": "3R (1988)",
    "USOpenresult": "3R (1986)",
    "doublesrecord": "9\u201328",
    "doublestitles": "0",
    "highestdoublesranking": "No. 163 (24 November 1986)",
    "AustralianOpenDoublesresult": "1R (1988)",
    "WimbledonDoublesresult": "1R (1981, 1982)",
    "birth_date": "1963-06-01"
}