{
    "name": "Barry Cowan",
    "country": "Great Britain Great Britain",
    "residence": "Lathom, England",
    "birth_place": "Southport, England",
    "height": "6 ft 2 in",
    "turnedpro": "1991",
    "retired": "2002",
    "coach": "David Sammel",
    "plays": "Left-handed (one-handed backhand)",
    "careerprizemoney": "$315,856",
    "singlesrecord": "5\u201321",
    "singlestitles": "0",
    "highestsinglesranking": "No. 162 (11 September 2000)",
    "AustralianOpenresult": "Q2 (1999, 2000)",
    "FrenchOpenresult": "Q1 (1994, 2000, 2001, 2002)",
    "Wimbledonresult": "2R (2001, 2002)",
    "USOpenresult": "1R (2000)",
    "doublesrecord": "11-26",
    "doublestitles": "0",
    "highestdoublesranking": "No. 136 (9 August 1999)",
    "WimbledonDoublesresult": "3R (1999)",
    "USOpenDoublesresult": "Q2 (1999) |grandslamsmixedresults= |AustralianOpenMixedresult=  |FrenchOpenMixedresult=  |WimbledonMixedresult= 1R (1999, 2000, 2001, 2002) |USOpenMixedresult= ",
    "birth_date": "1974-8-25"
}