{
    "name": "Bart Wuyts",
    "country": "BEL Belgium",
    "birth_place": "Leuven, Belgium",
    "height": "m=1.78",
    "turnedpro": "1988",
    "plays": "Right-handed",
    "careerprizemoney": "$465,196",
    "singlesrecord": "43\u201368",
    "singlestitles": "0",
    "highestsinglesranking": "No. 69 (28 Sep 1992)",
    "AustralianOpenresult": "2R (1991)",
    "FrenchOpenresult": "3R (1992)",
    "Wimbledonresult": "1R (1991, 1993)",
    "USOpenresult": "2R (1992)",
    "doublesrecord": "0\u20132 ",
    "birth_date": "1969-9-15"
}