{
    "name": "Bastian Trinker",
    "fullname": "Bastian Trinker",
    "country": "Austria",
    "birth_place": "Austria",
    "height": "1.91",
    "plays": "Right-handed (one-handed backhand)",
    "careerprizemoney": "$ 98,857",
    "singlesrecord": "1\u20132",
    "singlestitles": "0",
    "highestsinglesranking": "No. 241 (21 December 2015)",
    "currentsinglesranking": "No. 627 (1 May 2017)",
    "AustralianOpenresult": "Q1 (2016)",
    "doublesrecord": "0\u20130",
    "doublestitles": "0",
    "highestdoublesranking": "No. 587 (21 April 2014)",
    "currentdoublesranking": "No. 1145 (1 May 2017)",
    "birth_date": "1990-05-11"
}