{
    "name": "Beatriz Haddad Maia",
    "country": "BRA",
    "residence": "S\u00e3o Paulo, Brazil",
    "birth_place": "S\u00e3o Paulo",
    "height": "ft=6",
    "coach": "Rafael Paciaroni url=https://www.wtatennis.com/players/318176/-#bio ",
    "turnedpro": "2010",
    "plays": "Left-handed (two-handed backhand)",
    "careerprizemoney": "US$ 5,931,043",
    "singlesrecord": "won=435",
    "singlestitles": "3 WTA",
    "highestsinglesranking": "No. 10 (12 June 2023)",
    "currentsinglesranking": "No. 13 (1 April 2024)",
    "AustralianOpenresult": "3R (2024)",
    "FrenchOpenresult": "SF (2023)",
    "Wimbledonresult": "4R (2023)",
    "USOpenresult": "2R (2022, 2023)",
    "Othertournaments": "yes",
    "doublesrecord": "won=168",
    "doublestitles": "7 WTA",
    "highestdoublesranking": "No. 10 (8 May 2023)",
    "currentdoublesranking": "No. 22 (1 April 2024)",
    "AustralianOpenDoublesresult": "F (2022)",
    "FrenchOpenDoublesresult": "2R (2022, 2023)",
    "WimbledonDoublesresult": "3R (2017, 2022)",
    "USOpenDoublesresult": "QF (2023)",
    "OthertournamentsDoubles": "yes",
    "WTAChampionshipsDoublesresult": "RR (2022)",
    "FrenchOpenMixedresult": "QF (2022)",
    "WimbledonMixedresult": "2R (2022)",
    "OthertournamentsMixedDoubles": "yes",
    "Team": "yes",
    "FedCupresult": "won=28",
    "birth_date": "1996-05-30"
}