{
    "name": "Beatriz Garc\u00eda Vidagany",
    "country": "ESP",
    "residence": "Valencia, Spain",
    "birth_place": "Valencia",
    "height": "1.63 m",
    "turnedpro": "2005",
    "retired": "December 2015",
    "plays": "Left (two-handed backhand)",
    "careerprizemoney": "$204,950",
    "singlesrecord": "won=251",
    "singlestitles": "2 ITF",
    "highestsinglesranking": "No. 146 (5 July 2010)",
    "FrenchOpenresult": "Q2 (2010)",
    "Wimbledonresult": "Q3 (2010)",
    "USOpenresult": "Q2 (2012)",
    "doublesrecord": "won=58",
    "doublestitles": "4 ITF",
    "highestdoublesranking": "No. 148 (23 March 2015) ",
    "birth_date": "1988-11-17"
}