{
    "name": "Beatrice Capra",
    "country": "United States",
    "residence": "Delray Beach, Florida, United States",
    "birth_place": "Ellicott City, Maryland, United States",
    "height": "1.75 m",
    "retired": "2015",
    "plays": "Right-handed (two-handed backhand)",
    "careerprizemoney": "$82,836",
    "singlesrecord": "55\u201353",
    "singlestitles": "1 ITF",
    "highestsinglesranking": "No. 201 (September 20, 2010)",
    "USOpenresult": "3R (2010)",
    "doublesrecord": "20\u201321",
    "doublestitles": "2 ITF",
    "highestdoublesranking": "No. 402 (July 4, 2011)",
    "birth_date": "1992-4-6"
}