{
    "name": "Beatrice Gumulya",
    "country": "INA",
    "residence": "Jakarta, Indonesia",
    "birth_place": "Jakarta",
    "height": "m=1.61",
    "turnedpro": "2003",
    "plays": "Right-handed (two-handed backhand)",
    "careerprizemoney": "US$ 89,042",
    "singlesrecord": "won=137",
    "singlestitles": "1 ITF",
    "highestsinglesranking": "No. 564 (6 June 2016)",
    "currentsinglesranking": "No. 1222 (9 January 2023)",
    "doublesrecord": "won=201",
    "doublestitles": "15 ITF",
    "highestdoublesranking": "No. 138 (1 July 2019)",
    "currentdoublesranking": "No. 249 (9 January 2023)",
    "BJKCupresult": "11\u201313",
    "Team": "yes",
    "birth_date": "1991-1-1"
}