{
    "name": "Belinda Bencic",
    "country": "Switzerland",
    "residence": "Wollerau, Switzerland",
    "birth_place": "Flawil, Switzerland",
    "height": "1.75 m",
    "turnedpro": "2012",
    "plays": "Right-handed (two-handed backhand)",
    "careerprizemoney": "US$12,222,332",
    "singlesrecord": "won=384",
    "singlestitles": "8",
    "highestsinglesranking": "No. 4 (17 February 2020)",
    "currentsinglesranking": "No. 91 (15 April 2024)",
    "AustralianOpenresult": "4R (2016, 2023)",
    "FrenchOpenresult": "3R (2019, 2022)",
    "Wimbledonresult": "4R (2015, 2018, 2023)",
    "USOpenresult": "SF (2019)",
    "Othertournaments": "yes",
    "WTAChampionshipsresult": "SF (2019)",
    "Olympicsresult": "(2020)",
    "doublesrecord": "won=76",
    "doublestitles": "2",
    "highestdoublesranking": "No. 59 (1 February 2016)",
    "currentdoublesranking": "No. 388 (4 March 2024)",
    "AustralianOpenDoublesresult": "2R (2016, 2023)",
    "FrenchOpenDoublesresult": "3R (2015)",
    "WimbledonDoublesresult": "2R (2014, 2015, 2022)",
    "USOpenDoublesresult": "1R (2014, 2015, 2016, 2018)",
    "OthertournamentsDoubles": "yes",
    "OlympicsDoublesresult": "(2020)",
    "WimbledonMixedresult": "3R (2014)",
    "USOpenMixedresult": "2R (2021)",
    "Team": "yes",
    "FedCupresult": "'''W''' (2022)   Record: won=23",
    "HopmanCupresult": "'''W''' (2018, 2019)",
    "birth_date": "1997-03-10"
}