{
    "name": "Belus Prajoux",
    "full_name": "Belus Prajoux Nadjar",
    "country": "CHL",
    "residence": "Santiago, Chile",
    "birth_place": "Santiago, Chile",
    "height": "m=1.70",
    "turnedpro": "1972",
    "retired": "1986",
    "plays": "Right-handed (one-handed backhand)",
    "singlesrecord": "81\u2013128",
    "singlestitles": "0",
    "highestsinglesranking": "No. 66 (12 December 1976)",
    "FrenchOpenresult": "3R (1975, 1976, 1980)",
    "Wimbledonresult": "1R (1977, 1978, 1980)",
    "USOpenresult": "1R (1973, 1974, 1975, 1976, 1977)",
    "doublesrecord": "168\u2013131",
    "doublestitles": "6",
    "highestdoublesranking": "No. 17 (19 July 1982)",
    "FrenchOpenDoublesresult": "F (1982)",
    "WimbledonDoublesresult": "3R (1980)",
    "USOpenDoublesresult": "QF (1975)",
    "Team": "yes",
    "DavisCupresult": "F (1976)",
    "birth_date": "1955-2-27"
}