{
    "name": "Ben Ellwood",
    "country": "AUS Australia",
    "residence": "South Melbourne. Australia",
    "birth_place": "Canberra, Australia",
    "height": "5 ft. 10 in.",
    "turnedpro": "1994",
    "plays": "Right-handed",
    "careerprizemoney": "$388,461",
    "singlesrecord": "4\u201314",
    "singlestitles": "0 ,   2 Challenger, 3 Futures",
    "highestsinglesranking": "No. 140 (28 October 1996)",
    "AustralianOpenresult": "2R (1996)",
    "FrenchOpenresult": "Q2 (1996, 1998)",
    "Wimbledonresult": "1R (1997)",
    "USOpenresult": "1R (1996)",
    "doublesrecord": "32\u201350",
    "doublestitles": "0 ,   6 Challenger, 6 Futures",
    "highestdoublesranking": "No. 66 (18 March 2002)",
    "AustralianOpenDoublesresult": "3R (1999, 2000)",
    "FrenchOpenDoublesresult": "2R (2001)",
    "WimbledonDoublesresult": "3R (2000)",
    "USOpenDoublesresult": "QF (1999)",
    "AustralianOpenMixedresult": "2R (2002",
    "WimbledonMixedresult": "2R (2002)",
    "birth_date": "1976-3-12"
}