{
    "name": "Benjamin Balleret",
    "country": "MON",
    "residence": "Monte Carlo, Monaco",
    "birth_place": "Monte Carlo, Monaco",
    "height": "1.85",
    "turnedpro": "2001",
    "retired": "2017",
    "plays": "Right-handed (two-handed backhand)",
    "careerprizemoney": "US$275,090",
    "singlesrecord": "26\u201328",
    "singlestitles": "0",
    "highestsinglesranking": "No. 204 (19 June 2006)",
    "currentsinglesranking": "No. 277 (7 April 2014)",
    "AustralianOpenresult": "Q1 (2007, 2010, 2014)",
    "FrenchOpenresult": "Q3 (2007)",
    "Wimbledonresult": "Q2 (2010)",
    "USOpenresult": "Q1 (2006, 2010)",
    "doublesrecord": "1\u20132",
    "doublestitles": "0",
    "highestdoublesranking": "No. 508 (24 November 2008)",
    "birth_date": "1983-1-15",
    "medaltemplates": [
        "Competition: Games of the Small States of Europe",
        "Gold Medal: 2005 Andorra Singles",
        "Silver Medal: 2003 Malta Doubles",
        "Silver Medal: 2005 Andorra Doubles",
        "Silver Medal: 2007 Monaco Singles",
        "Silver Medal: 2009 Cyprus Singles",
        "Silver Medal: 2011 Liechtenstein Singles",
        "Bronze Medal: 2011 Liechtenstein Mixed Doubles",
        "Bronze Medal: 2013 Luxembourg Mixed Doubles"
    ]
}