{
    "name": "Benjamin Becker",
    "country": "Germany",
    "birth_place": "Merzig, Saarland, West Germany",
    "residence": "Mettlach, Germany",
    "height": "1.78 m",
    "college": "Baylor Bears",
    "turnedpro": "2005",
    "retired": "2017",
    "plays": "Right-handed (two-handed backhand)",
    "careerprizemoney": "US$4,399,584",
    "singlesrecord": "won=153",
    "singlestitles": "1",
    "highestsinglesranking": "No. 35 (27 October 2014)",
    "AustralianOpenresult": "3R (2015)",
    "FrenchOpenresult": "3R (2015)",
    "Wimbledonresult": "2R (2006, 2008, 2009, 2010, 2012, 2014, 2016)",
    "USOpenresult": "4R (2006)",
    "doublesrecord": "58\u2013106",
    "doublestitles": "0",
    "highestdoublesranking": "No. 58 (5 July 2010)",
    "AustralianOpenDoublesresult": "3R (2011)",
    "FrenchOpenDoublesresult": "2R (2010, 2012)",
    "WimbledonDoublesresult": "3R (2007)",
    "USOpenDoublesresult": "2R (2010) ",
    "birth_date": "1981-6-16"
}