{
    "name": "Benjamin Ebrahimzadeh",
    "country": "IRN/GER",
    "residence": "Saarbr\u00fccken, Germany",
    "birth_place": "Saarbr\u00fccken, West Germany",
    "plays": "Right-handed",
    "careerprizemoney": "$14,351",
    "singlesrecord": "0\u20130  (at ATP Tour level, Grand Slam level, and in Davis Cup)",
    "singlestitles": "0",
    "highestsinglesranking": "No. 512 (16 January 2006)",
    "doublesrecord": "0\u20130  (at ATP Tour level and Grand Slam level, and in Davis Cup)",
    "doublestitles": "0",
    "highestdoublesranking": "No. 737 (7 May 2007)",
    "birth_date": "1980-01-03"
}