{
    "name": "Bent-Ove Pedersen",
    "country": "NOR",
    "residence": "Oslo, Norway",
    "birth_place": "Oslo, Norway",
    "height": "m=1.85",
    "turnedpro": "1992",
    "plays": "Right-handed",
    "careerprizemoney": "$134,339",
    "singlesrecord": "3\u20136",
    "singlestitles": "0",
    "highestsinglesranking": "No. 366 (13 Sep 1993)",
    "USOpenresult": "1R (1993)",
    "doublesrecord": "34\u201340",
    "doublestitles": "1",
    "highestdoublesranking": "No. 78 (30 Aug 1993)",
    "AustralianOpenDoublesresult": "1R (1993)",
    "FrenchOpenDoublesresult": "1R (1993)",
    "WimbledonDoublesresult": "1R (1993)",
    "USOpenDoublesresult": "QF (1991) ",
    "birth_date": "1967-07-11"
}