{
    "name": "Bermet Duvanaeva ,   \u0411\u0435\u0440\u043c\u0435\u0442 \u0414\u0443\u0432\u0430\u043d\u0430\u0435\u0432\u0430",
    "country": "KGZ",
    "birth_place": "Frunze, Kirghiz SSR, Soviet Union",
    "careerprizemoney": "US$ 19,871",
    "plays": "Right-handed ,  (two-handed backhand)",
    "singlesrecord": "won=81",
    "singlestitles": "1 ITF",
    "highestsinglesranking": "No. 449 (30 July 2012)",
    "doublesrecord": "won=15",
    "doublestitles": "0",
    "highestdoublesranking": "No. 820 (13 September 2010)",
    "Team": "yes",
    "FedCupresult": "16\u20138 ",
    "birth_date": "1988-01-28"
}