{
    "name": "Bernard Balleret",
    "country": "MON Monaco",
    "birth_place": "Paris, France",
    "height": "m=1.78",
    "plays": "Right-handed",
    "singlesrecord": "1\u20136",
    "singlestitles": "0",
    "highestsinglesranking": "No. 310 (12 December 1976)",
    "FrenchOpenresult": "1R (1976, 1983)",
    "doublesrecord": "1\u20135",
    "doublestitles": "0",
    "highestdoublesranking": "No. 614 (24 February 1986)",
    "FrenchOpenDoublesresult": "2R (1979)  ",
    "birth_date": "1954-5-11"
}