{
    "name": "Bernard Boileau",
    "country": "BEL Belgium",
    "residence": "Brussels",
    "birth_place": "Li\u00e8ge, Belgium",
    "height": "m=1.85",
    "plays": "Right-handed",
    "singlesrecord": "33\u201343",
    "singlestitles": "0",
    "highestsinglesranking": "No. 42 (31 January 1983)",
    "FrenchOpenresult": "2R (1982, 1983, 1984)",
    "Wimbledonresult": "1R (1982)",
    "doublesrecord": "13\u201318",
    "doublestitles": "1",
    "highestdoublesranking": "No. 155 (3 January 1983)",
    "FrenchOpenDoublesresult": "2R (1982, 1983)  ",
    "birth_date": "1959-5-25"
}