{
    "name": "Bernard Destremau",
    "country": "FRA",
    "birth_place": "Paris, France",
    "death_date": "df=yes",
    "death_place": "Neuilly-sur-Seine, France",
    "turnedpro": "1934 (amateur tour)",
    "retired": "1963",
    "plays": "Right-handed (one-handed backhand)",
    "FrenchOpenresult": "SF (1937)",
    "Wimbledonresult": "4R (1951)",
    "USOpenresult": "4R (1937)",
    "FrenchOpenDoublesresult": "'''W''' (1938)",
    "WimbledonDoublesresult": "3R (1946, 1950, 1951)",
    "WimbledonMixedresult": "4R (1946)",
    "birth_date": "1917-02-11"
}