{
    "name": "Tut Bartzen",
    "fullname": "Bernard Bartzen",
    "country": "USA",
    "birth_place": "Austin, Texas, U.S.",
    "death_date": "2019",
    "death_place": "Ft. Worth, Texas, U.S.",
    "turnedpro": "1945 (amateur tour)",
    "retired": "1960",
    "plays": "Left-handed (one-handed backhand)",
    "college": "College of William & Mary",
    "highestsinglesranking": "No. 8 (1959 , Lance Tingay ) United States Lawn Tennis Association (1972). ''Official Encyclopedia of Tennis'' (First Edition), p. 427.",
    "FrenchOpenresult": "4R (1953)",
    "Wimbledonresult": "2R (1953)",
    "USOpenresult": "SF (1959)",
    "birth_date": "1927-11-25"
}