{
    "name": "Bernhard Pils",
    "country": "AUT Austria",
    "birth_place": "Vienna, Austria",
    "height": "5 ft 10 in (178 cm)",
    "turnedpro": "1980",
    "plays": "Right-handed",
    "careerprizemoney": "$58,589",
    "singlesrecord": "10\u201326",
    "singlestitles": "0",
    "highestsinglesranking": "No. 168 (10 Jun 1985)",
    "AustralianOpenresult": "2R (1982)",
    "doublesrecord": "5\u201324",
    "doublestitles": "0",
    "highestdoublesranking": "No. 237 (27 Jul 1987)",
    "AustralianOpenDoublesresult": "1R (1982) ",
    "birth_date": "1961-10-20"
}