{
    "name": "Bernardo Mota",
    "country": "POR",
    "residence": "Lisbon, Portugal",
    "birth_place": "Lisbon, Portugal",
    "height": "m=1.78",
    "turnedpro": "1991",
    "retired": "2005",
    "plays": "Right-handed",
    "careerprizemoney": "US$ 253,056",
    "singlesrecord": [
        "0%)"
    ],
    "singlestitles": "0",
    "highestsinglesranking": "No. 194 (31 March 1997)",
    "Othertournaments": "Yes",
    "Olympicsresult": "1R (1992)",
    "doublesrecord": [
        "0%)"
    ],
    "doublestitles": "1",
    "highestdoublesranking": "No. 96 (21 April 1997)",
    "FrenchOpenDoublesresult": "2R (1997)",
    "WimbledonDoublesresult": "2R (1997)",
    "OthertournamentsDoubles": "Yes",
    "OlympicsDoublesresult": "1R (1992, 1996, 2000)",
    "birth_date": "1971-07-14"
}