{
    "name": "Bernie Schwengers",
    "country": "CAN",
    "fullname": "Bernard Peter Schwengers",
    "birth_place": "Surrey, England",
    "death_date": "1946",
    "death_place": "Victoria, British Columbia, Canada",
    "website": "|AustralianOpenresult              =  |FrenchOpenresult                  =  |Wimbledonresult                   = 3R (1913) |USOpenresult                      =  |Othertournaments                  = |WHCCresult                        = |WCCCresult                        = |Olympicsresult                    = |doublesrecord                     =  |doublestitles                     =  |highestdoublesranking             =  |currentdoublesranking             = |AustralianOpenDoublesresult       =  |FrenchOpenDoublesresult           =  |WimbledonDoublesresult            = 1R (1913) |USOpenDoublesresult               =  |OthertournamentsDoubles           = |OlympicsDoublesresult             = |Mixed                             = |mixedrecord                       =  |mixedtitles                       =  |AustralianOpenMixedresult         =  |FrenchOpenMixedresult             =  |WimbledonMixedresult              = |USOpenMixedresult                 =  |OthertournamentsMixedDoubles      =  |OlympicMixedDoublesresult         =  |Team                              = yes |DavisCupresult                    = F (1913) "
}