{
    "name": "Bernarda Pera",
    "country": "CRO (2009 \u2013 Jan 2013), USA (March 2013 \u2013 present)",
    "birth_place": "Zadar, Croatia",
    "height": "1.76 m",
    "careerprizemoney": "US$ 3,995,881",
    "coach": "Guillermo Ca\u00f1as",
    "plays": "Left-handed (two-handed backhand)",
    "singlesrecord": "won=380",
    "singlestitles": "2",
    "highestsinglesranking": "No. 27 (12 June 2023)",
    "currentsinglesranking": "No. 79 (22 April 2024)",
    "AustralianOpenresult": "3R (2018, 2023)",
    "FrenchOpenresult": "4R (2023)",
    "Wimbledonresult": "1R (2018, 2019, 2021, 2022, 2023)",
    "USOpenresult": "3R (2023)",
    "doublesrecord": "won=110",
    "doublestitles": "1",
    "highestdoublesranking": "No. 35 (21 February 2022)",
    "currentdoublesranking": "No. 80 (22 April 2024)",
    "AustralianOpenDoublesresult": "3R (2021, 2022)",
    "FrenchOpenDoublesresult": "SF (2021)",
    "WimbledonDoublesresult": "2R (2023)",
    "USOpenDoublesresult": "QF (2023)",
    "AustralianOpenMixedresult": "2R (2022)",
    "FrenchOpenMixedresult": "1R (2022)",
    "WimbledonMixedresult": "2R (2023)",
    "USOpenMixedresult": "2R (2022)",
    "birth_date": "1994-12-03"
}