{
    "name": "Bernard Fritz",
    "country": "FRA",
    "birth_place": "Marseille, France",
    "height": "m=1.73",
    "turnedpro": "1976",
    "retired": "1985",
    "plays": "Right-handed",
    "singlesrecord": "53\u201382",
    "singlestitles": "0",
    "highestsinglesranking": "No. 91 (17 January 1983)",
    "FrenchOpenresult": "3R (1982)",
    "Wimbledonresult": "2R (1980, 1982)",
    "USOpenresult": "2R (1981)",
    "doublesrecord": "40\u201354",
    "doublestitles": "0",
    "highestdoublesranking": "No. 106 (2 January 1984)",
    "FrenchOpenDoublesresult": "2R (1980, 1981)",
    "USOpenDoublesresult": "1R (1979) ",
    "birth_date": "1953-10-05"
}