{
    "name": "Beryl Penrose",
    "fullname": "Beryl Penrose Collier",
    "country": "Australia",
    "birth_place": "Sydney, Australia",
    "death_date": "df=y",
    "plays": "Right\u2013handed (one-handed backhand)",
    "highestsinglesranking": "No. 5 (1955 Lance Tingay)",
    "AustralianOpenresult": "'''W''' (1955)",
    "FrenchOpenresult": "QF (1955)",
    "Wimbledonresult": "QF (1955)",
    "AustralianOpenDoublesresult": "'''W''' (1954, 1955)",
    "FrenchOpenDoublesresult": "SF (1955)",
    "WimbledonDoublesresult": "3R (1955)",
    "Mixed": "Yes",
    "AustralianOpenMixedresult": "'''W''' (1956)",
    "FrenchOpenMixedresult": "SF (1952, 1955)",
    "WimbledonMixedresult": "SF (1955) ",
    "birth_date": "1930-12-22"
}