{
    "name": "Beth Herr Bellamy",
    "country": "USA",
    "birth_place": "Middletown, Ohio editor=John Barrett ",
    "height": "ft=5",
    "turnedpro": "1981",
    "retired": "1990",
    "plays": "Right-handed (two-handed backhand)",
    "careerprizemoney": "US$ 391,346",
    "singlestitles": "1",
    "highestsinglesranking": "No. 31 (15 August 1983)",
    "AustralianOpenresult": "1R (1983, 1984, 1989)",
    "FrenchOpenresult": "3R (1982)",
    "Wimbledonresult": "3R (1987)",
    "USOpenresult": "3R (1982)",
    "doublestitles": "4",
    "highestdoublesranking": "No. 26 (10 October 1988)",
    "USOpenDoublesresult": "QF (1982)",
    "FrenchOpenMixedresult": "SF (1986)",
    "WimbledonMixedresult": "QF (1988) ",
    "birth_date": "1964-5-28"
}