{
    "name": "Betina Jozami",
    "country": "ARG",
    "birth_place": "Paran\u00e1, Argentina",
    "height": "1.80 m",
    "retired": "2011",
    "plays": "Right-handed (two-handed backhand)",
    "careerprizemoney": "$155,059",
    "singlesrecord": "won=153",
    "singlestitles": "7 ITF",
    "highestsinglesranking": "No. 132 (9 February 2009)",
    "AustralianOpenresult": "Q3 (2009)",
    "FrenchOpenresult": "Q3 (2008)",
    "Wimbledonresult": "Q1 (2007\u20132008)",
    "USOpenresult": "Q1 (2007, 2008, 2009)",
    "doublesrecord": "won=153",
    "doublestitles": "15 ITF",
    "highestdoublesranking": "No. 96 (19 May 2008)",
    "WimbledonDoublesresult": "1R (2008)",
    "birth_date": "1988-09-08"
}