{
    "name": "Betsy Nagelsen",
    "country": "USA",
    "residence": "Maui, Hawaii &, Orlando, Florida",
    "birth_place": "St. Petersburg, Florida",
    "height": "1.75",
    "turnedpro": "1973",
    "retired": "1996",
    "plays": "Right-handed",
    "careerprizemoney": "$1,016,519",
    "singlesrecord": "194\u2013256",
    "singlestitles": "4",
    "highestsinglesranking": "No. 23 (end 1981) http://www.wtatennis.com/SEWTATour-Archive/Rankings_Stats/Singles_Numeric_1981.pdf WTA ranking 1981",
    "AustralianOpenresult": "F (1978)",
    "FrenchOpenresult": "2R (1975, 1978)",
    "Wimbledonresult": "4R (1981, 1986)",
    "USOpenresult": "3R (1974, 1976, 1980,  1988)",
    "doublesrecord": "385\u2013253",
    "doublestitles": "26",
    "highestdoublesranking": "No. 11 (March 14, 1988)",
    "AustralianOpenDoublesresult": "'''W''' (1978, 1980)",
    "FrenchOpenDoublesresult": "SF (1981, 1985)",
    "WimbledonDoublesresult": "F (1987)",
    "USOpenDoublesresult": "SF (1978, 1984, 1987)",
    "Mixed": "yes",
    "USOpenMixedresult": "F (1987) ",
    "birth_date": "1956-10-23"
}