{
    "name": "Betty Rosenquest Pratt",
    "country": "USA / JAM Jamaica",
    "death_date": "2016",
    "death_place": "Winter Park, Florida, U.S.",
    "tennishofid": "|website                           = |singlesrecord                     =  |singlestitles                     =  |highestsinglesranking             = No. 7 (1954) |currentsinglesranking             = |AustralianOpenresult              =  |FrenchOpenresult                  = QF (1950) |Wimbledonresult                   = SF (1954) |USOpenresult                      = SF (1956) |Othertournaments                  =  |Olympicsresult                    =  |doublesrecord                     =  |doublestitles                     =  |highestdoublesranking             =  |currentdoublesranking             =  |grandslamsdoublesresults          = |AustralianOpenDoublesresult       = |FrenchOpenDoublesresult           = |WimbledonDoublesresult            = SF (1951) |USOpenDoublesresult               = F (1956) |OthertournamentsDoubles           =  |OlympicsDoublesresult             =  |Mixed                             =  |mixedrecord                       =  |mixedtitles                       =  |AustralianOpenMixedresult         =  |FrenchOpenMixedresult             =  |WimbledonMixedresult              = QF (1954) |USOpenMixedresult                 =  |OthertournamentsMixedDoubles      =  |OlympicMixedDoublesresult         =  ",
    "birth_date": "1925-4-15"
}