{
    "name": "Bettina Fulco",
    "country": "ARG",
    "residence": "Mar del Plata, Argentina",
    "birth_place": "Mar del Plata",
    "height": "m=1.61",
    "turnedpro": "1987",
    "retired": "1998",
    "plays": "Right-handed (one handed backhand)",
    "careerprizemoney": "$654,309",
    "singlesrecord": "won=288",
    "singlestitles": "2 ITF",
    "highestsinglesranking": "No. 23 (10 October 1988)",
    "AustralianOpenresult": "2R (1995)",
    "FrenchOpenresult": "QF (1988)",
    "Wimbledonresult": "3R (1987)",
    "USOpenresult": "2R (1991)",
    "doublesrecord": "won=108",
    "doublestitles": "3 WTA, 1 ITF",
    "highestdoublesranking": "No. 62 (4 November 1991)",
    "AustralianOpenDoublesresult": "2R (1992)",
    "FrenchOpenDoublesresult": "2R (1987, 1988, 1989)",
    "WimbledonDoublesresult": "1R (1987, 1992, 1994)",
    "USOpenDoublesresult": "2R (1990, 1992)",
    "Mixed": "yes",
    "mixedrecord": "2\u20133",
    "mixedtitles": "0",
    "FrenchOpenMixedresult": "2R (1989, 1990) ",
    "birth_date": "1968-10-23"
}