{
    "name": "Bettina Bunge",
    "country": "FRG",
    "residence": "Monte Carlo, Monaco",
    "birth_place": "Adliswil, Switzerland",
    "height": "1.73",
    "turnedpro": "1978",
    "retired": "1989",
    "plays": "Right-handed (one\u2013handed backhand)",
    "careerprizemoney": "$357,876",
    "singlesrecord": "294\u2013177",
    "singlestitles": "4",
    "highestsinglesranking": "No. 6 (28 March 1983)",
    "AustralianOpenresult": "3R (1981)",
    "FrenchOpenresult": "4R (1981)",
    "Wimbledonresult": "SF (1982)",
    "USOpenresult": "4R (1981, 1987)",
    "doublesrecord": "206\u2013153",
    "doublestitles": "4",
    "highestdoublesranking": "No. 17 (19 January 1987)",
    "AustralianOpenDoublesresult": "2R (1980)",
    "FrenchOpenDoublesresult": "SF (1981)",
    "WimbledonDoublesresult": "SF (1982)",
    "USOpenDoublesresult": "SF (1982) ",
    "birth_date": "1963-6-13"
}