{
    "name": "Betty St\u00f6ve",
    "full_name": "Betty Flippina St\u00f6ve",
    "itf_name": "Betty Stove",
    "country": "NED",
    "residence": "Brasschaat, Belgium",
    "birth_place": "Rotterdam, Netherlands",
    "height": "1.80 m",
    "plays": "Right-handed",
    "careerprizemoney": "US$1,047,356",
    "singlesrecord": "190\u2013151",
    "singlestitles": "1",
    "highestsinglesranking": "No. 5 (3 July 1977)",
    "AustralianOpenresult": "3R (1967, 1980)",
    "FrenchOpenresult": "3R (1965, 1971, 1972, 1973, 1979)",
    "Wimbledonresult": "F (1977)",
    "USOpenresult": "SF (1977)",
    "doublestitles": "75",
    "highestdoublesranking": "No. 1",
    "AustralianOpenDoublesresult": "SF (1967)",
    "FrenchOpenDoublesresult": "'''W''' (1972, 1979)",
    "WimbledonDoublesresult": "'''W''' (1972)",
    "USOpenDoublesresult": "'''W''' (1972, 1977, 1979)",
    "OthertournamentsDoubles": "Yes",
    "WTAChampionshipsDoublesresult": "'''W''' (1976, 1977, 1979)",
    "Mixed": "Yes",
    "mixedtitles": "4",
    "AustralianOpenMixedresult": "\u2014",
    "FrenchOpenMixedresult": "F (1973, 1981)",
    "WimbledonMixedresult": "'''W''' (1978, 1981)",
    "USOpenMixedresult": "'''W''' (1977, 1978) ",
    "birth_date": "1945-6-24"
}