{
    "name": "Bianca Botto",
    "country": "PER",
    "residence": "Lima",
    "birth_place": "Lima",
    "height": "1.78 m",
    "turnedpro": "2007",
    "plays": "Left (two-handed backhand)",
    "careerprizemoney": "$106,670",
    "singlesrecord": "won=208",
    "singlestitles": "15 ITF",
    "highestsinglesranking": "No. 199 (20 April 2015)",
    "AustralianOpenresult": "Q1 (2015)",
    "FrenchOpenresult": "Q1 (2015)",
    "USOpenresult": "Q1 (2012)",
    "doublesrecord": "won=55",
    "doublestitles": "5 ITF",
    "highestdoublesranking": "No. 237 (4 October 2010)",
    "Team": "yes",
    "FedCupresult": "won=28",
    "birth_date": "1991-6-06",
    "medaltemplates": [
        "Country: {{PER}}",
        "Sport: Women's Tennis",
        "Competition: South American Games",
        "Bronze Medal: 2014 Santiago Singles"
    ]
}