{
    "name": "Bianka Lamade",
    "country_represented": "GER",
    "birth_place": "Leonberg, West Germany",
    "height": "1.84 m",
    "retired": "2004",
    "plays": "Right-handed",
    "careerprizemoney": "$314,804",
    "singlesrecord": "92\u201387",
    "singlestitles": "1 WTA, 3 ITF",
    "highestsinglesranking": "No. 59 (9 July 2001)",
    "AustralianOpenresult": "2R (2002)",
    "FrenchOpenresult": "1R (2001, 2002)",
    "Wimbledonresult": "2R (2001)",
    "USOpenresult": "1R (2001)",
    "doublesrecord": "66\u201360",
    "doublestitles": "6 ITF",
    "highestdoublesranking": "No. 60 (23 July 2001)",
    "AustralianOpenDoublesresult": "1R (2001, 2002)",
    "FrenchOpenDoublesresult": "2R (2001\u20132003)",
    "WimbledonDoublesresult": "2R (2001)",
    "USOpenDoublesresult": "1R (2001, 2003) ",
    "birth_date": "1982-8-30"
}