{
    "name": "Bibiane Schoofs",
    "country": "NED",
    "residence": "Ede, Netherlands",
    "birth_place": "Rhenen, Netherlands",
    "height": "1.70 m",
    "plays": "Right-handed (two-handed backhand)",
    "careerprizemoney": "US$ 638,502",
    "singlesrecord": "won=386",
    "singlestitles": "0 WTA, 8 ITF",
    "highestsinglesranking": "No. 142 (11 June 2012)",
    "currentsinglesranking": "No. 1226 (4 March 2024)",
    "AustralianOpenresult": "Q3 (2018)",
    "FrenchOpenresult": "Q2 (2018)",
    "Wimbledonresult": "Q3 (2012)",
    "USOpenresult": "Q2 (2019)",
    "doublesrecord": "won=226",
    "doublestitles": "2 WTA",
    "highestdoublesranking": "No. 77 (6 November 2023)",
    "currentdoublesranking": "No. 92 (4 March 2024)",
    "AustralianOpenDoublesresult": "1R (2024)",
    "FrenchOpenDoublesresult": "1R (2020)",
    "WimbledonDoublesresult": "1R (2018)",
    "Team": "yes",
    "FedCupresult": "won=6",
    "birth_date": "1988-05-13"
}