{
    "name": "Biljana Pawlowa-Dimitrova,  \u0411\u0438\u043b\u044f\u043d\u0430 \u041f\u0430\u0432\u043b\u043e\u0432\u0430-\u0414\u0438\u043c\u0438\u0442\u0440\u043e\u0432\u0430",
    "country": "BUL",
    "birth_place": "Bulgaria",
    "height": "1.72 m",
    "turnedpro": "1993",
    "retired": "2013",
    "plays": "Right-handed (two-handed backhand)",
    "careerprizemoney": "US$ 65,804",
    "singlesrecord": "won=160",
    "singlestitles": "1 ITF",
    "highestsinglesranking": "No. 490 (16 October 2006)",
    "doublesrecord": "won=168",
    "doublestitles": "3 ITF",
    "highestdoublesranking": "No. 301 (20 April 2009)",
    "Team": "yes",
    "FedCupresult": "1\u20131 ",
    "birth_date": "1978-01-20"
}