{
    "name": "Billie Jean King",
    "birth_name": "Billie Jean Moffitt",
    "birth_place": "Long Beach, California, U.S.",
    "height": "ft=5",
    "embed": "yes",
    "country_represented": "United States",
    "college": "California State University, Los Angeles",
    "turnedpro": "1968",
    "retired": "1990",
    "plays": "Right-handed (one-handed backhand)",
    "careerprizemoney": "$1,966,487 url=http://www.sonyericssonwtatour.com/page/Player/Stats/0,,12781~4011,00.html ",
    "tennishofyear": "1987",
    "tennishofid": "billie-jean-king",
    "website": "https://www.billiejeanking.com/",
    "singlesrecord": "695\u2013155 (81.76%)",
    "singlestitles": "129  (67 during open era)",
    "highestsinglesranking": "No. 1 (1966 , Lance Tingay )",
    "AustralianOpenresult": "'''W''' (1968)",
    "FrenchOpenresult": "'''W''' (1972)",
    "Wimbledonresult": "'''W''' (1966, 1967, 1968, 1972, 1973, 1975)",
    "USOpenresult": "'''W''' (1967, 1971, 1972, 1974)",
    "doublesrecord": "87\u201337  (as shown on WTA website)",
    "highestdoublesranking": "No. 1 (1967)",
    "AustralianOpenDoublesresult": "F (1965, 1969)",
    "FrenchOpenDoublesresult": "'''W''' (1972)",
    "WimbledonDoublesresult": "'''W''' (1961, 1962, 1965, 1967, 1968, 1970, 1971, 1972, 1973, 1979)",
    "USOpenDoublesresult": "'''W''' (1964, 1967, 1974, 1978, 1980)",
    "OthertournamentsDoubles": "yes",
    "WTAChampionshipsDoublesresult": "'''W''' (1974, 1976, 1978, 1980)",
    "Mixed": "yes",
    "mixedtitles": "11",
    "AustralianOpenMixedresult": "'''W''' (1968)",
    "FrenchOpenMixedresult": "'''W''' (1967, 1970)",
    "WimbledonMixedresult": "'''W''' (1967, 1971, 1973, 1974)",
    "USOpenMixedresult": "'''W''' (1967, 1971, 1973, 1976)",
    "Team": "yes",
    "FedCupresult": "'''W''' (1963, 1966, 1967, 1976, 1977, 1978, 1979)  (as player) , '''W''' (1976, 1996, 1999, 2000)  (as captain)",
    "CoachPlayers": "Tim Mayotte   Martina Navratilova",
    "birth_date": "1943-11-22"
}