{
    "name": "Bill Maze",
    "fullname": "William Maze",
    "country_represented": "United States",
    "birth_place": "Bakersfield, California",
    "plays": "Right-handed",
    "singlesrecord": "11\u201331",
    "highestsinglesranking": "No. 153 (December 26, 1979)",
    "AustralianOpenresult": "2R (1979)",
    "FrenchOpenresult": "1R (1979, 1980)",
    "USOpenresult": "1R (1977, 1980)",
    "doublesrecord": "48\u201366",
    "doublestitles": "2",
    "highestdoublesranking": "No. 68 (January 3, 1979)",
    "AustralianOpenDoublesresult": "QF (1982)",
    "FrenchOpenDoublesresult": "2R (1979)",
    "WimbledonDoublesresult": "1R (1979)",
    "USOpenDoublesresult": "2R (1979, 1982) ",
    "birth_date": "1956-02-09"
}