{
    "name": "Billy Martin",
    "country": "USA United States",
    "residence": "Los Angeles, California, U.S.",
    "birth_place": "Evanston, Illinois, U.S.",
    "height": "ft=5",
    "turnedpro": "1975",
    "retired": "1982",
    "plays": "Right-handed (one-handed backhand)",
    "singlesrecord": "144\u2013175",
    "singlestitles": "1",
    "highestsinglesranking": "No. 32 (5 March 1975)",
    "AustralianOpenresult": "1R (1980)",
    "FrenchOpenresult": "3R (1981)",
    "Wimbledonresult": "QF (1977)",
    "USOpenresult": "2R (1973, 1976)",
    "doublesrecord": "126\u2013160",
    "doublestitles": "3",
    "AustralianOpenDoublesresult": "SF (1980)",
    "FrenchOpenDoublesresult": "SF (1981)",
    "WimbledonDoublesresult": "3R (1973, 1977, 1981)",
    "USOpenDoublesresult": "2R (1975)",
    "Mixed": "Yes",
    "mixedtitles": "1",
    "FrenchOpenMixedresult": "'''W''' (1980) ",
    "birth_date": "1956-12-25"
}