{
    "name": "Bj\u00f6rn Borg",
    "fullname": "Bj\u00f6rn Rune Borg",
    "residence": "Norrmalm, Stockholm, Sweden",
    "birth_place": "Stockholm, Sweden",
    "country": "Sweden",
    "height": "1.80 m",
    "turnedpro": "1973 (comeback in 1991)",
    "retired": "1984, 1993",
    "coach": "Lennart Bergelin (1971\u20131983) Ron Thatcher (1991\u20131993)",
    "plays": "Right-handed (two-handed backhand)",
    "careerprizemoney": "US$3,655,751",
    "tennishofyear": "1987",
    "tennishofid": "bjorn-borg",
    "singlesrecord": "won=654",
    "singlestitles": "66 (8th in the Open Era)",
    "highestsinglesranking": "No. '''1''' (23 August 1977)",
    "AustralianOpenresult": "3R (1974)",
    "FrenchOpenresult": "'''W''' (1974, 1975, 1978, 1979, 1980, 1981)",
    "Wimbledonresult": "'''W''' (1976, 1977, 1978, 1979, 1980)",
    "USOpenresult": "F (1976, 1978, 1980, 1981)",
    "Othertournaments": "Yes",
    "MastersCupresult": "'''W''' (1979, 1980)",
    "WCTFinalsresult": "'''W''' (1976)",
    "doublesrecord": "86\u201381 (51.2%)",
    "doublestitles": "4",
    "AustralianOpenDoublesresult": "3R (1973)",
    "FrenchOpenDoublesresult": "SF (1974, 1975)",
    "WimbledonDoublesresult": "3R (1976)",
    "USOpenDoublesresult": "3R (1975)",
    "Team": "yes",
    "DavisCupresult": "'''W''' (1975) ",
    "birth_date": "1956-6-6"
}