{
    "name": "Bj\u00f6rn Phau",
    "country": "GER",
    "residence": "Weilerswist, Germany",
    "birth_place": "Darmstadt, West Germany",
    "height": "1.75",
    "turnedpro": "1999",
    "retired": "2014",
    "plays": "Right-handed (one-handed backhand)",
    "careerprizemoney": "US$1,983,070",
    "singlesrecord": "80\u2013138",
    "singlestitles": "0",
    "highestsinglesranking": "No. 59 (19 June 2006)",
    "AustralianOpenresult": "2R (2005, 2006)",
    "FrenchOpenresult": "1R (2000, 2005, 2006, 2011, 2012)",
    "Wimbledonresult": "2R (2012)",
    "USOpenresult": "2R (2001, 2005, 2006, 2012)",
    "doublesrecord": "23\u201332",
    "doublestitles": "0",
    "highestdoublesranking": "No. 55 (23 April 2007)",
    "AustralianOpenDoublesresult": "3R (2011)",
    "FrenchOpenDoublesresult": "QF (2006)",
    "WimbledonDoublesresult": "2R (2006)",
    "USOpenDoublesresult": "2R (2006)",
    "birth_date": "1979-10-04"
}