{
    "name": "Bla\u017e Rola",
    "country": "SLO Slovenia",
    "residence": "Ptuj, Slovenia",
    "birth_place": "Ptuj, SR Slovenia, Yugoslavia",
    "height": "1.93",
    "college": "Ohio State University",
    "turnedpro": "2013",
    "plays": "Left-handed (two-handed backhand)",
    "careerprizemoney": "$1,138,429",
    "singlesrecord": "15\u201323",
    "singlestitles": "0",
    "highestsinglesranking": "No. 78 (5 January 2015)",
    "currentsinglesranking": "No. 444 (15 January 2024)",
    "AustralianOpenresult": "2R (2014)",
    "FrenchOpenresult": "1R (2019)",
    "Wimbledonresult": "2R (2014)",
    "USOpenresult": "1R (2014)",
    "doublesrecord": "8\u20138",
    "doublestitles": "1",
    "highestdoublesranking": "No. 186 (22 August 2016)",
    "currentdoublesranking": "No. 204 (15 January 2024)",
    "birth_date": "1990-10-05"
}