{
    "name": "Blaine Willenborg",
    "country": "USA",
    "birth_place": "Miami, Florida, U.S.",
    "height": "m=1.70",
    "plays": "Right-handed",
    "careerprizemoney": "$249,307",
    "singlestitles": "0",
    "highestsinglesranking": "No. 50 (10 September 1984)",
    "FrenchOpenresult": "2R (1985)",
    "Wimbledonresult": "1R (1984)",
    "USOpenresult": "2R (1980)",
    "doublestitles": "7",
    "highestdoublesranking": "No. 13 (18 April 1988)",
    "FrenchOpenDoublesresult": "QF (1985, 1987, 1989)",
    "WimbledonDoublesresult": "1R (1984, 1989)",
    "USOpenDoublesresult": "QF (1988)",
    "birth_date": "1960-1-4"
}