{
    "name": "Blanche Bingley",
    "fullname": "Blanche Bingley Hillyard",
    "country": "GBR",
    "birth_place": "Greenford, Middlesex, England",
    "death_date": "df=yes",
    "death_place": "Pulborough, Sussex, England",
    "plays": "Right-handed",
    "tennishofyear": "2013",
    "tennishofid": "blanche-bingley-hillyard",
    "singlestitles": "58",
    "Wimbledonresult": "'''W''' (1886, 1889, 1894, 1897, 1899, 1900)",
    "WimbledonDoublesresult": "1R (1913)",
    "WimbledonMixedresult": "3R (1913)",
    "birth_date": "1863-11-03"
}