{
    "name": "Boaz Kramer",
    "country": "ISR",
    "highestsinglesranking": "No.9 (2012)",
    "Othertournaments": "yes",
    "Paralympicsresult": "R1 (2008)",
    "highestdoublesranking": "No.9 (2009)",
    "ParalympicsDoublesresult": "'''Silver Medal''' (2008)",
    "birth_date": "1978-01-12",
    "medaltemplates": [
        "Sport: Wheelchair tennis",
        "Country: {{ISR}}",
        "Competition: Summer Paralympics",
        "Silver Medal: 2008 Beijing Quad doubles"
    ]
}