{
    "name": "Bob Falkenburg",
    "fullname": "Robert Falkenburg",
    "country": "United States Brazil",
    "birth_place": "Manhattan, New York, U.S.",
    "death_date": "2022",
    "death_place": "Santa Ynez, California, U.S.",
    "height": "ft=6",
    "turnedpro": "1942  (amateur tour)",
    "retired": "1955",
    "plays": "Right-handed (one-handed backhand)",
    "careerprizemoney": "|tennishofyear          = 1974 |tennishofid            = bob-falkenburg",
    "highestsinglesranking": "No. 7 (1948 , John Olliff ) United States Lawn Tennis Association (1972). ''Official Encyclopedia of Tennis'' (First Edition), p. 426.",
    "FrenchOpenresult": "4R (1954)",
    "Wimbledonresult": "'''W''' (1948)",
    "USOpenresult": "SF (1946)",
    "WimbledonDoublesresult": "'''W''' (1947)",
    "USOpenDoublesresult": "'''W''' (1944)",
    "Mixed": "yes",
    "WimbledonMixedresult": "4R (1947)",
    "USOpenMixedresult": "F (1945)",
    "Team": "yes",
    "DavisCupresult": "SF Am  (1955) ",
    "birth_date": "1926-01-29"
}