{
    "name": "Bob Bryan",
    "country": "USA",
    "residence": "Sunny Isles Beach, Florida, U.S.",
    "fullname": "Robert Charles Bryan",
    "birth_place": "Camarillo, California, U.S.",
    "height": "1.93",
    "college": "Stanford",
    "turnedpro": "1998",
    "retired": "2020",
    "plays": "Left-handed (one-handed backhand)",
    "coach": "David Macpherson (2005\u20132016)   Du\u0161an Vemi\u0107 (2016\u20132017)   David Macpherson (2017\u20132020)  Dave Marshall (2017\u20132020)",
    "careerprizemoney": [
        "44th all-time leader in earnings"
    ],
    "website": "http://bryanbros.com/ bryanbros.com",
    "singlesrecord": "won=21",
    "singlestitles": "0",
    "highestsinglesranking": "No. 116 (13 November 2000)",
    "AustralianOpenresult": "Q3 (2000)",
    "FrenchOpenresult": "Q1 (2000)",
    "Wimbledonresult": "2R (2001)",
    "USOpenresult": "2R (1998)",
    "doublesrecord": "won=1109",
    "doublestitles": "119",
    "highestdoublesranking": "No. '''1''' (8 September 2003)",
    "AustralianOpenDoublesresult": "'''W''' (2006, 2007, 2009, 2010, 2011, 2013)",
    "FrenchOpenDoublesresult": "'''W''' (2003, 2013)",
    "WimbledonDoublesresult": "'''W''' (2006, 2011, 2013)",
    "USOpenDoublesresult": "'''W''' (2005, 2008, 2010, 2012, 2014)",
    "OthertournamentsDoubles": "Yes",
    "MastersCupDoublesresult": "'''W''' (2003, 2004, 2009, 2014)",
    "OlympicsDoublesresult": "'''Gold Medal''' (2012)  Bronze Medal (2008)",
    "Mixed": "yes",
    "mixedtitles": "7",
    "AustralianOpenMixedresult": "QF (2002, 2005, 2006, 2007, 2013, 2016)",
    "FrenchOpenMixedresult": "'''W''' (2008, 2009)",
    "WimbledonMixedresult": "'''W''' (2008)",
    "USOpenMixedresult": "'''W''' (2003, 2004, 2006, 2010)",
    "OthertournamentsMixedDoubles": "Yes",
    "Team": "yes",
    "DavisCupresult": "'''W''' (2007)",
    "OlympicMixedDoublesresult": "1R (2012) |updated=22 March 2020 ",
    "birth_date": "1978-4-29"
}