{
    "name": "Bob Giltinan",
    "country": "Australia",
    "residence": "Sydney, New South Wales",
    "birth_place": "Sydney, New South Wales",
    "height": "m=1.85",
    "plays": "Right-handed",
    "singlesrecord": "66\u201395",
    "singlestitles": "1",
    "highestsinglesranking": "No. 16 (1974) url=http://www.atpca.com.au/about/directors/ ",
    "AustralianOpenresult": "SF (1977 Dec )",
    "FrenchOpenresult": "2R (1968, 1978)",
    "Wimbledonresult": "2R (1970, 1973, 1974, 1978)",
    "USOpenresult": "1R (1978)",
    "doublesrecord": "64\u201378",
    "doublestitles": "2",
    "AustralianOpenDoublesresult": "F (1973)",
    "FrenchOpenDoublesresult": "4R (1968)",
    "WimbledonDoublesresult": "4R (1974)",
    "USOpenDoublesresult": "3R (1978)",
    "Mixed": "yes",
    "AustralianOpenMixedresult": "1R (1969)",
    "Team": "yes",
    "DavisCupresult": "'''W''' (1973, 1977)",
    "office1": "Councillor of Warringah Council, for B Ward",
    "term_start1": "13 September 2008",
    "term_end1": "12 May 2016",
    "office2": "Deputy Mayor of Warringah",
    "2blankname2": "Mayor",
    "2namedata2": "Michael Regan",
    "term_start2": "23 October 2012",
    "term_end2": "24 September 2013",
    "predecessor2": "Julie Sutton",
    "successor2": "Sue Heins",
    "party": "Independent  ",
    "birth_date": "1949-7-4"
}