{
    "name": "Bob Mark",
    "fullname": "Robert Ian Mark",
    "country": "AUS",
    "birth_place": "Albury, Australia",
    "death_date": "df=yes",
    "death_place": "South Africa",
    "highestsinglesranking": "10",
    "AustralianOpenresult": "SF (1959)",
    "FrenchOpenresult": "3R (1958)",
    "Wimbledonresult": "3R (1958, 1960)",
    "USOpenresult": "QF (1960)",
    "AustralianOpenDoublesresult": "'''W''' (1959, 1960, 1961)",
    "FrenchOpenDoublesresult": "F (1961)",
    "WimbledonDoublesresult": "F (1959)",
    "USOpenDoublesresult": "F (1960)",
    "AustralianOpenMixedresult": "'''W''' (1959)",
    "WimbledonMixedresult": "SF (1959, 1960)",
    "USOpenMixedresult": "'''W''' (1961)",
    "birth_date": "1937-11-28"
}