{
    "name": "Bobby Wilson",
    "fullname": "Robert Keith Wilson",
    "country": "GBR",
    "residence": "Finchley, Middlesex, England",
    "birth_place": "Hendon, Middlesex, England",
    "death_date": "df=y",
    "turnedpro": "1952 (amateur)",
    "retired": "1975",
    "plays": "Right-handed (one-handed backhand)",
    "singlesrecord": "670\u2013257 (72.2%)",
    "singlestitles": "56",
    "AustralianOpenresult": "3R (1968)",
    "FrenchOpenresult": "QF (1963)",
    "Wimbledonresult": "QF (1958, 1959, 1961, 1963)",
    "USOpenresult": "QF (1960, 1963)",
    "WimbledonDoublesresult": "F (1960)",
    "birth_date": "1935-11-22"
}