{
    "name": "Bobby Riggs",
    "fullname": "Robert Larimore Riggs",
    "country_represented": "USA",
    "birth_place": "Los Angeles, California, U.S.",
    "death_date": "1995",
    "death_place": "Encinitas, California, U.S. https://www.britannica.com/biography/Robert-Riggs Bobby Riggs. ''Encyclop\u00e6dia Britannica''.",
    "height": "5",
    "turnedpro": "1941 (amateur tour 1933)",
    "retired": "1962",
    "plays": "Right-handed (one-handed backhand)",
    "tennishofyear": "1967",
    "tennishofid": "bobby-riggs",
    "singlesrecord": "838\u2013326 (71.9%) title=Bobby Riggs: Career match record",
    "singlestitles": "103",
    "highestsinglesranking": "No. '''1''' (1939 , Gordon Lowe ) publisher=United States Lawn Tennis Association ",
    "FrenchOpenresult": "F (1939)",
    "Wimbledonresult": "'''W''' (1939)",
    "USOpenresult": "'''W''' (1939, 1941)",
    "Promajors": "yes",
    "USProresult": "'''W''' (1946, 1947, 1949)",
    "WembleyProresult": "F (1949)",
    "doublesrecord": "not listed",
    "doublestitles": "not listed",
    "highestdoublesranking": "No. '''1''' (1942 , Ray Bowers )",
    "WimbledonDoublesresult": "'''W''' (1939)",
    "WimbledonMixedresult": "'''W''' (1939)",
    "USOpenMixedresult": "'''W''' (1940) ",
    "birth_date": "1918-2-25"
}