{
    "name": "Bobby Reynolds",
    "country": "United States",
    "residence": "Auburn, Alabama",
    "fullname": "Robert Thomas Reynolds",
    "birth_place": "Cape Cod, Massachusetts",
    "height": "ft=6",
    "turnedpro": "2003",
    "retired": "2014",
    "plays": "Right-handed (two-handed backhand)",
    "careerprizemoney": "$1,573,292",
    "singlesrecord": "28\u201373",
    "singlestitles": "0",
    "highestsinglesranking": "No. 63 (February 2, 2009)",
    "AustralianOpenresult": "3R (2005)",
    "FrenchOpenresult": "2R (2008)",
    "Wimbledonresult": "3R (2008)",
    "USOpenresult": "2R (2008)",
    "doublesrecord": "41\u201348",
    "doublestitles": "1",
    "highestdoublesranking": "No. 46 (May 4, 2009) |AustralianOpenDoublesresult = 3R (2009) |FrenchOpenDoublesresult= 3R (2008) |WimbledonDoublesresult = 3R (2006) |USOpenDoublesresult    = 3R (2006)",
    "birth_date": "1982-7-17"
}