{
    "name": "Bobbie Heine-Miller",
    "fullname": "Esther Laurie Heine",
    "country": "RSA South Africa",
    "birth_place": "Greytown, Colony of Natal",
    "death_date": "2016",
    "death_place": "Canberra, Australia",
    "plays": "Right-handed",
    "highestsinglesranking": "No.5 (1929)",
    "FrenchOpenresult": "SF (1927)",
    "Wimbledonresult": "QF (1929)",
    "FrenchOpenDoublesresult": "'''W''' (1927)",
    "WimbledonDoublesresult": "F (1927)",
    "FrenchOpenMixedresult": "3R (1929)",
    "WimbledonMixedresult": "SF (1927, 1929)",
    "birth_date": "1909-12-05"
}