{
    "name": "Bojana Bobusic",
    "country": "AUS",
    "residence": "Perth, Western Australia",
    "birth_place": "Belgrade, SFR Yugoslavia",
    "height": "1.70",
    "turnedpro": "2009",
    "retired": "2014",
    "plays": "Right-handed (two-handed backhand)",
    "careerprizemoney": "$127,959",
    "singlesrecord": "won=100",
    "singlestitles": "1 ITF",
    "highestsinglesranking": "No. 222 (17 September 2012)",
    "AustralianOpenresult": "1R (2012, 2013)",
    "doublesrecord": "won=64",
    "doublestitles": "3 ITF",
    "highestdoublesranking": "No. 187 (14 January 2013)",
    "AustralianOpenDoublesresult": "2R (2012) ",
    "birth_date": "1987-10-02"
}