{
    "name": "Bojana Jovanovski Petrovi\u0107,  \u0411\u043e\u0458\u0430\u043d\u0430 \u0408\u043e\u0432\u0430\u043d\u043e\u0432\u0441\u043a\u0438 \u041f\u0435\u0442\u0440\u043e\u0432\u0438\u045b",
    "country": "SRB",
    "residence": "Belgrade, Serbia",
    "birth_place": "Belgrade, SFR Yugoslavia",
    "height": "1.75 m",
    "turnedpro": "2007",
    "retired": "2021 (last match in 2018)",
    "plays": "Right\u2013handed (two\u2013handed backhand)",
    "careerprizemoney": "US$ 2,195,549",
    "singlesrecord": "won=268",
    "singlestitles": "2 WTA, 1 WTA 125",
    "highestsinglesranking": "No. 32 (4 August 2014)",
    "AustralianOpenresult": "4R (2013)",
    "FrenchOpenresult": "3R (2013)",
    "Wimbledonresult": "3R (2014)",
    "USOpenresult": "2R (2012, 2013, 2015)",
    "doublesrecord": "won=18",
    "doublestitles": "4 ITF",
    "highestdoublesranking": "No. 203 (3 November 2014)",
    "AustralianOpenDoublesresult": "2R (2013)",
    "FrenchOpenDoublesresult": "1R (2011, 2013, 2014, 2015)",
    "WimbledonDoublesresult": "2R (2014)",
    "USOpenDoublesresult": "1R (2010, 2011, 2012, 2013, 2014, 2015)",
    "WimbledonMixedresult": "2R (2014)",
    "Team": "yes",
    "FedCupresult": "F (2012), record 6\u201311 ",
    "birth_date": "1991-12-31"
}