{
    "name": "Borislava Botusharova",
    "native_name": "\u0411\u043e\u0440\u0438\u0441\u043b\u0430\u0432\u0430 \u0411\u043e\u0442\u0443\u0448\u0430\u0440\u043e\u0432\u0430",
    "country": "BUL",
    "residence": "Pazardzhik, Bulgaria",
    "birth_place": "Pazardzhik",
    "turnedpro": "2009",
    "plays": "Right-handed (two-handed backhand)",
    "careerprizemoney": "$14,100",
    "singlesrecord": "won=62",
    "singlestitles": "1 ITF",
    "highestsinglesranking": "No. 407 (28 October 2013)",
    "doublesrecord": "won=28",
    "doublestitles": "0",
    "highestdoublesranking": "No. 702 (9 September 2013) ",
    "birth_date": "1994-11-28"
}