{
    "name": "Boris Nicola Bakalov,  \u0411\u043e\u0440\u0438\u0441 \u041d\u0438\u043a\u043e\u043b\u0430 \u0411\u0430\u043a\u0430\u043b\u043e\u0432",
    "country": "BUL",
    "residence": "USA",
    "birth_place": "M\u00fcnster, Germany",
    "height": "1.83",
    "turnedpro": "2006",
    "retired": "2018",
    "plays": "Left-handed (one-handed backhand)",
    "careerprizemoney": "US$ 24,911",
    "singlesrecord": "0\u20130   (at ATP Tour level, Grand Slam level, and in Davis Cup)",
    "singlestitles": "0, 0 Challengers, 0 Futures",
    "highestsinglesranking": "621 (21 November 2011)",
    "doublesrecord": "0\u20130   (at ATP Tour level, Grand Slam level, and in Davis Cup)",
    "doublestitles": "0, 0 Challengers, 3 Futures",
    "highestdoublesranking": "457 (4 July 2011)",
    "birth_date": "1980-11-23"
}