{
    "name": "Borut Urh",
    "country": "SLO",
    "residence": "Mo\u0161nje, Slovenia",
    "birth_place": "Ljubljana, Yugoslavia, (current Slovenia)",
    "height": "m=1.90",
    "turnedpro": "1993",
    "retired": "2000",
    "plays": "Right-handed",
    "careerprizemoney": "$49,943",
    "singlesrecord": "2\u20134 (33,3%)",
    "singlestitles": "0",
    "highestsinglesranking": "No. 281 (5 April 1999)",
    "AustralianOpenresult": "-",
    "FrenchOpenresult": "-",
    "Wimbledonresult": "-",
    "USOpenresult": "-",
    "doublesrecord": "1\u20132 (50%)",
    "doublestitles": "0 ATP, 2 Challengers",
    "highestdoublesranking": "No. 160 (8 September 1997)",
    "birth_date": "1974-07-28"
}