{
    "name": "Brad Guan",
    "country": "AUS Australia",
    "plays": "Right-handed",
    "singlesrecord": "8\u201318",
    "singlestitles": "0",
    "highestsinglesranking": "No. 183 (3 Jan 1983)",
    "AustralianOpenresult": "3R (1982)",
    "FrenchOpenresult": "1R (1982)",
    "doublesrecord": "25\u201331",
    "doublestitles": "0",
    "highestdoublesranking": "No. 107 (3 Jan 1983)",
    "AustralianOpenDoublesresult": "QF (1980)",
    "FrenchOpenDoublesresult": "QF (1982)",
    "WimbledonDoublesresult": "2R (1980, 1981)",
    "USOpenDoublesresult": "2R (1982) ",
    "birth_date": "1958-7-10"
}