{
    "name": "Bradley Klahn",
    "country": "United States",
    "residence": "Poway, California",
    "birth_place": "Poway, California",
    "height": "m=1.83",
    "college": "Stanford",
    "turnedpro": "2012",
    "retired": "2023",
    "plays": "Left-handed (two-handed backhand)",
    "careerprizemoney": "$ 1,764,256",
    "singlesrecord": "won=13",
    "singlestitles": "0",
    "highestsinglesranking": "No. 63 (17 March 2014)",
    "AustralianOpenresult": "1R (2014, 2019)",
    "FrenchOpenresult": "1R (2014, 2019)",
    "Wimbledonresult": "2R (2018)",
    "USOpenresult": "2R (2012, 2013, 2019)",
    "doublesrecord": "won=8",
    "doublestitles": "0",
    "highestdoublesranking": "No. 131 (3 March 2014)",
    "AustralianOpenDoublesresult": "1R (2019)",
    "FrenchOpenDoublesresult": "1R (2014)",
    "WimbledonDoublesresult": "1R (2014)",
    "USOpenDoublesresult": "3R (2014)",
    "USOpenMixedresult": "1R (2012, 2017, 2022)",
    "birth_date": "1990-08-20"
}