{
    "name": "Branislav Stankovi\u010d",
    "country": "TCH Czechoslovakia  (until 1992)  SVK Slovakia  (from 1993)",
    "residence": "Bratislava",
    "birth_place": "Pie\u0161\u0165any, Czechoslovakia",
    "height": "m=1.75",
    "plays": "Right-handed",
    "careerprizemoney": "$167,847",
    "singlesrecord": "7-20",
    "singlestitles": "0",
    "highestsinglesranking": "No. 86 (28 Dec 1987)",
    "FrenchOpenresult": "1R (1988)",
    "Wimbledonresult": "2R (1988, 1992)",
    "doublesrecord": "25-27",
    "doublestitles": "1",
    "highestdoublesranking": "No. 126 (29 Jul 1991)",
    "FrenchOpenDoublesresult": "3R (1989) ",
    "birth_date": "1965-5-30"
}