{
    "name": "Brenda Kirk",
    "country": "RSA South Africa",
    "birth_place": "Rhodesia",
    "death_date": "df=yes",
    "singlestitles": "0",
    "FrenchOpenresult": "1R (1969, 1970, 1971, 1972)",
    "Wimbledonresult": "3R (1971)",
    "USOpenresult": "1R (1969, 1972)",
    "doublestitles": "2",
    "FrenchOpenDoublesresult": "3R (1969, 1971)",
    "WimbledonDoublesresult": "3R (1971, 1973)",
    "USOpenDoublesresult": "QF (1972)",
    "FrenchOpenMixedresult": "1R (1970)",
    "WimbledonMixedresult": "4R (1970)",
    "USOpenMixedresult": "3R (1969)",
    "Team": "yes",
    "FedCupresult": "'''W''' (1972)",
    "birth_date": "1951-1-11"
}