{
    "name": "Brendan Macken",
    "fullname": "Brendan H. Macken",
    "country": "CAN",
    "birth_place": "Montreal, Quebec, Canada",
    "death_date": "2020",
    "death_place": "Aurora, Ontario, Canada",
    "singlesrecord": "46-34",
    "singlestitles": "7",
    "Wimbledonresult": "1R (1951)",
    "USOpenresult": "3R (1952)",
    "WimbledonDoublesresult": "QF (1951)",
    "Mixed": "yes",
    "WimbledonMixedresult": "2R (1951)",
    "Team": "yes",
    "DavisCupresult": "F Am  (1947, 1951, 1952) ",
    "birth_date": "1923-1-21"
}