{
    "name": "Brent Haygarth",
    "country": "RSA/SAF",
    "birth_place": "Durban, South Africa",
    "height": "m=1.85",
    "plays": "Right-handed",
    "careerprizemoney": "$624,649",
    "singlestitles": "0",
    "highestsinglesranking": "No. 384 (16 July 1990)",
    "Othertournaments": "yes",
    "doublestitles": "6",
    "highestdoublesranking": "No. 40 (11 October 1999)",
    "AustralianOpenDoublesresult": "2R (1999)",
    "FrenchOpenDoublesresult": "2R (1994, 1995, 1996, 2001)",
    "WimbledonDoublesresult": "QF (1994)",
    "USOpenDoublesresult": "QF (1999) ",
    "birth_date": "1967-12-27"
}