{
    "name": "Brenda Schultz-McCarthy",
    "country": "Netherlands",
    "residence": "Juno Beach, Florida, United States",
    "birth_place": "Haarlem, Netherlands",
    "height": "1.88",
    "turnedpro": "September 1986",
    "retired": "2008",
    "plays": "Right-handed (one-handed backhand)",
    "careerprizemoney": "US$2,620,024",
    "singlesrecord": "403\u2013293",
    "singlestitles": "7 WTA, 2 ITF",
    "highestsinglesranking": "No. 9 (20 May 1996)",
    "AustralianOpenresult": "4R (1989, 1995, 1996)",
    "FrenchOpenresult": "4R (1988, 1993)",
    "Wimbledonresult": "QF (1995)",
    "USOpenresult": "QF (1995)",
    "doublesrecord": "238\u2013177",
    "doublestitles": "9 WTA, 1 ITF",
    "highestdoublesranking": "No. 7 (2 October 1995)",
    "AustralianOpenDoublesresult": "SF (1990, 1992)",
    "FrenchOpenDoublesresult": "SF (1989)",
    "WimbledonDoublesresult": "SF (1995)",
    "USOpenDoublesresult": "F (1995)",
    "Mixed": "yes",
    "AustralianOpenMixedresult": "2R (1992)",
    "FrenchOpenMixedresult": "F (1988)",
    "WimbledonMixedresult": "QF (1991)",
    "USOpenMixedresult": "SF (1997) ",
    "birth_date": "1970-12-28"
}