{
    "name": "Brent Larkham",
    "country": "AUS Australia",
    "birth_place": "Canberra",
    "height": "m=1.78",
    "plays": "Right-handed",
    "careerprizemoney": "$144,612",
    "singlesrecord": "4\u20139",
    "singlestitles": "0",
    "highestsinglesranking": "No. 108 (26 Sep 1994)",
    "AustralianOpenresult": "3R (1994)",
    "FrenchOpenresult": "1R (1994)",
    "doublesrecord": "3\u201310",
    "doublestitles": "0",
    "highestdoublesranking": "No. 128 (30 Oct 1995",
    "AustralianOpenDoublesresult": "1R (1994, 1995, 1996)",
    "WimbledonDoublesresult": "1R (1994) ",
    "birth_date": "1972-1-8"
}