{
    "name": "Brett Hansen-Dent",
    "country": "USA United States",
    "birth_place": "Newport Beach, California",
    "height": "ft=6",
    "turnedpro": "1995",
    "plays": "Right-handed",
    "careerprizemoney": "$58,580",
    "singlesrecord": "0\u20131",
    "singlestitles": "0",
    "highestsinglesranking": "No. 326 (June 24, 1996)",
    "USOpenresult": "1R (1995)",
    "doublesrecord": "11\u201316",
    "doublestitles": "0",
    "highestdoublesranking": "No. 92 (November 4, 1996)",
    "AustralianOpenDoublesresult": "1R (1997)",
    "USOpenDoublesresult": "2R (1995) ",
    "birth_date": "1972-7-2"
}