{
    "name": "Brian Devening",
    "country": "USA United States",
    "residence": "Dallas, Texas",
    "birth_place": "Milwaukee, Wisconsin, United States",
    "height": "ft=6",
    "turnedpro": "1990",
    "plays": "Right-handed",
    "careerprizemoney": "$177,318",
    "singlesrecord": "2\u20139",
    "singlestitles": "0",
    "highestsinglesranking": "No. 277 (November 19, 1990)",
    "FrenchOpenresult": "2R (1993)",
    "Wimbledonresult": "1R (1993)",
    "doublesrecord": "34\u201348",
    "doublestitles": "0",
    "highestdoublesranking": "No. 77 (April 4, 1994)",
    "AustralianOpenDoublesresult": "1R (1993, 1994)",
    "FrenchOpenDoublesresult": "1R (1994)",
    "WimbledonDoublesresult": "2R (1994)",
    "USOpenDoublesresult": "1R (1993, 1994) ",
    "birth_date": "1967-7-16"
}