{
    "name": "Brian Fairlie",
    "country": "NZL",
    "birth_place": "Christchurch, New Zealand",
    "height": "m=1.73",
    "turnedpro": "1968 (amateur from 1966)",
    "retired": "1979",
    "plays": "Right-handed (one-handed backhand)",
    "singlesrecord": "187\u2013186 (Open era)",
    "singlestitles": "2",
    "AustralianOpenresult": "3R (1976)",
    "FrenchOpenresult": "4R (1977)",
    "Wimbledonresult": "3R (1977, 1978)",
    "USOpenresult": "QF (1970)",
    "doublesrecord": "174\u2013156",
    "doublestitles": "4",
    "highestdoublesranking": "No. 27 (30 August 1977)",
    "AustralianOpenDoublesresult": "QF (1977 Dec , 1978)",
    "FrenchOpenDoublesresult": "SF (1971)",
    "WimbledonDoublesresult": "3R (1969, 1970, 1977)",
    "USOpenDoublesresult": "2R (1972)",
    "birth_date": "1948-6-13"
}