{
    "name": "Brian Dabul",
    "country": "ARG",
    "residence": "Buenos Aires, Argentina",
    "birth_place": "Buenos Aires, Argentina",
    "height": "m=1.70",
    "turnedpro": "2001",
    "retired": "2012",
    "plays": "Left-handed (two-handed backhand)",
    "careerprizemoney": "$728,653",
    "singlesrecord": "15\u201327",
    "singlestitles": "0",
    "highestsinglesranking": "No. 82 (9 March 2009)",
    "AustralianOpenresult": "2R (2009)",
    "FrenchOpenresult": "1R (2009, 2011)",
    "Wimbledonresult": "1R (2008, 2009)",
    "USOpenresult": "1R (2010)",
    "doublesrecord": "8\u201310",
    "doublestitles": "1",
    "highestdoublesranking": "No. 79 (11 January 2010) ",
    "birth_date": "1984-2-24"
}