{
    "name": "Brian Wilson",
    "country": "USA United States",
    "residence": "Las Vegas, Nevada, USA",
    "birth_place": "Oceanside, California, United States",
    "height": "ft=6",
    "turnedpro": "2004",
    "plays": "Right-handed",
    "careerprizemoney": "$132,648",
    "singlesrecord": "1\u20134",
    "singlestitles": "0",
    "highestsinglesranking": "No. 232 (10 September 2007)",
    "AustralianOpenresult": "1R (2007)",
    "Wimbledonresult": "Q2 (2007)",
    "USOpenresult": "Q2 (2007)",
    "doublesrecord": "0\u20132",
    "doublestitles": "0",
    "highestdoublesranking": "No. 120 (22 October 2007)",
    "USOpenDoublesresult": "1R (2003)",
    "birth_date": "1982-5-23"
}