{
    "name": "Brian Battistone",
    "country": "USA",
    "residence": "Las Vegas, Nevada, U.S.",
    "birth_place": "Santa Barbara, California, U.S.",
    "height": "m=1.90",
    "turnedpro": "2007",
    "plays": "Right-handed (switches between two-handed backhand and left-handed forehand)",
    "coach": "Mark Battistone, Lionel Burt",
    "careerprizemoney": "US$677,358",
    "singlesrecord": "won=0",
    "singlestitles": "0",
    "highestsinglesranking": "No. 853 (16 November 2009)",
    "doublesrecord": "won=2",
    "doublestitles": "0",
    "highestdoublesranking": "No. 88 (1 November 2010)",
    "USOpenDoublesresult": "1R (2010)",
    "Mixed": "yes",
    "USOpenMixedresult": "1R (2012)",
    "birth_date": "1979-8-10"
}