{
    "name": "Brian Gottfried |fullname               =",
    "country": "USA",
    "residence": "Sarasota, Florida",
    "birth_place": "Baltimore, Maryland, United States",
    "height": "ft=6",
    "turnedpro": "1972",
    "retired": "1984",
    "plays": "Right-handed (one-handed backhand)",
    "careerprizemoney": "$2,782,514",
    "singlesrecord": "won=702",
    "singlestitles": "25",
    "highestsinglesranking": "No. 3 (19 June 1977)",
    "AustralianOpenresult": "3R (1980)",
    "FrenchOpenresult": "F (1977) last=Barrett ",
    "Wimbledonresult": "SF (1980)",
    "USOpenresult": "QF (1977, 1978)",
    "Othertournaments": "yes",
    "MastersCupresult": "SF (1977, 1978)",
    "WCTFinalsresult": "SF (1981)",
    "doublesrecord": "603\u2013246",
    "doublestitles": "54",
    "highestdoublesranking": "No. 2 (12 December 1976)",
    "AustralianOpenDoublesresult": "QF (1980)",
    "FrenchOpenDoublesresult": "'''W''' (1975, 1977)",
    "WimbledonDoublesresult": "'''W''' (1976)",
    "USOpenDoublesresult": "F (1977)",
    "birth_date": "1952-1-27"
}