{
    "name": "Brie Rippner",
    "fullname": "Aubrie Rippner",
    "country": "United States",
    "birth_place": "Los Angeles, California, United States",
    "height": "1.75",
    "turnedpro": "1995",
    "retired": "2003",
    "careerprizemoney": "$382,708",
    "singlesrecord": "154\u2013119",
    "singlestitles": "4 ITF",
    "highestsinglesranking": "No. 57 (August 16, 1999)",
    "AustralianOpenresult": "2R (1999)",
    "FrenchOpenresult": "1R (1999)",
    "Wimbledonresult": "3R (2000)",
    "USOpenresult": "2R (1997, 1998)",
    "doublesrecord": "62\u201353",
    "doublestitles": "7 ITF",
    "highestdoublesranking": "No. 92 (December 9, 2002)",
    "AustralianOpenDoublesresult": "1R (2003)",
    "FrenchOpenDoublesresult": "\u2014",
    "WimbledonDoublesresult": "1R (1998)",
    "USOpenDoublesresult": "1R (1999, 2002) ",
    "birth_date": "1980-01-21"
}