{
    "name": "Brigitte Cuypers",
    "fullname": "Brigitte Cuypers-Fourie",
    "country": "RSA South Africa",
    "birth_place": "Cape Town, South Africa",
    "height": "m=1.69 editor1-last=Bostic",
    "plays": "Right-handed",
    "singlestitles": "3",
    "FrenchOpenresult": "3R (1977)",
    "Wimbledonresult": "3R (1978)",
    "USOpenresult": "3R (1977)",
    "doublestitles": "3",
    "FrenchOpenDoublesresult": "2R (1979)",
    "WimbledonDoublesresult": "QF (1977)",
    "USOpenDoublesresult": "3R (1977, 1978, 1979)",
    "WimbledonMixedresult": "3R (1977)",
    "USOpenMixedresult": "2R (1978) ",
    "birth_date": "1955-12-3"
}