{
    "name": "Broderick Dyke",
    "country": "AUS",
    "birth_place": "Gumeracha, Australia",
    "height": "cm=183",
    "plays": "Left-handed (2-handed backhand)",
    "careerprizemoney": "$827,093",
    "singlestitles": "0",
    "highestsinglesranking": "No. 35 (24 March 1986)",
    "AustralianOpenresult": "3R (1985)",
    "FrenchOpenresult": "1R (1986, 1988)",
    "Wimbledonresult": "2R (1983)",
    "USOpenresult": "2R (1986, 1987)",
    "doublestitles": "8",
    "highestdoublesranking": "No. 23 (26 March 1984)",
    "AustralianOpenDoublesresult": "QF (1983, 1984, 1987)",
    "FrenchOpenDoublesresult": "SF (1983)",
    "WimbledonDoublesresult": "3R (1984, 1985, 1988)",
    "USOpenDoublesresult": "2R (1983, 1984) ",
    "birth_date": "1960-12-31"
}