{
    "name": "Bruce Nichols",
    "country": "USA United States",
    "plays": "Right-handed",
    "singlesrecord": "3\u201319",
    "singlestitles": "0",
    "highestsinglesranking": "No. 275 (December 26, 1979)",
    "FrenchOpenresult": "1R (1981)",
    "USOpenresult": "2R (1978)",
    "doublesrecord": "33\u201343",
    "doublestitles": "1",
    "highestdoublesranking": "No. 193 (January 3, 1983)",
    "FrenchOpenDoublesresult": "2R (1981)",
    "WimbledonDoublesresult": "2R (1981)",
    "USOpenDoublesresult": "3R (1981) ",
    "birth_date": "1955-12-31"
}