{
    "name": "Bruce Manson",
    "country": "United States",
    "residence": "New York City, New York",
    "birth_place": "Los Angeles, California, US",
    "height": "ft=5",
    "turnedpro": "1977",
    "retired": "1985",
    "plays": "Left-handed",
    "careerprizemoney": "$492,338",
    "singlesrecord": "126\u2013171",
    "singlestitles": "0",
    "highestsinglesranking": "No. 39 (August 16, 1982)",
    "FrenchOpenresult": "3R (1979, 1980)",
    "Wimbledonresult": "3R (1979, 1980)",
    "USOpenresult": "QF (1981)",
    "doublesrecord": "212\u2013160",
    "doublestitles": "9",
    "highestdoublesranking": "No. 17 (March 23, 1981)",
    "FrenchOpenDoublesresult": "SF (1980)",
    "WimbledonDoublesresult": "3R (1985)",
    "USOpenDoublesresult": "QF (1979)",
    "birth_date": "1956-3-20"
}