{
    "name": "Bruce Man-Son-Hing",
    "country": "USA United States",
    "residence": "Calabasas, California",
    "birth_place": "Grenada",
    "height": "ft=6",
    "turnedpro": "1986",
    "plays": "Right-handed",
    "singlesrecord": "0-0",
    "singlestitles": "0",
    "highestsinglesranking": "No. 305 (November 21, 1988)",
    "doublesrecord": "10-16",
    "doublestitles": "0",
    "highestdoublesranking": "No. 132 (May 8, 1989)",
    "AustralianOpenDoublesresult": "2R (1989)",
    "FrenchOpenDoublesresult": "1R (1989)",
    "WimbledonDoublesresult": "2R (1989)",
    "USOpenDoublesresult": "1R (1989) ",
    "birth_date": "1964-4-13"
}