{
    "name": "Bruce Derlin",
    "fullname": "Bruce Phillip Derlin",
    "country_represented": "NZL",
    "birth_place": "Sydney, Australia",
    "height": "180 cm",
    "plays": "Left-handed",
    "careerprizemoney": "$208,630",
    "singlesrecord": "32\u201365",
    "highestsinglesranking": "No. 115 (10 December 1984)",
    "AustralianOpenresult": "3R (1984)",
    "FrenchOpenresult": "1R (1982, 1985)",
    "Wimbledonresult": "2R (1982)",
    "doublesrecord": "51\u201386",
    "highestdoublesranking": "No. 83 (19 May 1986)",
    "AustralianOpenDoublesresult": "3R (1989)",
    "FrenchOpenDoublesresult": "1R (1982, 83, 84, 86, 90)",
    "WimbledonDoublesresult": "3R (1990) ",
    "birth_date": "1961-11-28"
}