{
    "name": "Bruno Ore\u0161ar",
    "country": "YUG",
    "residence": "Zagreb, Croatia",
    "birth_place": "Zagreb, Yugoslavia",
    "height": "m=1.75",
    "turnedpro": "1985",
    "retired": "1991",
    "plays": "Right-handed",
    "careerprizemoney": "$361,152",
    "singlesrecord": "57\u201376",
    "singlestitles": "0",
    "highestsinglesranking": "No. 46 (8 May 1989)",
    "AustralianOpenresult": "2R (1990)",
    "FrenchOpenresult": "2R (1986, 1988, 1990)",
    "Wimbledonresult": "1R (1990)",
    "USOpenresult": "1R (1985, 1987)",
    "doublesrecord": "15\u201318",
    "doublestitles": "0",
    "highestdoublesranking": "No. 107 (26 June 1989)",
    "Team": "yes",
    "DavisCupresult": "SF (1988)",
    "birth_date": "1967-4-21"
}