{
    "name": "Bryan Shelton",
    "country": "USA",
    "residence": "Gainesville, Florida url=http://ramblinwreck.cstv.com/sports/w-tennis/mtt/shelton_bryan00.html",
    "birth_place": "Huntsville, Alabama",
    "height": "1.85 ",
    "turnedpro": "1989",
    "retired": "1997",
    "plays": "Right-handed  (two-handed backhand)",
    "careerprizemoney": "US$1,220,283",
    "singlesrecord": "104\u2013137",
    "singlestitles": "2",
    "highestsinglesranking": "No. 55 (March 23, 1992)",
    "AustralianOpenresult": "2R (1991)",
    "FrenchOpenresult": "2R (1994)",
    "Wimbledonresult": "4R (1994)",
    "USOpenresult": "2R (1989)",
    "doublesrecord": "94\u2013129",
    "doublestitles": "2",
    "highestdoublesranking": "No. 52 (February 28, 1994)",
    "AustralianOpenDoublesresult": "2R (1991, 1994)",
    "FrenchOpenDoublesresult": "3R (1990)",
    "WimbledonDoublesresult": "3R (1994)",
    "USOpenDoublesresult": "2R (1992, 1993, 1994)",
    "birth_date": "1965-12-22"
}