{
    "name": "Bryanne Stewart",
    "country": "AUS",
    "residence": "Sydney, Australia",
    "birth_place": "Sydney, Australia",
    "height": "m=1.74",
    "turnedpro": "1998",
    "retired": "2009",
    "plays": "Right-handed (one-handed backhand)",
    "careerprizemoney": "US$539,614",
    "singlesrecord": "174\u2013179",
    "singlestitles": "0 WTA, 0 ITF",
    "highestsinglesranking": "No. 135 (8 April 2002)",
    "AustralianOpenresult": "3R (2000)",
    "FrenchOpenresult": "Q1 (2000 & 2002)",
    "Wimbledonresult": "Q2 (2000 & 2002)",
    "USOpenresult": "Q2 (2000)",
    "doublesrecord": "243\u2013234",
    "doublestitles": "3 WTA, 11 ITF",
    "highestdoublesranking": "No. 16 (4 July 2005)",
    "AustralianOpenDoublesresult": "3R (2000)",
    "FrenchOpenDoublesresult": "3R (2004 & 2005)",
    "WimbledonDoublesresult": "SF (2005)",
    "USOpenDoublesresult": "3R (2004) ",
    "birth_date": "1979-12-9"
}