{
    "name": "Brydan Klein",
    "country": "Australia Australia (2005\u20132013), GBR2 (2013\u2013)",
    "residence": "London, United Kingdom",
    "birth_place": "Rockingham, Australia",
    "height": "m=1.83",
    "turnedpro": "2005",
    "plays": "Right-handed (two-handed backhand)",
    "careerprizemoney": "$707,760",
    "singlesrecord": "3\u201311  (Grand Slam, ATP Tour level, and Davis Cup)",
    "singlestitles": "0",
    "highestsinglesranking": "No. 169 (28 September 2015)",
    "currentsinglesranking": "No. 361 (16 March 2020)",
    "AustralianOpenresult": "2R (2009)",
    "FrenchOpenresult": "Q2 (2015)",
    "Wimbledonresult": "1R (2015, 2016, 2017)",
    "USOpenresult": "Q3 (2015)",
    "doublesrecord": "1\u201310",
    "doublestitles": "0",
    "highestdoublesranking": "No. 118 (18 March 2013)",
    "currentdoublesranking": "No. 249 (16 March 2020)",
    "AustralianOpenDoublesresult": "1R (2007, 2008, 2009, 2010)",
    "WimbledonDoublesresult": "1R (2016, 2017)",
    "AustralianOpenMixedresult": "1R (2008)",
    "WimbledonMixedresult": "1R (2017)",
    "Team": "Yes",
    "DavisCupresult": "Asia/Oceania Zone Group I 1R (2009)",
    "birth_date": "1989-12-31"
}