{
    "name": "Bud Cox",
    "country": "USA United States",
    "fullname": "Charles Cox",
    "birth_place": "Atlanta, Georgia",
    "height": "6 ft 5 in",
    "plays": "Right-handed",
    "careerprizemoney": "$98,692",
    "singlesrecord": "7\u201319",
    "singlestitles": "0",
    "highestsinglesranking": "No. 149 (February 9, 1987)",
    "AustralianOpenresult": "1R (1988)",
    "Wimbledonresult": "1R (1984, 1985)",
    "doublesrecord": "54\u201376",
    "doublestitles": "1",
    "highestdoublesranking": "No. 63 (August 20, 1984)",
    "AustralianOpenDoublesresult": "2R (1984)",
    "FrenchOpenDoublesresult": "2R (1984, 1986)",
    "WimbledonDoublesresult": "3R (1985)",
    "USOpenDoublesresult": "3R (1987) ",
    "birth_date": "1960-4-11"
}