{
    "name": "Bud Schultz",
    "country": "USA",
    "birth_place": "Meriden, Connecticut, U.S.",
    "height": "ft=6",
    "plays": "Right-handed",
    "careerprizemoney": "$197,894",
    "singlestitles": "0",
    "highestsinglesranking": "No. 40 (March 24, 1984)",
    "AustralianOpenresult": "3R (1987)",
    "FrenchOpenresult": "1R (1986)",
    "Wimbledonresult": "2R (1985)",
    "USOpenresult": "3R (1985)",
    "doublestitles": "0",
    "highestdoublesranking": "No. 128 (July 28, 1986)",
    "birth_date": "1959-8-21"
}