{
    "name": "Bunny Austin",
    "fullname": "Henry Wilfred Austin",
    "country": "GBR2",
    "birth_place": "London, England",
    "death_date": "2000",
    "death_place": "Coulsdon, London, England",
    "height": "1.76",
    "turnedpro": "1926 (amateur tour)",
    "retired": "1939",
    "plays": "Right-handed (1-handed backhand) last=Peter Jackson ",
    "tennishofyear": "1997",
    "tennishofid": "bunny-austin",
    "singlesrecord": "455\u2013108 (80.8%)  title=Bunny Austin: Career match record ",
    "singlestitles": "30",
    "highestsinglesranking": "No. 2 (1931 , A. Wallis Myers ) United States Lawn Tennis Association (1972). ''Official Encyclopedia of Tennis'' (First Edition), p. 424.",
    "AustralianOpenresult": "QF (1929)",
    "FrenchOpenresult": "F (1937)",
    "Wimbledonresult": "F (1932, 1938)",
    "USOpenresult": "QF (1929)",
    "WimbledonDoublesresult": "SF (1926)",
    "FrenchOpenMixedresult": "F (1931)",
    "WimbledonMixedresult": "F (1934)",
    "USOpenMixedresult": "F (1929) ",
    "birth_date": "1906-8-26"
}