{
    "Promajors": "yes",
    "USProresult": "'''W''' (1962)",
    "WembleyProresult": "SF (1962, 1963, 1965)",
    "FrenchProresult": "SF (1965, 1966)",
    "TOCresult": "|doublesrecord= |doublestitles= |highestdoublesranking= |currentdoublesranking             =  |AustralianOpenDoublesresult       =  |FrenchOpenDoublesresult           =  |WimbledonDoublesresult            = QF (1968) |USOpenDoublesresult               = QF (1969) |Mixed                             =  |mixedrecord                       =  |mixedtitles                       =  |AustralianOpenMixedresult         =  |FrenchOpenMixedresult             =   |WimbledonMixedresult              =  |USOpenMixedresult                 =  |Team                              = Yes |DavisCupresult                    = F (1959)  "
}