{
    "name": "Byron Bertram",
    "country": "RSA Republic of South Africa",
    "residence": "Johannesburg, South Africa",
    "birth_place": "Johannesburg, South Africa",
    "height": "m=1.83",
    "turnedpro": "1970",
    "retired": "1980",
    "plays": "Right-handed (one-handed backhand)",
    "singlesrecord": "101\u2013127",
    "singlestitles": "0",
    "highestsinglesranking": "No. 51 (26 July 1976)",
    "FrenchOpenresult": "2R (1976, 1977)",
    "Wimbledonresult": "QF (1977)",
    "USOpenresult": "1R (1976, 1980)",
    "doublesrecord": "98\u2013100",
    "doublestitles": "1",
    "Team": "yes",
    "DavisCupresult": "'''W''' (1974) ",
    "birth_date": "1952-10-29"
}