{
    "name": "C\u00e9sar Ram\u00edrez",
    "country": "Mexico",
    "birth_place": "Veracruz, Mexico",
    "height": "m=1.89",
    "plays": "Right-handed (two-handed backhand)",
    "careerprizemoney": "$ 141,642",
    "singlesrecord": "8\u201312 (ATP Tour level, Grand Slam level, and Davis Cup)",
    "singlestitles": "0",
    "highestsinglesranking": "No. 391 (10 September 2012)",
    "USOpenjuniorresult": "2R (2008)",
    "doublesrecord": "7\u201311 (ATP Tour level, Grand Slam level, and Davis Cup)",
    "doublestitles": "0",
    "highestdoublesranking": "No. 105 (16 February 2015)",
    "birth_date": "1990-01-25",
    "medaltemplates": [
        "Country: {{Mexico}}",
        "Sport: Men's tennis",
        "Competition: Central American and Caribbean Games",
        "Silver Medal: 2014 Veracruz Doubles"
    ]
}