{
    "honorific-prefix": "The Hon.",
    "name": "Charles Smith Hyman",
    "constituency_MP": "London",
    "parliament": "Canadian",
    "predecessor": "John Carling",
    "successor": "John Carling",
    "term_start": "1891",
    "term_end": "1892",
    "predecessor2": "Thomas Beattie",
    "successor2": "Thomas Beattie",
    "term_start2": "1900",
    "term_end2": "1907",
    "birth_place": "London, Canada West",
    "death_date": "1926",
    "party": "Liberal",
    "cabinet": "Minister Without Portfolio (1904\u20131905) Minister of Public Works (1905\u20131907)",
    "Place of burial": "Woodland Cemetery in London, Ontario. ",
    "birth_date": "1854-08-31"
}