{
    "name": "Caitlin Whoriskey",
    "country": "USA",
    "birth_place": "Boston, Massachusetts",
    "residence": "East Sandwich, Massachusetts",
    "height": "m=1.74",
    "turnedpro": "2010",
    "spouse": "Brett Rolison",
    "plays": "Right (one-handed backhand)",
    "careerprizemoney": "$132,970",
    "singlesrecord": "won=197",
    "singlestitles": "2 ITF",
    "highestsinglesranking": "No. 268 (May 18, 2015)",
    "doublesrecord": "won=215",
    "doublestitles": "18 ITF",
    "highestdoublesranking": "No. 109 (April 10, 2017)",
    "USOpenDoublesresult": "1R (2016)",
    "WimbledonDoublesresult": "1R (2017) ",
    "birth_date": "1988-02-19"
}