{
    "name": "Camille Pin",
    "country": "FRA",
    "birth_place": "Nice, France",
    "height": "1.62",
    "turnedpro": "1999",
    "retired": "2010",
    "plays": "Right (two-handed backhand)",
    "careerprizemoney": "$980,663",
    "singlesrecord": "won=345",
    "singlestitles": "8 ITF",
    "highestsinglesranking": "No. 61 (8 January 2007)",
    "AustralianOpenresult": "2R (2004, 2006, 2008)",
    "FrenchOpenresult": "1R (2001\u20132009)",
    "Wimbledonresult": "1R (2006, 2007, 2008)",
    "USOpenresult": "2R (2007)",
    "doublesrecord": "won=81",
    "doublestitles": "2 ITF",
    "highestdoublesranking": "No. 81 (27 July 2009) ",
    "birth_date": "1981-08-25"
}