{
    "name": "Camila Giangreco Campiz",
    "fullname": "Liz Camila Giangreco Campiz",
    "country": "PAR",
    "birth_place": "Asunci\u00f3n",
    "careerprizemoney": "$48,363",
    "singlesrecord": "won=144",
    "singlestitles": "2 ITF",
    "highestsinglesranking": "No. 500 (20 November 2017)",
    "FrenchOpenjuniorresult": "1R (2013)",
    "Wimbledonjuniorresult": "2R (2013)",
    "USOpenjuniorresult": "3R (2013)",
    "doublesrecord": "won=143",
    "doublestitles": "20 ITF",
    "highestdoublesranking": "No. 403 (1 October 2018)",
    "FrenchOpenDoublesjuniorresult": "2R (2013)",
    "WimbledonDoublesjuniorresult": "1R (2013)",
    "USOpenDoublesjuniorresult": "1R (2013)",
    "birth_date": "1996-8-24",
    "medaltemplates": [
        "Country: {{PAR}}",
        "Sport: Women's Tennis",
        "Competition: South American Games",
        "Silver Medal: 2018 Cochabamba Women's doubles"
    ]
}