{
    "name": "Camille Benjamin",
    "full_name": "Camille Benjamin-Schermerhorn",
    "country": "USA",
    "birth_place": "Cleveland, Ohio",
    "plays": "Left-handed (two-handed backhand)",
    "careerprizemoney": "$663,698",
    "singlesrecord": "262\u2013298",
    "singlestitles": "0",
    "highestsinglesranking": "No. 27 (October 15, 1984)",
    "AustralianOpenresult": "3R (1987, 1989)",
    "FrenchOpenresult": "SF (1984)",
    "Wimbledonresult": "3R (1983, 1984)",
    "USOpenresult": "3R (1985, 1986, 1989)",
    "doublesrecord": "147\u2013246",
    "doublestitles": "1",
    "highestdoublesranking": "No. 72 (February 27, 1989)",
    "AustralianOpenDoublesresult": "QF (1988)",
    "FrenchOpenDoublesresult": "QF (1984)",
    "WimbledonDoublesresult": "3R (1984)",
    "USOpenDoublesresult": "3R (1991)",
    "birth_date": "1966-02-06"
}