{
    "name": "Camila Silva",
    "fullname": "Camila Silva Espinoza",
    "country": "CHI",
    "birth_place": "Valpara\u00edso, Chile",
    "careerprizemoney": "US$35,151",
    "singlesrecord": "won=108",
    "singlestitles": "6 ITF",
    "highestsinglesranking": "No. 410 (2 May 2011)",
    "AustralianOpenjuniorresult": "1R (2010)",
    "FrenchOpenjuniorresult": "1R (2009)",
    "Wimbledonjuniorresult": "3R (2009)",
    "doublesrecord": "won=102",
    "doublestitles": "13 ITF",
    "highestdoublesranking": "No. 422 (1 April 2013)",
    "AustralianOpenDoublesjuniorresult": "SF (2010)",
    "FrenchOpenDoublesjuniorresult": "2R (2009)",
    "WimbledonDoublesjuniorresult": "2R (2009)",
    "Team": "yes",
    "FedCupresult": "7\u20139",
    "birth_date": "1992-10-30",
    "medaltemplates": [
        "Country: {{Chile}}",
        "Competition: South American Games",
        "Silver Medal: 2014 Santiago mixed doubles"
    ]
}