{
    "name": "Camila Giorgi",
    "country": "ITA",
    "birth_place": "Macerata, Italy",
    "residence": "Tirrenia, Italy",
    "height": "1.68",
    "turnedpro": "2006",
    "plays": "Right-handed (two-handed backhand)",
    "coach": "Sergio Giorgi, Lapo de Marzi  date=July 2023",
    "careerprizemoney": "US$ 6,414,545",
    "singlesrecord": "won=429",
    "singlestitles": "4",
    "highestsinglesranking": "No. 26 (22 October 2018)",
    "currentsinglesranking": "No. 108 (18 March 2024)",
    "AustralianOpenresult": "3R (2015, 2019, 2020, 2022, 2023)",
    "FrenchOpenresult": "4R (2022)",
    "Wimbledonresult": "QF (2018)",
    "USOpenresult": "4R (2013)",
    "Othertournaments": "yes",
    "Olympicsresult": "QF (2021)",
    "doublesrecord": "won=0",
    "doublestitles": "0",
    "AustralianOpenDoublesresult": "1R (2013)",
    "Team": "yes",
    "FedCupresult": "won=8",
    "birth_date": "1991-12-30"
}