{
    "name": "Cammy MacGregor",
    "country": "USA",
    "birth_place": "Torrance, California, U.S.",
    "height": "ft=5",
    "turnedpro": "August 1986",
    "plays": "Right-handed (two-handed backhand)",
    "careerprizemoney": "$360,722",
    "singlesrecord": "44\u201384",
    "singlestitles": "0",
    "highestsinglesranking": "No. 75 (October 13, 1986)",
    "AustralianOpenresult": "4R (1989)",
    "FrenchOpenresult": "2R (1990)",
    "Wimbledonresult": "1R (1987, 1989, 1990, 1993)",
    "USOpenresult": "2R (1986, 1989)",
    "doublesrecord": "128\u2013143",
    "doublestitles": "3",
    "highestdoublesranking": "No. 38 (October 26, 1992)",
    "AustralianOpenDoublesresult": "QF (1990)",
    "FrenchOpenDoublesresult": "2R (1989)",
    "WimbledonDoublesresult": "2R (1987)",
    "USOpenDoublesresult": "3R (1988)",
    "birth_date": "1968-10-11"
}