{
    "name": "Candy Reynolds",
    "country": "USA",
    "birth_place": "Knoxville, Tennessee, U.S.",
    "height": "ft=5",
    "plays": "Right-handed",
    "singlesrecord": "79\u2013125",
    "singlestitles": "0",
    "highestsinglesranking": "No. 50 (May 23, 1983)",
    "AustralianOpenresult": "QF (1980)",
    "FrenchOpenresult": "4R (1981)",
    "Wimbledonresult": "4R (1982)",
    "USOpenresult": "4R (1980)",
    "doublesrecord": "396\u2013187",
    "doublestitles": "26",
    "highestdoublesranking": "No. 24 (December 21, 1986)",
    "AustralianOpenDoublesresult": "F (1980)",
    "FrenchOpenDoublesresult": "'''W''' (1983)",
    "WimbledonDoublesresult": "SF (1980)",
    "USOpenDoublesresult": "F (1983)",
    "AustralianOpenMixedresult": "1R (1988)",
    "FrenchOpenMixedresult": "QF (1982)",
    "WimbledonMixedresult": "2R (1984, 1986, 1989)",
    "USOpenMixedresult": "SF (1980, 1982) ",
    "birth_date": "1955-03-24"
}