{
    "name": "Cara Black",
    "country_represented": "Zimbabwe",
    "residence": "London, England",
    "birth_place": "Salisbury, Rhodesia   (now Harare, Zimbabwe)",
    "height": "5",
    "turnedpro": "1998",
    "retired": "2015",
    "plays": "Right-handed (two-handed backhand)",
    "careerprizemoney": "US$7,687,467",
    "singlesrecord": "312\u2013241",
    "singlestitles": "1 WTA, 6 ITF",
    "highestsinglesranking": "No. 31 (15 March 1999)",
    "AustralianOpenresult": "2R (2000, 2001, 2002, 2004)",
    "FrenchOpenresult": "4R (2001)",
    "Wimbledonresult": "3R (1998, 2003, 2005)",
    "USOpenresult": "2R (1998, 2002, 2004)",
    "Othertournaments": "yes",
    "Olympicsresult": "2R (2004)",
    "doublesrecord": "won=750",
    "doublestitles": "60 WTA, 11 ITF",
    "highestdoublesranking": "No. '''1''' (17 October 2005)",
    "AustralianOpenDoublesresult": "'''W''' (2007)",
    "FrenchOpenDoublesresult": "F (2005)",
    "WimbledonDoublesresult": "'''W''' (2004, 2005, 2007)",
    "USOpenDoublesresult": "'''W''' (2008)",
    "OthertournamentsDoubles": "yes",
    "WTAChampionshipsDoublesresult": "'''W''' (2007, 2008, 2014)",
    "Mixed": "yes",
    "mixedrecord": "88\u201348",
    "mixedtitles": "5",
    "AustralianOpenMixedresult": "'''W''' (2010)",
    "FrenchOpenMixedresult": "'''W''' (2002)",
    "WimbledonMixedresult": "'''W''' (2004, 2010)",
    "USOpenMixedresult": "'''W''' (2008) ",
    "birth_date": "1979-02-17"
}