{
    "name": "Carina Witth\u00f6ft",
    "itf_name": "Carina Witthoeft",
    "country": "GER",
    "birth_place": "Wentorf bei Hamburg, Germany",
    "height": "1.76 m",
    "plays": "Right-handed (two-handed backhand) |retired=2019",
    "careerprizemoney": "US$1,967,633",
    "singlesrecord": "won=271",
    "singlestitles": "1 WTA, 11 ITF",
    "highestsinglesranking": "No. 48 (8 January 2018)",
    "AustralianOpenresult": "3R (2015)",
    "FrenchOpenresult": "3R (2017)",
    "Wimbledonresult": "3R (2016, 2017)",
    "USOpenresult": "3R (2016)",
    "doublesrecord": "won=17",
    "doublestitles": "1 ITF",
    "highestdoublesranking": "No. 168 (16 July 2018)",
    "AustralianOpenDoublesresult": "2R (2018)",
    "FrenchOpenDoublesresult": "2R (2018)",
    "WimbledonDoublesresult": "1R (2015, 2017, 2018)",
    "USOpenDoublesresult": "2R (2017)",
    "Team": "yes",
    "FedCupresult": "1R (2017) ",
    "birth_date": "1995-02-16"
}