{
    "name": "Carin Bakkum",
    "country": "Netherlands",
    "birth_place": "Heemskerk, Netherlands",
    "careerprizemoney": "$150,183",
    "singlesrecord": "111\u2013138",
    "singlestitles": "0 WTA, 2 ITF",
    "highestsinglesranking": "No. 141 (27 March 1989)",
    "AustralianOpenresult": "2R (1990)",
    "FrenchOpenresult": "Q2 (1986)",
    "Wimbledonresult": "1R (1989)",
    "USOpenresult": "Q1 (1988, 1989)",
    "doublesrecord": "120\u201398",
    "doublestitles": "1 WTA, 12 ITF",
    "highestdoublesranking": "No. 69 (22 June 1987)",
    "AustralianOpenDoublesresult": "1R (1987, 1988, 1989, 1990, 1995)",
    "FrenchOpenDoublesresult": "2R (1987, 1989)",
    "WimbledonDoublesresult": "2R (1992)",
    "USOpenDoublesresult": "1R (1988, 1989)",
    "AustralianOpenMixedresult": "QF (1988)",
    "FrenchOpenMixedresult": "3R (1991)",
    "WimbledonMixedresult": "2R (1988, 1991)",
    "USOpenMixedresult": "\u2014",
    "Team": "yes",
    "FedCupresult": "1\u20130 ",
    "birth_date": "1962-07-25"
}