{
    "name": "Carl-Uwe Steeb |fullname               =",
    "country": "GER",
    "residence": "Reith bei Kitzb\u00fchel, Austria",
    "birth_place": "Aalen, West Germany",
    "height": "m=1.80",
    "turnedpro": "1986",
    "retired": "1996",
    "plays": "Left-handed (two-handed backhand)",
    "careerprizemoney": "US$ 2,320,082",
    "singlesrecord": "212\u2013212",
    "singlestitles": "3",
    "highestsinglesranking": "No. 14 (15 January 1990)",
    "AustralianOpenresult": "4R (1988)",
    "FrenchOpenresult": "4R (1992)",
    "Wimbledonresult": "2R (1989)",
    "USOpenresult": "4R (1991)",
    "Othertournaments": "yes",
    "Olympicsresult": "QF (1988)",
    "doublesrecord": "72\u201379",
    "doublestitles": "3",
    "highestdoublesranking": "No. 41 (15 May 1989)",
    "Team": "yes",
    "DavisCupresult": "'''W''' (1988, 1989, 1993) ",
    "birth_date": "1967-09-01"
}