{
    "name": "Carl-Erik von Braun",
    "country": "Sweden",
    "residence": "G\u00f6teborg, Sweden",
    "birth_place": "Stockholm, Sweden",
    "death_date": "df=y",
    "death_place": "Helsingborg, Sweden",
    "plays": "Left-handed (one-handed backhand)",
    "Wimbledonresult": "3R (1922, 1925)",
    "WimbledonDoublesresult": "3R (1920)",
    "WimbledonMixedresult": "1R (1921, 1922, 1925)",
    "Team": "yes",
    "DavisCupresult": "QF (1925)",
    "birth_date": "1896-11-14"
}