{
    "name": "\u00c1ngel Pulgar",
    "fullname": "\u00c1ngel Ramiro Pulgar Araujo",
    "discipline": "Track",
    "birth_date": "1989-2-7",
    "medaltemplates": [
        "Country: {{VEN}}",
        "Sport: Men's track cycling",
        "Competition: Pan American Games",
        "Gold Medal: 2011 Guadalajara Team sprint Time Trial",
        "Silver Medal: 2015 Toronto Team sprint Time Trial",
        "Competition: Pan American Championships",
        "Gold Medal: 2011 Medellin 1km time trial Time Trial",
        "Gold Medal: 2013 Mexico City Team sprint Time Trial",
        "Gold Medal: 2014 Aguascalientes 1km time trial Time Trial",
        "Gold Medal: 2014 Aguascalientes Team sprint Time Trial",
        "Gold Medal: 2015 Santiago Team sprint Time Trial",
        "Silver Medal: 2010 Aguascalientes Team sprint Time Trial",
        "Silver Medal: 2013 Mexico City 1km time trial Time Trial",
        "Silver Medal: 2015 Santiago 1km time trial Time Trial",
        "Bronze Medal: 2010 Aguascalientes 1km time trial Time Trial",
        "Bronze Medal: 2011 Medellin Team sprint Time Trial",
        "Bronze Medal: 2012 Mar del Plata Team sprint Time Trial"
    ]
}