{
    "name": "Aavo Pikkuus",
    "birth_place": "Kapera, Estonia",
    "height": "1.78 m",
    "weight": "76 kg",
    "birth_date": "1954-11-23",
    "medaltemplates": [
        "Sport: Men's road bicycle racing",
        "Country: the {{URS}}",
        "Gold Medal: 1976 Montreal Team time trial Time Trial",
        "Competition: World Championships",
        "Silver Medal: 1975 Mettet and Yvoir Team time trial Time Trial",
        "Gold Medal: 1977 San Crist\u00f3bal Team time trial Time Trial",
        "Silver Medal: 1978 N\u00fcrburg Team time trial Time Trial"
    ]
}