{
    "name": "Aksana Papko",
    "fullname": "Aksana Papko",
    "discipline": "Road",
    "birth_place": "Grodno, Belarus",
    "majorwins": "'''One-day races and Classics''' :National Road Race Championships (2010) :National Time Trial Championships(2010)",
    "birth_date": "16 November 1988",
    "medaltemplates": [
        "Sport: Women's track cycling",
        "Country: {{BLR}}",
        "Competition: European U23 Championships",
        "Bronze Medal: 2008 Pruszk\u00f3w points race Time Trial",
        "Competition: European Track Championships",
        "Bronze Medal: 2010 Pruszk\u00f3w Team pursuit Time Trial",
        "Bronze Medal: 2011 Apeldoorn Team Pursuit Time Trial",
        "Bronze Medal: 2012 Panev\u0117\u017eys Team Pursuit Time Trial"
    ]
}