{
    "name": "Alfred James Swift",
    "nickname": "Jimmy",
    "birth_place": "Durban, KwaZulu-Natal, South Africa",
    "death_date": "2009",
    "death_place": "Johannesburg, South Africa",
    "birth_date": "1931-6-25",
    "medaltemplates": [
        "Sport: Men's cycling",
        "Country: {{South Africa}}",
        "Competition: Olympic Games",
        "Silver Medal: 1952 Helsinki 4000 m Time Trial",
        "Bronze Medal: 1956 Melbourne 1000 m Time Trial",
        "Competition: Commonwealth Games",
        "Gold Medal: 1954 Vancouver Time Trial Time Trial"
    ]
}