{
    "name": "Anton Cooper",
    "fullname": "Anton Cooper",
    "discipline": "Mountain bike racing",
    "ridertype": "Cross-country",
    "pro_career": {
        "Trek World Racing": "2012",
        "Cannondale Factory Racing": "2013\u2013"
    },
    "birth_date": "1994-08-11",
    "medaltemplates": [
        "Sport: Men's mountain bike racing",
        "Country: {{NZL}}",
        "Competition: Commonwealth Games",
        "Gold Medal: 2014 Glasgow Cross-country Time Trial",
        "Competition: World Championships",
        "Gold Medal: 2015 Vallnord Under-23 cross-country Time Trial",
        "Gold Medal: 2012 Leogang Junior cross-country Time Trial",
        "Silver Medal: 2011 Champ\u00e9ry Junior cross-country Time Trial"
    ]
}