{
    "name": "Anton Shantyr",
    "fullname": "Anton Igorevich Shantyr \u0410\u043d\u0442\u043e\u043d \u0418\u0433\u043e\u0440\u0435\u0432\u0438\u0447 \u0428\u0430\u043d\u0442\u044b\u0440\u044c",
    "birth_place": "Budapest, People\u2019s Republic of Hungary",
    "discipline": "Road & Track",
    "pro_career": {
        "Lokosphinx": "1998",
        "Team Gerolsteiner": "1999",
        "Team Coast": "2000&ndash;2003"
    },
    "birth_date": "1974-4-25",
    "medaltemplates": [
        "Country: {{RUS}}",
        "Sport: Men's track cycling",
        "Competition: Olympic Games",
        "Silver Medal: 1996 Atlanta Team pursuit Time Trial"
    ]
}