{
    "name": "Antonella Bellutti",
    "birth_place": "Bolzano, Italy",
    "ridertype": "track and road",
    "birth_date": "1968-11-7",
    "medaltemplates": [
        "Sport: Women's track cycling",
        "Country: {{ITA}} Italy",
        "Competition: Olympic Games",
        "Gold Medal: 1996 Atlanta Individual pursuit",
        "Gold Medal: 2000 Sydney Points race",
        "Competition: World Championships",
        "Silver Medal: 1995 Bogota Pursuit",
        "Bronze Medal: 1996 Manchester Pursuit"
    ]
}