{
    "name": "Alberto Mich\u00e1n",
    "fullname": "Alberto Mich\u00e1n Halbinger",
    "nationality": "Israel (since 2018), Mexico (until 2017)",
    "discipline": "Show jumping",
    "birth_place": "Mexico City, Mexico",
    "height_ft": "5",
    "height_in": "8",
    "weight_lbs": "154",
    "horse": "Chinobampo Lavita, Rosalia la Silla",
    "birth_date": "1978-12-02",
    "medaltemplates": [
        "Sport: Equestrian",
        "Country: {{MEX}}",
        "Competition: Central American and Caribbean Games",
        "Gold Medal: 2002 San Salvador Team Jumping",
        "Silver Medal: 2002 San Salvador Jumping Speed"
    ]
}