{
    "name": "Ali Al-Rumaihi",
    "full_name": "Ali Yousuf Ahmad Saad Al Rumaihi",
    "nationality": "QAT",
    "discipline": "Jumping",
    "birth_place": "Qatar",
    "height": "1.77",
    "weight": "86",
    "birth_date": "1981-8-26",
    "medaltemplates": [
        "Sport: Equestrian",
        "Country: {{QAT}}",
        "Competition: Asian Games",
        "Gold Medal: 2006 Doha Team jumping",
        "Competition: Pan Arab Games",
        "Gold Medal: 2011 Doha Individual jumping",
        "Silver Medal: 2011 Doha Team jumping"
    ]
}