{
    "name": "Alwin Schockem\u00f6hle",
    "birth_place": "Meppen, Province of Hanover, Germany",
    "height": "1.70",
    "weight": "72",
    "birth_date": "1937-5-29",
    "medaltemplates": [
        "Sport: Equestrian",
        "Country: {{EUA}}",
        "Gold Medal: 1960 Rome Team jumping",
        "Country: {{FRG}}",
        "Gold Medal: 1976 Montreal Individual jumping",
        "Silver Medal: 1976 Montreal Team jumping",
        "Bronze Medal: 1968 Mexico City Team jumping",
        "Gold Medal: 1975 Munich Individual jumping",
        "Gold Medal: 1975 Munich Team jumping",
        "Silver Medal: 1963 Rome Individual jumping",
        "Silver Medal: 1969 Hickstead Individual jumping",
        "Silver Medal: 1973 Hickstead Individual jumping",
        "Bronze Medal: 1965 Aachen Individual jumping",
        "Bronze Medal: 1967 Rotterdam Individual jumping"
    ]
}