{
    "name": "Andrew Hoy, country=AUS",
    "fullname": "Andrew James Hoy",
    "nationality": "AUS",
    "discipline": "Eventing",
    "birth_place": "Culcairn, New South Wales",
    "birth_date": "1959-2-8",
    "medaltemplates": [
        "Sport: Equestrian",
        "Country: {{AUS}}",
        "Gold Medal: 1992 Barcelona Team eventing",
        "Gold Medal: 1996 Atlanta Team eventing",
        "Gold Medal: 2000 Sydney Team eventing",
        "Silver Medal: 2000 Sydney Individual eventing",
        "Silver Medal: 2020 Tokyo Team eventing",
        "Bronze Medal: 2020 Tokyo Individual eventing",
        "Competition: World Championships",
        "Bronze Medal: 1986 Gawler Team eventing",
        "Bronze Medal: 2006 Aachen Team eventing"
    ]
}