{
    "name": "Andreas Dibowski german horse rider",
    "nationality": "GER",
    "discipline": "Eventing",
    "birth_place": "Hamburg, West Germany",
    "birth_date": "1966-3-29",
    "medaltemplates": [
        "Sport: Equestrian",
        "Country: {{GER}}",
        "Competition: Olympic Games",
        "Gold Medal: 2008 Beijing Team eventing",
        "Gold Medal: 2011 Luhm\u00fchlen Team eventing",
        "Gold Medal: 2013 Malmo Team eventing",
        "Gold Medal: 2019 Luhm\u00fchlen Team eventing",
        "Silver Medal: 2021 Avenches Team eventing"
    ]
}