{
    "name": "Anne Kursinski",
    "full_name": "Anne Kindig Kursinski",
    "birth_place": "Pasadena, California, U.S.",
    "nationality": "American",
    "horse": "Starman, Lorenzo, Eros",
    "birth_date": "1959-4-16",
    "medaltemplates": [
        "Sport: Equestrian",
        "Country: the {{USA}}",
        "Competition: Olympic Games",
        "Silver Medal: 1988 Seoul Team jumping",
        "Silver Medal: 1996 Atlanta Team jumping",
        "Competition: Pan American Games",
        "Gold Medal: 1983 Caracas Individual jumping",
        "Gold Medal: 1983 Caracas Team jumping"
    ]
}