{
    "name": "Ben Maher    MBE",
    "fullname": "Benjamin Richard Maher",
    "nationality": "British",
    "discipline": "Show jumping",
    "birth_place": "Enfield, Greater London, England",
    "height": "6 ft 0 in",
    "weight": "150 lb",
    "birth_date": "1983-1-30",
    "medaltemplates": [
        "Sport: Equestrian",
        "Country: {{GBR2}}",
        "Competition: Olympic Games",
        "Gold Medal: 2012 London Team jumping",
        "Gold Medal: 2020 Tokyo Individual jumping",
        "Competition: World Championships",
        "Bronze Medal: 2022 Herning Team jumping",
        "Competition: European Championships",
        "Gold Medal: 2013 Herning Team Jumping",
        "Silver Medal: 2013 Herning Individual Jumping",
        "Silver Medal: 2019 Rotterdam Individual Jumping",
        "Bronze Medal: 2011 Madrid Team Jumping",
        "Bronze Medal: 2019 Rotterdam Team Jumping"
    ]
}