{
    "name": "Beth Underhill",
    "full_name": "Elizabeth Jane Underhill",
    "nationality": "CAN",
    "discipline": "Show jumping",
    "birth_place": "Georgetown, Ontario, Canada",
    "birth_date": "1962-9-5",
    "medaltemplates": [
        "Sport: Equestrian",
        "Country: {{CAN}}",
        "Competition: Pan American Games",
        "Silver Medal: {{1991 Havana}} Individual jumping",
        "Silver Medal: {{1991 Havana}} Team jumping",
        "Silver Medal: 2023 Santiago Team jumping",
        "Bronze Medal: {{1999 Winnipeg}} Team jumping"
    ]
}