{
    "name": "Christian Ahlmann",
    "nationality": "German",
    "discipline": "Show jumping",
    "birth_place": "Marl, North Rhine-Westphalia, West Germany",
    "height_ft": "6",
    "height_in": "2",
    "weight_lb": "183",
    "birth_date": "1974-12-17",
    "medaltemplates": [
        "Country: {{GER}}",
        "Sport: Equestrian",
        "Competition: Olympic Games",
        "Bronze Medal: 2004 Athens Team jumping",
        "Bronze Medal: 2016 Rio de Janeiro Team jumping",
        "Competition: World Championships",
        "Bronze Medal: 2006 Aachen Team jumping",
        "Competition: European Championships",
        "Gold Medal: 2003 Donaueschingen Individual jumping",
        "Gold Medal: 2003 Donaueschingen Team jumping",
        "Gold Medal: 2005 San Patrignano Team jumping",
        "Silver Medal: 2007 Mannheim Team jumping",
        "Silver Medal: 2013 Herning Team jumping",
        "Silver Medal: 2015 Aachen Team jumping",
        "Silver Medal: 2019 Rotterdam Team jumping"
    ]
}