{
    "name": "Christer Egerstrom",
    "full_name": "Crist\u00f3bal Egerstrom Ericksson",
    "nationality": "Mexican / Costa Rican",
    "birth_date": "1956-11-22",
    "medaltemplates": [
        "Sport: Equestrian",
        "Country: {{MEX}}",
        "Competition: Pan American Games",
        "Gold Medal: 1995 Mar del Plata Team dressage",
        "Silver Medal: 1983 Caracas Team dressage",
        "Bronze Medal: 1987 Indianapolis Team dressage",
        "Bronze Medal: 1991 Havana Team dressage",
        "Country: {{CRC}}",
        "Competition: Central American Games",
        "Gold Medal: 2013 San Jos\u00e9 Team dressage"
    ]
}