{
    "name": "Christina Liebherr",
    "fullname": "Christina Liebherr",
    "nationality": "SUI",
    "discipline": "Show jumping",
    "birth_place": "Stuttgart, West Germany",
    "height_ft": "5",
    "height_in": "7",
    "weight_lb": "132",
    "birth_date": "1979-3-16",
    "medaltemplates": [
        "Country: {{SUI}}",
        "Sport: Equestrian",
        "Competition: Olympic Games",
        "Bronze Medal: 2008 Beijing Team jumping",
        "Competition: European Championships",
        "Silver Medal: 2005 San Patrignano Individual jumping",
        "Silver Medal: 2005 San Patrignano Team jumping"
    ]
}