{
    "name": "Chris Kappler",
    "fullname": "Chris Kappler",
    "nationality": "USA",
    "discipline": "Show jumping",
    "birth_place": "St. Charles, Illinois, U.S.",
    "height_ft": "6",
    "height_in": "3",
    "weight_lb": "159",
    "birth_date": "1967-2-9",
    "medaltemplates": [
        "Sport: Equestrian",
        "Country: the {{USA}}",
        "Gold Medal: 2004 Athens Team jumping",
        "Silver Medal: 2004 Athens Individual jumping",
        "Competition: Pan American Games",
        "Gold Medal: 2003 Santo Domingo Team jumping",
        "Silver Medal: 2003 Santo Domingo Individual jumping"
    ]
}