{
    "name": "Eddie Macken",
    "fullname": "Eddie Macken",
    "nationality": "IRL",
    "discipline": "Show jumping",
    "birth_place": "Granard, Ireland",
    "height": "ft=6",
    "weight": "174",
    "birth_date": "1949-10-20",
    "medaltemplates": [
        "Country: {{IRL}}",
        "Sport: Equestrian",
        "Competition: World Championships",
        "Silver Medal: 1974 Hickstead Individual jumping",
        "Silver Medal: 1978 Aachen Individual jumping",
        "Competition: European Championships",
        "Silver Medal: 1977 Vienna Individual jumping",
        "Bronze Medal: 1979 Rotterdam Team jumping"
    ]
}