{
    "name": "Ellen Whitaker",
    "fullname": "Ellen Whitaker",
    "nationality": "GBR2",
    "discipline": "Show jumping",
    "height_ft": "5",
    "height_in": "9",
    "birth_date": "1986-3-5",
    "medaltemplates": [
        "Country: {{GBR2}}",
        "Sport: Equestrian",
        "Competition: European Junior Championships",
        "Silver Medal: 2003 San Remo Team jumping",
        "Competition: European Championships",
        "Bronze Medal: 2007 Mannheim Team jumping"
    ]
}