{
    "name": "Eric Lamaze",
    "fullname": "Eric Lamaze",
    "nationality": "CAN",
    "discipline": "Show jumping",
    "birth_place": "Montreal, Quebec, Canada",
    "height_ft": "5",
    "height_in": "8",
    "birth_date": "1968-4-17",
    "medaltemplates": [
        "Country: {{CAN}}",
        "Sport: Equestrian",
        "Competition: Olympic Games",
        "Gold Medal: 2008 Beijing Individual jumping",
        "Silver Medal: 2008 Beijing Team jumping",
        "Bronze Medal: 2016 Rio de Janeiro Individual jumping",
        "Competition: World Equestrian Games",
        "Bronze Medal: 2010 Lexington Individual jumping",
        "Competition: Pan American Games",
        "Gold Medal: 2015 Toronto Team jumping",
        "Silver Medal: 2007 Rio de Janeiro Team jumping",
        "Bronze Medal: 1999 Winnipeg Team jumping",
        "Bronze Medal: 2007 Rio de Janeiro Individual jumping"
    ]
}