{
    "name": "Faisal Al Shalan",
    "fullname": "HH Prince Faisal Al Shalan",
    "nationality": "KSA",
    "birth_place": "Riyadh, Saudi Arabia",
    "height": "m=1.80",
    "weight": "77",
    "discipline": "Show jumping",
    "birth_date": "1987-1-1",
    "medaltemplates": [
        "Sport: Equestrian",
        "Country: {{KSA}}",
        "Competition: Asian Games",
        "Silver Medal: 2014 Incheon Team jumping",
        "Competition: Pan Arab Games",
        "Gold Medal: 2011 Doha Team jumping",
        "Bronze Medal: 2011 Doha Individual jumping",
        "Competition: Islamic Solidarity Games",
        "Gold Medal: 2005 Jeddah Individual jumping",
        "Gold Medal: 2005 Jeddah Overall Individual jumping",
        "Competition: FEI Children's International Jumping Final",
        "Bronze Medal: 1999 Abu Dhabi Individual jumping"
    ]
}