{
    "name": "Gerco Schr\u00f6der",
    "fullname": "Gerco Bernardus Schr\u00f6der",
    "nationality": "NED",
    "discipline": "Show jumping",
    "birth_place": "Tubbergen, Overijssel",
    "height_ft": "5",
    "height_in": "5",
    "weight_lb": "157",
    "horse": "London",
    "birth_date": "1978-7-28",
    "medaltemplates": [
        "Country: {{NED}}",
        "Sport: Equestrian",
        "Competition: Olympic Games",
        "Silver Medal: 2012 London Individual jumping",
        "Silver Medal: 2012 London Team jumping",
        "Competition: World Championships",
        "Gold Medal: 2006 Aachen Team jumping",
        "Gold Medal: 2014 Normandy Team jumping",
        "Competition: European Championships",
        "Gold Medal: 2007 Mannheim Team jumping",
        "Gold Medal: 2015 Aachen Team jumping",
        "Bronze Medal: 2005 San Patrignano Team jumping"
    ]
}