{
    "name": "Gr\u00e9gory Wathelet",
    "nationality": "Belgian",
    "discipline": "Show jumping",
    "birth_place": "Huy, Belgium",
    "height_ft": "6",
    "height_in": "2.5",
    "weight_lb": "187",
    "birth_date": "1980-9-10",
    "medaltemplates": [
        "Country: {{BEL}}",
        "Bronze Medal: 2020 Tokyo Team jumping",
        "Competition: European Championships",
        "Gold Medal: 2019 Rotterdam Team jumping",
        "Silver Medal: 2015 Aachen Individual jumping"
    ]
}