{
    "name": "Harrie Smolders",
    "fullname": "Harrie Smolders",
    "nationality": "NED",
    "discipline": "Jumping",
    "birth_place": "Lage Mierde, Reusel-De Mierden, North Brabant, Netherlands",
    "height": "1.83",
    "weight": "75",
    "birth_date": "1980-5-10",
    "medaltemplates": [
        "Sport: Equestrian",
        "Country: the {{NED}}",
        "Competition: World Championships",
        "Silver Medal: 2022 Herning Team jumping",
        "Competition: European Championships",
        "Silver Medal: 2017 Gothenburg Individual jumping",
        "Competition: World Cup",
        "Silver Medal: 2016 Gothenburg Individual jumping",
        "Silver Medal: 2022 Leipzig Individual jumping",
        "Silver Medal: 2023 Omaha Individual jumping"
    ]
}