{
    "name": "Henrik von Eckermann",
    "fullname": "Henrik von Eckermann",
    "nationality": "SWE",
    "discipline": "Jumping",
    "birth_place": "Nyk\u00f6ping, Sweden",
    "height": "1.86",
    "weight": "66",
    "birth_date": "1981-5-25",
    "medaltemplates": [
        "Sport: Equestrian",
        "Country: {{SWE}}",
        "Gold Medal: 2020 Tokyo Team jumping",
        "Competition: World Championships",
        "Gold Medal: 2022 Herning Individual jumping",
        "Gold Medal: 2022 Herning Team jumping",
        "Silver Medal: 2018 Tryon Team jumping",
        "Competition: European Championships",
        "Gold Medal: 2023 Milano Team jumping",
        "Silver Medal: 2017 Gothenburg Team jumping",
        "Bronze Medal: 2013 Herning Team jumping",
        "Competition: World Cup",
        "Gold Medal: 2023 Omaha Individual jumping",
        "Gold Medal: 2024 Riyadh Individual jumping",
        "Bronze Medal: 2017 Omaha Individual jumping",
        "Bronze Medal: 2018 Paris Individual jumping"
    ]
}