{
    "name": "Jaime Vel\u00e1squez",
    "full_name": "Jaime Vel\u00e1squez Su\u00e1rez",
    "nationality": "Mexican",
    "birth_date": "1962-7-14",
    "medaltemplates": [
        "Sport: Equestrian",
        "Country: {{MEX}}",
        "Competition: Pan American Games",
        "Bronze Medal: 1991 Chatsworth Team eventing",
        "Competition: Central American and Caribbean Games",
        "Gold Medal: 2002 San Salvador Individual eventing",
        "Gold Medal: 2002 San Salvador Team eventing",
        "Gold Medal: 2010 Mayag\u00fcez Team eventing"
    ]
}