{
    "name": "Janne Friederike Meyer",
    "fullname": "Janne Friederike Meyer",
    "nationality": "GER",
    "discipline": "Show jumping",
    "birth_place": "Hamburg, West Germany",
    "birth_date": "1981-1-12",
    "medaltemplates": [
        "Country: {{GER}}",
        "Sport: Equestrian",
        "Competition: World Championships",
        "Gold Medal: 2010 Lexington, Kentucky Team jumping",
        "Competition: European Championships",
        "Gold Medal: 2011 Madrid Team jumping"
    ]
}