{
    "name": "Jean Teul\u00e8re",
    "fullname": "Jean Teul\u00e8re",
    "nationality": "FRA",
    "discipline": "Eventing",
    "birth_place": "Caud\u00e9ran",
    "birth_date": "1954-2-24",
    "medaltemplates": [
        "Sport: Equestrian",
        "Country: {{FRA}}",
        "Gold Medal: 2004 Athens Team eventing",
        "Competition: World Equestrian Games",
        "Gold Medal: 2002 Jerez Individual eventing",
        "Silver Medal: 1994 The Hague Team eventing",
        "Silver Medal: 2002 Jerez Team eventing",
        "Competition: European Championships",
        "Silver Medal: 1985 Burghley Team eventing",
        "Bronze Medal: 1991 Punchestown Team eventing",
        "Silver Medal: 1993 Achselschwang Team eventing",
        "Bronze Medal: 1997 Burghley Team eventing",
        "Silver Medal: 2003 Punchestown Team eventing"
    ]
}