{
    "name": "Jeanette Brakewell",
    "fullname": "Jeanette Brakewell",
    "nationality": "GBR2",
    "discipline": "Eventing",
    "birth_date": "1974-2-4",
    "medaltemplates": [
        "Sport: Equestrian",
        "Country: {{GBR2}}",
        "Silver Medal: 2000 Sydney Team eventing",
        "Silver Medal: 2004 Athens Team eventing",
        "Competition: World Championships",
        "Silver Medal: 2002 Jerez Individual eventing",
        "Bronze Medal: 2002 Jerez Team eventing",
        "Competition: European Championships",
        "Gold Medal: 1999 Luhmuhlen Team eventing",
        "Gold Medal: 2001 Pau Team eventing",
        "Gold Medal: 2003 Punchestown Team eventing",
        "Gold Medal: 2005 Blenheim Team eventing"
    ]
}