{
    "name": "Jeroen Dubbeldam",
    "fullname": "Jeroen Dubbeldam",
    "nationality": "NED",
    "discipline": "Show jumping",
    "birth_place": "Zwolle, Netherlands",
    "height": "6 ft 1 in",
    "weight": "187 lb",
    "birth_date": "1973-4-15",
    "medaltemplates": [
        "Country: the {{NED}}",
        "Competition: Olympic Games",
        "Gold Medal: 2000 Sydney Individual jumping",
        "Competition: World Championships",
        "Gold Medal: 2006 Aachen Team jumping",
        "Gold Medal: 2014 Normandy Team jumping",
        "Gold Medal: 2014 Normandy Individual jumping",
        "Competition: European Championships",
        "Gold Medal: 2007 Mannheim Team jumping",
        "Gold Medal: 2015 Aachen Individual jumping",
        "Gold Medal: 2015 Aachen Team jumping",
        "Bronze Medal: 1999 Hickstead Team jumping",
        "Bronze Medal: 2005 San Patrignano Individual jumping",
        "Bronze Medal: 2005 San Patrignano Team jumping"
    ]
}