{
    "name": "Jessica Phoenix",
    "fullname": "Jessica Phoenix |caption= Jessica Phoenix and Pavarotti at the 2015 Pan Am Games",
    "nationality": "CAN",
    "discipline": "Eventing",
    "birth_place": "Uxbridge, Ontario",
    "birth_date": "1983-10-16",
    "medaltemplates": [
        "Sport: Equestrian",
        "Country: {{CAN}}",
        "Competition: Pan American Games",
        "Gold Medal: 2011 Guadalajara Individual eventing",
        "Silver Medal: 2011 Guadalajara Team eventing",
        "Silver Medal: 2015 Toronto Individual eventing",
        "Bronze Medal: 2015 Toronto Team eventing",
        "Bronze Medal: 2019 Lima Team eventing"
    ]
}