{
    "name": "Jessica Mendoza",
    "fullname": "Jessica Mendoza",
    "nationality": "British",
    "discipline": "Show jumping",
    "birth_place": "Cheltenham, England",
    "birth_date": "1996-4-9",
    "medaltemplates": [
        "Sport: Equestrian",
        "Country: {{GBR}}",
        "Competition: Junior Europeans",
        "Gold Medal: 2014 Team jumping",
        "Silver Medal: 2013 Team jumping",
        "Bronze Medal: 2014 Individual jumping",
        "Competition: Pony Europeans",
        "Gold Medal: 2012 Team jumping",
        "Gold Medal: 2011 Team jumping",
        "Bronze Medal: 2011 Individual jumping"
    ]
}