{
    "name": "Joker Arroyo",
    "fullname": "Joker Aquino Arroyo",
    "nationality": "PHI",
    "discipline": "Show jumping",
    "birth_place": "Los Angeles, CA, USA",
    "horse": "Without a Doubt ,  Didi de Goedereede ,  Balou Girl ,",
    "birth_date": "1988-5-4",
    "medaltemplates": [
        "Country: the {{PHI}}",
        "Sport: Equestrian",
        "Competition: Southeast Asian Games",
        "Gold Medal: 2005 Manila Team jumping",
        "Silver Medal: 2011 Jakarta Team jumping",
        "Silver Medal: 2019 Pattaya Team jumping"
    ]
}