{
    "name": "Jos\u00e9 Larocca",
    "full_name": "Jos\u00e9 Maria Larocca Jr.",
    "nationality": "ARG",
    "discipline": "Show jumping",
    "birth_place": "Wettingen, Switzerland",
    "height_ft": "6",
    "height_in": "0",
    "weight_lbs": "183",
    "horse": "Casha vd Kornelishoeve, Con Air 7, Cornet Du Lys, Hardrock Z, Last Chance 9, Leasing, Mobily Ashkur Allah Obelix, Okidoki, Royal Power, Son of Marco, Svante, Tortola, Ukkepuk Hof Den Dries",
    "birth_date": "1969-01-01",
    "medaltemplates": [
        "Sport: Equestrian",
        "Country: {{ARG}}",
        "Competition: Pan American Games",
        "Silver Medal: 2015 Toronto Team jumping",
        "Silver Medal: 2019 Lima Individual jumping"
    ]
}