{
    "name": "Jur Vrieling",
    "full_name": "Jan Johannes Vrieling",
    "nationality": "Dutch",
    "birth_place": "Slochteren, Groningen",
    "height": "186 cm",
    "weight": "81 kg",
    "birth_date": "1969-7-31",
    "medaltemplates": [
        "Sport: Equestrian",
        "Country: the {{NED}}",
        "Silver Medal: 2012 London Team jumping",
        "Competition: World Championships",
        "Gold Medal: 2014 Normandy Team jumping",
        "Silver Medal: 2022 Herning Team jumping",
        "Competition: European Championships",
        "Gold Medal: 2015 Aachen Team jumping"
    ]
}