{
    "name": "Kevin Staut",
    "nationality": "FRA",
    "discipline": "Show jumping",
    "birth_place": "Le Chesnay, France",
    "height_ft": "6",
    "height_in": "0",
    "weight_lbs": "154",
    "horse": [
        "HDC, R\u00eaveur de Hurtebise",
        "HDC, Affair LS La Silla, Cheyenne 111 Z",
        "HDC, Estoy Aqui de Muze",
        "HDC, Uchin Van de Centaur, Zoncordes, Rituel du Sartel, Salom\u00e9 de Ravel"
    ],
    "birth_date": "1980-11-15",
    "medaltemplates": [
        "Sport: Equestrian",
        "Country: {{FRA}}",
        "Competition: Olympic Games",
        "Gold Medal: 2016 Rio de Janeiro Team jumping",
        "Competition: World Championships",
        "Silver Medal: 2010 Kentucky Team jumping",
        "Silver Medal: 2014 Normandy Team jumping",
        "Competition: European Championships",
        "Gold Medal: 2009 winsdor Individual jumping",
        "Silver Medal: 2011 madrid Team jumping",
        "Competition: European Young Rider Championship",
        "Gold Medal: 2000 Hartpury Team jumping",
        "Competition: French Junior Championships",
        "Gold Medal: 1995 Individual jumping"
    ]
}