{
    "name": "Laetitia du Cou\u00ebdic",
    "nationality": "FRA SWI CAN",
    "discipline": "show jumping",
    "birth_place": "Toronto, Ontario",
    "horse": [
        "HDC, Elisa"
    ],
    "birth_date": "1996-06-06",
    "medaltemplates": [
        "Competition: ",
        "Competition: Show Jumping {{EUR}} Championship for Young Riders",
        "Gold Medal: 2013 - Vejer de la Frontera Spain Team jumping",
        "Competition: Show Jumping {{SWI}} Junior Championships",
        "Gold Medal: 2013 - Lugano Switzerland Individual jumping"
    ]
}