{
    "name": "Lorraine Stubbs",
    "full_name": "Constance Lorraine Stubbs",
    "nationality": "Canadian",
    "birth_place": "Toronto, Ontario, Canada",
    "birth_date": "1950-6-9",
    "medaltemplates": [
        "Sport: Equestrian",
        "Country: {{CAN}}",
        "Competition: Pan American Games",
        "Gold Medal: 1971 Cali Team dressage",
        "Gold Medal: 1991 Havana Individual dressage",
        "Gold Medal: 1991 Havana Team dressage",
        "Silver Medal: 1975 Mexico City Team dressage"
    ]
}