{
    "name": "Ludger Beerbaum",
    "fullname": "Ludger Beerbaum",
    "nationality": "GER",
    "discipline": "Show jumping",
    "birth_place": "Detmold, West Germany",
    "height_ft": "6",
    "height_in": "2",
    "weight": "176 lb",
    "birth_date": "1963-8-26",
    "medaltemplates": [
        "Sport: Equestrian",
        "Country: {{FRG}}",
        "Competition: Olympic Games",
        "Gold Medal: 1988 Seoul Team jumping",
        "Competition: World Championships",
        "Silver Medal: 1990 Stockholm Team jumping",
        "Country: {{GER}}",
        "Competition: Olympic Games",
        "Gold Medal: 1992 Barcelona Individual jumping",
        "Gold Medal: 1996 Atlanta Team jumping",
        "Gold Medal: 2000 Sydney Team jumping",
        "Bronze Medal: 2016 Rio de Janeiro Team jumping",
        "Competition: World Championships",
        "Gold Medal: 1994 The Hague Team jumping",
        "Gold Medal: 1998 Rome Team jumping",
        "Bronze Medal: 2006 Aachen Team jumping",
        "Competition: European Championships",
        "Gold Medal: 1997 Mannheim Individual jumping",
        "Gold Medal: 1997 Mannheim Team jumping",
        "Gold Medal: 1999 Hickstead Team jumping",
        "Gold Medal: 2001 Arnhem Individual jumping",
        "Gold Medal: 2003 Donaueschingen Team jumping",
        "Silver Medal: 2003 Donaueschingen Individual jumping",
        "Silver Medal: 2007 Mannheim Team jumping",
        "Silver Medal: 2013 Herning Team jumping",
        "Silver Medal: 2015 Aachen Team jumping",
        "Bronze Medal: 2001 Arnhem Team jumping",
        "Bronze Medal: 2007 Mannheim Individual jumping",
        "Competition: World Cup",
        "Gold Medal: 1993 Gothenburg Individual jumping",
        "Silver Medal: 2002 Leipzig Individual jumping",
        "Silver Medal: 2010 Geneva Individual jumping",
        "Silver Medal: 2014 Lyon Individual jumping",
        "Bronze Medal: 1998 Helsinki Individual jumping"
    ]
}