{
    "name": "Marcus Ehning",
    "fullname": "Marcus Ehning",
    "nationality": "GER",
    "discipline": "Show jumping",
    "birth_place": "S\u00fcdlohn, West Germany",
    "height_ft": "5",
    "height_in": "6",
    "weight_lb": "137",
    "birth_date": "1974-04-19",
    "medaltemplates": [
        "Country: {{GER}}",
        "Sport: Equestrian",
        "Competition: Olympic Games",
        "Gold Medal: 2000 Sydney Team jumping",
        "Competition: World Championships",
        "Bronze Medal: 2006 Aachen Team jumping",
        "Gold Medal: 2010 Lexington Team jumping",
        "Bronze Medal: 2018 Tryon Team jumping",
        "Competition: European Championships",
        "Gold Medal: 1999 Hickstead Team jumping",
        "Gold Medal: 2003 Donaueschingen Team jumping",
        "Gold Medal: 2005 San Patrignano Team jumping",
        "Silver Medal: 2007 Mannheim Team jumping",
        "Bronze Medal: 2009 Windsor Team jumping",
        "Silver Medal: 2019 Rotterdam Team jumping",
        "Silver Medal: 2021 Riesenbeck Team jumping",
        "Bronze Medal: 2003 Donaueschingen Individual jumping"
    ]
}