{
    "name": "Marco Bernal",
    "fullname": "Marco Bernal",
    "nationality": "COL",
    "discipline": "Dressage",
    "birth_place": "Bogota, Colombia",
    "birth_date": "1962-05-02",
    "medaltemplates": [
        "Sport: Equestrian",
        "Country: {{COL}}",
        "Competition: Pan American Games",
        "Bronze Medal: 2011 Guadalajara Team dressage",
        "Silver Medal: 1999 Winnipeg Team dressage",
        "Competition: Central American and Caribbean Games",
        "Gold Medal: 2010 Mayag\u00fcez Team dressage",
        "Gold Medal: 2010 Mayag\u00fcez Individual dressage",
        "Gold Medal: 2014 Veracruz Individual dressage",
        "Silver Medal: 2014 Veracruz Team dressage"
    ]
}