{
    "name": "Margarita Nava",
    "full_name": "Margarita Nava S\u00e1nchez",
    "nationality": "Mexican",
    "birth_date": "1946-10-17",
    "medaltemplates": [
        "Sport: Equestrian",
        "Country: {{MEX}}",
        "Competition: Pan American Games",
        "Silver Medal: 1983 Caracas Team dressage",
        "Bronze Medal: 1987 Indianapolis Individual dressage",
        "Bronze Medal: 1987 Indianapolis Team dressage",
        "Bronze Medal: 1991 Havana Team dressage"
    ]
}