{
    "name": "Mark Watring",
    "fullname": "Mark Watring",
    "nationality": "Puerto Rican",
    "discipline": "Show jumping",
    "birth_place": "Aguadilla, Puerto Rico",
    "birth_date": "1963-5-2",
    "medaltemplates": [
        "Sport: Equestrian",
        "Country: {{PUR}}",
        "Competition: Pan American Games",
        "Gold Medal: 2003 Santo Domingo Individual jumping",
        "Competition: Central American and Caribbean Games",
        "Gold Medal: 2002 San Salvador Jumping individual",
        "Gold Medal: 2002 San Salvador Jumping speed",
        "Gold Medal: 2006 Cartagena Jumping individual",
        "Gold Medal: 2006 Cartagena Jumping speed",
        "Silver Medal: 2002 San Salvador Jumping",
        "Silver Medal: 2006 Cartagena Jumping",
        "Bronze Medal: 2010 Mayag\u00fcez Team jumping"
    ]
}