{
    "name": "Martin Fuchs",
    "nationality": "SUI",
    "discipline": "Jumping",
    "height": "1.84",
    "weight": "71",
    "birth_date": "1992-7-13",
    "medaltemplates": [
        "Sport: Equestrian",
        "Country: {{SUI}}",
        "Competition: World Championships",
        "Silver Medal: 2018 Tryon Individual jumping",
        "Competition: European Championships",
        "Gold Medal: 2019 Rotterdam Individual jumping",
        "Gold Medal: 2021 Riesenbeck Team jumping",
        "Silver Medal: 2021 Riesenbeck Individual jumping",
        "Bronze Medal: 2015 Aachen Team jumping",
        "Bronze Medal: 2017 Gothenburg Team jumping",
        "Competition: World Cup",
        "Gold Medal: 2022 Leipzig Individual jumping",
        "Silver Medal: 2019 Gothenburg Individual jumping",
        "Country: {{IOC}} Mixed-NOCs team",
        "Competition: Youth Olympic Games",
        "Gold Medal: 2010 Singapore Team jumping"
    ]
}