{
    "name": "Mary King    MBE DL",
    "fullname": "Mary Elizabeth King",
    "nationality": "British",
    "discipline": "Eventing",
    "birth_place": "Newark-on-Trent, Nottinghamshire, England",
    "birth_date": "1961-06-08",
    "medaltemplates": [
        "Sport: Equestrian",
        "Country: {{GBR2}}",
        "Competition: Olympic Games",
        "Silver Medal: 2004 Athens Team eventing",
        "Silver Medal: 2012 London Team eventing",
        "Bronze Medal: 2008 Beijing Team eventing",
        "Competition: World Championships",
        "Gold Medal: 1994 The Hague Team eventing",
        "Gold Medal: 2010 Kentucky Team eventing",
        "Silver Medal: 2006 Aachen Team eventing",
        "Competition: European Championships",
        "Gold Medal: 1991 Punchestown Team eventing",
        "Gold Medal: 1995 Pratoni del Vivaro Team eventing",
        "Gold Medal: 1997 Burghley Team eventing",
        "Gold Medal: 2007 Pratoni del Vivaro Team eventing",
        "Silver Medal: 2007 Pratoni del Vivaro Individual eventing",
        "Bronze Medal: 1995 Pratoni del Vivaro Individual eventing",
        "Bronze Medal: 2011 Luhmuhlen Team eventing"
    ]
}