{
    "name": "Meredith Michaels-Beerbaum",
    "nationality": "GER",
    "discipline": "Show jumping",
    "birth_place": "Los Angeles, California",
    "height_ft": "5",
    "height_in": "4",
    "weight_lb": "110",
    "website": "http://www.michaelsbeerbaum.com/",
    "birth_date": "1969-12-26",
    "medaltemplates": [
        "Sport: Equestrian",
        "Country: {{GER}}",
        "Competition: Olympic Games",
        "Bronze Medal: 2016 Rio de Janeiro Team jumping",
        "Competition: World Championships",
        "Gold Medal: 2010 Kentucky Team jumping",
        "Bronze Medal: 2006 Aachen Individual jumping",
        "Bronze Medal: 2006 Aachen Team jumping",
        "Competition: European Championships",
        "Gold Medal: 1999 Hickstead Team jumping",
        "Gold Medal: 2005 San Patrignano Team jumping",
        "Gold Medal: 2007 Mannheim Individual jumping",
        "Silver Medal: 2007 Mannheim Team jumping",
        "Silver Medal: 2015 Aachen Team jumping",
        "Bronze Medal: 2009 Windsor Team jumping"
    ]
}