{
    "name": "Michael Whitaker",
    "fullname": "Michael Whitaker",
    "nationality": "GBR2",
    "discipline": "Show jumping",
    "birth_place": "Huddersfield",
    "height_ft": "5.8",
    "height_in": "0",
    "weight_lb": "152",
    "birth_date": "1960-3-17",
    "medaltemplates": [
        "Sport: Equestrian",
        "Country: {{GBR2}}",
        "Competition: Olympic Games",
        "Silver Medal: 1984 Los Angeles Team jumping",
        "Competition: World Championships",
        "Silver Medal: 1986 Aachen Team jumping",
        "Bronze Medal: 1990 Stockholm Team jumping",
        "Competition: European Championships",
        "Gold Medal: 1985 Dinard Team jumping",
        "Gold Medal: 1987 St. Gallen Team jumping",
        "Gold Medal: 1989 Rotterdam Team jumping",
        "Gold Medal: 2013 Herning Team jumping",
        "Silver Medal: 1989 Rotterdam Individual jumping",
        "Silver Medal: 1991 La Baule Team jumping",
        "Silver Medal: 1993 Gijon Team jumping",
        "Silver Medal: 1995 St. Gallen Team jumping",
        "Silver Medal: 1995 St. Gallen Individual jumping",
        "Bronze Medal: 1993 Gijon Individual jumping",
        "Bronze Medal: 1997 Mannheim Team jumping",
        "Bronze Medal: 2007 Mannheim Team jumping"
    ]
}