{
    "name": "Vaillancourt, Michel",
    "fullname": "Michel Vaillancourt",
    "nationality": "CAN",
    "discipline": "Show jumping",
    "birth_place": "Saint-F\u00e9lix-de-Valois, Quebec, Canada",
    "height_ft": "5",
    "height_in": "10",
    "weight": "148",
    "birth_date": "1954-7-26",
    "medaltemplates": [
        "Country: {{CAN}}",
        "Silver Medal: 1976 Montreal Individual jumping",
        "Competition: Pan American Games",
        "Silver Medal: 1979 San Juan Team jumping",
        "Bronze Medal: 1975 Mexico City Team jumping"
    ]
}