{
    "name": "Na\u00efma Moreira-Lalibert\u00e9",
    "fullname": "Na\u00efma Moreira-Lalibert\u00e9",
    "nationality": "CAN",
    "discipline": "Dressage",
    "birth_place": "Montreal, Quebec title=Na\u00efma Moreira-Lalibert\u00e9 profile ",
    "birth_date": "1996-10-30",
    "medaltemplates": [
        "Sport: Equestrian",
        "Country: {{CAN}}",
        "Competition: Pan American Games",
        "Gold Medal: 2019 Lima Team dressage",
        "Bronze Medal: 2023 Santiago Team dressage"
    ]
}