{
    "name": "Neale Lavis",
    "fullname": "Neale John Lavis",
    "nationality": "AUS",
    "discipline": "Eventing",
    "birth_place": "Murwillumbah, New South Wales, Australia",
    "death_date": "2019",
    "death_place": "Braidwood, New South Wales, Australia",
    "birth_date": "1930-6-11",
    "medaltemplates": [
        "Sport: Equestrian",
        "Country: {{AUS}}",
        "Gold Medal: 1960 Rome Eventing, team",
        "Silver Medal: 1960 Rome Eventing, individual"
    ]
}