{
    "name": "Nick Skelton    CBE",
    "fullname": "Nicholas David Skelton",
    "nationality": "British",
    "discipline": "Show jumping",
    "birth_place": "Bedworth, Warwickshire, England",
    "birth_date": "1957-12-30",
    "medaltemplates": [
        "Country: {{GBR2}}",
        "Sport: Equestrian",
        "Competition: Olympic Games",
        "Gold Medal: 2012 London Team Jumping",
        "Gold Medal: 2016 Rio de Janeiro Individual jumping",
        "Sport: Alternative Olympics",
        "Silver Medal: 1980 Rotterdam Team jumping",
        "Competition: World Championships",
        "Silver Medal: 1986 Aachen Team jumping",
        "Bronze Medal: 1982 Dublin Team jumping",
        "Bronze Medal: 1986 Aachen Individual jumping",
        "Bronze Medal: 1990 Stockholm Team jumping",
        "Bronze Medal: 1998 Rome Team Jumping",
        "Sport: European Championships",
        "Gold Medal: 1985 Dinard Team jumping",
        "Gold Medal: 1987 St Gallen Team jumping",
        "Gold Medal: 1989 Rotterdam Team jumping",
        "Silver Medal: 1991 La Baule Team jumping",
        "Silver Medal: 1993 Gijon Team jumping",
        "Silver Medal: 1995 St Gallen Team jumping",
        "Bronze Medal: 1987 St Gallen Individual jumping",
        "Bronze Medal: 2011 Madrid Team jumping",
        "Bronze Medal: 2011 Madrid Individual jumping",
        "Sport: Junior European Championships",
        "Gold Medal: 1975 Dornbirn Individual jumping",
        "Silver Medal: 1974 Lucerne Team jumping",
        "Silver Medal: 1975 Dornbirn Team jumping"
    ]
}