{
    "name": "Oliver Townend  MBE",
    "nationality": "GBR",
    "discipline": "Eventing",
    "birth_place": "Huddersfield, Yorkshire, England",
    "birth_date": "1982-11-15",
    "medaltemplates": [
        "Sport: Equestrian",
        "Country: {{GBR2}}",
        "Gold Medal: 2020 Tokyo Team eventing",
        "Gold Medal: 2007 Pratoni del Vivaro Team Eventing",
        "Gold Medal: 2009 Fontainebleau Team Eventing",
        "Gold Medal: 2017 Strzegom Team Eventing",
        "Silver Medal: 2019 Luhm\u00fchlen Team eventing"
    ]
}