{
    "name": "Pedro Veniss",
    "fullname": "Pedro Veniss",
    "nationality": "BRA",
    "discipline": "Jumping",
    "birth_place": "Brazil",
    "horse": "Quabri de l'Isle",
    "height": "1.81",
    "weight": "66",
    "birth_date": "1983-1-6",
    "medaltemplates": [
        "Sport: Equestrian",
        "Country: {{BRA}}",
        "Competition: Pan American Games",
        "Gold Medal: 2007 Rio de Janeiro Team jumping",
        "Gold Medal: 2019 Lima Team jumping",
        "Bronze Medal: 2023 Santiago Team jumping"
    ]
}