{
    "name": "Peter Charles    MBE",
    "fullname": "Peter Charles",
    "nationality": "British",
    "discipline": "Show jumping",
    "birth_place": "Liverpool, Lancashire, England",
    "height_ft": "5",
    "height_in": "10",
    "weight_lb": "168",
    "birth_date": "1960-1-18",
    "medaltemplates": [
        "Sport: Equestrian",
        "Country: {{GBR2}}",
        "Competition: Olympic Games",
        "Gold Medal: 2012 London Team jumping",
        "Country: {{IRL}}",
        "Competition: European Championships",
        "Gold Medal: 1995 St. Gallen Individual jumping",
        "Gold Medal: 2001 Arnhem Team jumping"
    ]
}