{
    "name": "Phillip Dutton",
    "fullname": "Phillip Peter Dutton",
    "nationality": "United States (naturalized 2006)",
    "discipline": "Equestrian",
    "birth_place": "Nyngan, New South Wales, Australia",
    "birth_date": "13 September 1963",
    "medaltemplates": [
        "Sport: Equestrian",
        "Country: {{AUS}}",
        "Competition: Olympic Games",
        "Gold Medal: 1996 Atlanta Team eventing",
        "Gold Medal: 2000 Sydney Team eventing",
        "Country: the {{USA}}",
        "Competition: Olympic Games",
        "Bronze Medal: 2016 Rio de Janeiro Individual eventing",
        "Competition: Pan American Games",
        "Gold Medal: 2007 Rio de Janeiro Team eventing",
        "Gold Medal: 2015 Toronto Team eventing"
    ]
}