{
    "name": "Piggy French",
    "fullname": "Georgina March",
    "nationality": "GBR",
    "discipline": "Eventing",
    "birth_date": "1980-8-12",
    "medaltemplates": [
        "Country: {{GBR2}}",
        "Competition: World Championships",
        "Gold Medal: 2018 Tryon Team eventing",
        "Gold Medal: 2021 Avenches Team eventing",
        "Silver Medal: 2009 Fontainebleau Individual eventing",
        "Silver Medal: 2019 Luhm\u00fchlen Team eventing",
        "Silver Medal: 2021 Avenches Individual eventing",
        "Bronze Medal: 2011 Luhm\u00fchlen Team eventing"
    ]
}