{
    "name": "Pippa Funnell    MBE",
    "fullname": "Philippa Rachel Funnell",
    "nationality": "GBR2",
    "discipline": "Eventing",
    "birth_place": "Crowborough, East Sussex",
    "medaltemplates": [
        "Country: {{GBR2}}",
        "Sport: Equestrian",
        "Silver Medal: 2000 Sydney Team Eventing",
        "Silver Medal: 2004 Athens Team Eventing",
        "Bronze Medal: 2004 Athens Individual Eventing",
        "Competition: World Championships",
        "Bronze Medal: 2002 Jerez Team eventing",
        "Competition: European Championships",
        "Gold Medal: 1999 Luhmuhlen Individual eventing",
        "Gold Medal: 1999 Luhmuhlen Team eventing",
        "Gold Medal: 2001 Pau Individual eventing",
        "Gold Medal: 2001 Pau Team eventing",
        "Gold Medal: 2003 Punchestown Team eventing",
        "Silver Medal: 2015 Blair Castle Team eventing",
        "Silver Medal: 2019 Luhm\u00fchlen Team eventing",
        "Bronze Medal: 2003 Punchestown Individual eventing"
    ]
}