{
    "name": "Richard Meade",
    "honorific_suffix": "OBE",
    "fullname": "Richard John Hannay Meade",
    "nationality": "GBR",
    "discipline": "Eventing",
    "birth_place": "Chepstow, Monmouthshire, Wales",
    "death_date": "df=yes",
    "birth_date": "1938-12-4",
    "medaltemplates": [
        "Country: {{GBR2}}",
        "Sport: Equestrian",
        "Gold Medal: 1968 Mexico City Team eventing",
        "Gold Medal: 1972 Munich Team eventing",
        "Gold Medal: 1972 Munich Individual eventing",
        "Competition: World Championships",
        "Silver Medal: 1966 Burghley Individual eventing",
        "Gold Medal: 1970 Punchestown Team eventing",
        "Silver Medal: 1970 Punchestown Individual eventing",
        "Silver Medal: 1974 Burghley Team eventing",
        "Gold Medal: 1982 Luhm\u00fchlen Team eventing",
        "Competition: European Championships",
        "Bronze Medal: 1965 Moscow Team eventing",
        "Gold Medal: 1967 Punchestown Team eventing",
        "Gold Medal: 1971 Burghley Team eventing",
        "Bronze Medal: 1973 Kiev Team eventing",
        "Gold Medal: 1981 Horsens Team eventing"
    ]
}