{
    "name": "Sergio \u00c1lvarez Moya",
    "fullname": "Sergio \u00c1lvarez Moya",
    "nationality": "ESP",
    "discipline": "Show jumping",
    "birth_place": "Avil\u00e9s, Asturias, Spain",
    "birth_date": "1985-1-7",
    "medaltemplates": [
        "Sport: Equestrian",
        "Country: {{ESP}}",
        "Competition: Mediterranean Games",
        "Silver Medal: 2009 Pescara Team jumping",
        "Competition: European Young Riders Championships",
        "Gold Medal: 2001 Gij\u00f3n Individual jumping"
    ]
}