{
    "name": "Simon Delestre",
    "nationality": "FRA",
    "discipline": "Show jumping",
    "birth_place": "Metz",
    "height": "1.75",
    "weight": "67",
    "horse": "Cauletto, Napoli du Ry, Valentino Velvet, Ciana Z, Queldam Denfer, Ryan des Hayettes, Whisper, Qlassic Bois Margot, Quiness du Mezel, Armani",
    "birth_date": "1981-06-21",
    "medaltemplates": [
        "Competition: European Championships",
        "Bronze Medal: 2015 Aachen Individual jumping",
        "Competition: FEI Nations Cup",
        "Gold Medal: 2013 Barcelona Team jumping",
        "Competition: Mediterranean Games",
        "Gold Medal: 2009 Pescara Individual jumping",
        "Gold Medal: 2009 Pescara Team jumping",
        "Silver Medal: 2005 Almeria Team jumping",
        "Competition: European Young Riders Championship",
        "Gold Medal: 2000 Team jumping",
        "Competition: Junior European Championships",
        "Bronze Medal: 1999 Hickstead Team jumping",
        "Competition: France Junior Championships",
        "Gold Medal: 1999 Individual jumping"
    ]
}