{
    "name": "Steve Guerdat",
    "fullname": "Steve Guerdat",
    "nationality": "SUI",
    "discipline": "Show jumping",
    "birth_place": "Bassecourt, Switzerland",
    "height_ft": "6",
    "height_in": "0",
    "weight_lb": "143",
    "birth_date": "1982-6-10",
    "medaltemplates": [
        "Country: {{SUI}}",
        "Sport: Equestrian",
        "Competition: Olympic Games",
        "Gold Medal: 2012 London Individual jumping",
        "Bronze Medal: 2008 Beijing Team jumping",
        "Competition: World Championships",
        "Bronze Medal: 2018 Tryon Individual jumping",
        "Competition: European Championships",
        "Gold Medal: 2009 Windsor Team jumping",
        "Gold Medal: 2021 Riesenbeck Team jumping",
        "Silver Medal: 2005 San Patrignano Team jumping",
        "Bronze Medal: 2003 Donaueschingen Team jumping",
        "Bronze Medal: 2017 Gothenburg Team jumping",
        "Competition: World Cup",
        "Gold Medal: 2015 Las Vegas Individual jumping",
        "Gold Medal: 2016 Gothenburg Individual jumping",
        "Gold Medal: 2019 Gothenburg Individual jumping",
        "Silver Medal: 2012 Den Bosch Individual jumping",
        "Silver Medal: 2013 Gothenburg Individual jumping",
        "Bronze Medal: 2007 Las Vegas Individual jumping"
    ]
}