{
    "name": "Tiffany Foster",
    "nationality": "Canadian",
    "discipline": "Show jumping",
    "birth_place": "Vancouver, British Columbia, Canada",
    "height_ft": "5",
    "height_in": "8",
    "weight_lb": "110",
    "birth_date": "1984-7-24",
    "medaltemplates": [
        "Sport: Equestrian",
        "Country: {{CAN}}",
        "Competition: Pan American Games",
        "Gold Medal: 2015 Toronto Team jumping",
        "Silver Medal: 2023 Santiago Team jumping"
    ]
}