{
    "name": "Tina Irwin",
    "birth_place": "Hagen, Germany",
    "residence": "Whitchurch-Stouffville, Ontario, Canada",
    "hometown": "Breslau, Ontario, Canada",
    "website": "https://teamirwindressage.com",
    "sport": "Equestrian",
    "event": "Dressage",
    "module2": "Infobox equestrian",
    "horse": [
        "Amicelli (2007\u20142010)",
        "Winston (2011\u20142012)",
        "Fancy That (2014\u20142016, 2019\u2014current)",
        "Laurencio (2016\u2014current)"
    ],
    "embed": "yes ",
    "birth_date": "1981-01-29",
    "medaltemplates": [
        "Country: {{CAN}}",
        "Gold Medal: 2019 Lima Team dressage",
        "Silver Medal: 2011 Guadalajara Team dressage",
        "Silver Medal: 2019 Lima Individual dressage"
    ]
}