{
    "name": "Toni Leviste",
    "fullname": "Marie Antoinette Sarangaya Leviste",
    "nationality": "PHI",
    "discipline": "Show jumping",
    "birth_place": "Manila, Philippines",
    "height_ft": "5",
    "height_in": "2",
    "weight_lb": "112",
    "birth_date": "1973-8-5",
    "medaltemplates": [
        "Country: {{PHI}}",
        "Sport: Equestrian",
        "Competition: Asian Games",
        "Silver Medal: 2002 Busan Team jumping",
        "Competition: Southeast Asian Games",
        "Gold Medal: 2005 SEA Games Team jumping",
        "Silver Medal: 2005 SEA Games Individual jumping"
    ]
}