{
    "name": "Torrance Watkins",
    "other_names": "Torrance Fleischmann",
    "nationality": "American",
    "discipline": "Eventing",
    "height_ft": "5",
    "height_in": "4.5",
    "weight_lbs": "106",
    "horse": "Poltroon, Finvarra",
    "birth_date": "July 30, 1949",
    "medaltemplates": [
        "Sport: Equestrian",
        "Country: the {{USA}}",
        "Competition: Olympic Games",
        "Gold Medal: 1984 Los Angeles Team eventing",
        "Competition: World Championships",
        "Bronze Medal: 1982 Luhm\u00fchlen Team eventing"
    ]
}