{
    "name": "William Fox-Pitt  ",
    "fullname": "William Speed Lane Fox-Pitt",
    "nationality": "GBR2",
    "discipline": "Eventing",
    "birth_place": "Hampstead, London, England",
    "birth_date": "1969-01-02",
    "medaltemplates": [
        "Country: {{GBR2}}",
        "Sport: Equestrian",
        "Silver Medal: 2004 Athens Team eventing",
        "Silver Medal: 2012 London Team eventing",
        "Bronze Medal: 2008 Beijing Team eventing",
        "Competition: World Championships",
        "Gold Medal: 2010 Kentucky Team eventing",
        "Silver Medal: 2006 Aachen Team eventing",
        "Silver Medal: 2010 Kentucky Individual eventing",
        "Silver Medal: 2014 Normandy Team eventing",
        "Bronze Medal: 2002 Jerez Team eventing",
        "Bronze Medal: 2014 Normandy Individual eventing",
        "Competition: European Championships",
        "Gold Medal: 1995 Pratoni del Vivaro Team eventing",
        "Gold Medal: 1997 Burghley Team eventing",
        "Gold Medal: 2001 Pau Team eventing",
        "Gold Medal: 2003 Punchestown Team eventing",
        "Gold Medal: 2005 Blenheim Team eventing",
        "Gold Medal: 2009 Fontainbleau Team eventing",
        "Silver Medal: 1997 Burghley Individual eventing",
        "Silver Medal: 2005 Blenheim Individual eventing",
        "Silver Medal: 2015 Blair Castle Team eventing",
        "Bronze Medal: 2011 Luhmuhlen Team eventing",
        "Bronze Medal: 2013 Malm\u00f6 Individual Eventing"
    ]
}