{
    "honorific_suffix": "country=GBR OLY",
    "birth_name": "Zara Anne Elizabeth Phillips",
    "birth_place": "St Mary's Hospital, London, England",
    "alma_mater": "University of Exeter",
    "spouse": "Mike Tindall",
    "children": "3",
    "father": "Mark Phillips",
    "mother": "Anne, Princess Royal",
    "website": "https://zaratindall.com/",
    "embed": "yes",
    "discipline": "Eventing",
    "birth_date": "1981-5-15",
    "medaltemplates": [
        "Country: {{GBR2}}",
        "Competition: Olympic Games",
        "Silver Medal: 2012 London Team Eventing",
        "Gold Medal: 2006 Aachen Individual Eventing",
        "Silver Medal: 2006 Aachen Team Eventing",
        "Silver Medal: 2014 Normandy Team Eventing",
        "Gold Medal: 2005 Blenheim Individual Eventing",
        "Gold Medal: 2005 Blenheim Team Eventing",
        "Gold Medal: 2007 Pratoni del Vivaro Team Eventing"
    ]
}