{
    "name": "\u00c1lex Mumbr\u00fa",
    "position": "Head coach",
    "height_ft": "6",
    "height_in": "7.5",
    "weight_lbs": "235",
    "nationality": "Spanish",
    "birth_place": "Barcelona, Spain",
    "draft_year": "2001",
    "career_start": "1997",
    "career_end": "2018",
    "career_position": "Small forward / power forward",
    "career_number": "15",
    "coach_start": "2018",
    "highlights": [
        "FIBA EuroCup champion (2006)",
        "ULEB Cup champion (2007)",
        "Spanish League champion (2007)",
        "Catalan Tournament MVP (2005)",
        "All-Spanish League Team (2016)"
    ],
    "teams": {
        "Joventut": "2004\u20132006",
        "Real Madrid": "2006\u20132009",
        "Bilbao Basket": "2009\u20132018"
    },
    "cteams": {
        "Bilbao Basket": "2018\u20132022",
        "Valencia": "2022\u20132024"
    },
    "birth_date": "1979-6-12",
    "medaltemplates": [
        "Silver Medal: 2008 Beijing National Team ",
        "Competition: FIBA World Cup",
        "Gold Medal: 2006 Japan National Team ",
        "Competition: FIBA EuroBasket",
        "Silver Medal: 2007 Spain National Team ",
        "Gold Medal: 2009 Poland National Team ",
        "Bronze Medal: 2013 Slovenia National Team ",
        "Competition: Mediterranean Games",
        "Gold Medal: 2001 Tunis National Team ",
        "Bronze Medal: 2005 Almer\u00eda National Team "
    ]
}