{
    "name": "\u00d3scar Torres",
    "nationality": "Venezuelan",
    "height_ft": "6",
    "height_in": "6",
    "weight_lbs": "210",
    "number": "14",
    "birth_place": "Caracas, Venezuela",
    "draft_year": "1998",
    "career_start": "1997",
    "career_end": "2017",
    "career_position": "Small forward / shooting guard",
    "teams": {
        "Marinos de Oriente": "2003",
        "Trotamundos de Carabobo": "1999\u20132000",
        "Billings RimRockers": "2000",
        "Houston Rockets": "2001",
        "Golden State Warriors": "2002",
        "SS Basket Napoli": "2003\u20132004",
        "Khimki Moscow": "2004\u20132007",
        "CSKA Moscow": "2007",
        "Fortitudo Bologna": "2007\u20132008",
        "Marinos de Anzoategui": "2012\u20132017",
        "Snaidero Udine": "2008\u20132009",
        "T\u00fcrk Telekom": "2009",
        "Tarragona": "2011\u20132012"
    },
    "birth_date": "1976-12-18",
    "medaltemplates": [
        "Sport: Men\u2019s basketball",
        "Country: {{VEN}}",
        "Competition: FIBA AmeriCup",
        "Bronze Medal: 2005 Santo Domingo  Team competition",
        "Competition: FIBA South American Championship",
        "Bronze Medal: 2001 Valdivia  Team competition",
        "Bronze Medal: 2004 Rio de Janeiro  Team competition",
        "Bronze Medal: 2008 Puerto Montt  Team competition"
    ]
}