{
    "name": "\u00d3lafur Gottsk\u00e1lksson",
    "fullname": "\u00d3lafur Gottsk\u00e1lksson",
    "birth_place": "Keflav\u00edk, Iceland",
    "height": "ft=6",
    "position": "Goalkeeper",
    "youthclubs1": "Keflavik",
    "years1": "1988\u20131990",
    "years2": "1990\u20131994",
    "years3": "1994\u20131997",
    "years4": "1997\u20132000",
    "years5": "2000\u20132002",
    "years6": "2003\u20132004",
    "years7": "2004",
    "years8": "2004",
    "years9": "2004\u20132005",
    "clubs1": "IA Akranes",
    "clubs2": "KR Reykjav\u00edk",
    "clubs3": "Keflavik",
    "clubs4": "Hibernian",
    "clubs5": "Brentford",
    "clubs6": "Grindavik",
    "clubs7": "Keflavik",
    "clubs8": "Margate",
    "clubs9": "Torquay United",
    "caps1": "33",
    "caps2": "71",
    "caps3": "63",
    "caps4": "64",
    "caps5": "73",
    "caps6": "10",
    "caps7": "11",
    "caps9": "15",
    "totalcaps": "340",
    "goals1": "0",
    "goals2": "0",
    "goals3": "0",
    "goals4": "0",
    "goals5": "0",
    "goals6": "0",
    "goals7": "0",
    "goals9": "0",
    "totalgoals": "0",
    "nationalyears1": "1988\u20131989",
    "nationalteam1": "Iceland U21",
    "nationalcaps1": "6",
    "nationalgoals1": "nationalgoals2 = 0|nationalteam2 = Iceland|nationalyears2 = 1991\u20131998|module          =  embed           = yes  ",
    "birth_date": "1968-03-12"
}