{
    "name": "\u00c2ngelo Victoriano",
    "height_ft": "6",
    "height_in": "6",
    "weight_lb": "247",
    "birth_place": "Luanda, Portuguese Angola",
    "death_date": "2024",
    "death_place": "Luanda, Angola",
    "career_start": "1982",
    "career_end": "2006",
    "career_position": "Center",
    "teams": {
        "Petro de Luanda": "1996\u20131997",
        "Queluz": "1992\u20131993",
        "Barreirense": "1993\u20131995",
        "ASA": "1995\u20131996",
        "Primeiro de Agosto": "1997\u20132006"
    },
    "birth_date": "1968-2-8",
    "medaltemplates": [
        "Sport: Men's Basketball",
        "Country: {{ANG}}",
        "Competition: FIBA Africa Under-18 Championship",
        "Silver Medal: Abuja 1987 Angola (U-18) Team competition",
        "Competition: AfroBasket",
        "Gold Medal: Luanda 1989 Angola Team competition",
        "Gold Medal: Cairo 1992 Angola Team competition",
        "Gold Medal: Nairobi 1993 Angola Team competition",
        "Gold Medal: Algiers 1995 Angola Team competition",
        "Gold Medal: Luanda 1999 Angola Team competition",
        "Gold Medal: Luanda 2001 Angola Team competition",
        "Gold Medal: Alexandria 2003 Angola Team competition",
        "Gold Medal: Algiers 2005 Angola Team competition",
        "Bronze Medal: Tunis 1987 Angola Team competition",
        "Bronze Medal: Dakar 1997 Angola Team competition",
        "Competition: FIBA Africa Clubs Champions Cup",
        "Gold Medal: Luanda 2002 1\u00ba de Agosto Team competition",
        "Gold Medal: Cairo 2004 1\u00ba de Agosto Team competition",
        "Silver Medal: Lagos 2006 1\u00ba de Agosto Team competition",
        "Bronze Medal: Abidjan 2005 1\u00ba de Agosto Team competition"
    ]
}