{
    "name": "\u00c1lex Urtasun",
    "position": "Shooting guard",
    "height_ft": "6",
    "height_in": "4.75",
    "weight_lbs": "200",
    "league": "LEB Oro",
    "team": "For\u00e7a Lleida",
    "number": "3",
    "nationality": "Spanish",
    "birth_place": "Pamplona, Spain",
    "draft_year": "2006",
    "career_start": "2003",
    "teams": {
        "Castell\u00f3": "2003\u20132004",
        "Valencia": "2007\u20132008",
        "Plus Pujol Lleida": "2005\u20132006",
        "Alerta Cantabria": "2006\u20132007",
        "Gipuzkoa": "2008\u20132009",
        "Baloncesto Le\u00f3n": "2009\u20132010",
        "Lucentum Alicante": "2010",
        "Navarra": "2010\u20132012",
        "Sevilla": "2013\u20132015",
        "Fuenlabrada": "2019\u20132021",
        "SLUC Nancy": "2016\u20132017",
        "UCAM Murcia": "2017\u20132019",
        "R\u00edo Breog\u00e1n": "2021\u20132022",
        "Estudiantes": "2022",
        "For\u00e7a Lleida": "2022\u2013"
    },
    "birth_date": "1984-4-30"
}