{
    "name": "\u00d6mer A\u015f\u0131k",
    "height_ft": "7",
    "height_in": "0",
    "weight_lb": "255",
    "position": "Center",
    "birth_place": "Bursa, Turkey",
    "nationality": "Turkish",
    "draft_round": "2",
    "draft_pick": "36",
    "draft_year": "2008",
    "draft_team": "Portland Trail Blazers",
    "career_start": "2005",
    "career_end": "2018",
    "career_number": "3, 12, 14, 24",
    "highlights": [
        "2\u00d7 TBL champion (2008, 2010)",
        "2\u00d7 TBL All-Star (2007, 2008)"
    ],
    "bbr": "asikom01",
    "teams": {
        "Fenerbah\u00e7e": "2007\u20132010",
        "\u2192FMV I\u015f\u0131k Spor Kul\u00fcb\u00fc": "2005\u20132006",
        "Alpella": "2006\u20132007",
        "Chicago Bulls": "2017",
        "Houston Rockets": "2012\u20132013",
        "New Orleans Pelicans": "2014\u20132017"
    },
    "birth_date": "1986-7-4",
    "medaltemplates": [
        "Country: {{TUR}}",
        "Competition: FIBA World Championship",
        "Silver Medal: 2010 Turkey National team "
    ]
}