{
    "name": "\u00d6mer Onan",
    "height_ft": "6",
    "height_in": "4.5",
    "weight_lb": "210",
    "position": "Shooting guard",
    "birth_place": "Mersin, Turkey",
    "nationality": "Turkish",
    "draft_year": "2000",
    "career_position": "Shooting guard",
    "career_number": "7, 6, 15",
    "career_start": "1995",
    "career_end": "2014",
    "highlights": [
        "FIBA Kora\u0107 Cup champion (1996)",
        "11\u00d7 Turkish Super League champion (1996, 1997, 2002\u20132004, 2006\u20132008, 2010, 2011, 2014)",
        "8\u00d7 Turkish Cup winner (1996\u20131998, 2001, 2002, 2010, 2011, 2013)",
        "5\u00d7 Turkish SuperCup winner (1996, 1998, 2000, 2006, 2013)",
        "2x Turkish Basketball All-Star Game (2005, 2008)",
        "No. 7 retired by Fenerbah\u00e7e (2014)"
    ],
    "teams": {
        "Efes Pilsen": "1995\u20132004",
        "Fenerbah\u00e7e": "2006\u20132014",
        "\u00dclkerspor": "2005\u20132006"
    },
    "birth_date": "1978-2-4",
    "medaltemplates": [
        "Sport: Men's Basketball",
        "Country: {{TUR}}",
        "Competition: EuroBasket",
        "Silver Medal: 2001 Turkey National team ",
        "Competition: FIBA World Cup",
        "Silver Medal: 2010 Turkey National team "
    ]
}