{
    "name": "\u00c9dgar Sosa",
    "position": "shooting guard",
    "height_ft": "6",
    "height_in": "2",
    "weight_lb": "175",
    "league": "Libyan Division I Basketball League",
    "team": "Al-Fateh",
    "nationality": "Dominican / American",
    "birth_place": "New York City, US",
    "high_school": "Rice (New York City, New York)",
    "college": "Louisville (2006\u20132010)",
    "draft_year": "2010",
    "career_start": "2010",
    "highlights": [
        "All-BAL First Team (2022)",
        "FIBA Europe Cup champion (2018)",
        "Italian Serie A champion (2015)",
        "Italian Cup winner (2015)",
        "Italian Supercup winner (2014)",
        "Italian Serie A All-Star (2011)",
        "Iranian League champion (2016)",
        "Lebanese League champion (2017)",
        "All-NBL Second Team (2018)",
        "Big East All-Rookie Team (2007)"
    ],
    "teams": {
        "Angelico Biella": "2010\u20132011",
        "Reales de La Vega": "2012",
        "Blancos de Rueda Valladolid": "2013",
        "Cangrejeros de Santurce": "2013",
        "Leones de Santo Domingo": "2013",
        "ratiopharm Ulm": "2013\u20132014",
        "Dinamo Sassari": "2014\u20132015",
        "Petrochimi Bandar Imam": "2015\u20132016",
        "Hapoel Jerusalem": "2016",
        "Juvecaserta": "2016\u20132017",
        "Sporting Al Riyadi Beirut": "2017",
        "New Zealand Breakers": "2017\u20132018",
        "Reyer Venezia": "2018",
        "BCM Gravelines-Dunkerque": "2018\u20132019",
        "Hapoel Gilboa Galil": "2019\u20132020",
        "Boulazac": "2020\u20132021",
        "Rasta Vechta": "2021",
        "Zamalek": "2021\u20132022",
        "Al-Naft": "2022\u20132023"
    },
    "birth_date": "1988-1-15",
    "medaltemplates": [
        "Sport: Men's Basketball",
        "Country: {{DOM}}",
        "Competition: FIBA AmeriCup",
        "Bronze Medal: 2011 Mar del Plata  "
    ]
}