{
    "name": "\u00c1ngel Figueroa",
    "height": "ft=6",
    "weight": "220",
    "position": "Forward",
    "birth_place": "San Juan, Puerto Rico",
    "college": "Dowling",
    "nationality": "Puerto Rican",
    "career_start": "1999",
    "highlights": [
        "2\u00d7 BSN Champion (2005, 2008)",
        "BSN Finals MVP (2008)",
        "2\u00d7 BSN Most Outstanding Player (2007, 2008)",
        "3\u00d7 BSN All-Star (2006\u20132008, 2010)",
        "BSN Scoring Champion (2007)",
        "3\u00d7 All-BSN First team (2005, 2007, 2008)",
        "2\u00d7 All-BSN Second team (2003, 2009)",
        "BSN Rookie of the Year (1999)",
        "BSN steals leader (2008)"
    ],
    "birth_date": "1981-10-13",
    "medaltemplates": [
        "Sport: Men\u2019s basketball",
        "Country: {{PUR}}",
        "Competition: Central American and Caribbean Games",
        "Gold Medal: 2006 Cartagena  "
    ]
}