{
    "name": "\u00c1lvaro Teher\u00e1n",
    "height_ft": "7",
    "height_in": "1",
    "weight_lb": "235",
    "birth_place": "Mar\u00eda La Baja, Colombia",
    "death_date": "2020",
    "death_place": "Cartagena, Colombia",
    "college": [
        "Houston Baptist (1987\u20131989)",
        "Houston (1989\u20131991)"
    ],
    "draft_year": "1991",
    "draft_round": "2",
    "draft_pick": "44",
    "draft_team": "Philadelphia 76ers",
    "career_start": "1991",
    "career_end": "2006",
    "career_position": "Center",
    "highlights": [
        "Second-team All-SWC (1991)"
    ],
    "teams": {
        "Caja de Ronda": "1991\u20131992",
        "Baloncesto Fuenlabrada": "1995",
        "Fort Wayne Fury": "1993\u20131994",
        "KK Olimpija": "1995\u20131996",
        "Arrieros de Medell\u00edn": "2006",
        "Santos de San Juan": "1997",
        "Piratas de Bogot\u00e1": "1998\u20132001"
    },
    "birth_date": "1966-1-6"
}