{
    "name": "\u0130brahim Kutluay",
    "league": "Turkish Super League",
    "team": "Dar\u00fc\u015f\u015fafaka",
    "position": "Team manager",
    "height_ft": "6",
    "height_in": "6",
    "weight_lbs": "200",
    "birth_place": "Yalova, Turkey",
    "nationality": "Turkish",
    "draft_year": "1996",
    "career_start": "1993",
    "career_end": "2009",
    "career_position": "Shooting guard / Small forward",
    "career_number": "10, 11, 12",
    "highlights": [
        "EuroLeague champion (2002)",
        "FIBA EuroLeague Top Scorer (1999)",
        "4\u00d7 FIBA EuroStar (1996, 1998, 1999, 2007)",
        "FIBA EuroStar 3 Point Contest Champion (1999)",
        "2\u00d7 Greek League champion (2003, 2005)",
        "3\u00d7 Greek Cup winner (2001, 2003, 2005)",
        "Greek Cup Finals Top Scorer (2001)",
        "Greek Cup MVP (2001)",
        "4\u00d7 Greek League All-Star (2001\u20132003, 2005)",
        "Greek All-Star Game MVP (2002)",
        "Greek All-Star Game 3-Point Shootout Champion (2002)",
        "2\u00d7 Turkish League champion (2006, 2007)",
        "Turkish Supercup winner (2005)",
        "Turkish Cup winner (2004)",
        "Turkish League Top Scorer (1999)",
        "3\u00d7 Turkish Super League All-Star (2004, 2006, 2007)"
    ],
    "bbr": "kutluib01",
    "teams": {
        "Fenerbah\u00e7e": "2006\u20132007",
        "Efes Pilsen": "1999\u20132000",
        "AEK Athens": "2000\u20132001",
        "Panathinaikos": "2005",
        "\u00dclkerspor": "2005\u20132006",
        "Seattle SuperSonics": "2004",
        "PAOK": "2007\u20132008",
        "\u0130T\u00dc": "2008\u20132009"
    },
    "birth_date": "1974-1-7",
    "medaltemplates": [
        "Country: {{TUR}}",
        "Competition: EuroBasket",
        "Silver Medal: 2001 Turkey  "
    ]
}