{
    "name": "\u010cedomir Vitkovac",
    "height_m": "2.01",
    "weight_kg": "102",
    "birth_place": "Kru\u0161evac, SFR Yugoslavia",
    "nationality": "Serbian",
    "draft_year": "2004",
    "career_start": "1999",
    "career_end": "2017",
    "career_position": "Small forward / Power forward",
    "career_number": "13",
    "awards": [
        "5\u00d7 Montenegrin League champion (2010, 2012\u20132015)",
        "4\u00d7 Montenegrin Cup winner (2010, 2012, 2014, 2015)",
        "2\u00d7 Adriatic League champion (2008, 2009)",
        "2\u00d7 Serbian League champion (2008, 2009)",
        "4\u00d7 Serbian Cup winner (2004, 2006, 2008, 2009)"
    ],
    "teams": {
        "Napredak": "2017",
        "Crvena zvezda": "2003\u20132006",
        "Vojvodina Srbijagas": "2006\u20132007",
        "Partizan": "2015\u20132016",
        "Budu\u0107nost Podgorica": "2011\u20132015",
        "Igokea": "2010\u20132011",
        "Apollon Patras": "2016",
        "Mornar Bar": "2017"
    },
    "birth_date": "1982-10-28"
}