{
    "name": "\u017darko Ze\u010devi\u0107",
    "position": "Center",
    "birth_place": "Belgrade, PR Serbia, FPR Yugoslavia",
    "nationality": "Serbian",
    "career_start": "1966",
    "career_end": "1977",
    "teams": {
        "Partizan": "1966\u20131977"
    },
    "birth_date": "1950-01-19",
    "medaltemplates": [
        "Sport: Men's basketball",
        "Country: {{YUG}}",
        "Competition: Mediterranean Games",
        "Gold Medal: 1971 Izmir Team Under-18",
        "Competition: European Championship for Juniors",
        "Silver Medal: 1968 Spain Team Under-18"
    ]
}