{
    "name": "\u017delimir \u201c\u017deljko\u201d  Obradovi\u0107",
    "team": "Partizan Mozzart Bet",
    "position": "Head coach",
    "league": "Basketball League of Serbia, ABA League, EuroLeague",
    "birth_place": "\u010ca\u010dak, PR Serbia, FPR Yugoslavia",
    "nationality": "Serbian",
    "height_ft": "6",
    "height_in": "1",
    "weight_lb": "175",
    "draft_year": "1982",
    "career_start": "1978",
    "career_end": "1991",
    "career_position": "Point guard",
    "coach_start": "1991",
    "highlights": [
        "FIBA Kora\u0107 Cup champion (1989)",
        "Yugoslav League champion (1987)",
        "Yugoslav Cup winner (1989) '''As head coach:'''",
        "9\u00d7 EuroLeague champion (1992, 1994, 1995, 2000, 2002, 2007, 2009, 2011, 2017)",
        "FIBA EuroStar (2007)",
        "2\u00d7 FIBA Saporta Cup champion (1997, 1999)",
        "Yugoslav League champion (1992)",
        "Catalan League champion (1994)",
        "Gomelsky Cup champion (2009)",
        "ABA League champion (2023)",
        "11\u00d7 Greek League champion (2000, 2001, 2003\u20132011)",
        "4\u00d7 Turkish Super League champion (2014, 2016\u20132018)",
        "Yugoslav Cup winner (1992)",
        "7\u00d7 Greek Cup winner (2003, 2005\u20132009, 2012)",
        "3\u00d7 Turkish Cup winner (2016, 2019, 2020)",
        "Italian Super Cup winner (1997)",
        "3\u00d7 Turkish Super Cup winner (2013, 2016, 2017)",
        "Greek League Hall of Fame (2022)",
        "2\u00d7 FIBA European Coach of the Year (1994, 1995)",
        "3\u00d7 EuroLeague Coach of the Year (2007, 2011, 2017)",
        "4\u00d7 Greek League Coach of the Year (2000, 2005, 2009, 2011)",
        "2\u00d7 ABA League Coach of the Year (2022, 2023)",
        "2x Manager of the Year in Turkey (2017, 2018)",
        "Best Sports Coach in Greece (2009)",
        "2\u00d7 Greek Cup Triple Crown winner (2007, 2009)",
        "2\u00d7 Madrid Community Tournament champion (1995, 1997)",
        "50 Greatest EuroLeague Contributors",
        "Ivkovi\u0107 Award for Lifetime Achievement (1999)"
    ],
    "teams": {
        "Borac \u010ca\u010dak": "1978\u20131984",
        "Partizan": "1984\u20131991"
    },
    "cteams": {
        "Partizan": "2021\u2013present",
        "Joventut Badalona": "1993\u20131994",
        "Real Madrid": "1994\u20131997",
        "Benetton Treviso": "1997\u20131999",
        "Panathinaikos": "1999\u20132012",
        "Fenerbah\u00e7e": "2013\u20132020"
    },
    "birth_date": "1960-3-9",
    "medaltemplates": [
        "Sport: Men's basketball",
        "Country: {{YUG}}",
        "Competition: Summer Olympics",
        "Silver Medal: 1988 Seoul  Team competition",
        "Competition: FIBA World Cup",
        "Gold Medal: 1990 Argentina  Team competition",
        "Sport: Men's basketball",
        "Sport: Head coach for {{SRB}}",
        "Competition: Summer Olympics",
        "Silver Medal: 1996 Atlanta  Team competition",
        "Competition: FIBA World Cup",
        "Gold Medal: 1998 Greece  Team competition",
        "Competition: EuroBasket",
        "Gold Medal: 1997 Spain  Team competition",
        "Bronze Medal: 1999 France  Team competition"
    ]
}