{
    "name": "\u0160ar\u016bnas Jasikevi\u010dius",
    "team": "Fenerbah\u00e7e Beko",
    "position": "Head coach",
    "league": "BSL, EuroLeague",
    "birth_place": "Kaunas,   Lithuania",
    "nationality": "Lithuanian",
    "height_ft": "6",
    "height_in": "4",
    "weight_lbs": "202",
    "high_school": "Solanco (Quarryville, Pennsylvania)",
    "college": "Maryland (1994\u20131998)",
    "draft_year": "1998",
    "career_start": "1998",
    "career_end": "2014",
    "career_number": "3, 13, 19, 22, 33",
    "career_position": "Point guard",
    "coach_start": "2014",
    "highlights": [
        "EuroBasket MVP (2003)",
        "EuroBasket Dream Team (2020)",
        "4\u00d7 EuroLeague champion (2003\u20132005, 2009)",
        "EuroLeague Final Four MVP (2005)",
        "EuroLeague Finals Top Scorer (2005)",
        "2\u00d7 All-EuroLeague Team (2004, 2005)",
        "EuroLeague Legend (2015)",
        "50 Greatest EuroLeague Contributors (2008)",
        "EuroLeague 2000\u201310 All-Decade Team (2010)",
        "Mr. Europa Player of the Year (2003)",
        "2\u00d7 EuroLeague 50\u201340\u201390 club (2004, 2008)",
        "4\u00d7 EuroLeague Free Throw Percentage leader (2003, 2005, 2008, 2014)",
        "4\u00d7 Triple Crown winner (2003\u20132005, 2009)",
        "2\u00d7 Liga ACB champion (2001, 2003)",
        "Liga ACB Finals MVP (2003)",
        "3\u00d7 Spanish Cup champion (2001, 2003, 2013)",
        "2\u00d7 Liga ACB All-Star (2001, 2003)",
        "3\u00d7 Greek League champion (2008\u20132010)",
        "3\u00d7 Greek Cup winner (2008, 2009, 2012)",
        "All-Greek League First Team (2009)",
        "All-Greek League Second Team (2008)",
        "Greek Cup MVP (2012)",
        "2\u00d7 Greek All-Star (2008, 2009)",
        "Greek League Guard of the Year (2008)",
        "Turkish League champion (2011)",
        "Turkish Cup winner (2011)",
        "2\u00d7 Israeli Super League champion (2004, 2005)",
        "2\u00d7 Israeli State Cup winner (2004, 2005)",
        "Israeli Super League MVP (2005)",
        "2\u00d7 Israeli Super League Quintet (2004, 2005)",
        "Lithuanian LKL champion (2014)",
        "Lithuanian Sportsman of the Year (2003)",
        "Slovenian League MVP (2000)",
        "Slovenian League All-Star (2000)",
        "Slovenian Cup winner (2000)",
        "Slovenian Cup MVP (2000) '''As head coach:'''",
        "2\u00d7 Liga ACB champion (2021, 2023)",
        "2\u00d7 Spanish Cup winner (2021, 2022)",
        "5\u00d7 LKL champion (2016\u20132020)",
        "3\u00d7 Lithuanian King Mindaugas Cup winner (2017, 2018, 2020)",
        "3\u00d7 LKL Coach of the Year (2017\u20132019)",
        "Turkish Cup winner (2024)",
        "Catalan League champion (2022)",
        "Catalan League Best Coach (2022)",
        "2\u00d7 Gloria Cup winner (2017, 2018)",
        "Kaunas, Lithuania Invitational Game winner (2019) '''As assistant coach:'''",
        "Lithuanian League champion (2015)",
        "Lithuanian Cup winner (2015)"
    ],
    "teams": {
        "Lietuvos rytas": "2010",
        "Union Olimpija": "1999\u20132000",
        "FC Barcelona": "2012\u20132013",
        "Maccabi Tel Aviv": "2003\u20132005",
        "Indiana Pacers": "2005\u20132006",
        "Golden State Warriors": "2006",
        "Panathinaikos": "2011\u20132012",
        "Fenerbah\u00e7e": "2011",
        "\u017dalgiris": "2013\u20132014"
    },
    "cteams": {
        "\u017dalgiris (assistant)": "2014\u20132016",
        "\u017dalgiris": "2016\u20132020",
        "FC Barcelona": "2020\u20132023",
        "Fenerbah\u00e7e": "2023\u2013present"
    },
    "birth_date": "1976-3-5",
    "medaltemplates": [
        "Sport: Men's basketball",
        "Country: {{LTU}}",
        "Competition: Summer Olympics",
        "Bronze Medal: 2000 Sydney  ",
        "Competition: EuroBasket",
        "Gold Medal: 2003 Sweden  ",
        "Bronze Medal: 2007 Spain  ",
        "Competition: FIBA Europe U20 Championship",
        "Gold Medal: 1996 Turkey  ",
        "Competition: FIBA Europe U18 Championship",
        "Gold Medal: 1994 Israel Under-18 "
    ]
}