{
    "name": "\u017deljko Zagorac",
    "position": "Power forward / center",
    "height_ft": "6",
    "height_in": "8.5",
    "weight_lbs": "235",
    "league": "3. SKL za mo\u0161ke",
    "team": "KK Je\u017eica",
    "jersey": "| number = 12",
    "nationality": "Slovenian",
    "birth_place": "Gospi\u0107, SR Croatia SFR Yugoslavia",
    "career_start": "1998",
    "awards": [
        "2\u00d7 Slovenian League champion (2001, 2016)",
        "3x Slovenian Cup winner (2001, 2003, 2012)",
        "Alpe Adria Cup winner (2016)"
    ],
    "teams": {
        "Union Olimpija II": "1998&ndash;1999",
        "Triglav Kranj": "1999&ndash;2000",
        "Union Olimpija": "2012",
        "Geoplin Slovan": "2001&ndash;2002",
        "TXU Energie Braunschweig": "2003&ndash;2005",
        "Helios Dom\u017eale": "2015&ndash;2016",
        "Ural Great": "2006&ndash;2007",
        "WTK Anwil W\u0142oc\u0142awek": "2007&ndash;2008",
        "Prost\u011bjov": "2011",
        "Alia\u011fa Petkim": "2011",
        "Slovan": "2012",
        "Falco KC Szombathely": "2013&ndash;2014",
        "Grosbasket": "2014&ndash;2015",
        "LTH Castings": "2016",
        "Parklji": "2017&ndash;2018",
        "ECE Triglav": "2018",
        "Portoro\u017e": "2018&ndash;2019",
        "Je\u017eica": "2019&ndash;"
    },
    "birth_date": "1981-3-9"
}