{
    "name": "\u017darko Paspalj",
    "height_ft": "6",
    "height_in": "9.5",
    "weight_lbs": "223",
    "birth_place": "Pljevlja, SR Montenegro, SFR Yugoslavia",
    "nationality": "Serbian",
    "draft_year": "1988",
    "career_start": "1984",
    "career_end": "1998",
    "career_number": "14, 8, 9, 15",
    "career_position": "Small forward / power forward",
    "highlights": [
        "EuroLeague Final Four MVP (1994)",
        "101 Greats of European Basketball (2018)",
        "2\u00d7 FIBA European Selection (1991 2\u00d7)",
        "FIBA Kora\u0107 Cup champion (1989)",
        "2\u00d7 Greek League champion (1993, 1994)",
        "2\u00d7 Greek Cup winner (1994, 1998)",
        "Greek League Top Scorer (1992)",
        "Greek Cup MVP (1994)",
        "Greek Cup Finals Top Scorer (1994)",
        "Greek League All-Star (1994 I)",
        "Greek League Hall of Fame (2022)",
        "French League champion (1997)",
        "Yugoslav League champion (1987)",
        "Yugoslav Cup winner (1989)"
    ],
    "teams": {
        "Budu\u0107nost": "1984\u20131986",
        "Partizan": "1990\u20131991",
        "San Antonio Spurs": "1989",
        "Olympiacos": "1991\u20131994",
        "Panathinaikos": "1994\u20131995",
        "Panionios": "1995\u20131996",
        "Racing Paris": "1996\u20131997",
        "Aris": "1997\u20131998",
        "Virtus Bologna": "1998"
    },
    "birth_date": "1966-3-27",
    "medaltemplates": [
        "Sport: Men's Basketball",
        "Country: {{YUG}}",
        "Competition: Olympic Games",
        "Silver Medal: 1988 Seoul  ",
        "Competition: World Cup",
        "Gold Medal: 1990 Argentina  ",
        "Competition: EuroBasket",
        "Gold Medal: 1991 Italy  ",
        "Gold Medal: 1989 Yugoslavia  ",
        "Bronze Medal: 1987 Greece  ",
        "Competition: European Championship for Juniors",
        "Bronze Medal: 1984 Sweden Under-18 ",
        "Competition: European Championship for Cadets",
        "Gold Medal: 1983 West Germany Under-16 ",
        "Country: {{FR Yugoslavia}}",
        "Competition: Olympic Games",
        "Silver Medal: 1996 Atlanta  ",
        "Competition: EuroBasket",
        "Gold Medal: 1995 Greece  "
    ]
}