{
    "name": "\u0160ar\u016bnas Mar\u010diulionis",
    "height_ft": "6",
    "height_in": "5",
    "weight_lb": "200",
    "birth_place": "Kaunas, Lithuania",
    "draft_year": "1987",
    "draft_round": "6",
    "draft_pick": "127",
    "draft_team": "Golden State Warriors",
    "career_position": "Shooting guard",
    "career_number": "13, 30, 8",
    "career_start": "1981",
    "career_end": "1997",
    "highlights": [
        "4\u00d7 Lithuanian Sportsman of the Year (1987, 1989\u20131991)",
        "Mr. Europa (1988)",
        "FIBA's 50 Greatest Players (1991)",
        "FIBA EuroBasket MVP (1995)"
    ],
    "bbr": "marcisa01",
    "HOF_player": "sarunas-marciulionis",
    "FIBA_HOF_player": "Sarunas-Marciulionis",
    "teams": {
        "Statyba": "1981\u20131989",
        "Golden State Warriors": "1989\u20131993",
        "Seattle SuperSonics": "1994",
        "Sacramento Kings": "1995",
        "Denver Nuggets": "1996"
    },
    "NBA": {
        "Points": "4,631 (12.8 ppg)",
        "Rebounds": "819 (2.3 rpg)",
        "Assists": "807 (2.2 apg)"
    },
    "birth_date": "1964-06-13",
    "medaltemplates": [
        "Sport: Men's Basketball",
        "Country: {{USSR}}",
        "Competition: Summer Olympic Games",
        "Gold Medal: 1988 Seoul ",
        "Competition: FIBA EuroBasket",
        "Silver Medal: 1987 Greece ",
        "Bronze Medal: 1989 Yugoslavia ",
        "Competition: FIBA U19 World Cup",
        "Silver Medal: 1983 Spain Under-19",
        "Competition: European Championship for Juniors",
        "Gold Medal: 1982 Bulgaria Under-18",
        "Country: {{LTU}}",
        "Competition: Summer Olympics",
        "Bronze Medal: 1992 Barcelona ",
        "Bronze Medal: 1996 Atlanta  ",
        "Competition: FIBA EuroBasket",
        "Silver Medal: 1995 Greece  "
    ]
}