{
    "name": "\u017darko Varaji\u0107",
    "height_m": "2.02",
    "weight_kg": "91",
    "nationality": "Montenegrin",
    "birth_place": "Nik\u0161i\u0107, PR Montenegro, Yugoslavia",
    "death_date": "2019",
    "death_place": "Belgrade, Serbia",
    "draft_year": "1973",
    "career_position": "Small forward",
    "career_number": "11",
    "career_start": "1969",
    "career_end": "1984",
    "highlights": [
        "EuroLeague champion (1979)",
        "3\u00d7 Yugoslav League champion (1978, 1980, 1983)",
        "2\u00d7 Yugoslav Cup winner (1978, 1984)",
        "EuroLeague Finals Top Scorer (1979)"
    ],
    "teams": {
        "Bosna": "1982\u20131984",
        "Al Ain BC": "1981\u20131982"
    },
    "birth_date": "1951-12-26",
    "medaltemplates": [
        "Sport: Men's basketball",
        "Country: {{YUG}}",
        "Competition: Olympic Games",
        "Silver Medal: 1976 Montreal  ",
        "Competition: EuroBasket",
        "Gold Medal: 1977 Belgium  ",
        "Bronze Medal: 1979 Italy  "
    ]
}