{
    "name": "A'Quonesia Franklin",
    "league": "Southland",
    "team": "Lamar Lady Cardinals",
    "position": "Head coach",
    "height_ft": "5",
    "height_in": "4",
    "weight_lb": "154",
    "birth_place": "Tyler, Texas, U.S.",
    "nationality": "American",
    "highschool": "John Tyler (Tyler, Texas)",
    "college": "Texas A&M (2004\u20132008)",
    "draft_league": "WNBA",
    "draft_year": "2008",
    "draft_round": "3",
    "draft_pick": "38",
    "draft_team": "Sacramento Monarchs",
    "career_start": "2008",
    "career_end": "2009",
    "career_position": "Guard",
    "coach_start": "2009",
    "teams": {
        "Sacramento Monarchs": "2008",
        "Solna Vikings": "2008",
        "Seattle Storm": "2009"
    },
    "cteams": {
        "Texas A&M (assistant)": "2009\u20132010",
        "Stephen F. Austin (assistant)": "2010\u20132011",
        "Kansas (assistant)": "2015\u20132019",
        "Mississippi State (assistant)": "2012\u20132015",
        "Lamar": "2019\u2013present"
    },
    "birth_date": "1985-09-29"
}