{
    "name": "A\u00edto Garc\u00eda Reneses",
    "height_ft": "6",
    "height_in": "1.25",
    "weight_lb": "180",
    "position": "Head coach",
    "birth_place": "Madrid, Spain",
    "nationality": "Spanish",
    "career_start": "1963",
    "career_end": "1973",
    "career_position": "Point guard",
    "coach_start": "1998",
    "highlights": [
        "FIBA Saporta Cup champion (1986)",
        "2\u00d7 FIBA Kora\u0107 Cup champion (1987, 1999)",
        "FIBA EuroChallenge champion (2006)",
        "EuroCup champion (2008)",
        "9\u00d7 Liga ACB champion (1987\u20131990, 1995\u20131997, 1999, 2001)",
        "2\u00d7 Bundesliga champion (2020, 2021)",
        "5\u00d7 Spanish Cup winner (1987, 1988, 1994, 2001, 2008)",
        "German Cup winner (2020)",
        "4\u00d7 AEEB Spanish Coach of the Year (1976, 1990, 2006, 2008)",
        "FIBA European Selection Head coach (1990)",
        "2\u00d7 EuroCup Coach of the Year (2015, 2019)",
        "Bundesliga Coach of the Year (2018)"
    ],
    "teams": {
        "Estudiantes": "1963\u20131968",
        "FC Barcelona": "1968\u20131973"
    },
    "cteams": {
        "C\u00edrculo Cat\u00f3lico / Cotonificio": "1973\u20131983",
        "Joventut Badalona": "2003\u20132008",
        "FC Barcelona": "1998\u20132001",
        "Spain": "2008",
        "Unicaja": "2008\u20132011",
        "Sevilla": "2012\u20132014",
        "Gran Canaria": "2014\u20132016",
        "Alba Berlin": "2017\u20132021",
        "B\u00e0squet Girona": "2022\u20132023"
    },
    "birth_date": "1946-12-20"
}