{
    "name": "A. J. Wynder",
    "position": "Head coach",
    "team": "Nassau Community College Lions",
    "birth_place": "The Bronx, New York",
    "nationality": "American",
    "height_ft": "6",
    "height_in": "2",
    "weight_lb": "180",
    "high_school": "Saint Agnes, (Rockville Centre, New York)",
    "college": [
        "UMass (1982\u20131983)",
        "Fairfield (1983\u20131987)"
    ],
    "draft_year": "1987",
    "career_position": "Point guard",
    "career_number": "12",
    "highlights": [
        "CBA steals leader (1991)"
    ],
    "teams": {
        "Boston Celtics": "1990"
    },
    "cteams": {
        "Tri-City Chinook (player/assistant)": "1993\u20131995",
        "Nassau CC": "1997\u2013present"
    },
    "birth_date": "1964-9-11",
    "medaltemplates": [
        "Sport: Men's basketball",
        "Country: {{USA}}",
        "Competition: Pan American Games",
        "Silver Medal: 1995 Mar del Plata National team "
    ]
}