{
    "name": "A. J. English",
    "height_ft": "6",
    "height_in": "3",
    "weight_lb": "175",
    "birth_place": "Wilmington, Delaware, U.S.",
    "high_school": "Howard Career Center, (Wilmington, Delaware)",
    "college": "Virginia Union (1986\u20131990)",
    "draft_year": "1990",
    "draft_round": "2",
    "draft_pick": "37",
    "draft_team": "Washington Bullets",
    "career_start": "1990",
    "career_end": "2000",
    "career_number": "14",
    "career_position": "Shooting guard",
    "highlights": [
        "NABC Division II Player of the Year (1990)"
    ],
    "teams": {
        "Washington Bullets": "1990\u20131991",
        "Stefanel Trieste": "1992\u20131993",
        "Rapid City Thrillers": "1993",
        "Rochester Renegade": "1993\u20131994",
        "Burghy Roma": "1994",
        "Olitalia Forl\u00ec": "1994",
        "Levallois": "1997\u20131998",
        "Baloncesto Salamanca": "1995\u20131996",
        "Rolly Pistoia": "1996",
        "Be\u015fikta\u015f": "1996\u20131997",
        "Paris Basket Racing": "1998\u20131999",
        "Richmond Rhythm": "1999",
        "Aris": "1999\u20132000"
    },
    "NBA": {
        "Points": "1,502 (9.9 ppg)",
        "Rebounds": "315 (2.1 rpg)",
        "Assists": "320 (2.1 apg) "
    },
    "birth_date": "1967-07-11"
}