{
    "name": "A. J. Bramlett",
    "height_ft": "6",
    "height_in": "10",
    "weight_lb": "227",
    "birth_place": "DeKalb, Illinois, U.S.",
    "high_school": "La Cueva (Albuquerque, New Mexico)",
    "college": "Arizona (1995\u20131999)",
    "draft_year": "1999",
    "draft_round": "2",
    "draft_pick": "39",
    "draft_team": "Cleveland Cavaliers",
    "career_start": "1999",
    "career_end": "2008",
    "career_position": "Center",
    "career_number": "42, 4",
    "highlights": [
        "Latvian champion (2007)",
        "NCAA champion (1997)",
        "First-team All-Pac-10 (1999)"
    ],
    "teams": {
        "Dafni": "1999",
        "Cleveland Cavaliers": "1999",
        "La Crosse Bobcats": "2000",
        "Forum Valladolid": "2000\u20132001",
        "Plus Pujol Lleida": "2001\u20132005",
        "Caja San Fernando": "2005\u20132006",
        "ASK Riga": "2006\u20132008"
    },
    "birth_date": "1977-01-10"
}