{
    "name": "A. J. Guyton",
    "height_ft": "6",
    "height_in": "1",
    "weight_lbs": "180",
    "birth_place": "Peoria, Illinois, U.S.",
    "high_school": "Central (Peoria, Illinois)",
    "college": "Indiana (1996\u20132000)",
    "draft_year": "2000",
    "draft_round": "2",
    "draft_pick": "32",
    "draft_team": "Chicago Bulls",
    "career_start": "2000",
    "career_end": "2010",
    "career_position": "Shooting guard / point guard",
    "career_number": "11",
    "highlights": [
        "Consensus first-team All-American (2000)",
        "Big Ten Player of the Year (2000)",
        "Big Ten Freshman of the Year (1997) ;As coach:",
        "3\u00d7 PBL champion (2012\u20132014)",
        "2\u00d7 PBL coach of the year (2012, 2013)"
    ],
    "teams": {
        "Chicago Bulls": "2000\u20132001",
        "Golden State Warriors": "2002",
        "Huntsville Flight": "2002\u20132003",
        "Fortitudo Bologna": "2004",
        "Hapoel Tel Aviv": "2003\u20132004",
        "Virtus Bologna": "2004\u20132005",
        "Viola Reggio Calabria": "2005\u20132006",
        "Cedevita Zagreb": "2007",
        "Olimpia Larissa": "2008",
        "Sundsvall Dragons": "2008",
        "Al Rayyan Club": "2010"
    },
    "cteams": {
        "Illinois Central College (assistant)": "2010\u20132012",
        "Central Illinois Drive / Bloomington Flex": "2012\u20132015",
        "Windy City Bulls (assistant)": "2016\u20132017",
        "Northwestern (dir. of player development)": "2017\u20132018",
        "Loyola (Maryland) (assistant)": "2018\u20132019"
    },
    "birth_date": "1978-2-12",
    "medaltemplates": [
        "Sport: Men\u2019s basketball",
        "Country: {{USA}}",
        "Competition: Goodwill Games",
        "Gold Medal: 1998 New York Team competition Team competition"
    ]
}