{
    "name": "A. J. Abrams",
    "height_ft": "5",
    "height_in": "11",
    "weight_lb": "186",
    "nationality": "American",
    "birth_place": "Sherman, Texas, U.S.",
    "highschool": "McNeil (Round Rock, Texas)",
    "college": "Texas (2005\u20132009)",
    "draft_year": "2009",
    "career_start": "2009",
    "career_end": "2012",
    "career_position": "Point guard",
    "career_number": "8",
    "highlights": [
        "Czech NBL champion (2012)",
        "Czech Cup winner (2012)",
        "Second-team All-Big 12 (2009)"
    ],
    "teams": {
        "Trikala 2000": "2009\u20132010",
        "Scaligera Basket Verona": "2010\u20132011",
        "\u010cEZ Nymburk": "2011\u20132012"
    },
    "birth_date": "1986-10-16"
}