{
    "name": "A.C. Green",
    "height_ft": "6",
    "height_in": "9",
    "weight_lb": "225",
    "birth_place": "Portland, Oregon, U.S.",
    "high_school": "Benson Polytechnic (Portland, Oregon)",
    "college": "Oregon State (1981\u20131985)",
    "draft_year": "1985",
    "draft_round": "1",
    "draft_pick": "23",
    "draft_team": "Los Angeles Lakers",
    "career_start": "1985",
    "career_end": "2001",
    "career_position": "Power forward / small forward",
    "career_number": "45",
    "highlights": [
        "3\u00d7 NBA champion (1987, 1988, 2000)",
        "NBA All-Star (1990)",
        "NBA All-Defensive Second Team (1988)",
        "Third-team All-American \u2013 AP, UPI (1985)",
        "Pac-10 Player of the Year (1984)",
        "3\u00d7 First-team All-Pac-10 (1983\u20131985)",
        "No. 45 retired by Oregon State Beavers"
    ],
    "bbr": "greenac01 ",
    "teams": {
        "Los Angeles Lakers": "1999",
        "Phoenix Suns": "1993\u20131996",
        "Dallas Mavericks": "1996\u20131998",
        "Miami Heat": "2000"
    },
    "stats": {
        "Points": "12,331 (9.6 ppg)",
        "Rebounds": "9,473 (7.4 rpg)",
        "Steals": "1,033 (0.8 spg)"
    },
    "birth_date": "1963-10-04"
}