{
    "name": "Aaron Trahair",
    "team": "Kalamunda Eastern Suns",
    "position": "Head coach",
    "league": "NBL1 West",
    "birth_place": "Melbourne, Victoria, Australia",
    "height_cm": "194",
    "weight_kg": "101",
    "career_start": "1994",
    "career_end": "2008",
    "career_position": "Shooting guard / small forward",
    "coach_start": "2015",
    "highlights": [
        "NBL champion (1995)"
    ],
    "teams": {
        "Perth Wildcats": "2007",
        "Sydney Kings": "1997\u20132000",
        "Cairns Taipans": "2000\u20132002",
        "West Sydney Razorbacks": "2002\u20132005",
        "Hunter Pirates": "2005\u20132006",
        "Singapore Slingers": "2006\u20132007",
        "Wollongong Hawks": "2007\u20132008"
    },
    "cteams": {
        "Rockingham Flames (assistant)": "2015",
        "Geraldton Buccaneers": "2016",
        "Mandurah Magic": "2017\u20132022",
        "Kalamunda Eastern Suns": "2023\u2013present"
    },
    "birth_date": "1976-2-3"
}