{
    "name": "Aaron Aban",
    "number": "51",
    "position": "Shooting guard / small forward",
    "league": "PSL",
    "height_ft": "6",
    "height_in": "3",
    "weight_lbs": "185",
    "team": "Sta. Rosa Laguna Lions",
    "nationality": "Filipino",
    "birth_place": "Cagayan de Oro, Philippines",
    "draft_year_pba": "2006",
    "draft_round_pba": "1",
    "draft_pick_pba": "7",
    "draft_team_pba": "Alaska Aces",
    "college": "Colegio de San Juan de Letran",
    "high_school": "Liceo de Cagayan University",
    "career_start": "2006",
    "highlights": [
        "6\u00d7 PBA champion (2007 Fiesta, 2010\u201311 Philippine, 2011 Commissioner's, 2011\u201312 Philippine, 2012\u201313 Philippine, 2015 Commissioner's)",
        "NCAA Philippines Most Improved Player (2005)",
        "2\u00d7 NCAA Philippines champion (2003, 2005)"
    ],
    "teams": {
        "Alaska Aces": "2006\u20132008",
        "Purefoods Tender Juicy Giants": "2008\u20132009",
        "Burger King Whoppers": "2009\u20132010",
        "Talk 'N Text Tropang Texters / TNT Tropang Texters / Tropang TNT / TNT KaTropa": "2010\u20132016",
        "GlobalPort Batang Pier": "2016\u20132017",
        "San Miguel Alab Pilipinas": "2019\u20132020",
        "Sta. Rosa Laguna Lions": "2022\u2013present"
    },
    "birth_date": "1982-4-8"
}