{
    "name": "Aaron Williams",
    "height_ft": "6",
    "height_in": "9",
    "weight_lb": "235",
    "birth_place": "Evanston, Illinois, U.S.",
    "high_school": "Rolling Meadows (Rolling Meadows, Illinois)",
    "college": "Xavier (1989\u20131993)",
    "draft_year": "1993",
    "career_start": "1993",
    "career_end": "2008",
    "career_number": "33, 44, 55, 15, 34",
    "career_position": "Power forward / center",
    "teams": {
        "Grand Rapids Hoops": "1993",
        "Utah Jazz": "1993",
        "Aresium Milan": "1993\u20131994",
        "Milwaukee Bucks": "1994",
        "KK Split": "1995\u20131996",
        "Connecticut Pride": "1997",
        "Denver Nuggets": "1996",
        "Vancouver Grizzlies": "1996",
        "Seattle SuperSonics": "1997\u20131998",
        "Washington Wizards": "1999",
        "New Jersey Nets": "2000\u20132004",
        "Toronto Raptors": "2004\u20132005",
        "New Orleans/Oklahoma City Hornets": "2005",
        "Los Angeles Clippers": "2006\u20132007"
    },
    "NBA": {
        "Points": "4,120 (5.8 ppg)",
        "Rebounds": "2,790 (3.9 rpg)",
        "Blocks": "539 (0.8 bpg) "
    },
    "birth_date": "1971-10-2"
}