{
    "name": "Aaron Olson",
    "position": "Shooting guard",
    "height_cm": "195",
    "weight_kg": "100",
    "nationality": "Canadian / New Zealand",
    "birth_place": "Whitehorse, Yukon, Canada",
    "college": "Victoria (1997\u20131999), Eastern Washington (1999\u20132001)",
    "draft_year": "2001",
    "career_start": "2001",
    "career_end": "2007",
    "highlights": [
        "2\u00d7 NZNBL champion (2004, 2005)",
        "NZNBL Final MVP (2004)"
    ],
    "teams": {
        "Auckland Stars": "2003\u20132005",
        "Harbour Kings": "2002",
        "\u00c4\u00e4nekosken Huima": "2002\u20132003",
        "New Zealand Breakers": "2003\u20132007"
    },
    "birth_date": "1978-5-11",
    "medaltemplates": [
        "Sport: Men's Basketball",
        "Country: {{NZL}}",
        "Competition: Commonwealth Games",
        "Silver Medal: 2006 Melbourne Team Competition Team competition"
    ]
}