{
    "name": "Aaron Gray",
    "height_ft": "7",
    "height_in": "0",
    "weight_lb": "270",
    "birth_place": "Tarzana, California, U. S.",
    "high_school": "Emmaus (Emmaus, Pennsylvania)",
    "college": "Pittsburgh (2003\u20132007)",
    "draft_year": "2007",
    "draft_round": "2",
    "draft_pick": "49",
    "draft_team": "Chicago Bulls",
    "career_start": "2007",
    "career_end": "2014",
    "coach_start": "2015",
    "coach_end": "2018",
    "career_position": "Center",
    "career_number": "34, 33",
    "highlights": [
        "Third-team All-American \u2013 AP, NABC (2007)",
        "Big East Scholar-Athlete of the Year (2007)",
        "2\u00d7 First-team All-Big East (2006, 2007)",
        "Big East Most Improved Player (2006)"
    ],
    "teams": {
        "Chicago Bulls": "2007\u20132009",
        "New Orleans Hornets": "2009\u20132010",
        "Toronto Raptors": "2011\u20132013",
        "Sacramento Kings": "2013"
    },
    "cteams": {
        "Detroit Pistons (assistant)": "2015\u20132018"
    },
    "birth_date": "1984-12-7"
}