{
    "name": "Aaron McGhee",
    "position": "Power forward",
    "height_ft": "6",
    "height_in": "8",
    "weight_lb": "266.2",
    "birth_place": "Aurora, Illinois",
    "nationality": "American",
    "high_school": "East Aurora (Aurora, Illinois)",
    "college": "Cincinnati (1998\u20131999), Vincennes (1999\u20132000), Oklahoma (2000\u20132002)",
    "draft_year": "2002",
    "career_start": "2002",
    "career_end": "2016",
    "teams": {
        "Scavolini Pesaro": "2002\u20132003",
        "Cantabria Baloncesto": "2003",
        "Granada": "2003\u20132004",
        "Busan KTF Magicwings": "2004\u20132007",
        "Gigantes de Carolina": "2007",
        "Xinjiang Flying Tigers": "2007\u20132008",
        "Talk N Text Phone Pals": "2008",
        "Ironi Nahariya": "2008\u20132009",
        "Maccabi Tel Aviv": "2009",
        "BC Donetsk": "2009",
        "Maccabi Rishon LeZion": "2009\u20132010",
        "Maratonistas de Coamo": "2011",
        "Khimik Yuzhny": "2011\u20132012",
        "Ural Yekaterinburg": "2012\u20132014",
        "Sigal Prishtina": "2014",
        "Anyang KGC": "2014\u20132015",
        "Vaqueros de Bayam\u00f3n": "2015",
        "Jefes de Fuerza Lagunera": "2015\u20132016",
        "Cangrejeros de Santurce": "2016"
    },
    "birth_date": "1979-06-28"
}