{
    "name": "Aaron McKie",
    "team": "Temple Owls",
    "league": "American Athletic Conference",
    "position": "Special Advisor for Athletics",
    "height_ft": "6",
    "height_in": "5",
    "weight_lb": "209",
    "birth_place": "Philadelphia, Pennsylvania, U.S.",
    "high_school": "Simon Gratz (Philadelphia, Pennsylvania)",
    "college": "Temple (1991\u20131994)",
    "draft_year": "1994",
    "draft_round": "1",
    "draft_pick": "17",
    "draft_team": "Portland Trail Blazers",
    "career_start": "1994",
    "career_end": "2007",
    "career_number": "23, 8, 2",
    "career_position": "Guard / small forward",
    "coach_start": "2007",
    "highlights": [
        "NBA Sixth Man of the Year (2000)",
        "Atlantic 10 Player of the Year (1993)",
        "Robert V. Geasey Trophy (1993)"
    ],
    "teams": {
        "Portland Trail Blazers": "1994\u20131996",
        "Detroit Pistons": "1997",
        "Philadelphia 76ers": "1997\u20132004",
        "Los Angeles Lakers": "2005\u20132006"
    },
    "cteams": {
        "Philadelphia 76ers (assistant)": "2007\u20132013",
        "Temple (assistant)": "2014\u20132019",
        "Temple": "2019\u20132023"
    },
    "NBA": {
        "Points": "5,871 (7.4 ppg)",
        "Rebounds": "2,587 (3.3 rpg)",
        "Assists": "2,126 (2.7 apg) "
    },
    "birth_date": "1972-10-02"
}