{
    "name": "Aaron Swinson",
    "position": "Small forward",
    "height_ft": "6",
    "height_in": "5",
    "weight_lb": "230",
    "nationality": "American",
    "birth_place": "Brunswick, Georgia",
    "highschool": "Brunswick (Brunswick, Georgia)",
    "college": "Auburn (1990\u20131994)",
    "draft_year": "1994",
    "career_start": "1994",
    "career_end": "2005",
    "career_position": "Small forward",
    "career_number": "4",
    "bbr": "swinsaa01 ",
    "teams": {
        "Phoenix Suns": "1994",
        "Yakima Sun Kings": "1994\u20131995",
        "Montecatini": "1995\u20131996",
        "Valencia BC": "1996\u20131998",
        "Joventut Badalona": "1998\u20131999",
        "Pau-Orthez": "1999\u20132000",
        "Libertad de Sunchales": "2000",
        "Club Ourense Baloncesto": "2000\u20132001",
        "Roseto Sharks": "2002",
        "CB Ciudad de Algeciras": "2002\u20132004",
        "CB Los Barrios": "2004\u20132005"
    },
    "birth_date": "1971-1-9"
}