{
    "name": "Aaron Brooks",
    "birth_place": "Seattle, Washington, U.S.",
    "height_ft": "6",
    "height_in": "0",
    "weight_lb": "161",
    "high_school": "Franklin (Seattle, Washington)",
    "college": "Oregon (2003\u20132007)",
    "draft_year": "2007",
    "draft_round": "1",
    "draft_pick": "26",
    "draft_team": "Houston Rockets",
    "career_start": "2007",
    "career_end": "2019",
    "career_position": "Point guard",
    "career_number": "0, 3, 00, 30",
    "coach_start": "2020",
    "highlights": [
        "NBA Most Improved Player (2009)",
        "CBA All-Star (2012)",
        "Second-team All-American \u2013 SN (2007)",
        "Third-team All-American \u2013 AP (2007)",
        "First-team All-Pac-10 (2007)",
        "McDonald's All-American (2003)",
        "Third-team ''Parade'' All-American (2003)",
        "Washington Mr. Basketball (2003)"
    ],
    "bbr": "brookaa01",
    "teams": {
        "Houston Rockets": "2012\u20132013",
        "\u2192Rio Grande Valley Vipers": "2007",
        "Phoenix Suns": "2010",
        "Guangdong Southern Tigers": "2011\u20132012",
        "Sacramento Kings": "2012",
        "Denver Nuggets": "2013",
        "Chicago Bulls": "2014\u20132015",
        "Indiana Pacers": "2016",
        "Minnesota Timberwolves": "2017",
        "Illawarra Hawks": "2019"
    },
    "cteams": {
        "New York Knicks (two-way liaison)": "2020\u20132022",
        "\u2192Westchester Knicks (assistant)": "2021\u20132023"
    },
    "stats": {
        "Points": "6,259 (9.7 ppg)",
        "Rebounds": "1,079 (1.7 rpg)",
        "Assists": "1,925 (3.0 apg)"
    },
    "birth_date": "1985-1-14",
    "medaltemplates": [
        "Sport: Men's basketball",
        "Country: the {{USA}}",
        "Competition: FIBA Americas U18 Championship",
        "Bronze Medal: 2002 Isla Margarita National team "
    ]
}