{
    "name": "Abdel Bouckar",
    "position": "Center",
    "height": "204",
    "weight": "109",
    "league": "BAI Basket, Africa Club Champions Cup",
    "nationality": "Chadian / Angolan",
    "birth_place": "N'Djamena, Chad",
    "career_start": "1996",
    "career_end": "2014",
    "awards": "|pb               =  |medaltemplates   =  updated          =",
    "teams": {
        "ASA": "1997\u20132000",
        "1\u00ba de Agosto": "2005\u20132007",
        "Benfica Lisboa": "2004\u20132005",
        "Petro Atl\u00e9tico": "2008\u20132009",
        "Recreativo do Libolo": "2010\u20132014"
    },
    "birth_date": "1980-4-8"
}