{
    "name": "Abdul Jeelani",
    "height_ft": "6",
    "height_in": "8",
    "weight_lb": "210",
    "birth_place": "Bells, Tennessee, U.S.",
    "death_date": "2016",
    "death_place": "Racine, Wisconsin, U.S.",
    "high_school": "Washington Park, (Racine, Wisconsin)",
    "college": "Wisconsin\u2013Parkside (1972\u20131976)",
    "draft_year": "1976",
    "draft_round": "3",
    "draft_pick": "50",
    "draft_team": "Cleveland Cavaliers",
    "career_start": "1976",
    "career_end": "1989",
    "career_number": "11",
    "career_position": "Small forward",
    "bbr": "jeelaab01 ",
    "teams": {
        "Lazio": "1976\u20131979",
        "Portland Trail Blazers": "1979",
        "Dallas Mavericks": "1980",
        "Libertas Livorno": "1981\u20131985",
        "Saski Baskonia": "1985\u20131987",
        "Askatuak SBT": "1987\u20131988",
        "CB Sevilla": "1988\u20131989"
    },
    "birth_date": "1954-02-10"
}