{
    "career_position": "Forward/center",
    "height_ft": "6",
    "height_in": "3",
    "weight_lb": "192",
    "nationality": "Filipino",
    "college": "San Beda College",
    "draft_year_pba": "1977",
    "draft_team_pba": "Toyota Super Corollas",
    "career_start": "1977",
    "career_end": "1994",
    "highlights": [
        "13x PBA champion",
        "PBA Mythical First Team (1982)",
        "PBA Mythical Second Team (1985)"
    ],
    "teams": {
        "Toyota": "1977\u20131983",
        "Gold Eagle": "1984",
        "Great Taste": "1985\u20131992",
        "Purefoods": "1993\u20131994"
    },
    "birth_date": "1957-7-23"
}