{
    "name": "Abet Guidaben",
    "career_number": "5, 32, 55, 41",
    "career_position": "Center / power forward",
    "nationality": "Filipino",
    "birth_place": "Mambajao, Camiguin, Philippines",
    "height_ft": "6",
    "height_in": "5",
    "weight_lbs": "192",
    "college": "University of San Jose - Recoletos",
    "career_start": "1975",
    "career_end": "1995",
    "highlights": [
        "16\u00d7 PBA champion (1975 All-Philippine, 1976 First, 1976 Second, 1976 All-Philippine, 1977 All-Filipino, 1977 Open, 1979 All-Filipino, 1980 All-Filipino, 1981 Reinforced Filipino, 1983 All-Filipino, 1983 Reinforced Filipino, 1983 Open, 1984 First All-Filipino, 1987 Reinforced, 1988 Open, 1988 Reinforced)",
        "2\u00d7 PBA Most Valuable Player (1983, 1987)",
        "5\u00d7 PBA Mythical First Team (1983-1985, 1987-1988)",
        "3\u00d7 PBA All-Star (1992, 1993, 1994)",
        "PBA's 25 Greatest Players",
        "PBA's 40 Greatest Players",
        "PBA Hall of Fame Class of 2007"
    ],
    "teams": {
        "Crispa Redmanizers": "1973\u20131984",
        "Tanduay Rhum Makers": "1985",
        "Manila Beer Brewmasters": "1986",
        "San Miguel Beermen": "1987\u20131988",
        "Purefoods Hotdogs": "1988",
        "Alaska Air Force": "1989",
        "Pepsi Hotshots/7-Up Uncolas": "1990\u20131993",
        "Shell Rimula X": "1994\u20131995"
    },
    "birth_date": "1952-09-14",
    "medaltemplates": [
        "Sport: Men\u2019s Basketball",
        "Country: {{PHI}}",
        "Competition: FIBA Asia Championship",
        "Gold Medal: 1973 Manila Team Team competition"
    ]
}