{
    "name": "Abi Olajuwon",
    "position": "Assistant Coach",
    "height_ft": "6",
    "height_in": "4",
    "weight_lb": "236",
    "league": "WNBA",
    "team": "Connecticut Sun",
    "birth_place": "Houston, Texas",
    "nationality": "American / Nigerian",
    "high_school": "Marlborough School, (Los Angeles, California)",
    "college": "Oklahoma (2006\u20132010)",
    "draft_year": "2010",
    "draft_round": "3",
    "draft_pick": "28",
    "draft_team": "Chicago Sky",
    "draft_league": "WNBA",
    "career_start": "2010",
    "career_end": "2013",
    "career_position": "Center",
    "career_number": "21, 34",
    "coach_start": "2014",
    "wnba_profile": "abi_olajuwon ",
    "teams": {
        "Chicago Sky": "2010",
        "SEAT-Lami-V\u00e9d Gy\u0151r": "2010",
        "CSM Satu Mare": "2011",
        "Tulsa Shock": "2011",
        "Hapoel Rishon LeZion": "2011\u20132012",
        "\u017dKK Novi Zagreb": "2012",
        "BC Castors Braine": "2012",
        "Esportivo Ourinhos": "2012",
        "Heilongjiang Chenneng": "2012",
        "Caja Rural Zamarat": "2013"
    },
    "cteams": {
        "Cal State Fullerton (assistant)": "2014\u20132016",
        "Eastern Michigan (assistant)": "2016\u20132018",
        "TCU (assistant)": "2018\u20132022",
        "Connecticut Sun (assistant)": "2023\u2013present"
    },
    "birth_date": "1988-7-6"
}