{
    "name": "Ace Gruenig",
    "position": "Center",
    "height_ft": "6",
    "height_in": "8",
    "weight_lb": "220",
    "birth_place": "Chicago, Illinois, U.S.",
    "death_date": "1958",
    "death_place": "Del Norte, Colorado, U.S.",
    "nationality": "American",
    "high_school": "Crane Tech (Chicago, Illinois)",
    "HOF_player": "bob-gruenig",
    "highlights": [
        "10\u00d7 AAU All-American (1937\u20131940, 1942\u20131946, 1948)",
        "3\u00d7 AAU national champion (1937, 1939, 1942)"
    ],
    "teams": {
        "Chicago Rosenberg-Arvey": "1932\u20131933",
        "Chicago Fast Freighters": "1933\u20131934",
        "Denver Piggly Wiggly": "1934\u20131935",
        "Denver Safeway": "1935\u20131938",
        "Denver Nuggets": "1948\u20131949",
        "Denver": "1940\u20131941",
        "Denver American Legion": "1941\u20131943",
        "Denver Ambrose Jellymakers": "1943\u20131946",
        "Denver Murphy Mahoney": "1947\u20131948"
    },
    "birth_date": "1913-3-12"
}