{
    "name": "Acie Law",
    "height_ft": "6",
    "height_in": "3",
    "weight_lb": "202",
    "birth_place": "Dallas, Texas, U.S.",
    "nationality": "American",
    "high_school": "Justin F. Kimball (Dallas, Texas)",
    "college": "Texas A&M (2003\u20132007)",
    "draft_year": "2007",
    "draft_round": "1",
    "draft_pick": "11",
    "draft_team": "Atlanta Hawks",
    "career_start": "2007",
    "career_end": "2014",
    "career_number": "4, 2, 0, 5, 55",
    "career_position": "Point guard",
    "coach_start": "2015",
    "coach_end": "2016",
    "highlights": [
        "2\u00d7 EuroLeague champion (2012, 2013)",
        "Greek League champion (2012)",
        "All-Greek League Second Team (2013)",
        "Bob Cousy Award (2007)",
        "Consensus first-team All-American (2007)",
        "Chip Hilton Player of the Year (2007)",
        "No. 1 retired by Texas A&M Aggies"
    ],
    "bbr": "lawac01 ",
    "teams": {
        "Atlanta Hawks": "2007\u20132008",
        "Golden State Warriors": "2010",
        "Charlotte Bobcats": "2009",
        "Chicago Bulls": "2009",
        "Memphis Grizzlies": "2010",
        "Partizan": "2011\u20132012",
        "Olympiacos": "2012\u20132014"
    },
    "cteams": {
        "Ranger College (assistant)": "2015\u20132016"
    },
    "birth_date": "1985-01-25"
}