{
    "name": "Acie Earl",
    "height_ft": "6",
    "height_in": "10",
    "weight_lb": "240",
    "birth_place": "Peoria, Illinois, U.S.",
    "high_school": "Moline (Moline, Illinois)",
    "college": "Iowa (1989\u20131993)",
    "draft_year": "1993",
    "draft_round": "1",
    "draft_pick": "19",
    "draft_team": "Boston Celtics",
    "career_start": "1993",
    "career_end": "2004",
    "career_number": "55",
    "career_position": "Power forward / center",
    "highlights": [
        "All-NBL Third Team (1999)",
        "First-team All-Big Ten (1992)",
        "2\u00d7 Second-team All-Big Ten (1991, 1993)",
        "Big Ten Defensive Player of the Year (1992)"
    ],
    "teams": {
        "Boston Celtics": "1993\u20131994",
        "Toronto Raptors": "1995\u20131996",
        "Milwaukee Bucks": "1996",
        "La Crosse Bobcats": "1997\u20131998",
        "Paris Basket Racing": "1998",
        "Sydney Kings": "1999",
        "Qianwei Aoshen": "1999",
        "Tuborg Pilsener": "1999\u20132000",
        "T\u00fcrk Telekom": "2000\u20132001",
        "Avtodor Saratov": "2001",
        "UNICS Kazan": "2001\u20132002",
        "Dar\u00fc\u015f\u015fafaka": "2002",
        "\u015al\u0105sk Wroc\u0142aw": "2003",
        "Arkadia Traiskirchen Lions": "2003",
        "Budu\u0107nost Podgorica": "2004",
        "KB Dukagjini": "2004",
        "Waterloo Revolution": "2004"
    },
    "cteams": {
        "Tijuana Dragons": "2004\u20132005",
        "Cleveland Majic": "2006\u20132007"
    },
    "NBA": {
        "Points": "980 (5.1 ppg)",
        "Rebounds": "517 (2.7 rpg)",
        "Blocks": "126 (0.7 bpg) "
    },
    "birth_date": "1970-06-23"
}