{
    "name": "Adam Keefe",
    "height_ft": "6",
    "height_in": "9",
    "weight_lb": "230",
    "birth_place": "Irvine, California, U.S.",
    "high_school": "Woodbridge (Irvine, California)",
    "college": "Stanford (1988\u20131992)",
    "draft_year": "1992",
    "draft_round": "1",
    "draft_pick": "10",
    "draft_team": "Atlanta Hawks",
    "career_start": "1992",
    "career_end": "2003",
    "career_number": "31, 32",
    "career_position": "Power forward / center",
    "teams": {
        "Atlanta Hawks": "1992\u20131993",
        "Utah Jazz": "1994\u20131999",
        "Golden State Warriors": "2000",
        "Casademont Girona": "2001\u20132002"
    },
    "NBA": {
        "Points": "3,107 (5.0 ppg)",
        "Rebounds": "2,556 (4.1 rpg)"
    },
    "birth_date": "1970-02-22",
    "medaltemplates": [
        "Sport: Men\u2019s Basketball",
        "Country: the {{USA}}",
        "Competition: Pan American Games",
        "Bronze Medal: 1991 Havana Team competition Team competition"
    ]
}