{
    "name": "Adam Caporn",
    "team": "Brooklyn Nets",
    "position": "Assistant coach",
    "league": "NBA",
    "birth_place": "Baldivis, Western Australia, Australia",
    "height_m": "1.90",
    "weight_kg": "84",
    "college": "Saint Mary's (2001\u20132003)",
    "draft_year": "2004",
    "career_start": "2003",
    "career_end": "2009",
    "coach_start": "2010",
    "teams": {
        "Wollongong Hawks": "2003\u20132006",
        "Perth Wildcats": "2006\u20132009"
    },
    "cteams": {
        "Saint Mary's (assistant)": "2010\u20132014",
        "Basketball Australia Centre of Excellence (assistant)": "2014\u20132021",
        "Long Island Nets": "2021\u20132022",
        "Brooklyn Nets (assistant)": "2022\u2013present"
    },
    "birth_date": "1982-3-16"
}