{
    "name": "Adam Gibson",
    "height_cm": "188",
    "weight_kg": "93",
    "birth_place": "Launceston, Tasmania, Australia",
    "high_school": "Prospect (Launceston, Tasmania)",
    "career_start": "2005",
    "career_end": "2022",
    "career_position": "Guard",
    "highlights": [
        "2\u00d7 NBL champion (2007, 2009)",
        "NBL Best Defensive Player (2009)",
        "3\u00d7 All-NBL Second Team (2010\u20132012)",
        "2\u00d7 All-NBL Third Team (2009, 2013)",
        "Central ABL champion (2013)",
        "Central ABL Grand Final MVP (2013)",
        "SEABL South Youth Player of the Year (2006)"
    ],
    "teams": {
        "Brisbane Bullets": "2016\u20132019",
        "Hobart Chargers": "2006",
        "Southern Districts Spartans": "2007\u20132008",
        "South Dragons": "2008\u20132009",
        "Northside Wizards": "2009",
        "Gold Coast Blaze": "2009\u20132012",
        "Brisbane Spartans": "2010",
        "Gold Coast Rollers": "2016",
        "Adelaide 36ers": "2012\u20132016",
        "Forestville Eagles": "2013\u20132014",
        "Brisbane / Southern Districts Spartans": "2017\u20132018",
        "Canterbury Rams": "2019",
        "Rockhampton Rockets": "2019",
        "South East Melbourne Phoenix": "2019\u20132021",
        "Knox Raiders": "2021\u20132022"
    },
    "birth_date": "1986-10-30"
}