{
    "name": "Adam Harrington",
    "height_ft": "6",
    "height_in": "5",
    "weight_lbs": "200",
    "birth_place": "Bernardston, Massachusetts, U.S.",
    "high_school": "Pioneer Valley Regional (Northfield, Massachusetts)",
    "college": [
        "NC State (1998\u20131999)",
        "Auburn (2000\u20132002)"
    ],
    "draft_year": "2002",
    "career_start": "2002",
    "career_end": "2010",
    "coach_start": "2016",
    "career_position": "Shooting guard",
    "career_number": "21",
    "highlights": [
        "German League champion (2007)",
        "German Champions Cup champion (2007)",
        "Copa Toyota champion (2005)",
        "Third-team ''Parade'' All-American (1998)"
    ],
    "teams": {
        "Dallas Mavericks": "2002",
        "Denver Nuggets": "2002",
        "Shaanxi Kylins": "2003",
        "Columbus Riverdragons": "2004\u20132005",
        "CB Gran Canaria": "2005",
        "Bnei Hasharon": "2006",
        "Cantabria Baloncesto": "2006",
        "Brose Baskets": "2006\u20132007",
        "KK Cedevita": "2007",
        "Tulsa 66ers": "2007\u20132008",
        "Limoges CSP": "2008\u20132009",
        "Springfield Armor": "2009",
        "SKK Kotwica Ko\u0142obrzeg": "2010"
    },
    "cteams": {
        "Oklahoma City Thunder (shooting coach)": "2014",
        "Brooklyn Nets (assistant)": "2016\u20132021"
    },
    "birth_date": "1980-7-5",
    "medaltemplates": [
        "Sport: Men\u2019s basketball",
        "Country: {{USA}}",
        "Competition: FIBA Americas U18 Championship",
        "Gold Medal: 1998 Puerto Plata Team competition "
    ]
}