{
    "name": "Adam Parada",
    "height_ft": "7",
    "height_in": "0",
    "weight_lb": "265",
    "position": "Center",
    "birth_place": "Alta Loma, California",
    "nationality": "Mexican",
    "high_school": "Alta Loma (Alta Loma, California)",
    "college": "UC Irvine (2000\u20132004)",
    "draft_year": "2004",
    "career_start": "2004",
    "career_end": "2017",
    "teams": {
        "Nagoya Diamond Dolphins": "2005\u20132006",
        "Halcones UV Xalapa": "2012\u20132015",
        "Fastlink": "2007\u20132008",
        "Red Bull Barako": "2008-2009",
        "Los Angeles Lightning": "2009\u20132010",
        "Alaska Aces": "2010-2012",
        "Pioneros de Quintana Roo": "2015\u20132016",
        "Fuerza Regia": "2016\u20132017"
    },
    "birth_date": "1981-10-21",
    "medaltemplates": [
        "Sport: Men's basketball",
        "Country: {{MEX}}",
        "Competition: Pan American Games",
        "Silver Medal: 2011 Guadalajara  ",
        "Competition: Centrobasket",
        "Gold Medal: 2014 Tepic  "
    ]
}