{
    "name": "Adam Darragh",
    "position": "Guard",
    "height": "181",
    "weight": "80 kg (176 lb)",
    "number": "20",
    "nationality": "Australian",
    "birth_place": "Gold Coast, Queensland",
    "college": "Martin Methodist (2001\u20132002)",
    "career_start": "2003",
    "career_end": "2007",
    "teams": {
        "Brisbane Bullets": "2003\u20132005",
        "West Sydney Razorbacks": "2005\u20132006",
        "New Zealand Breakers": "2006\u20132007"
    },
    "birth_date": "1979-8-16"
}