{
    "name": "Adam Morrison",
    "height_ft": "6",
    "height_in": "8",
    "weight_lb": "205",
    "birth_place": "Glendive, Montana, U.S.",
    "high_school": "Mead (Spokane, Washington)",
    "college": "Gonzaga (2003\u20132006)",
    "draft_year": "2006",
    "draft_round": "1",
    "draft_pick": "3",
    "draft_team": "Charlotte Bobcats",
    "career_start": "2006",
    "career_end": "2012",
    "career_position": "Small forward / power forward",
    "career_number": "35, 6, 33",
    "highlights": [
        "2\u00d7 NBA champion (2009, 2010)",
        "NBA All-Rookie Second Team (2007)",
        "Turkish Cup champion (2012)",
        "NABC Co-Player of the Year (2006)",
        "Oscar Robertson Trophy (2006)",
        "Consensus first-team All-American (2006)",
        "NCAA season scoring leader (2006)",
        "WCC Player of the Year (2006)",
        "2\u00d7 First-team All-WCC (2005, 2006)",
        "WCC All-Freshman Team (2004)"
    ],
    "teams": {
        "Charlotte Bobcats": "2006\u20132008",
        "Los Angeles Lakers": "2008\u20132009",
        "Crvena zvezda": "2011",
        "Be\u015fikta\u015f": "2012"
    },
    "cteams": {
        "Mead HS (assistant)": "2017\u2013present"
    },
    "NBA": {
        "Points": "1,200 (7.5 ppg)",
        "Rebounds": "342 (2.1 rpg)",
        "Assists": "222 (1.4 apg)"
    },
    "birth_date": "1984-7-19",
    "medaltemplates": [
        "Sport: Men's basketball",
        "Country: {{United States}}",
        "Competition: FIBA Americas U20 Championship",
        "Gold Medal: 2004 Halifax National team "
    ]
}