{
    "name": "Adam Emmenecker",
    "career_position": "Point guard",
    "career_number": "15",
    "height_ft": "6",
    "height_in": "1",
    "weight_lb": "189",
    "birth_place": "Saginaw, Michigan, U.S.",
    "highschool": "Arthur Hill (Saginaw, Michigan)",
    "college": "Drake (2004\u20132008)",
    "draft_year": "2008",
    "career_start": "2008",
    "career_end": "2009",
    "highlights": [
        "MVC Player of the Year (2008)",
        "First-team All-MVC (2008)",
        "MVC tournament MVP (2008)",
        "Academic All-American of the Year (2008)"
    ],
    "teams": {
        "Skyliners Frankfurt": "2008\u20132009"
    },
    "birth_date": "1985-12-3"
}