{
    "name": "Ademola Okulaja",
    "height": "2.06 m",
    "weight": "107 kg",
    "nationality": "German",
    "birth_place": "Lagos, Nigeria",
    "death_date": "17 May 2022 (aged 46)",
    "death_place": "Berlin, Germany",
    "college": "North Carolina (1995\u20131999)",
    "draft_year": "1999",
    "career_start": "1999",
    "career_end": "2009",
    "career_position": "Power forward",
    "highlights": [
        "EuroBasket rebounding leader (2003)",
        "First-team All-ACC (1999)"
    ],
    "teams": {
        "ALBA Berlin": "1999\u20132000",
        "Girona": "2003\u20132004",
        "FC Barcelona": "2001\u20132002",
        "Unicaja M\u00e1laga": "2002\u20132003",
        "Benetton Treviso": "2004",
        "Pamesa Valencia": "2004\u20132005",
        "RheinEnergie K\u00f6ln": "2005\u20132006",
        "Khimki Moscow": "2006\u20132007",
        "Etosa Alicante": "2007",
        "Brose Baskets": "2007\u20132009"
    },
    "birth_date": "1975-7-10",
    "medaltemplates": [
        "Country: {{GER}}",
        "Competition: World Championships",
        "Bronze Medal: 2002 USA Germany Team competition"
    ]
}