{
    "name": "Adia Barnes",
    "team": "Arizona Wildcats",
    "league": "Big 12 Conference",
    "position": "Head coach",
    "height_ft": "5",
    "height_in": "11",
    "weight_lbs": "165",
    "birth_place": "San Diego, California, U.S.",
    "high_school": "Mission Bay, (San Diego, California)",
    "college": "Arizona (1994\u20131998)",
    "draft_league": "WNBA",
    "draft_year": "1998",
    "draft_round": "4",
    "draft_pick": "32",
    "draft_team": "Sacramento Monarchs",
    "career_start": "1998",
    "career_end": "2010",
    "career_position": "Forward",
    "career_number": "32",
    "coach_start": "2011",
    "highlights": [
        "WNBA champion (2004)",
        "First-team All-American \u2013 USBWA (1998)",
        "Pac-10 Player of the Year (1998) '''As coach:'''",
        "WNIT champion (2019)",
        "NCAA Regional \u2013 Final Four (2021)"
    ],
    "teams": {
        "Sacramento Monarchs": "1998",
        "Minnesota Lynx": "1999",
        "Cleveland Rockers": "2000\u20132001",
        "Seattle Storm": "2002\u20132004",
        "Mersin BB": "2004\u20132006",
        "UMMC Ekaterinburg": "2006\u20132007",
        "Napoli Basket Vomero": "2007\u20132008",
        "Libertas Trogylos": "2008\u20132009",
        "Pallacanestro Pozzuoli": "2009\u20132010"
    },
    "cteams": {
        "Washington (assistant)": "2011\u20132016",
        "Arizona": "2016\u2013present"
    },
    "birth_date": "1977-2-3"
}