{
    "name": "Adonis Jordan",
    "height_ft": "5",
    "height_in": "11",
    "weight_lbs": "170",
    "nationality": "American",
    "birth_place": "Brooklyn, New York",
    "high_school": [
        "Roosevelt (Yonkers, New York)",
        "Cleveland (Reseda, California)"
    ],
    "college": "Kansas (1989\u20131993)",
    "draft_year": "1993",
    "draft_round": "2",
    "draft_pick": "42",
    "draft_team": "Seattle SuperSonics",
    "career_start": "1993",
    "career_end": "2010",
    "career_number": "1, 11",
    "career_position": "Point guard",
    "highlights": [
        "All-NBL Third Team (1995)",
        "First-team All-Big Eight (1992)"
    ],
    "teams": {
        "Denver Nuggets": "1993",
        "Rochester Renegade": "1993",
        "Sioux Falls Skyforce": "1994",
        "South-East Melbourne Magic": "1994\u20131995",
        "Maccabi Jerusalem": "1995\u20131996",
        "Cocodrilos de Caracas": "1997",
        "Winlinkg": "1997\u20131998",
        "Kwangju Nasan Flamans BC": "1998",
        "Milwaukee Bucks": "1998",
        "Tapiolan Honka": "1999\u20132000",
        "Townsville Crocodiles": "2002",
        "ASGE": "2001\u20132002",
        "Victoria Giants": "2002\u20132003",
        "Chelsea Gulls": "2010"
    },
    "birth_date": "1970-8-21",
    "medaltemplates": [
        "Sport: Men's Basketball",
        "Country: {{USA}}",
        "Competition: Summer Universiade",
        "Gold Medal: 1991 Sheffield National team Team competition"
    ]
}