{
    "name": "Adonis Sta. Maria",
    "position": "Power forward / center",
    "league": "PBA",
    "nationality": "Filipino",
    "birth_place": "Isabela, Philippines",
    "height_ft": "6",
    "height_in": "5",
    "weight_lbs": "205",
    "high school": "Map\u00faa Institute of Technology",
    "college": "De La Salle University",
    "draft_year_pba": "2003",
    "draft_round_pba": "2",
    "draft_pick_pba": "13",
    "draft_team_pba": "Shell Turbo Chargers",
    "career_start": "2003",
    "career_end": "2010",
    "awards": [
        "3\u00d7 UAAP champion (1999, 2000, 2001)"
    ],
    "teams": {
        "Shell Turbo Chargers": "2003\u20132005",
        "Sta. Lucia Realtors": "2005\u20132006",
        "Welcoat Dragons": "2006\u20132008",
        "Barako Bull Energy": "2008\u20132009",
        "Barako Bull Energy Boosters": "2009\u20132010"
    },
    "birth_date": "1979-1-20"
}