{
    "name": "Adrian Branch",
    "height_ft": "6",
    "height_in": "8",
    "weight_lb": "185",
    "birth_place": "Washington, D.C., U.S.",
    "high_school": "DeMatha Catholic, (Hyattsville, Maryland)",
    "college": "Maryland (1981\u20131985)",
    "draft_year": "1985",
    "draft_round": "2",
    "draft_pick": "46",
    "draft_team": "Chicago Bulls",
    "career_start": "1985",
    "career_end": "1995",
    "career_number": "24, 21, 1",
    "career_position": "Small forward",
    "highlights": [
        "NBA champion (1987)",
        "2\u00d7 Second-team All-ACC (1983, 1985)",
        "Fourth-team ''Parade'' All-American (1981)",
        "McDonald's All-American Game MVP (1981) |stats_league     = NBA"
    ],
    "bbr": "brancad01 ",
    "teams": {
        "Baltimore Lightning": "1985\u20131986",
        "Los Angeles Lakers": "1986",
        "New Jersey Nets": "1987",
        "Unicaja M\u00e1laga": "1987\u20131988",
        "Portland Trail Blazers": "1988",
        "Minnesota Timberwolves": "1989",
        "Sioux Falls Skyforce": "1989\u20131990",
        "Monaco": "1990\u20131991",
        "Brisbane Bullets": "1991\u20131992",
        "Geelong Supercats": "1992\u20131993",
        "Hapoel Givatayim": "1994\u20131995"
    },
    "birth_date": "1963-11-17"
}