{
    "name": "Adrian Dantley",
    "birth_place": "Washington, D.C., U.S.",
    "height_ft": "6",
    "height_in": "5",
    "weight_lb": "208",
    "high_school": "DeMatha Catholic, (Hyattsville, Maryland)",
    "college": "Notre Dame (1973\u20131976)",
    "draft_year": "1976",
    "draft_round": "1",
    "draft_pick": "6",
    "draft_team": "Buffalo Braves",
    "career_start": "1976",
    "career_end": "1992",
    "career_position": "Small forward",
    "career_number": "44, 4, 45, 7",
    "coach_start": "2003",
    "coach_end": "2011",
    "highlights": [
        "6\u00d7 NBA All-Star (1980\u20131982, 1984\u20131986)",
        "2\u00d7 All-NBA Second Team (1980, 1983)",
        "NBA Comeback Player of the Year (1983)",
        "NBA Rookie of the Year (1976)",
        "NBA All-Rookie Team (1976)",
        "2\u00d7 NBA scoring champion (1980, 1983)",
        "No. 4 retired by Utah Jazz",
        "Oscar Robertson Trophy (1976)",
        "2\u00d7 Consensus first-team All-American (1975, 1976)",
        "Mr. Basketball USA (1973)",
        "First-team ''Parade'' All-American (1973)"
    ],
    "HOF_player": "adrian-dantley",
    "teams": {
        "Buffalo Braves": "1976",
        "Indiana Pacers": "1977",
        "Los Angeles Lakers": "1977\u20131978",
        "Utah Jazz": "1979\u20131985",
        "Detroit Pistons": "1986\u20131988",
        "Dallas Mavericks": "1988\u20131989",
        "Milwaukee Bucks": "1990",
        "Aresium Milano": "1991\u20131992"
    },
    "cteams": {
        "Denver Nuggets (assistant)": "2003\u20132010"
    },
    "stats": {
        "Points": "23,177 (24.3 ppg)",
        "Rebounds": "5,455 (5.7 rpg)",
        "Assists": "2,830 (3.0 apg)"
    },
    "birth_date": "1955-2-28",
    "medaltemplates": [
        "Sport: Men's basketball",
        "Country: {{United States}}",
        "Competition: Olympic Games",
        "Gold Medal: 1976 Montreal Team competition "
    ]
}