{
    "name": "Adrian Smith",
    "height_ft": "6",
    "height_in": "1",
    "weight_lb": "180",
    "birth_place": "Farmington, Kentucky, U.S.",
    "high_school": "Farmington (Farmington, Kentucky)",
    "college": [
        "Northeast Mississippi CC (1954\u20131956)",
        "Kentucky (1956\u20131958)"
    ],
    "draft_year": "1958",
    "draft_round": "15",
    "draft_pick": "85",
    "draft_team": "Cincinnati Royals",
    "career_start": "1961",
    "career_end": "1972",
    "career_number": "10",
    "career_position": "Point guard",
    "highlights": [
        "NBA All-Star (1966)",
        "NBA All-Star Game MVP (1966)",
        "NCAA champion (1958) |stats_league=NBA and ABA"
    ],
    "teams": {
        "USAF All-Stars": "1959\u20131960",
        "Akron Goodyear Wingfoots": "1961",
        "Cincinnati Royals": "1961\u20131969",
        "San Francisco Warriors": "1969\u20131970",
        "Virginia Squires": "1971\u20131972"
    },
    "stats": {
        "Points": "8,750 (11.3 ppg)",
        "Rebounds": "1,626 (2.1 rpg)",
        "Assists": "1,739 (2.3 apg)"
    },
    "birth_date": "1936-10-05",
    "medaltemplates": [
        "Sport: Men's basketball",
        "Country: the {{United States}}",
        "Competition: Olympic Games",
        "Gold Medal: 1960 Rome Team competition ",
        "Competition: Pan American Games",
        "Gold Medal: 1959 Chicago  "
    ]
}