{
    "name": "Adrien Sturt",
    "position": "Centre",
    "height_cm": "209",
    "weight_kg": "95",
    "league": "Senior Elite League",
    "team": "Ringwood Hawks",
    "nationality": "Australian / British",
    "birth_place": "Rose Park, South Australia, Australia",
    "high_school": "Box Hill (Melbourne, Victoria)",
    "college": "Snow College (2006\u20132007)",
    "career_start": "2007",
    "highlights": [
        "NBL champion (2008)",
        "3\u00d7 Big V champion (2008, 2009, 2012)",
        "2\u00d7 BBL All-Star (2013, 2014)"
    ],
    "teams": {
        "Melbourne Tigers": "2007\u20132009",
        "Dexia Mons-Hainaut": "2010",
        "Essex Pirates": "2010\u20132011",
        "Eltham Wildcats": "2011",
        "Milton Keynes/London Lions": "2011\u20132014",
        "Ringwood Hawks": "2019\u2013present",
        "Bulleen Boomers": "2013",
        "Cheshire Phoenix": "2014\u20132015",
        "Plymouth Raiders": "2015\u20132016",
        "Waverley Falcons": "2018"
    },
    "birth_date": "1986-5-2"
}