{
    "name": "Adrian Griffin",
    "birth_place": "Wichita, Kansas, U.S.",
    "height_ft": "6",
    "height_in": "5",
    "weight_lb": "230",
    "high_school": "Wichita East (Wichita, Kansas)",
    "college": "Seton Hall (1992\u20131996)",
    "draft_year": "1996",
    "career_start": "1996",
    "career_end": "2008",
    "career_position": "Small forward / shooting guard",
    "career_number": "44, 7",
    "coach_start": "2008",
    "highlights": [
        "CBA champion (1999)",
        "CBA Finals MVP (1999)",
        "CBA Most Valuable Player (1999)",
        "2\u00d7 All-CBA First Team (1998, 1999)",
        "2\u00d7 CBA All-Defensive Team (1998, 1999)",
        "CBA All-Rookie First Team (1997)",
        "USBL Player of the Year (1999)",
        "2\u00d7 USBL Playoffs MVP (1998, 1999)",
        "Second-team All-Big East (1996)",
        "Third-team All-Big East (1995)",
        "Haggerty Award winner (1996) '''As assistant coach:'''",
        "NBA champion (2019)"
    ],
    "teams": {
        "Long Island Surf": "1996",
        "Connecticut Pride": "1998\u20131999",
        "Atlantic City Seagulls": "1999",
        "Roseto": "1998",
        "Boston Celtics": "1999\u20132000",
        "Dallas Mavericks": "2005",
        "Houston Rockets": "2003",
        "Chicago Bulls": "2006\u20132007",
        "Seattle SuperSonics": "2007"
    },
    "cteams": {
        "Milwaukee Bucks (assistant)": "2008\u20132009",
        "Chicago Bulls (assistant)": "2010\u20132014",
        "Orlando Magic (assistant)": "2015",
        "Oklahoma City Thunder (assistant)": "2016\u20132017",
        "Toronto Raptors (assistant)": "2018\u20132022",
        "Milwaukee Bucks": "2023"
    },
    "NBA": {
        "Points": "1,919 (4.0 ppg)",
        "Rebounds": "1,512 (3.2 rpg)",
        "Assists": "653 (1.4 apg)"
    },
    "birth_date": "1974-7-4",
    "medaltemplates": [
        "Sport: Men's basketball",
        "Country: {{USA}}",
        "Competition: FIBA Americas Championship",
        "Gold Medal: 1997 Montevideo Team competition "
    ]
}