{
    "name": "Adrian Majstrovich",
    "position": "Forward",
    "height_cm": "201",
    "weight_kg": "100",
    "nationality": "New Zealand / Australian",
    "birth_place": "T\u016brangi, New Zealand",
    "high_school": "Morley Senior, (Perth, Western Australia), Lake Ginninderra, (Canberra, ACT)",
    "career_start": "1996",
    "career_end": "2016",
    "highlights": [
        "2\u00d7 NZNBL champion (2006, 2015)",
        "NBL champion (2000)",
        "2\u00d7 SBL All-Star Five (2009, 2010)",
        "2\u00d7 SBL scoring champion (2010, 2011)",
        "NZNBL MVP (2004)",
        "NZNBL Rookie of the Year (2003)"
    ],
    "teams": {
        "East Perth Eagles": "1999",
        "Australian Institute of Sport": "1997\u20131998",
        "Perth Wildcats": "2004\u20132005",
        "Brisbane Bullets": "2001",
        "Launceston Tigers": "2001",
        "TUS Jena": "2001\u20132002",
        "UBC St.P\u00f6lten": "2002\u20132003",
        "Hawke's Bay Hawks": "2003\u20132006",
        "New Zealand Breakers": "2005\u20132006",
        "Adelaide 36ers": "2006\u20132007",
        "Wellington Saints": "2007",
        "Auckland Stars": "2008",
        "U-Mobitelco Cluj-Napoca": "2008",
        "Kalamunda Eastern Suns": "2009\u20132010",
        "Perth Redbacks": "2011\u20132012",
        "Perry Lakes Hawks": "2013",
        "Goldfields Giants": "2014",
        "Southland Sharks": "2015",
        "Stirling Senators": "2016"
    },
    "birth_date": "1980-2-9"
}