{
    "name": "Adrian Caldwell",
    "career_position": "Power forward",
    "height_ft": "6",
    "height_in": "8",
    "weight_lb": "265",
    "career_number": "44, 50, 45, 51",
    "birth_place": "Falls County, Texas",
    "nationality": "American",
    "high_school": "West Oso (Corpus Christi, Texas)",
    "college": [
        "SMU (1986\u20131987)",
        "Lamar (1988\u20131989)"
    ],
    "draft_year": "1989",
    "career_start": "1989",
    "career_end": "2000",
    "bbr": "caldwad01 ",
    "teams": {
        "Houston Rockets": "1994",
        "Pallacanestro Cant\u00fa": "1991\u20131993",
        "Kleenex Pistoia": "1993\u20131994",
        "Sioux Falls Skyforce": "1994\u20131995",
        "Fenerbah\u00e7e": "1995",
        "Indiana Pacers": "1995",
        "New Jersey Nets": "1996",
        "Philadelphia 76ers": "1996",
        "Dallas Mavericks": "1997",
        "Rockford Lightning": "1997",
        "La Crosse Bobcats": "1997\u20131998",
        "CB Valladolid": "1998",
        "Atenas": "2000",
        "Toros de Aragua": "2000"
    },
    "NBA": {
        "Points": "390 (2.0 ppg)",
        "Rebounds": "496 (2.5 rpg)",
        "Steals": "56 (0.3 spg)"
    },
    "birth_date": "1966-07-04"
}