{
    "name": "Adrienne Goodson",
    "number": "15, 24",
    "position": "Forward",
    "height_ft": "6",
    "height_in": "0",
    "weight_lb": "163",
    "birth_place": "Bayonne, New Jersey, U.S.",
    "high_school": "Bayonne, (Bayonne, New Jersey)",
    "college": "Old Dominion (1984\u20131988)",
    "draft_year": "1999",
    "draft_round": "3",
    "draft_pick": "27",
    "draft_team": "Utah Starzz",
    "draft_league": "WNBA",
    "highlights": [
        "WNBA All-Star (2002)"
    ],
    "bbr_wnba": "goodsad01w",
    "teams": {
        "Utah Starzz": "1999\u20132002",
        "San Antonio Stars": "2003\u20132004",
        "Houston Comets": "2005",
        "Charlotte Sting": "2005"
    },
    "birth_date": "October 19, 1966",
    "medaltemplates": [
        "Sport: Women's basketball",
        "Country: the {{USA}}",
        "Competition: World University Games",
        "Gold Medal: 1993 Buffalo Team competition Team competition"
    ]
}