{
    "name": "Aidan Daly",
    "height_cm": "185",
    "birth_place": "Napier, New Zealand",
    "high_school": "Napier Boys', (Napier, New Zealand), Notre Dame Academy, (Middleburg, Virginia)",
    "career_start": "1997",
    "career_end": "2016",
    "career_position": "Point guard",
    "coach_start": "2022",
    "highlights": [
        "NBL champion (2006)"
    ],
    "teams": {
        "Hawke's Bay Hawks": "2016",
        "Wellington Saints": "1999\u20132002",
        "Manawatu Jets": "2009",
        "Christchurch Cougars": "2010"
    },
    "cteams": {
        "Hawke's Bay Hawks (assistant)": "2022; 2024\u2013"
    },
    "birth_date": "1978-8-22"
}