{
    "name": "Aidin Nikkhah Bahrami",
    "height": "2.02 m",
    "weight_lbs": "240",
    "nationality": "Iranian",
    "birth_place": "Tehran, Iran",
    "career_position": "Power forward",
    "career_start": "2000",
    "career_end": "2007",
    "death_date": "2007",
    "teams": {
        "Iran Nara": "2000\u20132003",
        "Saba Battery": "2003\u20132007"
    },
    "birth_date": "1982-2-5",
    "medaltemplates": [
        "Sport: Men's Basketball",
        "Country: {{IRI}}",
        "Competition: Asian Games",
        "Bronze Medal: 2006 Doha Team ",
        "Competition: Asian Championship",
        "Gold Medal: 2007 Tokushima Team "
    ]
}