{
    "name": "Aisha Jefferson",
    "birth_place": "Dayton, Ohio",
    "nationality": "American",
    "height_ft": "6",
    "height_in": "1",
    "high_school": "Chaminade Julienne, (Dayton, Ohio)",
    "college": "Michigan State (2005\u20132010)",
    "career_start": "2010",
    "career_end": "2016",
    "career_position": "Forward",
    "draft_league": "WNBA",
    "draft_year": "2010",
    "highlights": [
        "WUBA All-Star (2016)",
        "Big Ten All-Freshman Team (2006)",
        "Ms. Basketball of Ohio (2005)"
    ],
    "teams": {
        "Clube Desportivo Torres Novas": "2011\u20132012",
        "Atlanta Legends": "2015\u20132016"
    },
    "birth_date": "1986-10-27"
}