{
    "name": "Ajou Deng",
    "position": "Center",
    "height_ft": "6",
    "height_in": "11",
    "weight_lb": "250",
    "nationality": "Sudanese",
    "nationality_2": "British",
    "birth_place": "Wau, Sudan  (now South Sudan)",
    "highschool": "St. Thomas More (Oakdale, Connecticut)",
    "college": [
        "UConn (1999\u20132001)",
        "Fairfield (2001\u20132003)"
    ],
    "draft_year": "2003",
    "career_start": "2004",
    "career_end": "2009",
    "coach_start": "2020",
    "highlights": [
        "Third-team ''Parade'' All-American (1998)"
    ],
    "teams": {
        "Brighton Bears": "2004\u20132005",
        "Scottish Rocks": "2005",
        "Guildford Heat": "2007\u20132008",
        "Slavia Tu Kosice": "2008",
        "London Capital": "2008\u20132009"
    },
    "birth_date": "1978-3-22"
}