{
    "highlights": [
        "LNB Pro A champion (2011)",
        "Latvian All-Star Game MVP (2008) |medaltemplates=  Men's basketball bk AfroBasket 2017 Tunisia/Senegal"
    ],
    "teams": {
        "Los Angeles D-Fenders": "2006",
        "Lleida": "2006\u20132007",
        "Ventspils": "2007\u20132008",
        "Universitet Yugra Surgut": "2008",
        "SLUC Nancy": "2008\u20132012",
        "Azovmash": "2012\u20132013",
        "Wolves Verviers-Pepinster": "2013\u20132014",
        "Rouen": "2014\u20132015",
        "Shahrdari Tabriz": "2015\u20132016",
        "S\u00e1enz Horeca Araberri": "2017"
    }
}