{
    "name": "Al Attles",
    "width": "300",
    "birth_place": "Newark, New Jersey, U.S.",
    "nationality": "American",
    "height_ft": "6",
    "height_in": "0",
    "weight_lb": "175",
    "high_school": "Weequahic (Newark, New Jersey)",
    "college": "North Carolina A&T (1956\u20131960)",
    "draft_round": "5",
    "draft_pick": "39",
    "draft_year": "1960",
    "draft_team": "Philadelphia Warriors",
    "career_start": "1960",
    "career_end": "1971",
    "career_position": "Point guard",
    "career_number": "16",
    "coach_start": "1968\u20131983, 1994",
    "coach_end": "1995",
    "highlights": [
        "No. 16 retired by Golden State Warriors",
        "No. 22 retired by North Carolina A&T '''As coach:'''",
        "NBA champion (1975)",
        "2\u00d7 NBA All-Star Game head coach (1975, 1976)",
        "Chuck Daly Lifetime Achievement Award (2017)"
    ],
    "HOF": "al-attles",
    "cstats_league1": "NBA",
    "team": "Golden State Warriors",
    "position": "Ambassador",
    "league": "NBA ",
    "teams": {
        "Philadelphia / San Francisco Warriors": "1960\u20131970"
    },
    "cteams": {
        "San Francisco Warriors (assistant)": "1968\u20131969",
        "San Francisco / Golden State Warriors": "1969\u20131982",
        "Golden State Warriors (assistant)": "1994"
    },
    "stats": {
        "Points": "6,328 (8.9 ppg)",
        "Rebounds": "2,463 (3.5 rpg)",
        "Assists": "2,483 (3.5 apg)"
    },
    "cNBA": {
        "win": "557",
        "loss": "518"
    },
    "birth_date": "1936-11-07"
}