{
    "name": "Al Butler",
    "height_ft": "6",
    "height_in": "2",
    "weight_lb": "175",
    "birth_place": "Birmingham, Alabama",
    "death_date": "2000",
    "nationality": "American",
    "high_school": "East (Rochester, New York)",
    "college": "Niagara (1958\u20131961)",
    "draft_year": "1961",
    "draft_round": "2",
    "draft_pick": "17",
    "draft_team": "Boston Celtics",
    "career_start": "1961",
    "career_end": "1970",
    "career_number": "22, 3, 20",
    "career_position": "Point guard",
    "highlights": [
        "No. 4 retired by Niagara Purple Eagles",
        "First-team ''Parade'' All-American (1957)"
    ],
    "teams": {
        "Boston Celtics": "1961",
        "New York Knicks": "1961\u20131963",
        "Baltimore Bullets": "1964",
        "Trenton Colonials": "1965\u20131966",
        "Harrisburg Patriots": "1966\u20131967",
        "Wilkes-Barre Barons": "1967\u20131970"
    },
    "NBA": {
        "Points": "2,282 (9.8 ppg)",
        "Rebounds": "696 (3.0 rpg)",
        "Assists": "530 (2.3 apg)"
    },
    "birth_date": "1938-07-09"
}