{
    "name": "Al Brightman",
    "birth_place": "Eureka, California, U.S.",
    "death_date": "1992",
    "death_place": "Portland, Oregon, U.S.",
    "height_ft": "6",
    "height_in": "2",
    "weight_lb": "195",
    "high_school": "Wilson Classical, (Long Beach, California)",
    "college": [
        "Charleston (1945\u20131946)"
    ],
    "career_start": "1946",
    "career_end": "1948",
    "career_position": "Forward",
    "career_number": "8, 16",
    "coach_start": "1947",
    "coach_end": "1968",
    "teams": {
        "Boston Celtics": "1946\u20131947",
        "Seattle Athletics": "1947\u20131948"
    },
    "cteams": {
        "Seattle Athletics": "1947\u20131948",
        "Seattle University": "1948\u20131956",
        "San Francisco Saints": "1961\u20131962",
        "Long Beach Chiefs": "1962",
        "Anaheim Amigos": "1967\u20131968"
    },
    "birth_date": "1923-09-22"
}