{
    "name": "Al Bianchi",
    "position": "Guard",
    "height_ft": "6",
    "height_in": "3",
    "weight_lb": "185",
    "number": "16, 24",
    "birth_place": "New York City, U.S.",
    "death_date": "2019",
    "death_place": "Phoenix, Arizona, U.S.",
    "high_school": "Long Island City (Long Island City, New York)",
    "college": "Bowling Green (1951\u20131954)",
    "draft_year": "1954",
    "draft_round": "2",
    "draft_pick": "18",
    "draft_team": "Minneapolis Lakers",
    "career_start": "1956",
    "career_end": "1966",
    "highlights": [
        "First-team All-MAC (1954) '''As coach:'''",
        "ABA Coach of the Year (1971)"
    ],
    "bbr": "biancal01 ",
    "teams": {
        "Syracuse Nationals / Philadelphia 76ers": "1956\u20131965"
    },
    "cteams": {
        "Seattle SuperSonics": "1967\u20131968",
        "Washington Caps": "1969\u20131970",
        "Virginia Squires": "1970\u20131975"
    },
    "stats": {
        "Points": "5,550 (8.1 ppg)",
        "Rebounds": "1,722 (2.5 rpg)",
        "Assists": "1,497 (2.2 apg)"
    },
    "birth_date": "1932-03-26"
}