{
    "name": "Al Carlson",
    "position": "Center",
    "height_ft": "6",
    "height_in": "11",
    "weight_lb": "235",
    "number": "35",
    "birth_place": "Oceanside, California",
    "nationality": "American",
    "high_school": "Garden Grove, (Garden Grove, California)",
    "college": "Oregon (1970\u20131972)",
    "career_start": "1975",
    "career_end": "1980",
    "teams": {
        "Seattle SuperSonics": "1975",
        "Joventut Badalona": "1979\u20131980"
    },
    "birth_date": "1951-09-17"
}