{
    "name": "Al Cueto",
    "height_ft": "6",
    "height_in": "7",
    "weight_lb": "230",
    "nationality": "Cuban",
    "birth_place": "Havana, Cuba",
    "high_school": "Coral Gables (Coral Gables, Florida)",
    "college": [
        "St. Gregory's (1965\u20131967)",
        "Tulsa (1967\u20131969)"
    ],
    "draft_year": "1969",
    "draft_round": "10",
    "draft_pick": "130",
    "draft_team": "Seattle SuperSonics",
    "career_start": "1969",
    "career_end": "1971",
    "career_position": "Center",
    "career_number": "42, 22",
    "teams": {
        "Miami Floridians": "1969\u20131970",
        "Memphis Pros": "1970\u20131971"
    },
    "birth_date": "1946-8-2"
}