{
    "name": "Al Cervi",
    "height_ft": "5",
    "height_in": "11",
    "weight_lb": "170",
    "birth_place": "Buffalo, New York, U.S.",
    "death_date": "2009",
    "death_place": "Rochester, New York, U.S.",
    "nationality": "American",
    "high_school": "East (Buffalo, New York)",
    "career_start": "1937",
    "career_end": "1953",
    "career_number": "15",
    "career_position": "Forward / guard",
    "coach_start": "1948",
    "coach_end": "1959",
    "highlights": [
        "All-NBA Second Team (1950)",
        "NBL champion (1946)",
        "3\u00d7 All-NBL First Team (1947\u20131949)",
        "All-NBL Second Team (1946)",
        "NBL scoring champion (1947) '''As coach:'''",
        "NBA champion (1955)",
        "2\u00d7 NBA All-Star Game head coach (1952, 1955)",
        "NBL Coach of the Year (1949)"
    ],
    "bbr": "cervial01",
    "cstats_league1": "NBA",
    "HOF_player": "al-cervi ",
    "teams": {
        "Buffalo Bisons": "1937\u20131938",
        "Rochester Royals": "1947\u20131948",
        "Trenton Tigers": "1947",
        "Syracuse Nationals": "1948\u20131952"
    },
    "cteams": {
        "Syracuse Nationals": "1948\u20131957",
        "Philadelphia Warriors": "1958"
    },
    "NBA": {
        "Points": "1,591 (7.9 ppg)",
        "Rebounds": "261 (1.8 rpg)",
        "Assists": "648 (3.2 apg)"
    },
    "cNBA": {
        "win": "326",
        "loss": "241"
    },
    "birth_date": "1917-02-12"
}