{
    "name": "Al Fisher",
    "career_position": "Guard",
    "height_ft": "6",
    "height_in": "1",
    "weight_lb": "185",
    "birth_place": "Pennsauken Township, New Jersey",
    "nationality": "American",
    "high_school": "Pennsauken, (Pennsauken, New Jersey)",
    "college": [
        "Siena (2004\u20132005)",
        "Redlands CC (2006\u20132007)",
        "Kent State (2007\u20132009)"
    ],
    "draft_year": "2009",
    "career_start": "2009",
    "career_end": "2012",
    "highlights": [
        "MAC Player of the Year (2008)",
        "2\u00d7 First-team All-MAC (2008, 2009)"
    ],
    "teams": {
        "Ak\u00e7akoca Poyraz": "2009\u20132010",
        "Hapoel Be'eri": "2010",
        "Ironi Ramat Gan": "2010\u20132011",
        "Bejjeh": "2011",
        "Maccabi Kiryat Gat": "2012",
        "Elitsur Ramla": "2012"
    },
    "birth_date": "1986-9-7"
}