{
    "name": "Al Ferrari",
    "number": "22, 26, 11",
    "position": "Guard / small forward",
    "height_ft": "6",
    "height_in": "4",
    "weight_lb": "190",
    "birth_place": "New York City, New York",
    "death_date": "2016",
    "death_place": "St. Louis, Missouri",
    "nationality": "American",
    "high_school": "Brooklyn Technical, (Brooklyn, New York)",
    "college": "Michigan State (1952\u20131955)",
    "draft_year": "1955",
    "draft_round": "3",
    "draft_pick": "15",
    "draft_team": "St. Louis Hawks",
    "career_start": "1955",
    "career_end": "1963",
    "bbr": "ferraal01 ",
    "teams": {
        "St. Louis Hawks": "1955\u20131961",
        "Chicago Zephyrs": "1962"
    },
    "NBA": {
        "Points": "2,525 (6.8 ppg)",
        "Rebounds": "830 (2.2 rpg)",
        "Assists": "943 (2.5 apg)"
    },
    "birth_date": "1933-07-06"
}