{
    "name": "Al Horford",
    "team": "Boston Celtics",
    "number": "42",
    "position": "Power forward / center",
    "league": "National Basketball Association",
    "birth_place": "Puerto Plata, Dominican Republic",
    "height_ft": "6",
    "height_in": "9",
    "weight_lb": "240",
    "high_school": "Grand Ledge, (Grand Ledge, Michigan)",
    "college": "Florida (2004\u20132007)",
    "draft_year": "2007",
    "draft_round": "1",
    "draft_pick": "3",
    "draft_team": "Atlanta Hawks",
    "career_start": "2007",
    "highlights": [
        "5\u00d7 NBA All-Star (2010, 2011, 2015, 2016, 2018)",
        "All-NBA Third Team (2010)",
        "NBA All-Defensive Second Team (2017)",
        "NBA All-Rookie First Team (2007)",
        "2\u00d7 NCAA champion (2006, 2007)",
        "Second-team All-American \u2013 NABC (2007)",
        "Third-team All-American \u2013 AP (2007)",
        "SEC tournament MVP (2007)"
    ],
    "teams": {
        "Atlanta Hawks": "2007\u20132015",
        "Boston Celtics": "2021\u2013present",
        "Philadelphia 76ers": "2019",
        "Oklahoma City Thunder": "2020"
    },
    "birth_date": "1986-6-3",
    "medaltemplates": [
        "Country: {{DOM}}",
        "Competition: FIBA AmeriCup",
        "Bronze Medal: 2011 Argentina Team Team competition",
        "Competition: Centrobasket",
        "Gold Medal: 2012 Puerto Rico Team Team competition",
        "Bronze Medal: 2008 Mexico Team Team competition"
    ]
}