{
    "name": "Al Hairston",
    "height_ft": "6",
    "height_in": "1",
    "weight_lb": "170",
    "nationality": "American",
    "high_school": "Mount Clemens (Mount Clemens, Michigan)",
    "college": "Bowling Green (1965\u20131968)",
    "draft_year": "1968",
    "draft_round": "5",
    "draft_pick": "52",
    "draft_team": "Seattle SuperSonics",
    "career_number": "25",
    "career_position": "Point guard",
    "bbr": "hairsal01 ",
    "teams": {
        "Seattle SuperSonics": "1968\u20131969"
    },
    "birth_date": "1945-12-11"
}