{
    "name": "Al Harrington",
    "height_ft": "6",
    "height_in": "9",
    "weight_lb": "245",
    "nationality": "American",
    "birth_place": "Orange, New Jersey, U.S.",
    "high_school": "St. Patrick (Elizabeth, New Jersey)",
    "draft_year": "1998",
    "draft_round": "1",
    "draft_pick": "25",
    "draft_team": "Indiana Pacers",
    "career_start": "1998",
    "career_end": "2015",
    "career_position": "Power forward",
    "career_number": "3, 32, 7",
    "highlights": [
        "Naismith Prep Player of the Year (1998)",
        "''USA Today'' Player of the Year (1998)",
        "Gatorade National Player of the Year (1998)",
        "First-team ''Parade'' All-American (1998)",
        "McDonald's All-American (1998)"
    ],
    "bbr": "harrial01 ",
    "teams": {
        "Indiana Pacers": "2006",
        "Atlanta Hawks": "2004\u20132005",
        "Golden State Warriors": "2006\u20132008",
        "New York Knicks": "2008\u20132009",
        "Denver Nuggets": "2010\u20132011",
        "Orlando Magic": "2012",
        "Washington Wizards": "2013",
        "Fujian Sturgeons": "2014",
        "Sydney Kings": "2015"
    },
    "cteams": {
        "Cape Town Tigers (assistant)": "2022"
    },
    "stats": {
        "Points": "13,237 (13.5 ppg)",
        "Rebounds": "5,482 (5.6 rpg)",
        "Assists": "1,649 (1.7 apg)"
    },
    "birth_date": "1980-02-17"
}