{
    "name": "Al McGuire",
    "height_ft": "6",
    "height_in": "2",
    "weight_lb": "180",
    "birth_place": "Queens, New York, U.S.",
    "death_date": "2001",
    "death_place": "Brookfield, Wisconsin, U.S.",
    "high_school": "St. John's Prep, (Brooklyn, New York)",
    "college": "St. John's (1947\u20131951)",
    "draft_year": "1951",
    "draft_round": "6",
    "draft_pick": "55",
    "draft_team": "New York Knicks",
    "career_start": "1951",
    "career_end": "1955",
    "career_number": "3, 16, 7",
    "career_position": "Point guard",
    "coach_start": "1955",
    "coach_end": "1977",
    "highlights": [
        "NCAA champion (1977)",
        "2\u00d7 Regional Championships \u2013 Final Four (1974, 1977)",
        "NIT champion (1970)",
        "AP Coach of the Year (1971)",
        "UPI Coach of the Year (1971)",
        "Henry Iba Award (1971)",
        "NABC Coach of the Year (1974)",
        "No. 77 retired by Marquette Golden Eagles"
    ],
    "HOF_coach": "al-mcguire",
    "CBBASKHOF_year": "2006  embed=y",
    "title": "Chairman of the President's Council on Physical Fitness and Sports",
    "term_start": "1980",
    "term_end": "1981",
    "president": "Jimmy Carter",
    "predecessor": "Jerry Apodaca",
    "successor": "George Allen ",
    "teams": {
        "New York Knicks": "1951\u20131953",
        "Baltimore Bullets": "1954"
    },
    "cteams": {
        "Dartmouth (assistant)": "1955\u20131957",
        "Belmont Abbey": "1957\u20131964",
        "Marquette": "1964\u20131977"
    },
    "birth_date": "1928-9-7"
}