{
    "name": "Al Skinner",
    "height_ft": "6",
    "height_in": "3",
    "weight_lb": "190",
    "birth_place": "Mount Vernon, New York, U.S.",
    "high_school": "Malverne (Malverne, New York)",
    "college": "UMass (1971\u20131974)",
    "draft_year": "1974",
    "draft_round": "9",
    "draft_pick": "160",
    "draft_team": "Boston Celtics",
    "career_start": "1974",
    "career_end": "1981",
    "career_number": "30, 35",
    "career_position": "Shooting guard",
    "coach_start": "1982",
    "coach_end": "2019",
    "highlights": [
        "ABA champion (1976)",
        "3\u00d7 First-team All-Yankee (1972\u20131974) '''As coach:'''",
        "2\u00d7 Big East regular season champion (2001, 2005)",
        "Big East tournament champion (2001)",
        "Henry Iba Award (2001)",
        "2\u00d7 Big East Coach of the Year (2001, 2005)",
        "Atlantic 10 Coach of the Year (1992)"
    ],
    "teams": {
        "New York/New Jersey Nets": "1974\u20131977",
        "Detroit Pistons": "1977",
        "New Jersey Nets": "1978",
        "Philadelphia 76ers": "1978\u20131979",
        "Joventut Badalona": "1980\u20131981"
    },
    "cteams": {
        "Marist (assistant)": "1982\u20131984",
        "Rhode Island (assistant)": "1984\u20131988",
        "Rhode Island": "1988\u20131997",
        "Boston College": "1997\u20132010",
        "Bryant (assistant)": "2013\u20132015",
        "Kennesaw State": "2015\u20132019"
    },
    "birth_date": "1952-6-16"
}