{
    "name": "Al Thornton",
    "position": "Small forward / Power forward",
    "height_ft": "6",
    "height_in": "8",
    "weight_lb": "235",
    "league": "LNB",
    "team": "Pe\u00f1arol Mar del Plata",
    "number": "1",
    "birth_place": "Perry, Georgia, U.S.",
    "high_school": "Perry (Perry, Georgia)",
    "college": "Florida State (2003\u20132007)",
    "draft_year": "2007",
    "draft_round": "1",
    "draft_pick": "14",
    "draft_team": "Los Angeles Clippers",
    "career_start": "2007",
    "highlights": [
        "NBA All-Rookie First Team (2008)",
        "BSN All-Star (2012)",
        "BSN First Team (2012)",
        "BSN Import Player of the Year (2012)",
        "2\u00d7 BSN scoring champion (2012, 2014)",
        "Venezuela LPB Scoring Leader (2017)",
        "Third-team All-American \u2013 AP (2007)",
        "First-team All-ACC (2007)",
        "Second-team All-ACC (2006)"
    ],
    "teams": {
        "Los Angeles Clippers": "2007\u20132009",
        "Washington Wizards": "2010\u20132010",
        "Golden State Warriors": "2010",
        "Brujos de Guayama": "2017",
        "Zhejiang Lions": "2012",
        "NLEX Road Warriors": "2015\u20132016",
        "Gaiteros del Zulia": "2017",
        "Shimane Susanoo Magic": "2018",
        "Suwon KT Sonicboom": "2019\u20132020",
        "Club Atl\u00e9tico Aguada": "2020\u20132021",
        "Pe\u00f1arol Mar del Plata": "2023\u2013present",
        "Trotamundos B.B.C.": "2022",
        "Club Atl\u00e9tico Olimpia": "2023"
    },
    "birth_date": "1983-12-7"
}