{
    "name": "Al Tucker",
    "career_position": "Small forward",
    "height_ft": "6",
    "height_in": "8",
    "weight_lb": "190",
    "career_number": "33, 23, 16, 35, 12",
    "birth_place": "Dayton, Ohio, U.S.",
    "death_date": "2001",
    "high_school": "Jefferson (Dayton, Ohio)",
    "college": "Oklahoma Baptist (1964\u20131967)",
    "draft_year": "1967",
    "draft_round": "1",
    "draft_pick": "6",
    "draft_team": "Seattle SuperSonics",
    "career_start": "1967",
    "career_end": "1972",
    "highlights": [
        "NBA All-Rookie First Team (1968)",
        "2\u00d7 NAIA tournament MVP (1966, 1967)"
    ],
    "bbr": "tuckeal01 ",
    "teams": {
        "Seattle SuperSonics": "1967\u20131968",
        "Cincinnati Royals": "1968",
        "Chicago Bulls": "1969",
        "Baltimore Bullets": "1969\u20131970",
        "The Floridians": "1971\u20131972"
    },
    "NBA and ABA": {
        "Points": "3,541 (10.1 ppg)",
        "Rebounds": "1,740 (4.9 rpg)",
        "Assists": "342 (1.0 apg)"
    },
    "birth_date": "1943-02-24"
}