{
    "name": "Al Westover",
    "position": "Guard",
    "height": "187",
    "weight": "85kg",
    "nationality": "American",
    "birth_place": "Napa Valley, California",
    "high_school": "Justin-Siena (Napa, California)",
    "college": "Pacific (1972\u20131976)",
    "draft_year": "1976",
    "career_start": "1978",
    "career_end": "1987",
    "highlights": [
        "NBL Coach of the Year (2006)",
        "2x NBL champion (2006, 2008)"
    ],
    "teams": {
        "Melbourne Tigers": "1978\u20131984",
        "Geelong Supercats": "1985",
        "Dandenong Rangers": "1986\u20131987"
    },
    "cteams": {
        "Melbourne Tigers (asst.)": "1992\u20132005",
        "Melbourne Tigers": "2005\u20132011",
        "Shiga Lakestars": "2011\u20132013"
    },
    "birth_date": "1954-9-7"
}