{
    "name": "Al Wood",
    "height_ft": "6",
    "height_in": "6",
    "weight_lb": "193",
    "birth_place": "Gray, Georgia, U.S.",
    "high_school": "Jones County (Gray, Georgia)",
    "college": "North Carolina (1977\u20131981)",
    "draft_round": "1",
    "draft_pick": "4",
    "draft_year": "1981",
    "draft_team": "Atlanta Hawks",
    "career_start": "1981",
    "career_end": "1991",
    "career_number": "7, 4",
    "career_position": "Small forward / shooting guard",
    "highlights": [
        "Consensus second-team All-American (1981)",
        "2\u00d7 First-team All-ACC (1979, 1981)",
        "Second-team All-ACC (1980)",
        "No. 30 honored by North Carolina Tar Heels",
        "First-team ''Parade'' All-American (1977)",
        "McDonald's All-American (1977)"
    ],
    "teams": {
        "Atlanta Hawks": "1981",
        "San Diego Clippers": "1981\u20131982",
        "Seattle SuperSonics": "1983\u20131985",
        "Dallas Mavericks": "1986",
        "Basket Mestre": "1987\u20131988",
        "Omaha Racers": "1989\u20131990",
        "FC Mulhouse Basket": "1990\u20131991"
    },
    "NBA": {
        "Points": "4,902 (11.8 ppg)",
        "Rebounds": "1,262 (3.0 rpg)",
        "Assists": "742 (1.8 apg) "
    },
    "birth_date": "1958-06-02"
}