{
    "name": "Al Williams",
    "height_ft": "6",
    "height_in": "6",
    "weight_lb": "200",
    "nationality": "American",
    "birth_place": "Peoria, Illinois",
    "death_date": "2007",
    "death_place": "Georgia",
    "high_school": "Manual (Peoria, Illinois)",
    "college": "Drake (1967\u20131970)",
    "draft_year": "1970",
    "draft_round": "3",
    "draft_pick": "51",
    "draft_team": "New York Knicks",
    "career_start": "1970",
    "career_end": "1976",
    "career_number": "42",
    "career_position": "Forward",
    "highlights": [
        "First-team All-MVC (1970)"
    ],
    "bbr": "willial01 ",
    "teams": {
        "Kentucky Colonels": "1970\u20131971",
        "Wilkes-Barre Barons": "1971",
        "Trenton Pat Pavers": "1971\u20131972",
        "Hamilton Pat Pavers": "1972\u20131974",
        "Cherry Hill Rookies": "1974\u20131975",
        "Scranton Apollos": "1975\u20131976"
    },
    "birth_date": "1948-2-14"
}