{
    "name": "Alain Digbeu",
    "position": "Small forward",
    "height_ft": "6",
    "height_in": "6",
    "weight_lb": "220",
    "birth_place": "M\u00e2con, Sa\u00f4ne-et-Loire, France",
    "draft_round": "2",
    "draft_pick": "49",
    "draft_year": "1997",
    "draft_team": "Atlanta Hawks",
    "career_start": "1993",
    "career_end": "2011",
    "highlights": [
        "French League French Player's MVP (1999)"
    ],
    "teams": {
        "ASVEL Lyon-Villeurbanne": "1993\u20131999",
        "FC Barcelona": "1999\u20132002",
        "Real Madrid Baloncesto": "2002\u20132003",
        "DKV Joventut": "2003\u20132004",
        "Casti Group Varese": "2004\u20132005",
        "Etosa Alicante": "2005\u20132006",
        "Climamio Bologna": "2006\u20132007",
        "Alicante Costablanca": "2007\u20132008",
        "Kavala": "2008\u20132009",
        "Pau-Orthez": "2009",
        "Strasbourg IG": "2009\u20132011"
    },
    "birth_date": "1975-11-13"
}