{
    "name": "Alana Beard",
    "number": "0",
    "position": "Shooting guard / small forward",
    "height_ft": "5",
    "height_in": "11",
    "weight_lbs": "160",
    "birth_place": "Shreveport, Louisiana, U.S.",
    "high_school": "Southwood (Shreveport, Louisiana)",
    "college": "Duke (2000\u20132004)",
    "draft_league": "WNBA",
    "draft_year": "2004",
    "draft_round": "1",
    "draft_pick": "2",
    "draft_team": "Washington Mystics",
    "career_start": "2004",
    "career_end": "2019",
    "highlights": [
        "WNBA champion (2016)",
        "4\u00d7 WNBA All-Star (2005\u20132007, 2009)",
        "All-WNBA Second Team (2006)",
        "2\u00d7 WNBA Defensive Player of the Year (2017, 2018)",
        "5\u00d7 WNBA All-Defensive First Team (2007, 2012, 2016\u20132018)",
        "4\u00d7 WNBA All-Defensive Second Team (2005, 2006, 2009, 2014)",
        "Israeli National League champion (2007)",
        "Israeli State Cup winner (2007)",
        "Polish National League champion (2009)",
        "Spanish National League champion (2016)",
        "3\u00d7 ACC Player of the Year (2002\u20132004)"
    ],
    "teams": {
        "Washington Mystics": "2004\u20132011",
        "Shinsegae Coolcat": "2005\u20132006",
        "Elitzur Ramla": "2011\u20132012",
        "Lotos VBW Clima Gdynia": "2008\u20132009",
        "Los Angeles Sparks": "2012\u20132019",
        "Wisla Can-Pack Krak\u00f3w": "2012\u20132013",
        "Perfumerias Avenida": "2015\u20132016"
    },
    "birth_date": "1982-5-14",
    "medaltemplates": [
        "Sport: Women's Basketball",
        "Country: USA",
        "Competition: World Championship",
        "Bronze Medal: 2006 Brazil Team Competition",
        "Competition: U18 and U19",
        "Gold Medal: 2000 U18 Mar Del Plata Team Competition",
        "Bronze Medal: 2001 U19 Brno Team Competition"
    ]
}