{
    "name": "Alando Tucker",
    "height_ft": "6",
    "height_in": "6",
    "weight_lb": "205",
    "birth_place": "Joliet, Illinois, U.S.",
    "highschool": "Lockport Township, (Lockport, Illinois)",
    "college": "Wisconsin (2002\u20132007)",
    "draft_year": "2007",
    "draft_round": "1",
    "draft_pick": "29",
    "draft_team": "Phoenix Suns",
    "career_start": "2007",
    "career_end": "2017",
    "career_position": "Small forward / shooting guard",
    "career_number": "29",
    "coach_start": "2019",
    "highlights": [
        "Consensus first-team All-American (2007)",
        "Big Ten Player of the Year (2007)",
        "2\u00d7 First-team All-Big Ten (2006, 2007)",
        "Big Ten All-Freshman Team (2003)",
        "Senior CLASS Award (2007)"
    ],
    "teams": {
        "Phoenix Suns": "2007\u20132009",
        "\u2192Albuquerque Thunderbirds": "2007\u20132008",
        "\u2192Iowa Energy": "2008\u20132009",
        "Minnesota Timberwolves": "2009",
        "Gallitos de Isabela": "2010",
        "Lokomotiv Kuban": "2010\u20132011",
        "Gran Canaria": "2011",
        "Texas Legends": "2012",
        "Inter Bratislava": "2013",
        "Lukoil Academic": "2013\u20132014",
        "SOMB Boulogne-sur-Mer": "2014\u20132015",
        "SLUC Nancy": "2015",
        "Maccabi Kiryat Gat": "2015\u20132016",
        "Hapoel Tel Aviv": "2016\u20132017",
        "Hapoel Eilat": "2017"
    },
    "cteams": {
        "Wisconsin (assistant)": "2019\u20132021"
    },
    "birth_date": "1984-2-11"
}