{
    "name": "Alan Anderson",
    "height_ft": "6",
    "height_in": "6",
    "weight_lb": "220",
    "birth_place": "Minneapolis, Minnesota, U.S.",
    "high_school": [
        "Edison (Minneapolis, Minnesota)",
        "DeLaSalle, (Minneapolis, Minnesota)"
    ],
    "college": "Michigan State (2001\u20132005)",
    "draft_year": "2005",
    "career_start": "2005",
    "career_end": "2018",
    "career_position": "Shooting guard / small forward",
    "career_number": "15, 6, 9",
    "highlights": [
        "Croatian Cup MVP (2009)",
        "Spanish King's Cup MVP (2011)",
        "Fourth-team ''Parade'' All-American (2001)"
    ],
    "teams": {
        "Charlotte Bobcats": "2006",
        "Tulsa 66ers": "2006\u20132007",
        "Virtus Bologna": "2007\u20132008",
        "Triumph Lyubertsy": "2008",
        "Cibona": "2008\u20132009",
        "Maccabi Tel Aviv": "2009\u20132010",
        "New Mexico Thunderbirds": "2010",
        "FC Barcelona": "2010\u20132011",
        "Shandong Lions": "2011\u20132012",
        "Canton Charge": "2012",
        "Toronto Raptors": "2011\u20132012",
        "Brooklyn Nets": "2013\u20132014",
        "Washington Wizards": "2015",
        "Los Angeles Clippers": "2016",
        "Lakeland Magic": "2018"
    },
    "birth_date": "1982-10-16"
}