{
    "name": "Alan Black",
    "nationality": "Australian",
    "height_cm": "188",
    "weight_kg": "90",
    "career_position": "Guard",
    "highlights": [
        "NBL champion (2000)",
        "2\u00d7 NBL Coach of the Year (1993, 1995)"
    ],
    "teams": {
        "Nunawading Spectres": "1979\u20131985",
        "Perth Wildcats": "1986\u20131988"
    },
    "cteams": {
        "Perth Wildcats": "1998\u20132003",
        "Illawarra Hawks": "1993\u20131995",
        "Sydney Kings": "1996\u20131997",
        "Cairns Taipans": "2005\u20132008",
        "Willetton Tigers": "2015\u20132016"
    },
    "birth_date": "1957-5-1"
}