{
    "name": "Alan Ogg",
    "height_ft": "7",
    "height_in": "2",
    "weight_lb": "240",
    "nationality": "American",
    "birth_place": "Lancaster, Ohio",
    "death_date": "2009",
    "death_place": "Birmingham, Alabama",
    "highschool": "Gardendale (Gardendale, Alabama)",
    "college": "UAB (1986\u20131990)",
    "draft_year": "1990",
    "career_start": "1990",
    "career_end": "2001",
    "career_position": "Center",
    "career_number": "53, 50",
    "bbr": "oggal01 ",
    "teams": {
        "Miami Heat": "1990\u20131991",
        "Rockford Lightning": "1992",
        "Milwaukee Bucks": "1992",
        "Washington Bullets": "1992",
        "Rochester Renegade": "1993\u20131994",
        "Hartford Hellcats": "1993\u20131994",
        "Columbus Horizon": "1993\u20131994",
        "Carol Ann - Rica Hotdogs": "1994",
        "Mexico Aztecas": "1994\u20131995",
        "Sichuan Panda": "1996\u20131997"
    },
    "birth_date": "1967-7-5"
}