{
    "name": "Albert Miralles",
    "position": "Center",
    "height_m": "2.06",
    "weight_kg": "110",
    "nationality": "Spanish",
    "birth_place": "Badalona, Spain",
    "draft_year": "2004",
    "draft_round": "2",
    "draft_pick": "39",
    "draft_team": "Toronto Raptors",
    "career_start": "1999",
    "career_end": "2016",
    "teams": {
        "Joventut Badalona": "2013\u20132016",
        "\u2192Inca": "2000\u20132001",
        "Club Ourense Baloncesto": "2001\u20132002",
        "Virtus Bologna": "2002",
        "\u2192Basket Rimini Crabs": "2002\u20132003",
        "Roseto Basket": "2003\u20132004",
        "Pallacanestro Cant\u00f9": "2004\u20132005",
        "Valencia": "2005\u20132009",
        "Gipuzkoa": "2009\u20132011",
        "Pallacanestro Biella": "2011\u20132012",
        "Alba Berlin": "2012\u20132013"
    },
    "birth_date": "1982-5-14"
}