{
    "name": "Alberto Angulo",
    "position": "Shooting guard",
    "height_m": "1.96",
    "birth_place": "Zaragoza, Spain",
    "nationality": "Spanish",
    "career_start": "1989",
    "career_end": "2007",
    "highlights": [
        "FIBA Saporta Cup champion (1997)",
        "Spanish League champion (2000)",
        "Spanish Cup winner (1990)",
        "Spanish League Finals MVP (2000)",
        "5\u00d7 Spanish League All-Star (1995\u20131999)",
        "5\u00d7 Spanish League All-Star 3-Point Shoutout Champion (1999)"
    ],
    "teams": {
        "Zaragoza": "1989\u20131990",
        "CajaBadajoz": "1990\u20131991",
        "Le\u00f3n": "1991\u20131992",
        "CB Zaragoza": "1992\u20131996",
        "Real Madrid": "1996\u20132002",
        "Lleida B\u00e0squet": "2002\u20132005",
        "CAI Zaragoza": "2005\u20132007"
    },
    "birth_date": "1970-6-19",
    "medaltemplates": [
        "Sport: Men's Basketball",
        "Country: {{ESP}}",
        "Competition: EuroBasket",
        "Silver Medal: 1999 France  "
    ]
}