{
    "name": "Albert Oliver",
    "position": "Point guard",
    "height_ft": "6",
    "height_in": "2",
    "weight_lb": "185",
    "team": "Free Agent",
    "nationality": "Spanish",
    "birth_place": "Terrassa, Spain",
    "career_start": "1997",
    "highlights": [
        "Spanish Supercup winner (2016)",
        "LEB Oro champion (2001)"
    ],
    "teams": {
        "Joventut": "2011\u20132013",
        "Lleida": "1999\u20132001",
        "Manresa": "2001\u20132006",
        "Valencia": "2006\u20132009",
        "Estudiantes": "2009\u20132011",
        "Gran Canaria": "2013\u20132019",
        "Real Betis": "2019\u20132020",
        "Obradoiro": "2020\u20132022"
    },
    "birth_date": "1978-6-4"
}