{
    "name": "Albert King",
    "birth_place": "Brooklyn, New York, U.S.",
    "height_ft": "6",
    "height_in": "6",
    "weight_lb": "190",
    "high_school": "Fort Hamilton (Brooklyn, New York)",
    "college": "Maryland (1977\u20131981)",
    "draft_year": "1981",
    "draft_round": "1",
    "draft_pick": "10",
    "draft_team": "New Jersey Nets",
    "career_start": "1981",
    "career_end": "1991",
    "career_position": "Small forward / shooting guard",
    "career_number": "55, 17, 15",
    "highlights": [
        "LBA champion (1989)",
        "CBA Newcomer of the Year (1991)",
        "Consensus second-team All-American (1980)",
        "Second-team All-American \u2013 UPI (1981)",
        "Third-team All-American \u2013 NABC (1981)",
        "ACC Player of the Year (1980)",
        "First-team All-ACC (1980)",
        "Second-team All-ACC (1981)",
        "ACC tournament MVP (1980)",
        "Mr. Basketball USA (1977)",
        "2\u00d7 First-team ''Parade'' All-American (1976, 1977)",
        "McDonald's All-American (1977)",
        "Fourth-team ''Parade'' All-American (1975)"
    ],
    "teams": {
        "New Jersey Nets": "1981\u20131986",
        "Philadelphia 76ers": "1987",
        "San Antonio Spurs": "1988",
        "Olimpia Milano": "1989",
        "Hapoel Holon": "1990",
        "Albany Patroons": "1990\u20131991",
        "Washington Bullets": "1991"
    },
    "NBA": {
        "Points": "6,470 (12.1 ppg)",
        "Rebounds": "2,262 (4.2 rpg)",
        "Assists": "1,171 (2.2 apg) "
    },
    "birth_date": "1959-12-17"
}