{
    "name": "Albert Burditt",
    "height_ft": "6",
    "height_in": "8",
    "weight_lb": "230",
    "birth_place": "Austin, Texas",
    "nationality": "American",
    "high_school": "Lanier (Austin, Texas)",
    "college": "Texas (1990\u20131994)",
    "draft_year": "1994",
    "draft_round": "2",
    "draft_pick": "53",
    "draft_team": "Houston Rockets",
    "career_start": "1994",
    "career_end": "2009",
    "career_position": "Power forward",
    "highlights": [
        "Texas Mr. Basketball (1990)"
    ],
    "teams": {
        "Oklahoma City Cavalry": "1994\u20131995",
        "Gran Canaria": "1997\u20131998",
        "Gigantes de Carolina": "1996",
        "Santeros de Aguada": "1997",
        "Sioux Falls Skyforce": "2004\u20132005",
        "Andrea Costa Imola": "1999",
        "Cordivari Roseto": "1999\u20132000",
        "Pallacanestro Varese": "2000\u20132001",
        "Pallacanestro Reggiana": "2001\u20132002",
        "Carife Ferrara": "2002\u20132003",
        "Benfica": "2003\u20132004",
        "Cometas de Quer\u00e9taro": "2005\u20132006",
        "Belgrano de San Nicol\u00e1s": "2006\u20132007",
        "Lobos de la UAC Saltillo": "2008\u20132009",
        "Plannja Basket": "2008",
        "La Salle-UPB Cochabamba": "2009"
    },
    "birth_date": "1972-5-15"
}