{
    "name": "Aldo Ossola",
    "height_ft": "6",
    "height_in": "3.75",
    "weight_lbs": "203",
    "nationality": "Italian",
    "birth_place": "Varese, Italy",
    "career_start": "1962",
    "career_end": "1980",
    "career_number": "10",
    "career_position": "Point guard",
    "highlights": [
        "2\u00d7 FIBA Intercontinental Cup champion (1970, 1973)",
        "5\u00d7 EuroLeague champion (1970, 1972, 1973, 1975, 1976)",
        "50 Greatest EuroLeague Contributors (2008)",
        "101 Greats of European Basketball (2018)",
        "FIBA European Cup Winners' Cup champion (1980)",
        "7\u00d7 Italian League champion (1969\u20131971, 1973, 1974, 1977, 1978)",
        "4\u00d7 Italian Cup winner (1969\u20131971, 1973)",
        "Italian Basketball Hall of Fame (2008)"
    ],
    "teams": {
        "Robur Varese": "1962\u20131964",
        "Varese": "1968\u20131980",
        "Milano 1958": "1965\u20131968"
    },
    "birth_date": "1945-3-13",
    "medaltemplates": [
        "Sport: Men's basketball",
        "Country: {{ITA}}",
        "Competition: Mediterranean Games",
        "Silver Medal: 1967 Tunisia  ",
        "Competition: European Championship for Juniors",
        "Bronze Medal: 1964 Italy Italy Under-19 "
    ]
}