{
    "name": "Ale\u0161 Pipan",
    "position": "Head coach",
    "birth_place": "Ljubljana, PR Slovenia, PFR Yugoslavia",
    "nationality": "Slovenian",
    "highlights": [
        "2\u00d7 Macedonian League champion (2013, 2015)",
        "Slovenian cup winner (2004)",
        "Polish Cup winner (2007)",
        "Polish Supercup winner (2007)",
        "Macedonian Cup winner (2013)"
    ],
    "teams": {
        "Maribor": "1993\u20131996",
        "Zlatorog La\u0161ko": "2022\u20132023",
        "Krka": "2000\u20132002",
        "Zagorje": "2002\u20132003",
        "Slovan": "2005\u20132007",
        "Anwil W\u0142oc\u0142awek": "2007\u20132008",
        "Zadar": "2018",
        "MZT Skopje": "2015",
        "Union Olimpija": "2013\u20132015",
        "TF Budapest": "2019",
        "\u0160entjur": "2019\u20132020"
    },
    "birth_date": "1959-5-24",
    "medaltemplates": [
        "Sport: Men's Basketball",
        "Country: {{YUG}}",
        "Competition: European Championship for Juniors",
        "Bronze Medal: 1978 Italy Team Under-18"
    ]
}