{
    "name": "Alec Kessler",
    "height_ft": "6",
    "height_in": "11",
    "weight_lb": "230",
    "birth_place": "Minneapolis, Minnesota, U.S.",
    "death_date": "2007",
    "death_place": "Gulf Breeze, Florida, U.S.",
    "high_school": "Roswell (Roswell, Georgia)",
    "college": "Georgia (1986\u20131990)",
    "draft_year": "1990",
    "draft_round": "1",
    "draft_pick": "12",
    "draft_team": "Houston Rockets",
    "career_start": "1990",
    "career_end": "1994",
    "career_number": "33",
    "career_position": "Power forward / center",
    "highlights": [
        "Second-team All-American \u2013 UPI (1990)",
        "SEC Athlete of the Year (1990)"
    ],
    "teams": {
        "Miami Heat": "1990\u20131993",
        "Olimpia Stefanel Milano": "1994"
    },
    "NBA": {
        "Points": "1,084 (5.2 ppg)",
        "Rebounds": "751 (3.6 rpg) "
    },
    "birth_date": "1967-01-13"
}