{
    "name": "Alejandro Montecchia",
    "league": "Retired",
    "position": "Point guard",
    "height_ft": "6",
    "height_in": "0",
    "weight_lb": "190",
    "birth_place": "Bah\u00eda Blanca, Argentina",
    "nationality": "Argentine / Italian",
    "career_start": "1994",
    "career_end": "2009",
    "highlights": [
        "EuroCup champion (2003)",
        "FIBA South American League champion (1996)",
        "FIBA South American League MVP (2008)",
        "Argentine League champion (1996)"
    ],
    "teams": {
        "Olimpia de Venado Tuerto (Argentina)": "1994\u20131998",
        "Boca Juniors (Argentina)": "1998\u20131999",
        "Viola Reggio Calabria (Italy)": "1999\u20132002",
        "Pamesa Valencia (Spain)": "2002\u20132005",
        "Armani Jeans Milano (Italy)": "2006",
        "Regatas Corrientes (Argentina)": "2006\u20132009"
    },
    "birth_date": "1972-01-01",
    "medaltemplates": [
        "Sport: Men\u2019s Basketball",
        "Country: {{ARG}}",
        "Competition: Summer Olympic Games",
        "Gold Medal: 2004 Athens  ",
        "Competition: FIBA World Cup",
        "Silver Medal: 2002 Indianapolis  ",
        "Competition: FIBA AmeriCup",
        "Silver Medal: 2003 San Juan  ",
        "Bronze Medal: 1999 San Juan  ",
        "Competition: FIBA South American Championship",
        "Gold Medal: 2001 Valdivia  "
    ]
}