{
    "name": "Alejandro Carmona",
    "league": "Baloncesto Superior Nacional",
    "team": "Gigantes de Carolina",
    "number": "12",
    "height": "ft=6",
    "weight": "220",
    "position": "Forward",
    "birth_place": "Rio Piedras, Puerto Rico",
    "nationality": "Puerto Rican",
    "high_school": "Troy (Troy, Ohio)",
    "career_start": "2005",
    "highlights": [
        "2\u00d7 BSN champion (2017, 2023)"
    ],
    "teams": {
        "Fort Worth Flyers": "2005\u20132006",
        "Vaqueros de Bayam\u00f3n": "2006\u20132008",
        "Gigantes de Carolina": "2021-2023",
        "Indios de Mayag\u00fcez": "2009\u20132011",
        "Caciques de Humacao": "2011\u20132012",
        "Panteras de Aguascalientes": "2012\u20132013",
        "Brujos de Guayama": "2014\u20132016",
        "Atenienses de Manati": "2016",
        "Piratas de Quebradillas": "2016-2021"
    },
    "birth_date": "1983-6-14"
}