{
    "name": "Aleksandar \u0110or\u0111evi\u0107",
    "team": "China national basketball team",
    "position": "Head coach",
    "height_m": "1.88",
    "weight_kg": "90",
    "birth_place": "Belgrade, SR Serbia,, Yugoslavia",
    "nationality": "Serbian",
    "draft_year": "1989",
    "career_start": "1983",
    "career_end": "2005",
    "career_position": "Point guard",
    "career_number": "4, 6, 10, 19, 20",
    "coach_start": "2006",
    "highlights": [
        "EuroLeague champion (1992)",
        "FIBA EuroStar (1997)",
        "FIBA EuroStars Top Scorer (1997)",
        "FIBA EuroStar 3 Point Contest Champion (1997)",
        "3\u00d7 FIBA Kora\u0107 Cup champion (1989, 1993, 1999)",
        "2\u00d7 FIBA Kora\u0107 Cup Finals Top Scorer (1993, 1999)",
        "3\u00d7 Spanish League champion (1997, 1999, 2000)",
        "Spanish League All-Star (2001)",
        "Liga ACB Free Throw Percentage leader (2002)",
        "3\u00d7 Italian League All-Star (1992, 1993, 1994)",
        "Italian League All-Star Game MVP (1994)",
        "Italian League All-Star Game 3 Point Contest Champion (1994)",
        "2\u00d7 Yugoslav League champion (1987, 1992)",
        "2\u00d7 Yugoslav Cup winner (1989, 1992)",
        "2\u00d7 Mister Europa Player of the Year (1994, 1995)",
        "EuroBasket MVP (1997)",
        "Best Athlete of FR Yugoslavia (1995)",
        "FR Yugoslav Sportsman of the Year (1995)",
        "50 Greatest EuroLeague Contributors (2008) '''As head coach:'''",
        "FIBA Champions League champion (2019)",
        "Italian League champion (2021)",
        "Turkish League champion (2022)",
        "Greek Cup winner (2016)",
        "German Cup winner (2018)"
    ],
    "bbr": "djordal01",
    "teams": {
        "Partizan": "1983\u20131992",
        "Olimpia Milano": "2005",
        "Fortitudo Bologna": "1994\u20131996",
        "Portland Trail Blazers": "1996",
        "FC Barcelona": "1996\u20131999",
        "Real Madrid": "1999\u20132002",
        "Scavolini Pesaro": "2003\u20132004"
    },
    "cteams": {
        "Olimpia Milano": "2006\u20132007",
        "Benetton Treviso": "2011\u20132012",
        "Serbia": "2013\u20132019",
        "Panathinaikos": "2015\u20132016",
        "Bayern Munich": "2016\u20132018",
        "Virtus Bologna": "2019\u20132021",
        "Fenerbah\u00e7e Beko": "2021\u20132022",
        "China": "2022\u2013"
    },
    "birth_date": "1967-8-26",
    "medaltemplates": [
        "Sport: Men's basketball",
        "Country: {{YUG}} / {{SCG}}",
        "Competition: Summer Olympic Games",
        "Silver Medal: 1996 Atlanta  ",
        "Competition: FIBA World Cup",
        "Gold Medal: 1998 Greece  ",
        "Competition: EuroBasket",
        "Gold Medal: 1991 Italy  ",
        "Gold Medal: 1995 Greece  ",
        "Gold Medal: 1997 Spain  ",
        "Bronze Medal: 1987 Greece  ",
        "Competition: FIBA U-19 World Cup",
        "Gold Medal: 1987 Italy Under-19 ",
        "Competition: FIBA U-18 European Championship",
        "Gold Medal: 1986 Austria Under-18 ",
        "Sport: Head Coach for {{SRB}}",
        "Competition: Summer Olympic Games",
        "Silver Medal: 2016 Rio de Janeiro  ",
        "Competition: FIBA World Cup",
        "Silver Medal: 2014 Spain  ",
        "Sport: Head Coach for {{CHN}}",
        "Competition: Asian Games",
        "Bronze Medal: 2022 Hangzhou  "
    ]
}