{
    "name": "Aleksandar Petrovi\u0107",
    "position": "Head coach",
    "birth_place": "\u0160ibenik, PR Croatia, FPR Yugoslavia",
    "nationality": "Croatian",
    "height_m": "1.94",
    "weight_kg": "86",
    "career_start": "1974",
    "career_end": "1991",
    "career_position": "Point guard / shooting guard",
    "coach_start": "1991",
    "highlights": [
        "2\u00d7 EuroLeague champion (1985, 1986)",
        "2\u00d7 FIBA Saporta Cup champion (1982, 1987)",
        "3\u00d7 Yugoslav League champion (1982, 1984, 1985)",
        "6\u00d7 Yugoslav Cup winner (1980\u20131983, 1985, 1986) '''As head coach'''",
        "6\u00d7 Croatian League champion (1992\u20131995, 1998, 2008)",
        "Croatian Cup winner (1995)",
        "EuroCup Coach of the Year (2011)",
        "Bosnian Coach of the Year (2012)"
    ],
    "teams": {
        "\u0160ibenka": "1974\u20131976",
        "Cibona": "1988\u20131989",
        "VL Pesaro": "1987\u20131988",
        "Novi Zagreb": "1989\u20131990",
        "Racing Luxembourg": "1990\u20131991"
    },
    "cteams": {
        "Cibona": "1997\u20131999",
        "Croatia": "2022\u20132023",
        "Sevilla": "1995\u20131997",
        "W\u0142oc\u0142awek": "2001\u20132002",
        "Lleida": "2004\u20132005",
        "Scafati": "2006",
        "Zadar": "2007\u20132008",
        "Cedevita Zagreb": "2012\u20132013",
        "Bosnia and Herzegovina": "2012\u20132013",
        "Lietuvos rytas": "2013\u20132014",
        "Brazil": "2017\u20132021",
        "VL Pesaro": "2021"
    },
    "birth_date": "1959-2-16",
    "medaltemplates": [
        "Sport: Men's basketball",
        "Sport: Head Coach for {{CRO}}",
        "Competition: EuroBasket",
        "Bronze Medal: 1995 Greece  Under-18",
        "Country: {{YUG}}",
        "Competition: Summer Olympics",
        "Bronze Medal: 1984 Los Angeles  Under-18",
        "Competition: FIBA World Cup",
        "Bronze Medal: 1982 Colombia  Under-18",
        "Bronze Medal: 1986 Spain  Under-18",
        "Competition: EuroBasket",
        "Bronze Medal: 1987 Greece  Under-18",
        "Competition: Universiade",
        "Gold Medal: 1987 Zagreb  Under-18",
        "Silver Medal: 1979 Mexico City  Under-18",
        "Bronze Medal: 1981 Bucharest  Under-18",
        "Competition: European Championship for Juniors",
        "Gold Medal: 1976 Spain Under-18 Under-18",
        "Competition: European Championship for Cadets",
        "Bronze Medal: 1975 Greece Under-16 Under-18"
    ]
}