{
    "name": "Aleksandar Radojevi\u0107",
    "height_ft": "7",
    "height_in": "3",
    "weight_lbs": "250",
    "nationality": "Bosnian",
    "college": "Barton County CC (1997\u20131999)",
    "draft_year": "1999",
    "draft_round": "1",
    "draft_pick": "12",
    "draft_team": "Toronto Raptors",
    "career_start": "1999",
    "career_end": "2012",
    "career_number": "25, 51",
    "career_position": "Center",
    "bbr": "radojal01 ",
    "teams": {
        "Lov\u0107en": "1995\u20131996",
        "Budu\u0107nost Podgorica": "1996\u20131997",
        "Toronto Raptors": "1999",
        "Union Olimpija": "2001\u20132002",
        "Basket Livorno": "2002",
        "Telekom Bonn": "2002\u20132003",
        "P.A.O.K.": "2003\u20132004",
        "Utah Jazz": "2004",
        "Asseco Prokom": "2005",
        "Olympia Larissa": "2005\u20132006",
        "APOEL Nicosia": "2012",
        "AEL Limassol": "2008\u20132009",
        "Al Riyadi Beirut": "2010",
        "Omonia": "2010\u20132011",
        "Rilski Sportist": "2011",
        "Lirija Skopje": "2012"
    },
    "birth_date": "1976-8-8"
}