{
    "name": "Aleksandar \u0106apin",
    "height_m": "1.86",
    "weight_kg": "84",
    "birth_place": "Sarajevo, SFR Yugoslavia",
    "nationality": "Slovenian / Serbian",
    "draft_year": "2004",
    "career_start": "2000",
    "career_end": "2017",
    "career_position": "Point guard",
    "career_number": "6, 10, 12, 13, 24",
    "highlights": [
        "LKL champion (2011)",
        "BBL champion (2011)",
        "Adriatic League MVP (2013)",
        "Adriatic League Top Scorer (2013)",
        "Adriatic League assists leader (2013)",
        "Macedonian League champion (2015)",
        "German League Best Young Player (2004)"
    ],
    "teams": {
        "Krka": "2000\u20132003",
        "Telekom Bonn": "2003\u20132004",
        "Gravelines-Dunkerque": "2004",
        "Panellinios": "2004\u20132005",
        "Viola Reggio Calabria": "2005\u20132006",
        "Cimberio Varese": "2006\u20132008",
        "Panionios": "2008",
        "Lokomotiv Rostov / Kuban": "2009",
        "\u017dalgiris": "2010\u20132011",
        "Union Olimpija": "2011",
        "T\u00fcrk Telekom": "2011\u20132012",
        "Radni\u010dki Kragujevac": "2012\u20132013",
        "Budu\u0107nost Podgorica": "2013\u20132014",
        "Juvecaserta Basket": "2014\u20132015",
        "MZT Skopje": "2015",
        "Igokea": "2015\u20132016",
        "Koroivos": "2016",
        "Sixt Primorska": "2017",
        "Dynamic": "2017"
    },
    "birth_date": "1982-10-06"
}