{
    "name": "Aleksey Savrasenko",
    "height_cm": "218",
    "weight_lbs": "290",
    "nationality": "Russian / Greek",
    "birth_place": "Krasnodar, Russian SFSR, Soviet Union",
    "draft_year": "2001",
    "career_position": "Center",
    "career_start": "1995",
    "career_end": "2013",
    "highlights": [
        "2\u00d7 Triple Crown winner (1997, 2006)",
        "3\u00d7 EuroLeague champion (1997, 2006, 2008)",
        "FIBA EuroStar (2007)",
        "EuroCup champion (2013)",
        "2\u00d7 Greek League champion (1996, 1997)",
        "2\u00d7 Greek Cup winner (1997, 2002)",
        "6\u00d7 Russian Championship champion (2003, 2004, 2005, 2006, 2007, 2008)",
        "3\u00d7 Russian Cup winner (2005, 2006, 2007)",
        "Russian Cup MVP (2007)"
    ],
    "teams": {
        "Olympiacos Piraeus": "1995\u20132002",
        "\u2192Peristeri Athens": "2000\u20132001",
        "CSKA Moscow": "2002\u20132009",
        "\u2192Spartak St. Petersburg": "2009",
        "Dynamo Moscow": "2009\u20132010",
        "Khimki": "2010\u20132011",
        "UNICS Kazan": "2011\u20132012",
        "Lokomotiv Kuban Krasnodar": "2012\u20132013"
    },
    "birth_date": "1979-2-28",
    "medaltemplates": [
        "Sport: Men's Basketball",
        "Country: {{RUS}}",
        "Competition: FIBA EuroBasket",
        "Gold Medal: 2007 Spain  "
    ]
}