{
    "name": "Aleksandar Nikoli\u0107",
    "height_ft": "5",
    "height_in": "8",
    "birth_place": "Sarajevo, Kingdom of Serbs, Croats and Slovenes",
    "death_date": "2000",
    "death_place": "Belgrade, FR Yugoslavia",
    "nationality": "Serbian",
    "career_number": "4",
    "career_position": "Small forward",
    "career_start": "1945",
    "career_end": "1951",
    "coach_start": "1951",
    "coach_end": "1985",
    "highlights": [
        "4\u00d7 Yugoslav League champion (1945, 1947\u20131949) '''As head coach''':",
        "FIBA Order of Merit (1995)",
        "2\u00d7 FIBA Intercontinental Cup champion (1970, 1973)",
        "3\u00d7 EuroLeague champion (1970, 1972, 1973)",
        "50 Greatest EuroLeague Contributors (2008)",
        "2\u00d7 European Coach of the Year (1966, 1976)",
        "FIBA European Selection (1979)",
        "FIBA Cup Winners' Cup champion (1974)",
        "3\u00d7 Italian League champion (1970, 1972, 1973)",
        "3\u00d7 Italian Cup winner (1970, 1971, 1973)",
        "Yugoslav League champion (1963)",
        "Yugoslav Cup winner (1962)",
        "Piva Ivkovi\u0107 Award for Lifetime Achievement (1995)"
    ],
    "letter": "N",
    "HOF_coach": "aleksandar-nikolic",
    "FIBA_HOF_coach": "Aleksandar-Nikolic",
    "teams": {
        "Crvena zvezda": "1947\u20131949",
        "Yugoslav Army": "1945",
        "Partizan": "1946",
        "\u017delezni\u010dar \u010ca\u010dak": "1950",
        "BSK Beograd": "1951"
    },
    "cteams": {
        "Yugoslavia": "1977\u20131978",
        "Partizan": "1959\u20131961",
        "OKK Beograd": "1965\u20131967",
        "Petrarca Padova": "1963\u20131965",
        "Varese": "1969\u20131973",
        "Crvena zvezda": "1973\u20131974",
        "Fortitudo Bologna": "1974\u20131976",
        "Borac \u010ca\u010dak": "1978\u20131980",
        "Virtus Bologna": "1981\u20131982",
        "Reyer Venezia": "1982\u20131983",
        "Victoria Libertas": "1983\u20131984",
        "Udinese": "1984\u20131985"
    },
    "birth_date": "1924-10-28",
    "medaltemplates": [
        "Sport: Men's basketball",
        "Country: {{YUG}}",
        "Competition: Balkan and Central Europe Games",
        "Silver Medal: 1947 Albania Team ",
        "Sport: Head Coach for {{YUG}}",
        "Competition: FIBA World Cup",
        "Gold Medal: 1978 Philippines  ",
        "Silver Medal: 1963 Brazil  ",
        "Competition: FIBA EuroBasket",
        "Gold Medal: 1977 Belgium  ",
        "Silver Medal: 1965 Soviet Union  ",
        "Bronze Medal: 1963 Poland  ",
        "Silver Medal: 1961 Yugoslavia  ",
        "Competition: Mediterranean Games",
        "Gold Medal: 1959 Lebanon  "
    ]
}