{
    "name": "Alex Legion",
    "position": "Guard",
    "height_ft": "6",
    "height_in": "5",
    "weight_lb": "200",
    "team": "Free agent",
    "birth_place": "Detroit, Michigan",
    "nationality": "American",
    "high_school": "Oak Hill Academy, (Mouth of Wilson, Virginia)",
    "college": "Kentucky (2007\u20132008), Illinois (2008\u20132010), FIU (2010\u20132011)",
    "draft_year": "2011",
    "career_start": "2012",
    "highlights": [
        "Fourth-team ''Parade'' All-American (2007)"
    ],
    "teams": {
        "PVSK Panthers": "2012\u20132013",
        "Roseto Sharks": "2013\u20132014",
        "Sagesse Beirut": "2014",
        "Veroli Basket": "2014",
        "Pallacanestro Trapani": "2014\u20132015",
        "Al Jaysh Doha": "2015\u20132016",
        "Arkadikos": "2016",
        "Viola Reggio Calabria": "2016\u20132017",
        "Fortitudo Bologna": "2017\u20132018",
        "Pallacanestro Mantovana": "2018",
        "Valdivia": "2018\u20132019"
    },
    "birth_date": "1988-11-16"
}