{
    "name": "Alex Loughton",
    "position": "Power forward / center",
    "height_cm": "206",
    "weight_kg": "106",
    "league": "NBL1 North",
    "team": "Cairns Marlins",
    "number": "40",
    "birth_place": "Perth, Western Australia, Australia",
    "high_school": "St Stephen's School, (Perth, Western Australia)",
    "college": "Old Dominion (2002\u20132006)",
    "draft_year": "2006",
    "career_start": "2000",
    "highlights": [
        "All-NBL Third Team (2011)",
        "QBL champion (2016)",
        "CAA Player of the Year (2005)",
        "2\u00d7 First-team All-CAA (2004, 2005)",
        "Second-team All-CAA (2006)",
        "CAA All-Defensive Team (2005)",
        "CAA All-Rookie Team (2003)"
    ],
    "teams": {
        "Wanneroo Wolves": "2008\u20132009",
        "Australian Institute of Sport": "2001",
        "Aguas Gandia": "2006\u20132007",
        "Perth Wildcats": "2007\u20132009",
        "Ourense Baloncesto": "2009\u20132010",
        "Cairns Taipans": "2010\u20132019",
        "Cairns Marlins": "2019,, 2021\u2013present",
        "Perth Redbacks": "2017\u20132018"
    },
    "birth_date": "1983-5-3"
}