{
    "name": "Alex Garcia",
    "position": "Shooting guard / small forward",
    "height_ft": "6",
    "height_in": "3",
    "weight_lbs": "225",
    "league": "NBB",
    "team": "Bauru",
    "number": "10",
    "nationality": "Brazilian",
    "birth_place": "Orl\u00e2ndia, Brazil",
    "draft_year": "2002",
    "career_start": "1999",
    "highlights": [
        "2\u00d7 FIBA Americas League champion (2009, 2015)",
        "2\u00d7 FIBA Americas League Grand Finals MVP (2009, 2015)",
        "2\u00d7 FIBA South American League champion (2010, 2014)",
        "FIBA South American League MVP (2014)",
        "6\u00d7 Brazilian champion (2003, 2007, 2010\u20132012, 2017)",
        "Brazilian League MVP (2015)",
        "Brazilian League Finals MVP (2017)",
        "7\u00d7 All-Brazilian League Team (2009\u20132012, 2015\u20132017)",
        "9\u00d7 Brazilian League Defender of the Year (2009\u20132016, 2020)",
        "10\u00d7 Brazilian All-Star (2009\u20132015, 2017\u20132019)",
        "2\u00d7 Brazilian All-Star Game MVP (2013, 2014)",
        "NBB Forward of the Year (2003)",
        "NBB Guard of the Year (2007)",
        "NBB Domestic Player of the Year (2003)",
        "6\u00d7 All-NBB First Team (2003, 2010\u20132012, 2016, 2017)"
    ],
    "bbr": "garcial01",
    "teams": {
        "COC Ribeir\u00e3o Preto": "2005\u20132006",
        "San Antonio Spurs": "2003",
        "New Orleans Hornets": "2004",
        "Bras\u00edlia": "2006\u20132007",
        "Maccabi Tel Aviv": "2007\u20132008",
        "Pinheiros": "2008",
        "Brasilia": "2008\u20132014",
        "Bauru": "2020\u2013present",
        "Minas": "2019\u20132020"
    },
    "birth_date": "1980-3-4",
    "medaltemplates": [
        "Sport: Men's basketball",
        "Country: {{BRA}}",
        "Competition: FIBA AmeriCup",
        "Gold Medal: 2009 Puerto Rico  Under-18",
        "Silver Medal: 2001 Neuqu\u00e9n  Under-18",
        "Silver Medal: 2011 Mar del Plata  Under-18",
        "Competition: FIBA South American Championship",
        "Gold Medal: 2003 Montevideo  Under-18",
        "Competition: Pan American Games",
        "Gold Medal: 2003 Santo Domingo  Under-18",
        "Gold Medal: 2007 Rio de Janeiro  Under-18"
    ]
}