{
    "name": "Alexander Gomelsky",
    "birth_place": "Kronstadt, Leningrad Oblast, RSFSR, Soviet Union",
    "nationality": "Soviet / Russian",
    "death_date": "2005",
    "death_place": "Moscow, Russia",
    "career_start": "1945",
    "career_end": "1953",
    "career_position": "Point guard / shooting guard",
    "coach_start": "1949",
    "coach_end": "1991",
    "highlights": [
        "Olympics Games champion (1988)",
        "2\u00d7 FIBA World Cup champion (1967, 1982)",
        "6\u00d7 FIBA EuroBasket champion (1963, 1965, 1967, 1969, 1979, 1981)",
        "4\u00d7 EuroLeague champion (1958\u20131960, 1971)",
        "FIBA EuroStar (1999)",
        "Honored Coach of the USSR (1956)",
        "Master of Sports of the USSR International Class (1965)",
        "12\u00d7 Soviet League champion (1955\u20131958, 1971\u20131974, 1976\u20131979)",
        "2\u00d7 Soviet Cup winner (1972, 1973)",
        "4\u00d7 Soviet Union Men's Basketball Coach of the Year (1967, 1977, 1982, 1988)",
        "Honored Coach of the Lithuanian SSR (1982)",
        "Olympic Order (1998)",
        "Contributor to Russian Basketball (2004)",
        "50 Greatest EuroLeague Contributors (2008)"
    ],
    "HOF_coach": "aleksandr-j-gomelsky",
    "FIBA_HOF_coach": "Alexander-Gomelsky",
    "teams": {
        "SKIF Leningrad": "1945\u20131948",
        "SKA Leningrad": "1949\u20131953"
    },
    "cteams": {
        "Spartak Leningrad (women)": "1949\u20131952",
        "R\u012bgas ASK": "1953\u20131965",
        "CSKA Moscow": "1970\u20131979, 1985\u20131986",
        "Tenerife AB": "1988\u20131989",
        "CSP Limoges": "1990\u20131991"
    },
    "birth_date": "1928-01-18",
    "medaltemplates": [
        "Sport: Men\u2019s Basketball",
        "Sport: Head coach for {{URS}}",
        "Competition: FIBA EuroBasket",
        "Gold Medal: 1963 Poland  ",
        "Gold Medal: 1965 Soviet Union  ",
        "Gold Medal: 1967 Finland  ",
        "Gold Medal: 1969 Italy  ",
        "Silver Medal: 1977 Belgium  ",
        "Gold Medal: 1979 Italy  ",
        "Gold Medal: 1981 Czechoslovakia  ",
        "Bronze Medal: 1983 France  ",
        "Silver Medal: 1987 Greece  ",
        "Competition: FIBA World Cup",
        "Bronze Medal: 1963 Rio de Janeiro  ",
        "Gold Medal: 1967 Montevideo  ",
        "Bronze Medal: 1970 Yugoslavia  ",
        "Silver Medal: 1978 Philippines  ",
        "Gold Medal: 1982 Colombia  ",
        "Competition: Olympic Games",
        "Silver Medal: 1964 Tokyo  ",
        "Bronze Medal: 1968 Mexico City  ",
        "Bronze Medal: 1980 Moscow  ",
        "Gold Medal: 1988 Seoul  "
    ]
}