{
    "name": "Alexis Hornbuckle",
    "team": "Free agent",
    "position": "Guard",
    "height_ft": "5",
    "height_in": "10",
    "weight_lbs": "155",
    "birth_place": "Charleston, West Virginia, U.S.",
    "high_school": "Capital, (Charleston, West Virginia), South Charleston, (South Charleston, West Virginia)",
    "college": "Tennessee (2004\u20132008)",
    "draft_league": "WNBA",
    "draft_year": "2008",
    "draft_round": "1",
    "draft_pick": "4",
    "draft_team": "Detroit Shock",
    "career_start": "2008",
    "highlights": [
        "WNBA steals leader (2008)",
        "2\u00d7 WNBA champion (2008, 2011)",
        "2\u00d7 NCAA champion (2007, 2008)"
    ],
    "teams": {
        "Detroit Shock": "2008\u20132009",
        "Tulsa Shock": "2010",
        "Minnesota Lynx": "2010\u20132011",
        "Phoenix Mercury": "2012\u20132013"
    },
    "birth_date": "1985-10-16",
    "medaltemplates": [
        "Sport: Women's basketball",
        "Country: the {{USA}}",
        "Competition: Pan American Games",
        "Gold Medal: 2007 Brazil Team competition "
    ]
}