{
    "name": "Alex Cabagnot",
    "position": "Point guard / shooting guard / head coach",
    "league": "MPBL",
    "team": "Bacolod City of Smiles",
    "number": "1",
    "nationality": "Filipino",
    "birth_place": "Quezon City, Philippines",
    "height_ft": "6",
    "height_in": "0",
    "weight_lbs": "180",
    "high school": "Eagle Rock (Los Angeles, California)",
    "college": [
        "Los Angeles Valley College (2001\u20132003)",
        "Hawaii-Hilo (2003\u20132005)"
    ],
    "draft_year_pba": "2005",
    "draft_round_pba": "1",
    "draft_pick_pba": "2",
    "draft_team_pba": "Sta. Lucia Realtors",
    "career_start": "2005",
    "coach_start": "2016",
    "awards": [
        "9\u00d7 PBA champion (2011 Governors', 2014\u201315 Philippine, 2015 Governors', 2015\u201316 Philippine, 2016\u201317 Philippine, 2017 Commissioner's, 2017\u201318 Philippine, 2019 Philippine, 2019 Commissioner's)",
        "PBA Finals MVP (2017 Commissioner's)",
        "8x PBA All-Star (2011\u20132013, 2016\u20132019, 2023)",
        "PBA All-Star Game MVP (2016)",
        "PBA Mythical First Team (2016)",
        "2\u00d7 PBA Mythical Second Team (2012, 2015)",
        "PBA Comeback Player of the Year (2014)",
        "PBA Obstacle Challenge Co-Champion (2007)"
    ],
    "teams": {
        "Sta. Lucia Realtors": "2005\u20132007",
        "Coca-Cola Tigers": "2007\u20132009",
        "Burger King Whoppers": "2009\u20132010",
        "San Miguel Beermen / Petron Blaze Boosters": "2010\u20132014",
        "GlobalPort Batang Pier": "2014",
        "San Miguel Beermen": "2014\u20132021",
        "Terrafirma Dyip": "2021\u20132023",
        "Goyang Sono Skygunners": "2023\u20132024",
        "Bacolod City of Smiles": "2024\u2013present"
    },
    "cteams": {
        "UP Fighting Maroons (skills coach)": "2016\u20132019",
        "Bacolod City of Smiles": "2024\u2013present"
    },
    "birth_date": "1982-12-8"
}