{
    "name": "Alex Compton",
    "nationality": "American",
    "height_ft": "5",
    "height_in": "11",
    "weight_lbs": "175",
    "birth_place": "Makati, Philippines",
    "high_school": "Madison West (Madison, Wisconsin)",
    "college": [
        "Saint Joseph's (1992\u20131994)",
        "Cornell (1995\u20131997)"
    ],
    "career_start": "1998",
    "career_end": "2008",
    "coach_start": "2006",
    "coach_end": "2019",
    "highlights": [
        "2\u00d7 MBA champion (1999, 2001)",
        "MBA Most Valuable Player (1999)",
        "All-MBA (1999, 2001)",
        "PBL champion (2004-05 Open Championship's)",
        "PBL Finals MVP (2004-05 Open  Championship's)",
        "PBL Mythical Second Team (2003-04 Platinum, 2006 Unity)",
        "PBL Sportsmanship Award (2002-03 Challenge) '''As assistant coach:'''",
        "PBA champion (2013 Commissioner's)"
    ],
    "teams": {
        "Manila Metrostars": "1998\u20132000",
        "Batangas Blades": "2001",
        "LBC-Batangas Blades": "2002",
        "Sunkist-UST Tigers": "2003",
        "Monta\u00f1a Pawnshop Jewels": "2004\u20132005",
        "Welcoat Dragons": "2006\u20132008"
    },
    "cteams": {
        "Welcoat Dragons/Rain or Shine Elasto Painters (assistant)": "2006\u20132009",
        "Coca-Cola Tigers / Powerade Tigers (assistant)": "2009\u20132012",
        "Alaska Aces (assistant)": "2012\u20132014",
        "Alaska Aces": "2014\u20132019"
    },
    "birth_date": "1974-3-16",
    "medaltemplates": [
        "Sport: Men's Basketball",
        "Sport: Assistant coach for {{PHL}}",
        "Competition: FIBA Asia Championship",
        "Silver Medal: 2015 Changsha Team ",
        "Competition: William Jones Cup",
        "Silver Medal: 2015 Taipei National Team "
    ]
}