{
    "name": "Alex Ruoff",
    "position": "Assistant Coach",
    "league": "Big 12",
    "team": "West Virginia",
    "height_m": "1.98",
    "weight_kgs": "100",
    "nationality": "American",
    "birth_place": "Hamilton, Ohio, U.S.",
    "high_school": "Central (Brooksville, Florida)",
    "college": "West Virginia (2005\u20132009)",
    "draft_year": "2009",
    "career_start": "2009",
    "career_end": "2022 ",
    "teams": {
        "Li\u00e8ge": "2009\u20132010",
        "Okapi Aalstar": "2010\u20132012",
        "Canton Charge": "2012\u20132013",
        "Iowa Energy": "2013",
        "G\u00f6ttingen": "2019\u20132020",
        "Bilbao": "2015\u20132016",
        "Riesen Ludwigsburg": "2016",
        "Joventut": "2017\u20132018",
        "Mitteldeutscher BC": "2018\u20132019",
        "Helsinki Seagulls": "2019",
        "Nishinomiya Storks": "2020\u20132021",
        "Brose Bamberg": "2021"
    },
    "birth_date": "1986-8-29"
}