{
    "name": "Alexander Johnson",
    "height_ft": "6",
    "height_in": "9",
    "weight_lb": "240",
    "nationality": "American",
    "birth_place": "Albany, Georgia, U.S.",
    "highschool": "Dougherty (Albany, Georgia)",
    "college": "Florida State (2003\u20132006)",
    "draft_year": "2006",
    "draft_round": "2",
    "draft_pick": "45",
    "draft_team": "Indiana Pacers",
    "career_start": "2006",
    "career_end": "2013",
    "career_number": "32, 13",
    "career_position": "Power forward",
    "highlights": [
        "Fourth-team ''Parade'' All-American (2002)"
    ],
    "bbr": "johnsal01 ",
    "teams": {
        "Memphis Grizzlies": "2006",
        "Miami Heat": "2007",
        "Brose Baskets": "2008\u20132009",
        "Dongguan Leopards": "2009\u20132010",
        "Sioux Falls Skyforce": "2010",
        "Idaho Stampede": "2011",
        "Seoul SK Knights": "2011\u20132012",
        "Liaoning Flying Leopards": "2012\u20132013"
    },
    "birth_date": "1983-2-8"
}