{
    "name": "Alexander Petrenko",
    "height_ft": "6",
    "height_in": "8.75",
    "weight_lbs": "230",
    "nationality": "Russian",
    "birth_place": "Almaty, Kazakh SSR, Soviet Union",
    "death_date": "2006",
    "death_place": "Samara, Russia",
    "career_position": "Power forward",
    "coach_start": "1993",
    "coach_end": "2006",
    "highlights": [
        "Russian Player of the Year (2006)"
    ],
    "teams": {
        "Samara": "1993\u20131997",
        "Arsenal Tula": "1997\u20131999",
        "UNICS": "1999\u20132000",
        "CSKA Moscow": "2000\u20132002",
        "Khimki": "2002\u20132006"
    },
    "birth_date": "1976-2-4",
    "medaltemplates": [
        "Country: {{RUS}}",
        "Competition: FIBA Europe Under-16 Championship",
        "Bronze Medal: 1993 Turkey Under-16 Team competition"
    ]
}