{
    "name": "Alexander Lokhmanchuk",
    "position": "Power forward",
    "height_ft": "6",
    "height_in": "10.25",
    "weight_lbs": "223",
    "birth_place": "Kerch, Ukrainian SSR, Soviet Union",
    "nationality": "Ukrainian",
    "career_start": "1990",
    "career_end": "2007",
    "teams": {
        "BC Budivelnyk": "2006\u20132007",
        "Kharkiv": "1992\u20131994",
        "Pallacanestro Varese": "1997\u20131998",
        "Oyak Renault": "1998",
        "Fenerbah\u00e7e": "1999",
        "Aurora Basket Jesi": "1999\u20132000",
        "Bayer Leverkusen": "2000\u20132001",
        "Opel Skyliners": "2001\u20132002",
        "SLUC Nancy": "2002\u20132003",
        "Azovmash Mariupol": "2003\u20132004",
        "BC Kyiv": "2004\u20132005",
        "Walter Tigers T\u00fcbingen": "2005\u20132006"
    },
    "birth_date": "1973-5-28"
}