{
    "name": "Alex Acker",
    "height_ft": "6",
    "height_in": "5",
    "weight_lbs": "185",
    "nationality": "American / Italian",
    "birth_place": "Compton, California, U.S.",
    "high_school": "Eisenhower (Rialto, California)",
    "college": "Pepperdine (2002\u20132005)",
    "draft_year": "2005",
    "draft_round": "2",
    "draft_pick": "60",
    "draft_team": "Detroit Pistons",
    "career_start": "2005",
    "career_end": "2021",
    "career_position": "Shooting guard",
    "career_number": "6, 3",
    "highlights": [
        "LNB Pro A champion (2014)",
        "LNB Pro A Finals MVP (2014)",
        "First-team All-WCC (2005)"
    ],
    "teams": {
        "Detroit Pistons": "2008",
        "\u2192Fayetteville Patriots": "2006",
        "Olympiacos": "2006\u20132007",
        "FC Barcelona": "2007\u20132008",
        "\u2192Fort Wayne Mad Ants": "2009",
        "Los Angeles Clippers": "2008",
        "Olimpia Milano": "2009\u20132010",
        "Le Mans Sarthe": "2010\u20132012",
        "Asseco Prokom Gdynia": "2012",
        "Boulazac Dordogne": "2013",
        "ASVEL": "2015",
        "Limoges": "2013\u20132014",
        "\u0130stanbul BB": "2014",
        "Sidigas Avellino": "2015\u20132016",
        "Pallacanestro Cant\u00f9": "2016\u20132017",
        "Apollon Patras": "2017\u20132018",
        "Gallarate Basket": "2020\u20132021"
    },
    "birth_date": "1983-1-21"
}