{
    "name": "Alex Righetti",
    "position": "Small forward",
    "height_ft": "6",
    "height_in": "6",
    "weight_lbs": "216",
    "career_number": "9",
    "nationality": "Italian",
    "birth_place": "Rimini, Italy",
    "draft_year": "1999",
    "career_start": "1993",
    "career_end": "2017",
    "highlights": [
        "FIBA EuroChallenge champion (2009)",
        "Italian Cup champion (2008)",
        "Italian Supercup champion (2000)"
    ],
    "teams": {
        "Basket Rimini": "1993\u20132000",
        "Virtus Roma": "2013\u20132017",
        "Scandone Avellino": "2007\u20132008",
        "Virtus Bologna": "2008\u20132010",
        "Pallacanestro Varese": "2010\u20132011",
        "Juvecaserta": "2011\u20132012",
        "FCM Ferentino": "2012\u20132013"
    },
    "birth_date": "1977-8-14",
    "medaltemplates": [
        "Sport: Men's basketball",
        "Country: {{ITA}}",
        "Competition: Olympic Games",
        "Silver Medal: 2004 Athens Team competition Under-18",
        "Competition: European Championships",
        "Bronze Medal: 2003 Sweden Team competition Under-18"
    ]
}