{
    "name": "Oleksandr Volkov",
    "height_ft": "6",
    "height_in": "10",
    "weight_lb": "243",
    "birth_place": "Omsk, Russian SFSR, Soviet Union",
    "nationality": "Ukrainian",
    "draft_year": "1986",
    "draft_round": "6",
    "draft_pick": "134",
    "draft_team": "Atlanta Hawks",
    "career_start": "1981",
    "career_end": "2002",
    "career_number": "8",
    "career_position": "Power forward / center",
    "highlights": [
        "Greek League champion (1995)",
        "Greek All-Star Game (1994 II)",
        "2\u00d7 Soviet League champion (1988, 1989)",
        "Soviet League MVP (1989)",
        "Italian All-Star Game (1992)",
        "FIBA's 50 Greatest Players (1991)",
        "Order of Friendship (Russia) (2006)",
        "Order of Merit (Ukraine) (2011)"
    ],
    "bbr": "volkoal01",
    "FIBA_HOF_player": "Alexander-Volkov",
    "teams": {
        "Stroitel": "1988\u20131989",
        "CSKA Moscow": "1986\u20131988",
        "Atlanta Hawks": "1989\u20131991",
        "Reggio Calabria": "1992\u20131993",
        "Panathinaikos": "1993\u20131994",
        "Olympiacos": "1994\u20131995",
        "Kyiv": "2000\u20132002"
    },
    "birth_date": "1964-03-28",
    "medaltemplates": [
        "Sport: Men's Basketball",
        "Country: the {{USSR}}",
        "Competition: Olympic Games",
        "Gold Medal: 1988 Seoul  Under-18",
        "Competition: FIBA World Cup",
        "Silver Medal: 1986 Spain  Under-18",
        "Silver Medal: 1990 Argentina  Under-18",
        "Competition: EuroBasket",
        "Gold Medal: 1985 West Germany  Under-18",
        "Silver Medal: 1987 Greece  Under-18",
        "Bronze Medal: 1989 Yugoslavia  Under-18"
    ]
}