{
    "name": "Alex Blackwell",
    "height_ft": "6",
    "height_in": "6",
    "weight_lb": "250",
    "nationality": "American",
    "birth_place": "Toms River, New Jersey",
    "high_school": "Toms River High School North, (Toms River, New Jersey), Oak Hill Academy, (Mouth of Wilson, Virginia)",
    "college": "Monmouth (1989\u20131992)",
    "draft_year": "1992",
    "career_start": "1992",
    "career_end": "2009",
    "career_position": "Small forward",
    "career_number": "30",
    "bbr": "blackal01",
    "teams": {
        "Los Angeles Lakers": "1992",
        "Trabzonspor": "1993",
        "Omaha Racers": "1993\u20131995",
        "Connecticut Pride": "1995\u20131996",
        "Connecticut Skyhawks": "1996",
        "Santeros de Aguada": "1996",
        "Rockford Lightning": "1996",
        "Yakima Sun Kings": "1996\u20131997",
        "Fort Wayne Fury": "1997",
        "Avancinos de Villalba": "1997",
        "Andino": "1998\u20131999",
        "CB Murcia": "1998",
        "Cangrejeros de Santurce": "2000",
        "Welcome": "1999",
        "Guaiquer\u00edes de Margarita": "2002",
        "Vaqueros de Bayam\u00f3n": "2000",
        "Los Barrios": "2000\u20132001",
        "Rosal\u00eda de Castro": "2001",
        "Club San Carlos": "2002",
        "Paisas de Medell\u00edn": "2003\u20132004",
        "Trotamundos de Carabobo": "2004",
        "La Ola Roja del Distrito Federal": "2004",
        "Comunal Ancud": "2004",
        "Libertad de Sunchales": "2004\u20132005",
        "Uberl\u00e2ndia": "2005\u20132007",
        "Club Malv\u00edn": "2007\u20132008",
        "Guruyu Watson": "2008",
        "Espa\u00f1ol de Talca": "2008\u20132009",
        "Universidad de Los Lagos": "2009"
    },
    "birth_date": "1970-6-27",
    "medaltemplates": [
        "Sport: Men\u2019s Basketball",
        "Country: {{USA}}",
        "Competition: Summer Universiade",
        "Gold Medal: 1991 Sheffield National team "
    ]
}