{
    "name": "Alex Hannum",
    "birth_place": "Los Angeles, California, U.S.",
    "death_date": "2002",
    "death_place": "San Diego, California, U.S.",
    "nationality": "American",
    "height_ft": "6",
    "height_in": "7",
    "weight_lbs": "210",
    "high_school": "Alexander Hamilton, (Los Angeles, California)",
    "college": "USC (1942\u20131943; 1946\u20131948)",
    "draft_year": "1948",
    "draft_round": "\u2013",
    "draft_pick": "\u2013",
    "draft_team": "Indianapolis Jets",
    "career_start": "1948",
    "career_end": "1957",
    "career_position": "Power forward / center",
    "career_number": "10, 11, 20, 4, 6, 33, 18",
    "coach_start": "1956",
    "coach_end": "1974",
    "highlights": [
        "First-team All-PCC (1948) '''As coach:'''",
        "2\u00d7 NBA champion (1958, 1967)",
        "NBA Coach of the Year (1964)",
        "2\u00d7 NBA All-Star Game head coach (1958, 1965)",
        "ABA champion  (1969)",
        "ABA Coach of the Year (1969)"
    ],
    "cstats_league1": "ABA & NBA",
    "HOF_coach": "alex-hannum ",
    "teams": {
        "Oshkosh All-Stars": "1948\u20131949",
        "Syracuse Nationals": "1949\u20131950",
        "Baltimore Bullets": "1951",
        "Rochester Royals": "1951\u20131953",
        "Milwaukee / St. Louis Hawks": "1954\u20131955",
        "Fort Wayne Pistons": "1956",
        "St. Louis Hawks": "1956"
    },
    "cteams": {
        "St. Louis Hawks": "1956\u20131957",
        "Syracuse Nationals": "1960\u20131962",
        "San Francisco Warriors": "1963\u20131965",
        "Philadelphia 76ers": "1966\u20131967",
        "Oakland Oaks": "1968\u20131969",
        "San Diego Rockets": "1969\u20131970",
        "Denver Rockets": "1971\u20131974"
    },
    "NBA": {
        "Points": "3,078 (6.0 ppg)",
        "Rebound": "2,013 (4.5 rpg)",
        "Assists": "857 (1.7 apg)"
    },
    "cABA & NBA": {
        "win": "649",
        "loss": "564"
    },
    "birth_date": "1923-7-19"
}