{
    "name": "Alex Stivrins",
    "height_ft": "6",
    "height_in": "8",
    "weight_lb": "220",
    "birth_place": "Lincoln, Nebraska, U.S.",
    "high_school": "Lincoln East (Lincoln, Nebraska)",
    "college": [
        "Creighton (1980\u20131982)",
        "Colorado (1983\u20131985)"
    ],
    "draft_year": "1985",
    "draft_round": "4",
    "draft_pick": "75",
    "draft_team": "Seattle SuperSonics",
    "career_start": "1985",
    "career_end": "1997",
    "career_number": "42, 11, 25, 43",
    "career_position": "Small forward",
    "bbr": "stivral01 ",
    "teams": {
        "Seattle SuperSonics": "1985",
        "Wyoming Wildcatters": "1985\u20131986",
        "Avignon": "1986\u20131987",
        "Tenerife": "1987",
        "Canarias": "1989\u20131990",
        "Aurora Desio": "1991",
        "Omaha Racers": "1993",
        "Cercom Ferrara": "1991\u20131992",
        "Phoenix Suns": "1992",
        "Atlanta Hawks": "1992",
        "Los Angeles Clippers": "1992",
        "Milwaukee Bucks": "1992",
        "Breog\u00e1n": "1993\u20131994",
        "Japan Energy Griffins": "1996\u20131997"
    },
    "birth_date": "1962-11-29"
}