{
    "name": "Alex Stepheson",
    "position": "Power forward / center",
    "height_ft": "6",
    "height_in": "10",
    "weight_lb": "249",
    "birth_place": "Los Angeles, California, U.S.",
    "highschool": "Harvard-Westlake (North Hollywood, California)",
    "college": [
        "North Carolina (2006\u20132008)",
        "USC (2009\u20132011)"
    ],
    "draft_year": "2011",
    "career_start": "2011",
    "career_end": "2019",
    "highlights": [
        "All-NBA D-League First Team (2016)",
        "NBA D-League All-Star (2016)",
        "Slovenian Supercup winner (2013)",
        "Slovenian Supercup MVP (2013)",
        "Turkish League All-Star (2015)",
        "Fourth-team ''Parade'' All-American (2006)"
    ],
    "teams": {
        "Panionios": "2011\u20132012",
        "Union Olimpija": "2013\u20132014",
        "\u0130stanbul BB": "2014\u20132015",
        "Iowa Energy": "2015\u20132016",
        "Los Angeles Clippers": "2015",
        "Memphis Grizzlies": "2015",
        "Guangzhou Long-Lions": "2016\u20132017",
        "Meralco Bolts": "2017",
        "Yokohama B-Corsairs": "2018\u20132019",
        "Blackwater Elite": "2019",
        "Koshigaya Alphas": "2019"
    },
    "birth_date": "1987-8-7"
}