{
    "name": "Alexis Kyritsis \u0391\u03bb\u03ad\u03be\u03b7\u03c2 \u039a\u03c5\u03c1\u03af\u03c4\u03c3\u03b7\u03c2",
    "position": "Shooting guard / small forward",
    "height_ft": "6",
    "height_in": "6",
    "weight_lbs": "220",
    "league": "Greek 3nd Division",
    "team": "Panionios",
    "nationality": "Greek",
    "birth_place": "Athens, Greece",
    "career_start": "2000",
    "highlights": [
        "2\u00d7 Greek Cup winner (2004, 2012)",
        "4\u00d7 Greek Second Division Top Scorer  (2003, 2017, 2018, 2021)"
    ],
    "teams": {
        "Papagou": "2019\u20132020",
        "Aris": "2003\u20132005",
        "Maroussi": "2005\u20132007",
        "AEK": "2007\u20132008",
        "PAOK": "2008\u20132009",
        "Kavala": "2009\u20132010",
        "Ilysiakos": "2010\u20132011",
        "Panathinaikos": "2011\u20132012",
        "Ikaros Kallitheas": "2012\u20132013",
        "Panionios": "2013\u20132014",
        "Doxa Lefkadas": "2014\u20132015",
        "Doukas": "2015\u20132018",
        "Apollon Patras": "2018\u20132019",
        "Psychiko": "2020\u20132021"
    },
    "birth_date": "1982-5-18",
    "medaltemplates": [
        "Sport: Men's Basketball",
        "Country: {{GRE}}",
        "Competition: Mediterranean Games",
        "Silver Medal: 2009 Pescara Under-26 "
    ]
}