{
    "name": "Alex English",
    "height_ft": "6",
    "height_in": "8",
    "weight_lb": "190",
    "birth_place": "Columbia, South Carolina, U.S.",
    "high_school": "Dreher (Columbia, South Carolina)",
    "college": "South Carolina (1972\u20131976)",
    "draft_year": "1976",
    "draft_round": "2",
    "draft_pick": "23",
    "draft_team": "Milwaukee Bucks",
    "career_start": "1976",
    "career_end": "1992",
    "coach_start": "2002",
    "coach_end": "2013",
    "career_position": "Small forward",
    "career_number": "23, 22, 2",
    "highlights": [
        "8\u00d7 NBA All-Star (1982\u20131989)",
        "3\u00d7 All-NBA Second Team (1981, 1982, 1985)",
        "NBA scoring champion (1982)",
        "No. 2 retired by Denver Nuggets",
        "No. 22 retired by South Carolina Gamecocks"
    ],
    "HOF_player": "alex-english",
    "CBBASKHOF_year": "2006 ",
    "teams": {
        "Milwaukee Bucks": "1976\u20131977",
        "Indiana Pacers": "1978\u20131979",
        "Denver Nuggets": "1979\u20131989",
        "Dallas Mavericks": "1990",
        "Basket Napoli": "1991\u20131992"
    },
    "cteams": {
        "Atlanta Hawks (assistant)": "2002",
        "Philadelphia 76ers (assistant)": "2003",
        "Toronto Raptors (assistant)": "2004\u20132010",
        "Sacramento Kings (assistant)": "2011\u20132012"
    },
    "NBA": {
        "Points": "25,613 (21.5 ppg)",
        "Rebounds": "6,538 (5.5 rpg)",
        "Assists": "4,351 (3.6 apg)"
    },
    "birth_date": "1954-01-05"
}