{
    "name": "Alex Bradley",
    "position": "Small forward",
    "height_ft": "6",
    "height_in": "6",
    "weight_lb": "215",
    "number": "30",
    "birth_place": "Bradenton, Florida",
    "nationality": "American",
    "high_school": "Long Branch, (Long Branch, New Jersey)",
    "college": "Villanova (1977\u20131981)",
    "draft_year": "1981",
    "draft_round": "4",
    "draft_pick": "86",
    "draft_team": "New York Knicks",
    "career_start": "1981",
    "career_end": "1988",
    "bbr": "bradlal02 ",
    "teams": {
        "New York Knicks": "1981",
        "Lebole Mestre": "1982\u20131983",
        "Valladolid": "1983\u20131984",
        "Stade Fran\u00e7ais": "1984\u20131986",
        "Verviers-Pepinster": "1986\u20131987",
        "Reims Champagne Basket": "1987\u20131988",
        "Philadelphia Aces": "1988"
    },
    "birth_date": "1959-10-30"
}