{
    "name": "Alexey Shved",
    "position": "Shooting guard / Point guard",
    "height_m": "1.98",
    "weight_kg": "86",
    "league": "CBA",
    "team": "Shanxi Loongs",
    "number": "10",
    "nationality": "Russian",
    "birth_place": "Belgorod, Russian SFSR,, Soviet Union",
    "draft_year": "2010",
    "career_start": "2006",
    "highlights": [
        "EuroLeague champion (2008)",
        "2\u00d7 Alphonso Ford EuroLeague Top Scorer Trophy (2018, 2021)",
        "All-EuroLeague Second Team (2018)",
        "EuroLeague assists leader (2021)",
        "EuroCup MVP (2017)",
        "All-EuroCup First Team (2017)",
        "EuroCup Top Scorer (2017)",
        "2\u00d7 VTB United League champion (2008, 2012)",
        "VTB United League MVP (2017)",
        "VTB United League Supercup champion (2021)",
        "2\u00d7 VTB United League Top Scorer (2018, 2019)",
        "VTB United League assists leader  (2020)",
        "6\u00d7 All-VTB United League First Team (2016\u20132019, 2022)",
        "2\u00d7 All-VTB United League Second Team (2021, 2023)",
        "4\u00d7 Russian League champion (2008, 2009, 2011, 2012)",
        "Russian League Playoffs MVP (2012)",
        "All-Russian League Team (2012)",
        "Best Russian Young Player (2008)",
        "EuroBasket Top Scorer (2017)"
    ],
    "teams": {
        "CSKA Moscow": "2021\u20132023",
        "\u2192Khimki Moscow": "2007",
        "\u2192Dynamo Moscow": "2009\u20132010",
        "Minnesota Timberwolves": "2012\u20132013",
        "Philadelphia 76ers": "2014",
        "Houston Rockets": "2014",
        "New York Knicks": "2014",
        "Khimki Moscow": "2015\u20132021",
        "Shanxi Loongs": "2023\u2013present"
    },
    "birth_date": "1988-12-16",
    "medaltemplates": [
        "Country: {{RUS}}",
        "Bronze Medal: 2012 London National Team ",
        "Competition: EuroBasket",
        "Bronze Medal: 2011 Lithuania  "
    ]
}