{
    "name": "Alexander Belov",
    "birth_place": "Leningrad, Russian SFSR, Soviet Union",
    "death_date": "1978",
    "death_place": "Leningrad, Russian SFSR, Soviet Union",
    "nationality": "Soviet / Russian",
    "height_ft": "6",
    "height_in": "7",
    "weight_lb": "210",
    "draft_round": "10",
    "draft_pick": "161",
    "draft_team": "New Orleans Jazz",
    "draft_year": "1975",
    "career_position": "Center",
    "career_number": "14",
    "career_start": "1967",
    "career_end": "1978",
    "highlights": [
        "2\u00d7 FIBA European Selection (1971, 1972)",
        "2\u00d7 FIBA Saporta Cup champion (1973, 1975)",
        "Soviet League champion (1975)",
        "FIBA's 50 Greatest Players (1991)",
        "101 Greats of European Basketball (2018)"
    ],
    "FIBA_HOF_player": "Alexander-Belov",
    "teams": {
        "Spartak Leningrad": "1967\u20131978"
    },
    "birth_date": "1951-11-9",
    "medaltemplates": [
        "Sport: Men's Basketball",
        "Country: the {{URS}}",
        "Competition: Summer Olympic Games",
        "Gold Medal: 1972 Munich  Team competition",
        "Bronze Medal: 1976 Montreal  Team competition",
        "Competition: FIBA World Cup",
        "Gold Medal: 1974 Puerto Rico  Team competition",
        "Bronze Medal: 1970 Ljubljana  Team competition",
        "Competition: FIBA EuroBasket",
        "Gold Medal: 1969 Italy  Team competition",
        "Gold Medal: 1971 West Germany  Team competition",
        "Silver Medal: 1975 Yugoslavia  Team competition",
        "Competition: European U-18 Championship",
        "Gold Medal: 1968 Spain Under-18 Team competition",
        "Gold Medal: 1970 Greece Under-18 Team competition"
    ]
}