{
    "name": "Alex Groza",
    "height_ft": "6",
    "height_in": "7",
    "weight_lb": "218",
    "birth_place": "Martins Ferry, Ohio, U.S.",
    "death_date": "1995",
    "death_place": "San Diego, California, U.S.",
    "high_school": "Martins Ferry (Martins Ferry, Ohio)",
    "college": "Kentucky (1945\u20131949)",
    "draft_league": "BAA",
    "draft_year": "1949",
    "draft_round": "1",
    "draft_pick": "2",
    "draft_team": "Indianapolis Olympians",
    "career_start": "1949",
    "career_end": "1951",
    "career_number": "15",
    "career_position": "Center",
    "highlights": [
        "NBA All-Star (1951)",
        "2\u00d7 All-NBA First Team (1949, 1950)",
        "2\u00d7 NCAA champion (1948, 1949)",
        "2\u00d7 NCAA Final Four MOP (1948, 1949)",
        "2\u00d7 Consensus first-team All-American (1947, 1949)",
        "Consensus second-team All-American (1948)"
    ],
    "teams": {
        "Indianapolis Olympians": "1949\u20131950"
    },
    "cteams": {
        "Bellarmine": "1959\u20131966",
        "Kentucky Colonels": "1970",
        "San Diego Conquistadors": "1974\u20131975"
    },
    "NBA": {
        "Points": "2,925 (22.5 ppg)",
        "Rebounds": "709 (10.7 rpg)",
        "Assists": "318 (2.4 apg)"
    },
    "birth_date": "1926-10-07",
    "medaltemplates": [
        "Sport: Men's basketball",
        "Country: {{United States}}",
        "Gold Medal: 1948 London Team competition "
    ]
}