{
    "name": "Alexander Sizonenko",
    "position": "Center",
    "height_ft": "7",
    "height_in": "11",
    "birth_place": "Zaporizhzhia, Ukrainian SSR, Soviet Union",
    "death_date": "df=yes",
    "death_place": "Saint Petersburg, Russia",
    "nationality": "Ukrainian",
    "draft_year": "1984",
    "career_start": "1976",
    "career_end": "1986",
    "teams": {
        "Spartak Leningrad": "1976\u20131978",
        "Stroitel Kuybyshev": "1979\u20131986"
    },
    "birth_date": "1959-7-20"
}