{
    "name": "Alfons Alzamora",
    "position": "Center",
    "height_ft": "6",
    "height_in": "9",
    "weight": "236 lb (107 kg)",
    "league": "Liga EBA",
    "team": "B\u00e0squet Girona",
    "nationality": "Spanish",
    "birth_place": "Palma de Mallorca, Spain",
    "career_start": "1999",
    "awards": [
        "Euroleague champion (2003)"
    ],
    "birth_date": "1979-5-20",
    "medaltemplates": [
        "Country: {{ESP}}",
        "Competition: Mediterranean Games",
        "Gold Medal: 2001 Tunis Team Competition ",
        "Bronze Medal: 2005 Almer\u00eda Team Competition "
    ]
}