{
    "name": "Alfonso Reyes",
    "height_ft": "6",
    "height_in": "7.5",
    "weight_lbs": "265",
    "nationality": "Spanish",
    "birth_place": "C\u00f3rdoba, Spain",
    "career_start": "1989",
    "career_end": "2007",
    "career_position": "Center",
    "highlights": [
        "6\u00d7 Spanish League All-Star (1995, 1996, 1998, 1999, 2001, 2002)",
        "2\u00d7 Spanish All-Star Game MVP (1998, 2001)",
        "2\u00d7 Spanish Cup winner (1992, 2000)",
        "Spanish Cup MVP (2000)"
    ],
    "teams": {
        "Estudiantes Caja Postal": "1989&ndash;1993",
        "Unicaja M\u00e1laga": "1993&ndash;1997",
        "Racing Paris SG": "1997&ndash;1998",
        "Adecco Estudiantes": "1998&ndash;2002",
        "Real Madrid": "2002&ndash;2004",
        "Leche R\u00edo Breog\u00e1n": "2004&ndash;2007"
    },
    "birth_date": "1971-9-19",
    "medaltemplates": [
        "Country: {{ESP}}",
        "Sport: Men's Basketball",
        "Competition: EuroBasket",
        "Silver Medal: 1999 France  ",
        "Bronze Medal: 2001 Turkey  ",
        "Silver Medal: 2003 Sweden  ",
        "Competition: European U-18 Championship",
        "Bronze Medal: 1990 Netherlands U-18 Team "
    ]
}