{
    "name": "Alfredrick Hughes",
    "height_ft": "6",
    "height_in": "5",
    "weight_lb": "215",
    "birth_place": "Chicago, Illinois, U.S.",
    "high_school": "Paul Robeson (Chicago, Illinois)",
    "college": "Loyola Chicago (1981\u20131985)",
    "draft_year": "1985",
    "draft_round": "1",
    "draft_pick": "14",
    "draft_team": "San Antonio Spurs",
    "career_start": "1985",
    "career_end": "1994",
    "career_number": "6",
    "career_position": "Small forward / shooting guard",
    "highlights": [
        "Third-team All-American \u2013 AP, UPI (1985)",
        "3\u00d7 Horizon League Player of the Year (1983\u20131985)",
        "No. 21 retired by Loyola Ramblers"
    ],
    "teams": {
        "San Antonio Spurs": "1985",
        "Alno Fabriano": "1986\u20131987",
        "Chicago / Illinois Express": "1987\u20131990",
        "Dayton Wings": "1990\u20131991",
        "Louisville Shooters": "1991\u20131992",
        "Fort Wayne Fury": "1992\u20131993",
        "Iraklis Thessaloniki B.C.": "1993",
        "Quad City Thunder": "1993",
        "Montreal Dragons": "1993",
        "Hartford Hellcats": "1993\u20131994",
        "Rochester Renegade": "1994",
        "Grand Rapids Hoops": "1994"
    },
    "birth_date": "1962-07-19"
}