{
    "name": "Alfredo da Motta",
    "birth_place": "Rio de Janeiro, Brazil",
    "death_date": "22 April 1998",
    "death_place": "Rio de Janeiro, Brazil",
    "nationality": "Brazilian",
    "medaltemplates": [
        "Sport: Men's Basketball",
        "Country: {{BRA}}",
        "Competition: Olympic Games",
        "Bronze Medal: 1948 London Team ",
        "Competition: World Championship",
        "Silver Medal: 1954 Rio de Janeiro Team ",
        "Competition: Pan American Games",
        "Bronze Medal: 1951 Buenos Aires Team "
    ]
}