{
    "name": "Alfrancis Chua",
    "nationality": "Filipino",
    "high_school": "Colegio de San Juan de Letran",
    "college": "University of Santo Tomas",
    "team": "Barangay Ginebra San Miguel",
    "position": "Board governor / Team manager",
    "league": "PBA",
    "coach_start": "1995",
    "coach_end": "2013",
    "highlights": [
        "PBA All-Star Game head coach (1999)",
        "7\u00d7 PBL champion (1995\u201396 Reinforced, 1995\u201396 All-Filipino, 1995\u201396 Danny Floro, 1996 Danny Floro, 1997\u201398 Makati Mayor's, 1997\u201398 All-Filipino, 1998\u201399 Centennial)  '''As assistant coach''':",
        "PBA champion (2001 Governors')  '''As Sports Director/Team Manager:'''",
        "15\u00d7 PBA champion (2016 Philippine, 2016 Governors', 2017 Philippine, 2017 Commissioners', 2017 Governors', 2018 Philippine, 2018 Commissioners', 2018 Governors', 2019 Philippine, 2019 Commissioners', 2019 Governors', 2020 Philippine, 2021 Governors', 2022 Philippine, 2022\u201323 Commissioner's)",
        "2\u00d7 PBA Executive of the Year (2017, 2021)"
    ],
    "cteams": {
        "Stag Pale Pilseners": "1995\u20131996",
        "Tanduay Rhum Masters (PBL)": "1997\u20131999",
        "Pop Cola 800s (assistant)": "1997\u20131998",
        "Tanduay Rhum Masters": "1999\u20132000",
        "Sta. Lucia Realtors (assistant)": "2000\u20132002",
        "Sta. Lucia Realtors": "2003\u20132007",
        "Barangay Ginebra San Miguel (consultant)": "2012\u20132013",
        "Barangay Ginebra San Miguel": "2013"
    },
    "birth_date": "1966-01-17"
}