{
    "name": "Algod\u00e3o",
    "birth_place": "Rio de Janeiro, Brazil",
    "death_date": "df=y",
    "death_place": "Rio de Janeiro, Brazil",
    "nationality": "Brazilian",
    "height_cm": "183",
    "weight_kg": "77",
    "medaltemplates": [
        "Sport: Men's Basketball",
        "Country: {{BRA}}",
        "Competition: Olympic Games",
        "Bronze Medal: 1948 London Team ",
        "Bronze Medal: 1960 Rome Team ",
        "Competition: World Championship",
        "Silver Medal: 1954 Rio de Janeiro Team ",
        "Gold Medal: 1959 Santiago de Chile Team ",
        "Competition: Pan American Games",
        "Bronze Medal: 1951 Buenos Aires Team ",
        "Bronze Medal: 1955 Mexico City Team ",
        "Bronze Medal: 1959 Chicago Team "
    ]
}