{
    "name": "Alicia Thompson",
    "number": "43",
    "position": "Forward",
    "height_ft": "6",
    "height_in": "1",
    "weight_lbs": "180",
    "nationality": "American",
    "birth_place": "Big Lake, Texas",
    "high_school": "Reagan County (Big Lake, Texas)",
    "college": "Texas Tech (1994\u20131998)",
    "draft_league": "WNBA",
    "draft_year": "1998",
    "draft_round": "1",
    "draft_pick": "9",
    "draft_team": "New York Liberty",
    "career_start": "1999",
    "career_end": "2005",
    "highlights": [
        "WNBA champion (2004)"
    ],
    "teams": {
        "New York Liberty": "1998",
        "Indiana Fever": "2000\u20132002",
        "Seattle Storm": "2004\u20132005"
    },
    "birth_date": "1976-07-30",
    "medaltemplates": [
        "Sport: Women;s basketball",
        "Country: {{USA}}",
        "Competition: Jones Cup",
        "Silver Medal: 1997 Taipei Team Competition Team competition"
    ]
}