{
    "name": "Alison Bales",
    "position": "Center",
    "height_ft": "6",
    "height_in": "7",
    "weight_lbs": "218",
    "number": "33",
    "nationality": "American",
    "birth_place": "Indianapolis, Indiana",
    "high_school": "Beavercreek (Beavercreek, Ohio)",
    "college": "Duke (2003\u20132007)",
    "draft_league": "WNBA",
    "draft_year": "2007",
    "draft_round": "1",
    "draft_pick": "9",
    "draft_team": "Indiana Fever",
    "career_start": "2007",
    "career_end": "2012",
    "bbr_wnba": "balesal01w",
    "letter": "b ",
    "teams": {
        "Indiana Fever": "2007\u20132008",
        "Atlanta Dream": "2008, 2010\u20132011"
    },
    "birth_date": "1985-4-4"
}