{
    "name": "Allan Caidic",
    "team": "Mapua Cardinals",
    "position": "Consultant",
    "number": "8",
    "career_position": "Shooting guard",
    "nationality": "Filipino",
    "birth_place": "Pasig, Rizal, Philippines",
    "height_ft": "6",
    "height_in": "2",
    "weight_lbs": "173",
    "high school": "Roosevelt College",
    "college": "University of the East",
    "draft_year_pba": "1987",
    "draft_round_pba": "1",
    "draft_pick_pba": "1st overall",
    "draft_team_pba": "Great Taste Coffee Makers",
    "career_start": "1987",
    "career_end": "1999 <!----This is also Philippine National Team| years1 = 1984\u20131985",
    "team1": "\u2192Northern Consolidated Cement---->",
    "team5": "\u2192PBA Centennial Team--->",
    "highlights": [
        "5\u00d7 PBA champion (1985 Reinforced, 1987 All-Filipino, 1990 All-Filipino, 1993 Governors', 1994 All-Filipino)",
        "PBA Most Valuable Player (1990)",
        "PBA Rookie of the Year (1987)",
        "6\u00d7 PBA Mythical First Team (1987\u20131991, 1995)",
        "2\u00d7 PBA Mythical Second Team (1993\u20131994)",
        "PBA Best Player of the Conference (1995 Governors')",
        "5\u00d7 PBA scoring champion (1988\u20131991, 1995)",
        "8\u00d7 PBA All-Star (1989, 1990, 1991, 1992, 1993, 1994, 1995, 1998)",
        "PBA All-Star Game MVP (1993)",
        "PBA Three-Point Shootout champion (1992)",
        "PBA 25 Greatest Players of All Time",
        "40 PBA Greatest Players",
        "PBA Hall of Fame Class of 2009",
        "3x UAAP champion (1982, 1984, 1985)",
        "3x UAAP Most Valuable Player (1982, 1984, 1985)",
        "4x UAAP Mythical Five (1982, 1984\u20131986)",
        "2x Asian Games Basketball Mythical Five Selection",
        "PBL 20 Greatest Players of All-Time",
        "FIBA Asia Cup MVP (1985) ''' As assistant coach '''",
        "PBA champion (2008 Fiesta)",
        "UAAP champion (2013) '''As executive (team manager):'''",
        "2\u00d7 PBA champion (2004 Fiesta, 2004\u201305 Philippine)"
    ],
    "teams": {
        "Magnolia (PBL)": "1986",
        "Great Taste Coffee Makers/Presto Tivoli": "1987\u20131992",
        "San Miguel Beermen    <!----This is also Philippine National Team| years5 = 1998": "1993\u20131998",
        "Barangay Ginebra Kings": "1999"
    },
    "cteams": {
        "San Miguel Beermen (assistant)": "1998",
        "Barangay Ginebra Kings": "1999\u20132003",
        "Barangay Ginebra Kings (assistant)": "2007\u20132012",
        "De La Salle (assistant)": "2012\u20132015"
    },
    "birth_date": "1963-6-15",
    "medaltemplates": [
        "Sport: Men\u2019s basketball",
        "Country: {{PHI}}",
        "Competition: FIBA Asia Cup",
        "Gold Medal: 1985 Kuala Lumpur Team competition",
        "Competition: Asian Games",
        "Bronze Medal: 1986 Seoul Team competition",
        "Silver Medal: 1990 Beijing Team competition",
        "Bronze Medal: 1998 Bangkok Team competition",
        "Competition: Southeast Asian Games",
        "Gold Medal: 1985 Bangkok Team competition"
    ]
}