{
    "name": "Allan Bristow",
    "height_ft": "6",
    "height_in": "7",
    "weight_lb": "210",
    "birth_place": "Richmond, Virginia, U.S.",
    "high_school": "Henrico (Richmond, Virginia)",
    "college": "Virginia Tech (1970\u20131973)",
    "draft_year": "1973",
    "draft_round": "2",
    "draft_pick": "21",
    "draft_team": "Philadelphia 76ers",
    "career_start": "1973",
    "career_end": "1983",
    "career_number": "44, 30, 23",
    "career_position": "Small forward",
    "coach_start": "1983",
    "coach_end": "1996",
    "highlights": [
        "No. 44 retired by Virginia Tech Hokies"
    ],
    "cstats_league1": "NBA",
    "teams": {
        "Philadelphia 76ers": "1973\u20131974",
        "San Antonio Spurs": "1975\u20131978",
        "Utah Jazz": "1979\u20131980",
        "Dallas Mavericks": "1981\u20131982"
    },
    "cteams": {
        "San Antonio Spurs (assistant)": "1983\u20131984",
        "Denver Nuggets (assistant)": "1984\u20131990",
        "Charlotte Hornets": "1991\u20131995"
    },
    "ABA and NBA": {
        "Points": "5,450 (7.8 ppg)",
        "Rebounds": "2,787 (4.0 rpg)",
        "Assists": "2,219 (3.2 apg)"
    },
    "cNBA": {
        "win": "207",
        "loss": "203 "
    },
    "birth_date": "1951-08-23"
}