{
    "name": "Allan Houston",
    "Nickname": "H20",
    "league": "NBA G League",
    "team": "Westchester Knicks",
    "position": "General manager",
    "height_ft": "6",
    "height_in": "6",
    "weight_lb": "205",
    "birth_place": "Louisville, Kentucky, U.S.",
    "high_school": "Ballard (Louisville, Kentucky)",
    "college": "Tennessee (1989\u20131993)",
    "draft_year": "1993",
    "draft_round": "1",
    "draft_pick": "11",
    "draft_team": "Detroit Pistons",
    "career_start": "1993",
    "career_end": "2005",
    "career_position": "Shooting guard",
    "career_number": "20",
    "highlights": [
        "2\u00d7 NBA All-Star (2000, 2001)",
        "Third-team All-American \u2013 AP, UPI (1993)",
        "Third-team All-American \u2013 NABC (1992)",
        "4x First-team All-SEC (1990\u20131993)",
        "SEC All-Freshman Team (1990)",
        "SEC tournament MVP (1991)",
        "No. 20 retired by Tennessee Volunteers",
        "McDonald's All-American (1989)",
        "First-team ''Parade'' All-American (1989)",
        "Kentucky Mr. Basketball (1989)"
    ],
    "teams": {
        "Detroit Pistons": "1993\u20131995",
        "New York Knicks": "1996\u20132004"
    },
    "NBA": {
        "Points": "14,551 (17.3 ppg)",
        "Rebounds": "2,434 (2.9 rpg)",
        "Assists": "1,990 (2.4 apg)"
    },
    "birth_date": "1971-04-20",
    "medaltemplates": [
        "Sport: Men's basketball",
        "Country: the {{USA}}",
        "Gold Medal: 2000 Sydney Team competition ",
        "Competition: FIBA Americas Championship",
        "Gold Medal: 1999 San Juan Team competition ",
        "Competition: FIBA Americas U18 Championship",
        "Gold Medal: 1990 Montevideo Team competition "
    ]
}