{
    "name": "Allan Ray",
    "height_ft": "6",
    "height_in": "2",
    "weight_lb": "185",
    "birth_place": "Bronx, New York, U.S.",
    "college": "Villanova (2002\u20132006)",
    "high_school": "St. Raymond (Bronx, New York)",
    "draft_year": "2006",
    "career_start": "2006",
    "career_end": "2019",
    "career_number": "12, 14",
    "career_position": "Point guard / shooting guard",
    "highlights": [
        "Croatian League champion (2014)",
        "Croatian Cup champion (2014)",
        "Slovenian League champion (2011)",
        "Slovenian Supercup champion (2011)",
        "Consensus second-team All-American (2006)",
        "First-team All-Big East (2006)",
        "Second-team All-Big East (2005)",
        "Third-team All-Big East (2004)",
        "No. 14 jersey retired by Villanova Wildcats"
    ],
    "teams": {
        "Boston Celtics": "2006",
        "Austin Toros": "2007",
        "Lottomatica Roma": "2007\u20132009",
        "Carife Ferrara": "2009",
        "Sutor Montegranaro": "2010\u20132011",
        "Krka Novo Mesto": "2011",
        "\u00c9lan B\u00e9arnais Pau-Orthez": "2011\u20132012",
        "Ratiopharm Ulm": "2012\u20132013",
        "Cedevita Zagreb": "2013\u20132014",
        "Virtus Bologna": "2014\u20132015",
        "APU Udine": "2016\u20132017",
        "TED Ankara Kolejliler": "2017",
        "Byblos Club": "2017\u20132019"
    },
    "birth_date": "1984-6-17"
}