{
    "name": "Allen Iverson",
    "height_ft": "6",
    "height_in": "0",
    "weight_lb": "165",
    "birth_place": "Hampton, Virginia, U.S.",
    "high_school": "Bethel (Hampton, Virginia)",
    "college": "Georgetown (1994\u20131996)",
    "draft_year": "1996",
    "draft_round": "1",
    "draft_pick": "1",
    "draft_team": "Philadelphia 76ers",
    "career_position": "Shooting guard / Point guard",
    "career_number": "3, 1",
    "career_start": "1996",
    "career_end": "2011",
    "highlights": [
        "NBA Most Valuable Player (2000)",
        "11\u00d7 NBA All-Star (2000\u20132010)",
        "2\u00d7 NBA All-Star Game MVP (2001, 2005)",
        "3\u00d7 All-NBA First Team (1998, 2000, 2004)",
        "3\u00d7 All-NBA Second Team (1999, 2001, 2002)",
        "All-NBA Third Team (2005)",
        "NBA Rookie of the Year (1996)",
        "NBA All-Rookie First Team (1996)",
        "4\u00d7 NBA scoring champion (1998, 2000, 2001, 2004)",
        "3\u00d7 NBA steals leader (2000\u20132002)",
        "NBA 75th Anniversary Team",
        "No. 3 retired by Philadelphia 76ers",
        "Consensus first-team All-American (1996)",
        "First-team All-Big East (1996)",
        "Second-team All-Big East (1995)",
        "2\u00d7 Big East Defensive Player of the Year (1995, 1996)",
        "Big East Rookie of the Year (1995)",
        "First-team ''Parade'' All-American (1993)"
    ],
    "HOF_player": "allen-iverson",
    "teams": {
        "Philadelphia 76ers": "2009",
        "Denver Nuggets": "2006\u20132008",
        "Detroit Pistons": "2008",
        "Memphis Grizzlies": "2009",
        "Be\u015fikta\u015f J.K.": "2010\u20132011"
    },
    "stats": {
        "Points": "24,368 (26.7 ppg)",
        "Rebounds": "3,394 (3.7 rpg)",
        "Assists": "5,624 (6.2 apg)"
    },
    "birth_date": "1975-6-7"
}