{
    "name": "Allen Leavell",
    "height_ft": "6",
    "height_in": "1",
    "weight_lb": "170",
    "birth_place": "Muncie, Indiana",
    "nationality": "American",
    "high_school": "Muncie Central (Muncie, Indiana)",
    "college": "Oklahoma City (1975\u20131979)",
    "draft_year": "1979",
    "draft_round": "5",
    "draft_pick": "104",
    "draft_team": "Houston Rockets",
    "career_start": "1979",
    "career_end": "1992",
    "career_number": "30",
    "career_position": "Point guard",
    "bbr": "leaveal01 ",
    "teams": {
        "Houston Rockets": "1979\u20131988",
        "Tulsa Fast Breakers": "1989\u20131990",
        "Rockford Lightning": "1991\u20131992"
    },
    "NBA": {
        "Points": "6,684 (9.5 ppg)",
        "Rebounds": "1,164 (1.7 rpg)",
        "Assists": "3,339 (4.8 apg)"
    },
    "birth_date": "1957-05-27"
}