{
    "name": "Allen Murphy",
    "height_ft": "6",
    "height_in": "5",
    "weight_lb": "190",
    "birth_place": "Birmingham, Alabama",
    "nationality": "American",
    "high_school": "A. H. Parker (Birmingham, Alabama)",
    "college": "Louisville (1972\u20131975)",
    "draft_year": "1975",
    "draft_round": "2",
    "draft_pick": "35",
    "draft_team": "Phoenix Suns",
    "career_start": "1975",
    "career_end": "1976",
    "career_number": "20",
    "career_position": "Shooting guard",
    "bbr": "murphal01 ",
    "teams": {
        "Kentucky Colonels": "1975\u20131976",
        "Los Angeles Lakers": "1976"
    },
    "birth_date": "1952-07-15"
}