{
    "name": "Allison Feaster",
    "birth_place": "Chester, South Carolina",
    "nationality": "American",
    "height_ft": "5",
    "height_in": "11",
    "weight_lb": "168",
    "college": "Harvard (1994\u20131998)",
    "draft_year": "1998",
    "draft_round": "1st",
    "draft_pick": "5",
    "draft_team": "Los Angeles Sparks",
    "draft_league": "WNBA",
    "career_start": "1998",
    "career_end": "2008",
    "career_position": "Forward",
    "highlights": [
        "WNBA All-Star (2004)",
        "4\u00d7 First-team All-Ivy (1995\u201398)",
        "3\u00d7 Ivy League Player of the year (1996\u20131998)",
        "Ivy League Rookie of the Year (1995)"
    ],
    "bbr_wnba": "feastal01w",
    "team": "Boston Celtics",
    "position": "Vice President of Team Operations & Organizational Growth ",
    "teams": {
        "Los Angeles Sparks": "1998\u20132000",
        "Charlotte Sting": "2001\u20132006",
        "Indiana Fever": "2008"
    },
    "WNBA": {
        "Points": "2,260 (8.0 ppg)",
        "Rebounds": "693 (2.4 rpg)",
        "Assists": "406 (1.4 apg)"
    },
    "birth_date": "1976-02-11"
}