{
    "name": "Alonzo Bradley",
    "career_position": "Small forward",
    "height_ft": "6",
    "height_in": "6",
    "weight_lb": "190",
    "career_number": "30, 22",
    "birth_place": "Utica, Mississippi, U.S.",
    "high_school": "Hinds County Agricultural (Utica, Mississippi)",
    "college": [
        "Hinds CC (1973\u20131975)",
        "Texas Southern (1975\u20131977)"
    ],
    "draft_year": "1977",
    "draft_round": "2",
    "draft_pick": "29",
    "draft_team": "Indiana Pacers",
    "career_start": "1977",
    "career_end": "1980",
    "bbr": "bradlal01",
    "highlights": [
        "NAIA tournament MVP (1977)"
    ],
    "teams": {
        "Houston Rockets": "1977\u20131979"
    },
    "birth_date": "1953-10-16"
}