{
    "name": "Alonzo Mourning",
    "team": "Miami Heat",
    "position": "Vice President of Player Programs and Development",
    "league": "NBA",
    "birth_place": "Chesapeake, Virginia, U.S.",
    "height_ft": "6",
    "height_in": "10",
    "weight_lbs": "261",
    "high_school": "Indian River, (Chesapeake, Virginia)",
    "college": "Georgetown (1988\u20131992)",
    "draft_year": "1992",
    "draft_round": "1",
    "draft_pick": "2",
    "draft_team": "Charlotte Hornets",
    "career_start": "1992",
    "career_end": "2008",
    "career_position": "Center",
    "career_number": "33",
    "highlights": [
        "NBA champion (2006)",
        "7\u00d7 NBA All-Star (1994\u20131997, 2000\u20132002)",
        "All-NBA First Team (1998)",
        "All-NBA Second Team (1999)",
        "2\u00d7 NBA Defensive Player of the Year (1999, 2000)",
        "2\u00d7 NBA All-Defensive First Team (1999, 2000)",
        "2\u00d7 NBA blocks leader (1999, 2000)",
        "NBA All-Rookie First Team (1992)",
        "J. Walter Kennedy Citizenship Award (2001)",
        "No. 33 retired by Miami Heat",
        "Consensus first-team All-American (1992)",
        "Consensus second-team All-American (1990)",
        "Third-team All-American \u2013 NABC (1991)",
        "Big East Player of the Year (1992)",
        "2\u00d7 First-team All-Big East (1990, 1992)",
        "3\u00d7 Big East Defensive Player of the Year (1989, 1990, 1992)",
        "2\u00d7 USA Basketball Male Athlete of the Year (1990, 2000)",
        "NCAA blocks leader (1989)",
        "National high school player of the year (1988)",
        "McDonald's All-American Game MVP (1988)",
        "2\u00d7 First-team ''Parade'' All-American (1987, 1988)",
        "Second-team ''Parade'' All-American (1986)",
        "Virginia Mr. Basketball (1988)"
    ],
    "HOF_player": "alonzo-mourning",
    "FIBA_HOF_player": "alonzo-mourning",
    "teams": {
        "Charlotte Hornets": "1992\u20131994",
        "Miami Heat": "2004\u20132007",
        "New Jersey Nets": "2003\u20132004"
    },
    "stats": {
        "Points": "14,311 (17.1 ppg)",
        "Rebounds": "7,137 (8.5 rpg)",
        "Blocks": "2,356 (2.8 bpg)"
    },
    "birth_date": "1970-2-8",
    "medaltemplates": [
        "Sport: Men's basketball",
        "Country: {{United States}}",
        "Competition: Summer Olympics",
        "Gold Medal: 2000 Sydney ",
        "Competition: FIBA World Cup",
        "Gold Medal: 1994 Canada ",
        "Bronze Medal: 1990 Argentina ",
        "Competition: Goodwill Games",
        "Silver Medal: 1990 Seattle "
    ]
}