{
    "name": "Aloysius Anagonye",
    "position": "Power forward / center",
    "height_m": "2.03",
    "weight_kg": "115",
    "nationality": "Nigerian / American",
    "birth_place": "Southfield, Michigan",
    "high_school": "Saint Martin de Porres, (Detroit, Michigan)",
    "college": "Michigan State  (1999\u20132003)",
    "draft_year": "2003",
    "career_start": "2003",
    "career_end": "2018",
    "highlights": [
        "NCAA champion (2000)"
    ],
    "teams": {
        "Union Olimpija": "2010\u20132011",
        "Villaggio Solidago Livorno": "2004\u20132005",
        "DKV Joventut": "2005\u20132006",
        "Los Angeles D-Fenders": "2006\u20132007",
        "Premiata Montegranaro": "2007",
        "Entente Orleans 45": "2007\u20132008",
        "Altshuler Saham Galil Gilboa": "2008\u20132009",
        "Autocid Ford Burgos": "2009\u20132010",
        "Blancos de Rueda Valladolid": "2011\u20132012",
        "Ilysiakos": "2012\u20132013",
        "Paris-Levallois": "2013\u20132014",
        "SOMB Boulogne-sur-Mer": "2014\u20132015",
        "Pertevniyal": "2015\u20132016",
        "ALM \u00c9vreux Basket": "2016\u20132018"
    },
    "birth_date": "1981-2-10"
}