{
    "name": "Alphonso Ford",
    "birth_place": "Greenwood, Mississippi, U.S.",
    "death_date": "2004",
    "death_place": "Memphis, Tennessee, U.S.",
    "height_ft": "6",
    "height_in": "3.75",
    "weight_lb": "216",
    "high_school": "Amanda Elzy, (Greenwood, Mississippi)",
    "college": "Mississippi Valley State (1989\u20131993)",
    "draft_year": "1993",
    "draft_round": "2",
    "draft_pick": "32",
    "draft_team": "Philadelphia 76ers",
    "career_start": "1993",
    "career_end": "2004",
    "career_position": "Shooting guard",
    "career_number": "3, 4, 8, 9, 10",
    "highlights": [
        "2\u00d7 EuroLeague Top Scorer (2001, 2002)",
        "2\u00d7 All-EuroLeague First Team (2001, 2003)",
        "All-EuroLeague Second Team (2002)",
        "4\u00d7 Greek League Top Scorer (1997, 1999\u20132001)",
        "Greek Cup winner (2002)",
        "Greek League MVP (2001)",
        "Greek Cup MVP (2002)",
        "Greek Cup Finals Top Scorer (2002)",
        "4\u00d7 Greek All-Star (1996 II, 1998, 1999, 2002)",
        "Greek League Hall of Fame (2022)",
        "No. 9 retired by Papagou",
        "No. 10 retired by Peristeri",
        "All-CBA First Team (1994)",
        "CBA Rookie of the Year (1994)",
        "CBA All-Rookie First Team (1994)"
    ],
    "teams": {
        "Tri-City Chinook": "1993\u20131995",
        "Seattle SuperSonics": "1993",
        "Philadelphia 76ers": "1994",
        "Grupo AGB Huesca": "1995\u20131996",
        "Papagou": "1996\u20131997",
        "Sporting": "1998\u20131999",
        "Peristeri": "1999\u20132001",
        "Olympiacos": "2001\u20132002",
        "Montepaschi Siena": "2002\u20132003",
        "Scavolini Pesaro": "2003\u20132004"
    },
    "birth_date": "1971-10-31"
}