{
    "name": "Alton Ford",
    "height_ft": "6",
    "height_in": "10",
    "weight_lb": "264",
    "nationality": "American",
    "birth_place": "Houston, Texas, U.S.",
    "death_date": "2018",
    "death_place": "Pearland, Texas, U.S.",
    "high_school": "Milby (Houston, Texas)",
    "college": "Houston (2000\u20132001)",
    "draft_year": "2001",
    "draft_round": "2",
    "draft_pick": "51",
    "draft_team": "Phoenix Suns",
    "career_start": "2001",
    "career_end": "2011",
    "career_position": "Center",
    "career_number": "4, 1",
    "highlights": [
        "McDonald's All-American (2000)",
        "Second-team ''Parade'' All-American (2000)",
        "Third-team ''Parade'' All-American (1999)"
    ],
    "bbr": "fordal02 ",
    "teams": {
        "Phoenix Suns": "2001\u20132002",
        "Houston Rockets": "2003",
        "ASVEL": "2004",
        "Fujian Xunxing": "2004\u20132005",
        "Anwil W\u0142oc\u0142awek": "2005\u20132006",
        "Igokea": "2007\u20132008",
        "Rio Grande Valley Vipers": "2008\u20132009",
        "Xinjiang Flying Tigers": "2009",
        "Reno Bighorns": "2009",
        "Bourg-en-Bresse": "2010",
        "Erie BayHawks": "2011"
    },
    "birth_date": "1981-05-29"
}