{
    "name": "Alton Lister",
    "team": "TNT Tropang Giga",
    "position": "Assistant coach",
    "height_ft": "7",
    "height_in": "0",
    "weight_lbs": "240",
    "league": "Philippine Basketball Association",
    "birth_place": "Dallas, Texas, U.S.",
    "highschool": "Woodrow Wilson (Dallas, Texas)",
    "college": [
        "San Jacinto (1976\u20131977)",
        "Arizona State (1978\u20131981)"
    ],
    "draft_year": "1981",
    "draft_round": "1",
    "draft_pick": "21",
    "draft_team": "Milwaukee Bucks",
    "career_start": "1981",
    "career_end": "1998",
    "career_number": "53",
    "career_position": "Center",
    "coach_start": "2000",
    "highlights": [
        "First-team All-Pac-10 (1981)",
        "No. 53 jersey retired by Arizona State Sun Devils '''As Assistant Coach:'''",
        "PBA champion (2021 Philippine)",
        "4\u00d7 UAAP champion (2017, 2018, 2019, 2022)"
    ],
    "teams": {
        "Milwaukee Bucks": "1994\u20131995",
        "Seattle SuperSonics": "1986\u20131988",
        "Golden State Warriors": "1989\u20131992",
        "Boston Celtics": "1995\u20131996",
        "Portland Trail Blazers": "1997"
    },
    "cteams": {
        "Mesa Community College": "2000\u20132007",
        "Atlanta Hawks (assistant)": "2007\u20132008",
        "Tropang TNT / TNT Katropa / TNT Tropang Giga (assistant)": "2016\u2013present",
        "Ateneo Blue Eagles (assistant)": "2016\u2013present"
    },
    "NBA": {
        "Points": "6,298 (6.6 ppg)",
        "Rebounds": "5,996 (6.3 rpg)",
        "Blocks": "1,473 (1.5 bpg) "
    },
    "birth_date": "1958-10-1"
}