{
    "name": "Alton Byrd",
    "position": "Chief Executive Officer",
    "team": "Chattanooga FC",
    "birth_place": "San Francisco, California",
    "nationality": "American / British",
    "height_ft": "5",
    "height_in": "9",
    "high_school": "Archbishop Riordan (San Francisco, California)",
    "college": "Columbia (1976\u20131979)",
    "draft_year": "1979",
    "draft_round": "10",
    "draft_pick": "186",
    "draft_team": "Boston Celtics",
    "career_start": "1979",
    "career_end": "1997",
    "career_position": "Point guard",
    "years4": "1988\u20131989-Injured",
    "highlights": [
        "5\u00d7 Scottish League champion",
        "4 xBBL MVP (1980, 1981, 1991, 1992)",
        "Frances Pomeroy Naismith Award (1979)",
        "3\u00d7 First Team All-Ivy League (1977\u20131979)"
    ],
    "teams": {
        "Crystal Palace": "1994\u20131997",
        "Murray International": "1983\u20131987",
        "Manchester United": "1987\u20131988",
        "Kingston Kings": "1989\u20131992",
        "Guildford Kings": "1992\u20131994"
    },
    "birth_date": "1957-3-11"
}