{
    "name": "Alvan Adams",
    "height_ft": "6",
    "height_in": "9",
    "weight_lb": "210",
    "birth_place": "Lawrence, Kansas, U.S.",
    "high_school": "Putnam City, (Oklahoma City, Oklahoma)",
    "college": "Oklahoma (1972\u20131975)",
    "draft_year": "1975",
    "draft_round": "1",
    "draft_pick": "4",
    "draft_team": "Phoenix Suns",
    "career_start": "1975",
    "career_end": "1988",
    "career_number": "33",
    "career_position": "Power forward / center",
    "highlights": [
        "NBA All-Star (1976)",
        "NBA Rookie of the Year (1975)",
        "NBA All-Rookie First Team (1976)",
        "No. 33 retired by Phoenix Suns",
        "Third-team All-American \u2013 NABC (1975)",
        "Big Eight Player of the Year (1975)",
        "3\u00d7 First-team All-Big Eight (1973\u20131975)",
        "No. 33 honored by Oklahoma Sooners",
        "Second-team ''Parade'' All-American (1972)"
    ],
    "teams": {
        "Phoenix Suns": "1975\u20131987"
    },
    "stats": {
        "Points": "13,910 (14.1 ppg)",
        "Rebounds": "6,937 (7.0 rpg)",
        "Assists": "4,012 (4.1 apg)"
    },
    "birth_date": "1954-07-19",
    "medaltemplates": [
        "Sport: Men's basketball",
        "Country: the {{USA}} United States",
        "Competition: Universiade",
        "Gold Medal: 1973 Moscow Team competition "
    ]
}