{
    "name": "Alvin Heggs",
    "height_ft": "6",
    "height_in": "8",
    "weight_lb": "225",
    "birth_place": "Jacksonville, Florida",
    "nationality": "American",
    "high_school": "Andrew Jackson, (Jacksonville, Florida)",
    "college": [
        "FSJC (1985\u20131987)",
        "Texas (1987\u20131989)"
    ],
    "draft_year": "1989",
    "career_number": "55",
    "career_position": "Small forward",
    "bbr": "heggsal01 ",
    "teams": {
        "Houston Rockets": "1995"
    },
    "birth_date": "1967-12-12"
}