{
    "name": "Alvin Sims",
    "birth_place": "Paris, Kentucky",
    "nationality": "American",
    "height_ft": "6",
    "height_in": "4",
    "weight_lbs": "235",
    "high_school": "Paris (Paris, Kentucky)",
    "college": "Louisville (1993\u20131997)",
    "draft_year": "1997",
    "career_start": "1997",
    "career_end": "2009",
    "career_position": "Shooting guard / small forward",
    "career_number": "19",
    "highlights": [
        "Greek League All-Star (1998)",
        "CBA Rookie of the Year (1998)",
        "CBA All-Rookie Team (1998)"
    ],
    "teams": {
        "Quad City Thunder": "1999\u20132000",
        "Long Island Surf": "1998",
        "Panionios": "1998\u20131999",
        "Phoenix Suns": "1998",
        "Makedonikos": "2000\u20132001",
        "Roseto": "2001\u20132002",
        "SIG Strasbourg": "2002\u20132003",
        "Leicester Riders": "2003",
        "Trieste": "2003\u20132004",
        "Reggiana": "2004",
        "\u00c9B Pau-Orthez": "2005",
        "Sagesse Beirut": "2005\u20132007",
        "Panthers F\u00fcrstenfeld": "2007\u20132008",
        "Anibal Zahle": "2008\u20132009"
    },
    "birth_date": "1974-10-18"
}