{
    "name": "Alvin Patrimonio",
    "nationality": "Filipino",
    "birth_place": "Quezon City, Philippines",
    "residence": "Cainta, Rizal",
    "party": "Lakas\u2013CMD",
    "module": "Infobox basketball player",
    "position": "Team manager",
    "team": "Magnolia Hotshots",
    "league": "PBA",
    "height_ft": "6",
    "height_in": "3",
    "weight_lbs": "215",
    "college": "Map\u00faa Institute of Technology",
    "draft_year_pba": "1988",
    "draft_pba": "direct hire",
    "draft_team_pba": "Purefoods Hotdogs",
    "career_start": "1988",
    "career_end": "2004",
    "career_position": "Power forward",
    "highlights": [
        "6x PBA champion (1990 Third, 1991 All-Filipino, 1993 All-Filipino, 1994 Commissioner's, 1997 All-Filipino, 2002 Governors')",
        "4x PBA Most Valuable Player (1991, 1993, 1994, 1997)",
        "10x PBA Mythical First Team (1989\u20131994, 1996\u20131998, 2000)",
        "PBA Mythical Second Team (1995)",
        "3x PBA Best Player of the Conference (1994 Commissioner's Cup, 1996 All-Filipino Cup, 1997 Governors' Cup)",
        "PBA Press Corps Newsmaker of the Year (1993)",
        "PBA All-Star Game Most Valuable Player (1991)",
        "12\u00d7 PBA All-Star (1989, 1990, 1991, 1992, 1993, 1995, 1996, 1997, 1998, 1999, 2000, 2001)",
        "PBA's 25 Greatest Players",
        "PBA's 40 Greatest Players",
        "3\u00d7 PBA Scoring Champion (1992\u20131993, 1998)",
        "No. 16 retired by Magnolia Hotshots",
        "2x NCAA Philippines Most Valuable Player (1985, 1986)",
        "3x PABL champion (1986 Filipino, 1987 Freedom, 1988 International Invitational) '''As executive:'''",
        "8x PBA champion (2006 Philippine, 2009\u201310 Philippine, 2012 Commissioner's, 2013 Governors', 2013\u201314 Philippine, 2014 Commissioner's, 2014 Governors', 2018 Governors')",
        "Grand Slam champion (2013\u201314)"
    ],
    "teams": {
        "Purefoods": "1988\u20132004"
    },
    "cteams": {
        "University of Sto. Tomas (assistant)": "2015",
        "National University (assistant)": "2016\u20132017"
    },
    "birth_date": "1966-11-17",
    "medaltemplates": [
        "Sport: Men\u2019s basketball",
        "Country: {{PHI}}",
        "Competition: Asian Games",
        "Bronze Medal: 1986 Seoul Team competition ",
        "Silver Medal: 1990 Beijing Team competition ",
        "Bronze Medal: 1998 Bangkok Team competition "
    ]
}