{
    "name": "Alvin Williams",
    "birth_place": "Philadelphia, Pennsylvania",
    "nationality": "American",
    "height_ft": "6",
    "height_in": "5",
    "weight_lb": "185",
    "high_school": "Germantown Academy, (Fort Washington, Pennsylvania)",
    "college": "Villanova (1993\u20131997)",
    "draft_year": "1997",
    "draft_round": "2",
    "draft_pick": "47",
    "draft_team": "Portland Trail Blazers",
    "career_start": "1997",
    "career_end": "2007",
    "career_position": "Point guard",
    "career_number": "21, 22, 20, 24",
    "coach_start": "2009",
    "coach_end": "2013",
    "highlights": [
        "First-team All-Big East (1997)",
        "NIT champion (1994)"
    ],
    "teams": {
        "Portland Trail Blazers": "1997",
        "Toronto Raptors": "1997\u20132005",
        "Los Angeles Clippers": "2006"
    },
    "cteams": {
        "Toronto Raptors (assistant)": "2009\u20132011"
    },
    "NBA": {
        "Points": "4,161 (9.0 ppg)",
        "Assists": "1,877 (4.1 apg)",
        "Steals": "549 (1.2 spg) "
    },
    "birth_date": "1974-08-06"
}