{
    "name": "Alvin Jones",
    "height_ft": "6",
    "height_in": "11",
    "weight_lb": "265",
    "birth_place": "Luxembourg, Luxembourg",
    "nationality": "American / Luxembourgish",
    "highschool": "Kathleen (Lakeland, Florida)",
    "college": "Georgia Tech (1997\u20132001)",
    "draft_year": "2001",
    "draft_round": "2",
    "draft_pick": "56",
    "draft_team": "Philadelphia 76ers",
    "career_start": "2001",
    "career_end": "2009",
    "career_number": "0",
    "career_position": "Power forward / center",
    "highlights": [
        "First-team All-ACC (2001)"
    ],
    "teams": {
        "Philadelphia 76ers": "2001",
        "\u015al\u0105sk Wroc\u0142aw": "2002\u20132003",
        "Caja San Fernando": "2003\u20132004",
        "Valencia": "2004",
        "Plus Pujol Lleida": "2005",
        "RheinEnergie K\u00f6ln": "2005\u20132007",
        "CSKA Sofia": "2007",
        "Kombassan Konya": "2008",
        "Minot SkyRockets": "2008\u20132009"
    },
    "birth_date": "1978-9-9"
}