{
    "name": "Alvin Gentry",
    "league": "NBA",
    "team": "Sacramento Kings",
    "position": "Vice president of basketball engagement",
    "birth_place": "Shelby, North Carolina, U.S.",
    "nationality": "American",
    "height_ft": "6",
    "height_in": "4",
    "weight_lb": "218",
    "high_school": "Shelby (Shelby, North Carolina)",
    "college": "Appalachian State (1973\u20131977)",
    "career_position": "Shooting guard",
    "coach_start": "1980",
    "highlights": [
        "NBA champion (2015)",
        "NCAA champion (1988)"
    ],
    "cteams": {
        "Baylor (assistant)": "1980\u20131981",
        "Colorado (assistant)": "1981\u20131986",
        "Kansas (assistant)": "1986\u20131988",
        "San Antonio Spurs (assistant)": "1988\u20131989",
        "Los Angeles Clippers (assistant)": "1990",
        "Miami Heat (assistant)": "1991\u20131994",
        "Miami Heat (interim)": "1994",
        "Detroit Pistons (assistant)": "1995\u20131997",
        "Detroit Pistons": "1997\u20131999",
        "Los Angeles Clippers": "2000\u20132002",
        "New Orleans Hornets (assistant)": "2003",
        "Phoenix Suns (assistant)": "2004\u20132008",
        "Phoenix Suns": "2008\u20132012",
        "Los Angeles Clippers (associate HC)": "2013",
        "Golden State Warriors (associate HC)": "2014",
        "New Orleans Pelicans": "2015\u20132019",
        "Sacramento Kings (associate HC)": "2020\u20132021",
        "Sacramento Kings (interim HC)": "2021"
    },
    "birth_date": "1954-11-5"
}