{
    "name": "Alvin Robertson",
    "height_ft": "6",
    "height_in": "4",
    "weight_lb": "208",
    "birth_place": "Barberton, Ohio, U.S.",
    "high_school": "Barberton, (Barberton, Ohio)",
    "college": [
        "Crowder College (1980\u20131981)",
        "Arkansas (1981\u20131984)"
    ],
    "draft_year": "1984",
    "draft_round": "1",
    "draft_pick": "7",
    "draft_team": "San Antonio Spurs",
    "career_number": "21, 3, 7",
    "career_position": "Shooting guard",
    "career_start": "1984",
    "career_end": "1997",
    "highlights": [
        "4\u00d7 NBA All-Star (1986\u20131988, 1991)",
        "All-NBA Second Team (1985)",
        "NBA Defensive Player of the Year (1985)",
        "2\u00d7 NBA All-Defensive First Team (1986, 1990)",
        "4\u00d7 NBA All-Defensive Second Team (1985, 1987\u20131989)",
        "NBA Most Improved Player (1985)",
        "3\u00d7 NBA steals leader (1985, 1986, 1990)",
        "Second-team All-American \u2013 UPI (1984)",
        "Third-team All-American \u2013 AP (1984)"
    ],
    "teams": {
        "San Antonio Spurs": "1984\u20131988",
        "Milwaukee Bucks": "1989\u20131992",
        "Detroit Pistons": "1992",
        "Toronto Raptors": "1995",
        "Florida Beach Dogs": "1996\u20131997"
    },
    "NBA": {
        "Points": "10,882 (14.0 ppg)",
        "Rebounds": "4,066 (5.2 rpg)",
        "Steals": "2,112 (2.7 spg)"
    },
    "birth_date": "1962-07-22",
    "medaltemplates": [
        "Sport: Men's basketball",
        "Country: {{United States}}",
        "Competition: Olympic Games",
        "Gold Medal: 1984 Los Angeles Team competition"
    ]
}