{
    "name": "Alvin Scott",
    "number": "14",
    "position": "Small forward / shooting guard",
    "height_ft": "6",
    "height_in": "7",
    "weight_lb": "185",
    "birth_place": "Cleveland, Tennessee",
    "nationality": "American",
    "high_school": "Bradley Central",
    "college": "Oral Roberts (1973\u20131977)",
    "draft_year": "1977",
    "draft_round": "7",
    "draft_pick": "136",
    "draft_team": "Phoenix Suns",
    "career_start": "1977",
    "career_end": "1988",
    "bbr": "scottal01 ",
    "teams": {
        "Phoenix Suns": "1977\u20131984",
        "RCD Espanyol": "1987\u20131988"
    },
    "NBA": {
        "Points": "3,088 (4.9 ppg)",
        "Rebounds": "1,992 (3.2 rpg)",
        "Assists": "847 (1.4 apg)"
    },
    "birth_date": "1955-09-14"
}