{
    "name": "Alvydas Pazdrazdis",
    "height_ft": "6",
    "height_in": "5",
    "weight_lbs": "209",
    "nationality": "Lithuanian",
    "birth_place": "Kretinga, Lithuanian SSR, Soviet Union",
    "college": "McNeese State (1993\u20131997)",
    "draft_year": "1997",
    "career_start": "1991",
    "career_end": "2000",
    "career_position": "Small forward",
    "teams": {
        "Statyba Vilnius": "1991\u20131992",
        "Nept\u016bnas Klaip\u0117da": "1997\u20131999",
        "Sakalai Vilnius": "1999\u20132000"
    },
    "birth_date": "1972-07-20",
    "medaltemplates": [
        "Sport: Men\u2019s Basketball",
        "Country: {{LTU}}",
        "Competition: Olympic Games",
        "Bronze Medal: 1992 Barcelona Team Competition Under-18"
    ]
}