{
    "name": "Alzhan Zharmukhamedov",
    "height_ft": "6",
    "height_in": "9.5",
    "weight_lb": "210",
    "nationality": "Soviet and Kazakh",
    "birth_place": "South Kazakhstan Region, Kazakh SSR, USSR",
    "death_date": "2022",
    "resting_place": "Federal Military Memorial Cemetery",
    "career_position": "Center",
    "career_start": "1970",
    "career_end": "1980",
    "highlights": [
        "EuroLeague champion (1971)",
        "FIBA European Selection (1972)",
        "10\u00d7 USSR League champion (1970\u20131974, 1976\u20131980)",
        "2\u00d7 USSR Cup winner (1972, 1973)",
        "Master of Sports of the USSR (1971)",
        "Order of the Badge of Honour (Soviet Union) (1972)",
        "Order of Honour (Russia) (2006)"
    ],
    "teams": {
        "CSKA Moscow": "1970\u20131980"
    },
    "birth_date": "1944-10-02",
    "medaltemplates": [
        "Country: {{URS}}",
        "Sport: Men's Basketball",
        "Competition: Olympic Games",
        "Gold Medal: 1972 Munich  Team competition",
        "Bronze Medal: 1976 Montreal  Team competition",
        "Competition: FIBA World Cup",
        "Silver Medal: 1978 Philippines  Team competition",
        "Bronze Medal: 1970 Yugoslavia  Team competition",
        "Competition: EuroBasket",
        "Gold Medal: 1967 Finland  Team competition",
        "Gold Medal: 1971 West Germany  Team competition",
        "Gold Medal: 1979 Italy  Team competition",
        "Silver Medal: 1975 Yugoslavia  Team competition"
    ]
}