{
    "name": "Amal McCaskill",
    "height_ft": "6",
    "height_in": "11",
    "weight_lb": "235",
    "birth_place": "Maywood, Illinois",
    "nationality": "American",
    "high_school": "St. Joseph (Westchester, Illinois)",
    "college": "Marquette (1992\u20131996)",
    "draft_year": "1996",
    "draft_round": "2",
    "draft_pick": "49",
    "draft_team": "Orlando Magic",
    "career_start": "1996",
    "career_end": "2012",
    "career_number": "00, 15",
    "career_position": "Center",
    "bbr": "mccasam01 ",
    "teams": {
        "Orlando Magic": "1996",
        "Fort Wayne Fury": "1997\u20131998",
        "FC Barcelona": "1998",
        "Panionios": "1998\u20131999",
        "Le\u00f3n Caja Espa\u00f1a": "1999\u20132000",
        "Proaguas Costablanca Alicante": "2000",
        "Guaiquer\u00edes de Margarita": "2001",
        "Brujos de Guayama": "2001",
        "San Antonio Spurs": "2001",
        "Atlanta Hawks": "2002",
        "F\u00f3rum Filat\u00e9lico": "2003",
        "Philadelphia 76ers": "2003",
        "Climamio Bologna": "2004",
        "Sagesse Beirut": "2005",
        "Albany Patroons": "2007\u20132008",
        "Qingdao DoubleStar": "2009",
        "Igokea": "2009",
        "Incheon ET": "2009\u20132011",
        "Goyang Orions": "2011",
        "KTP Basket": "2011\u20132012",
        "Seoul SK Knights": "2012",
        "Gaiteros del Zulia": "2012",
        "Ulsan Mobis Phoebus": "2012"
    },
    "birth_date": "1973-10-28"
}