{
    "name": "Amara Sy",
    "height_ft": "6",
    "height_in": "7.5",
    "weight": "220",
    "nationality": "Malian / French",
    "birth_place": "Paris, France",
    "draft_year": "2003",
    "career_start": "1999",
    "career_end": "2022",
    "career_position": "Small forward",
    "career_number": "5",
    "highlights": [
        "French League Finals MVP (2009)",
        "2\u00d7 French League champion (2002, 2009)",
        "2\u00d7 French Federation Cup winner (2001, 2004)",
        "3\u00d7 French League Cup winner (2016, 2017, 2018)",
        "3\u00d7 French League All-Star Game MVP (2004, 2011, 2017)",
        "7\u00d7 French League All-Star (2004, 2005, 2008, 2011\u20132013, 2017)",
        "No. 5 retired by ASVEL"
    ],
    "teams": {
        "ASVEL Basket": "2012\u20132015",
        "Le Mans": "2002\u20132005",
        "AEK Athens": "2007\u20132008",
        "Bakersfield Jam": "2009\u20132010",
        "Murcia": "2010",
        "Entente Orl\u00e9anaise": "2010\u20132012",
        "AS Monaco Basket": "2015\u20132019",
        "Paris Basketball": "2019\u20132022"
    },
    "birth_date": "1981-8-28"
}