{
    "name": "Amar'e Stoudemire",
    "birth_place": "Lake Wales, Florida, U.S.",
    "nationality": "American / Israeli",
    "height_ft": "6",
    "height_in": "10",
    "weight_lb": "245",
    "high_school": [
        "Lake Wales, (Lake Wales, Florida)",
        "Mount Zion Christian Academy, (Durham, North Carolina)",
        "Cypress Creek, (Orlando, Florida)"
    ],
    "draft_year": "2002",
    "draft_round": "1",
    "draft_pick": "9",
    "draft_team": "Phoenix Suns",
    "career_start": "2002",
    "career_end": "2020",
    "career_position": "Power forward / center",
    "career_number": "32, 1, 5",
    "highlights": [
        "6\u00d7 NBA All-Star (2005, 2007\u20132011)",
        "All-NBA First Team (2006)",
        "4\u00d7 All-NBA Second Team (2004, 2007, 2009, 2010)",
        "NBA Rookie of the Year (2002)",
        "NBA All-Rookie First Team (2002)",
        "No. 32 retired by Phoenix Suns",
        "2\u00d7 Israeli Basketball Premier League champion (2017, 2020)",
        "Israeli Basketball Premier League Finals MVP (2020)",
        "Israeli Cup winner (2019)",
        "2\u00d7 Israeli Basketball Premier League All-Star (2017, 2019)",
        "All-EuroCup Second Team (2017)",
        "Israeli League Cup winner (2016)",
        "First-team ''Parade'' All-American (2002)",
        "McDonald's All-American (2002)",
        "Florida Mr. Basketball (2002)"
    ],
    "teams": {
        "Phoenix Suns": "2002\u20132009",
        "New York Knicks": "2010\u20132014",
        "Dallas Mavericks": "2014",
        "Miami Heat": "2015",
        "Hapoel Jerusalem": "2016\u20132017,, 2018\u20132019",
        "Fujian Sturgeons": "2019",
        "Maccabi Tel Aviv": "2020"
    },
    "NBA": {
        "Points": "15,994 (18.9 ppg)",
        "Rebound": "6,632 (7.8 rpg)",
        "Blocks": "1,054 (1.2 bpg)"
    },
    "birth_date": "1982-11-16",
    "medaltemplates": [
        "Sport: Men's Basketball",
        "Country: the {{USA}}"
    ]
}