{
    "name": "Amaury Pasos",
    "height_ft": "6",
    "height_in": "3",
    "weight_lbs": "200",
    "nationality": "Brazilian",
    "birth_place": "S\u00e3o Paulo, Brazil",
    "career_start": "1951",
    "career_end": "1972",
    "coach_start": "1982",
    "coach_end": "1995",
    "career_position": "Power forward / center",
    "highlights": [
        "FIBA's 50 Greatest Players (1991)",
        "Brazil Former Athlete Olympic Prize (2003)",
        "FIBA World Cup MVP (1959)",
        "2\u00d7 South American Club Champion (1961, 1969)",
        "2\u00d7 Brazilian Champion (1966, 1969)",
        "5\u00d7 Paulista State Champion (1959, 1962, 1966, 1968, 1969)"
    ],
    "FIBA_HOF_player": "Amaury-Pasos",
    "teams": {
        "Clube de Regatas Tiet\u00ea": "1951\u20131957",
        "C.R. S\u00edrio": "1958\u20131965",
        "Corinthians": "1966\u20131972"
    },
    "birth_date": "1935-12-11",
    "medaltemplates": [
        "Sport: Men's Basketball",
        "Country: {{BRA}}",
        "Competition: Olympic Games",
        "Bronze Medal: 1960 Rome Team Under-18",
        "Bronze Medal: 1964 Tokyo Team Under-18",
        "Competition: FIBA World Cup",
        "Gold Medal: 1959 Chile Team Under-18",
        "Gold Medal: 1963 Brazil Team Under-18",
        "Silver Medal: 1954 Brazil Team Under-18",
        "Bronze Medal: 1967 Uruguay Team Under-18",
        "Competition: Pan American Games",
        "Silver Medal: 1963 S\u00e3o Paulo Team Under-18",
        "Bronze Medal: 1955 Mexico City Team Under-18",
        "Competition: FIBA South American Championship",
        "Gold Medal: 1958 Chile Team Under-18",
        "Gold Medal: 1960 Argentina Team Under-18",
        "Gold Medal: 1961 Brazil Team Under-18",
        "Gold Medal: 1963 Peru Team Under-18"
    ]
}