{
    "name": "Amber Jacobs",
    "position": "Point guard",
    "height_ft": "5",
    "height_in": "8",
    "weight_lbs": "152",
    "nationality": "American",
    "birth_place": "Elkhart, Indiana",
    "high_school": "Abington Heights, (Clarks Summit, Pennsylvania)",
    "college": "Boston College (2000\u20132004)",
    "draft_league": "WNBA",
    "draft_round": "3",
    "draft_pick": "33",
    "draft_year": "2004",
    "draft_team": "Minnesota Lynx",
    "career_start": "2004",
    "career_end": "2008",
    "teams": {
        "Minnesota Lynx": "2004\u20132007",
        "Washington Mystics": "2008",
        "Los Angeles Sparks": "2008"
    },
    "birth_date": "1982-6-29"
}