{
    "name": "Ambrosio B. Padilla",
    "office": "Senate Minority Leader",
    "office2": "Senator of the Philippines",
    "office3": "Solicitor General of the Philippines",
    "predecessor3": "Querube Makalintal",
    "successor3": "Guillermo Torres",
    "office4": "1st President of the Philippine Olympic Committee",
    "predecessor4": "Himself (as President of the Philippine Amateur Athletic Federation)",
    "successor4": "Nereo Andolong",
    "office5": "6th President of the Philippine Amateur Athletic Federation",
    "predecessor5": "Felipe Monserrat",
    "successor5": "Himself (as President of the Philippine Olympic Committee)",
    "birth_name": "Ambrosio Bibby Padilla",
    "birth_place": "Lingayen, Pangasinan, Philippine Islands",
    "death_date": "1996",
    "death_place": "Quezon City, Philippines",
    "nationality": "Filipino",
    "party": "Liberal",
    "spouse": "Lourdes de las Alas",
    "children": "10",
    "alma_mater": "Ateneo de Manila, University of the Philippines Diliman (LL.B)",
    "module": "embed        = y",
    "college": "Ateneo de Manila, University of the Philippines",
    "birth_date": "1910-12-7",
    "medaltemplates": [
        "Sport: Men\u2019s basketball",
        "Country: {{PHI}}",
        "Competition: Far Eastern Championship Games",
        "Gold Medal: 1930 Tokyo Team Team competition"
    ]
}