{
    "name": "Amir Johnson",
    "height_ft": "6",
    "height_in": "9",
    "weight_lb": "253",
    "nationality": "American",
    "birth_place": "Los Angeles, California",
    "high_school": "Verbum Dei, (Los Angeles, California), Westchester (Los Angeles, California)",
    "draft_year": "2005",
    "draft_round": "2",
    "draft_pick": "56",
    "draft_team": "Detroit Pistons",
    "career_position": "Power forward / center",
    "career_number": "5, 15, 25, 90",
    "career_start": "2005",
    "career_end": "2022",
    "highlights": [
        "NBA Hustle Award (2017)",
        "McDonald's All-American (2005)",
        "Second-team ''Parade'' All-American (2005)",
        "California Mr. Basketball (2005)"
    ],
    "teams": {
        "Detroit Pistons": "2005\u20132008",
        "\u2192Fayetteville Patriots": "2006",
        "\u2192Sioux Falls Skyforce": "2007",
        "Toronto Raptors": "2009\u20132014",
        "Boston Celtics": "2015\u20132016",
        "Philadelphia 76ers": "2017\u20132018",
        "\u2192Delaware Blue Coats": "2019",
        "NBA G League Ignite": "2020\u20132022"
    },
    "cteams": {
        "NBA G League Ignite (assistant)": "2023\u20132024"
    },
    "birth_date": "1987-5-1"
}