{
    "name": "Amirhossein Amini",
    "position": "Point guard",
    "height_ft": "6",
    "height_in": "3",
    "weight_lbs": "183",
    "league": "Iranian League",
    "nationality": "Iranian",
    "birth_place": "Rey, Iran",
    "career_start": "2003",
    "career_end": "2017",
    "teams": {
        "Paykan": "2003\u20132007",
        "Kaveh": "2007\u20132008",
        "Azad University": "2008\u20132009",
        "Petrochimi": "2014\u20132015",
        "Naft Sepahan": "2012\u20132013",
        "Sanaye Mahshahr": "2013\u20132014",
        "Chemidor": "2016\u20132017"
    },
    "birth_date": "1984-6-10",
    "medaltemplates": [
        "Sport: Men's basketball",
        "Country: {{IRI}}",
        "Competition: Asian Games",
        "Bronze Medal: 2006 Doha Team ",
        "Bronze Medal: 2010 Guangzhou Team ",
        "Competition: Asian Championship",
        "Gold Medal: 2007 Tokushima Team ",
        "Gold Medal: 2009 Tianjin Team "
    ]
}