{
    "name": "Amit Tamir",
    "position": "Power forward / center",
    "height_m": "2.08",
    "weight_kg": "118",
    "birth_place": "Jerusalem, Israel",
    "nationality": "Israeli",
    "college": "California (2001\u20132004)",
    "draft_year": "2004",
    "career_start": "1998",
    "highlights": [
        "First-team All-Pac-10 (2003)",
        "Israeli Super League Champion (2008)"
    ],
    "teams": {
        "Hapoel Jerusalem": "2010\u20132011",
        "PAOK": "2004\u20132005",
        "AEK Athens": "2005",
        "Maccabi Giv'at Shmuel": "2005\u20132006",
        "AEL Larissa": "2006",
        "Spirou Charleroi": "2006\u20132007",
        "Hapoel Holon": "2007\u20132008",
        "Ironi Ashkelon": "2008\u20132009",
        "APOEL": "2009",
        "Maccabi Rishon LeZion": "2011\u20132012",
        "Ironi Ramat Gan": "2012\u20132018"
    },
    "birth_date": "1979-12-2"
}