{
    "name": "Anatoly Zourpenko",
    "height_ft": "6",
    "height_in": "11.5",
    "weight_lbs": "240",
    "nationality": "Russian, Greek",
    "birth_place": "Volgograd, Russian SFSR, Soviet Union",
    "death_date": "2022",
    "career_start": "1993",
    "career_end": "2009",
    "career_position": "Power forward, center",
    "highlights": [
        "EuroLeague champion (1997)",
        "2\u00d7 Greek League champion (1996, 1997)",
        "Greek Cup winner (1997)",
        "2\u00d7 Greek League All-Star (1998, 2001)"
    ],
    "teams": {
        "Proteas Athens": "1993\u20131994",
        "Sporting": "2003\u20132005",
        "Olympiacos": "1995\u20131998",
        "Papagou": "1998\u20131999",
        "Maroussi": "1999\u20132000",
        "Near East": "2000\u20132002",
        "Panellinios": "2002\u20132003",
        "Ilysiakos": "2006\u20132007",
        "Volzhanin-GES Volzhskiy": "2007\u20132009"
    },
    "birth_date": "1975-11-5"
}