{
    "name": "Anatoly Kashirov",
    "position": "Center",
    "height_m": "2.15",
    "weight_kg": "112",
    "nationality": "Russian",
    "birth_place": "Moscow, Russian SFSR, Soviet Union",
    "draft_year": "2009",
    "career_start": "2005",
    "highlights": [
        "2\u00d7 Euroleague champion (2006, 2008)"
    ],
    "teams": {
        "CSKA Moscow": "2005\u20132008",
        "Spartak Saint Petersburg": "2015\u20132016",
        "Mitteldeutscher Wei\u00dfenfels": "2009\u20132010",
        "Walter Tigers T\u00fcbingen": "2013\u20132015",
        "Aris Thessaloniki": "2011",
        "Ventspils": "2013",
        "Khimki": "2015",
        "Dz\u016bkija Alytus": "2016\u20132018"
    },
    "birth_date": "1987-05-19"
}