{
    "name": "Anatoly Konev",
    "birth_place": "Moscow, Russian SFSR",
    "death_date": "9 November 1965",
    "death_place": "Moscow, Soviet Union",
    "nationality": "Russian",
    "height_cm": "198",
    "team1": "CSKA Moscow",
    "medaltemplates": [
        "Sport: Men's basketball",
        "Country: {{URS}}",
        "Competition: Olympic Games",
        "Silver Medal: 1952 Helsinki  ",
        "Competition: FIBA EuroBasket",
        "Gold Medal: 1947 Czechoslovakia  ",
        "Gold Medal: 1951 France  ",
        "Gold Medal: 1953 USSR  ",
        "Bronze Medal: 1955 Hungary  "
    ]
}