{
    "name": "Anatoliy Polyvoda",
    "height_ft": "6",
    "height_in": "7",
    "weight_lb": "231",
    "career_position": "Power forward",
    "birth_place": "Yenakiieve, Stalino Oblast, Ukrainian SSR, USSR",
    "death_date": "df=y",
    "nationality": "Soviet and Ukrainian",
    "birth_date": "1947-5-29",
    "medaltemplates": [
        "Country: {{URS}}",
        "Sport: Men's Basketball",
        "Competition: Olympic Games",
        "Bronze Medal: 1968 Mexico City USSR Team competition",
        "Gold Medal: 1972 Munich USSR Team competition",
        "Competition: FIBA World Cup",
        "Gold Medal: 1967 Montevideo  Team competition",
        "Competition: EuroBasket",
        "Gold Medal: 1967 Finland  Team competition",
        "Gold Medal: 1969 Italy  Team competition",
        "Gold Medal: 1971 West Germany  Team competition",
        "Competition: European Championship for Juniors",
        "Gold Medal: 1966 Italy Team Team competition"
    ]
}