{
    "name": "Anderson Varej\u00e3o",
    "height_ft": "6",
    "height_in": "11",
    "weight_lb": "260",
    "birth_place": "Colatina, Brazil",
    "draft_year": "2004",
    "draft_round": "2",
    "draft_pick": "30",
    "draft_team": "Orlando Magic",
    "career_start": "1998",
    "career_end": "2021",
    "career_position": "Center / power forward",
    "career_number": "17, 18",
    "highlights": [
        "NBA All-Defensive Second Team (2009)",
        "Brazilian League champion (2019)",
        "EuroLeague champion (2003)",
        "2\u00d7 Spanish League champion (2003, 2004)",
        "Spanish Cup champion (2003)",
        "Spanish Supercup champion (2004)",
        "2\u00d7 Brazilian Basketball Championship winner (1998, 1999)"
    ],
    "teams": {
        "Franca": "1998\u20132002",
        "Barcelona": "2002\u20132004",
        "Cleveland Cavaliers": "2020",
        "Golden State Warriors": "2015\u20132016",
        "Flamengo": "2018\u20132019"
    },
    "birth_date": "1982-9-28",
    "medaltemplates": [
        "Sport: Men's basketball",
        "Country: {{Brazil}}",
        "Competition: FIBA AmeriCup",
        "Silver Medal: 2001 Neuqu\u00e9n National team ",
        "Gold Medal: 2005 Santo Domingo National team ",
        "Gold Medal: 2009 San Juan National team ",
        "Competition: FIBA South American Championship",
        "Gold Medal: 2003 Montevideo National team ",
        "Competition: Pan American Games",
        "Gold Medal: 2003 Santo Domingo National team "
    ]
}