{
    "name": "Ander Garc\u00eda",
    "height_m": "1.92",
    "team": "Union Dax-Gamarde",
    "position": "Shooting guard",
    "birth_place": "Bergara, Spain",
    "number": "4",
    "nationality": "Spanish",
    "career_start": "2007",
    "teams": {
        "Baskonia": "2010\u20132011",
        "Archena": "2008\u20132009",
        "Lucentum Alicante B": "2009\u20132010",
        "Xuventude Cambados": "2013\u20132014",
        "Araberri": "2011\u20132012",
        "Natra O\u00f1ati": "2012\u20132013",
        "Zornotza": "2017\u20132018",
        "Iraurgi": "2016\u20132017",
        "Union Dax-Gamarde": "2018\u2013present"
    },
    "birth_date": "1989-4-5"
}