{
    "name": "Anderson Hunt",
    "height_ft": "6",
    "height_in": "1",
    "weight_lb": "190",
    "birth_place": "Detroit, Michigan, U.S.",
    "high_school": "Southwestern (Detroit, Michigan)",
    "college": "UNLV (1988\u20131991)",
    "draft_year": "1991",
    "career_position": "Shooting guard",
    "highlights": [
        "NCAA champion (1990)",
        "NCAA Final Four Most Outstanding Player (1990)",
        "First-team All-Big West (1991)"
    ],
    "birth_date": "1969-5-5"
}