{
    "name": "Andrea Stinson",
    "number": "32, 7",
    "position": "Guard",
    "height_ft": "5",
    "height_in": "10",
    "weight_lb": "158",
    "nationality": "American",
    "high_school": "North Mecklenburg, (Huntersville, North Carolina)",
    "college": "NC State (1987\u20131991)",
    "career_start": "1997",
    "career_end": "2005",
    "highlights": [
        "3\u00d7 WNBA All-Star (2000\u20132002)",
        "2\u00d7 All-WNBA Second Team (1997, 1998)",
        "No. 32 retired by Charlotte Sting",
        "No. 32 retired by NC State",
        "ACC Player of the Year (1990)",
        "3\u00d7 First-team All-ACC (1989\u20131991)"
    ],
    "bbr_wnba": "stinsan01w",
    "teams": {
        "Tarbes Gespe Bigorre": "1992\u20131994",
        "Charlotte Sting": "1997\u20132004",
        "Detroit Shock": "2005"
    },
    "WNBA": {
        "Points": "3,351 (12.3 ppg)",
        "Rebounds": "1,127 (4.1 rpg)",
        "Assists": "810 (3.0 apg)"
    },
    "birth_date": "1967-11-25",
    "medaltemplates": [
        "Sport: Women's basketball",
        "Country: {{United States}}",
        "Competition: Pan American Games",
        "Bronze Medal: 1991 Havana Team Competition ",
        "Competition: Jones Cup",
        "Gold Medal: 1992 Taipei Team Competition "
    ]
}