{
    "name": "Andrew Sullivan",
    "career_position": "Forward",
    "height_ft": "6",
    "height_in": "8",
    "weight_kg": "104",
    "high_school": "St. Augustine Prep (Richland, New Jersey)",
    "birth_place": "London, England",
    "college": "Villanova (1999\u20132003)",
    "draft_year": "2003",
    "career_start": "2003",
    "career_end": "2016",
    "highlights": [
        "2\u00d7 British League MVP (2006, 2013)",
        "3\u00d7 BBL Trophy MVP (2006, 2011, 2016)",
        "BBL Cup MVP (2014)"
    ],
    "teams": {
        "EiffelTowers Nijmegen": "2003\u20132004",
        "Newcastle Eagles": "2010",
        "Joventut Badalona": "2006\u20132007",
        "Dexia Mons-Hainaut": "2007\u20132008",
        "CSK VVS Samara": "2008\u20132009",
        "Apollon Limassol": "2009\u20132010",
        "Mersey Tigers": "2010\u20132011",
        "Leicester Riders": "2015\u20132016",
        "London Lions": "2014\u20132015"
    },
    "cteams": {
        "Great Britain national team (assistant)": "2017\u20132018 "
    },
    "birth_date": "1980-02-12"
}