{
    "name": "Andre Iguodala",
    "height_ft": "6",
    "height_in": "6",
    "weight_lb": "215",
    "birth_place": "Springfield, Illinois, U.S.",
    "high_school": "Lanphier (Springfield, Illinois)",
    "college": "Arizona (2002\u20132004)",
    "draft_year": "2004",
    "draft_round": "1",
    "draft_pick": "9",
    "draft_team": "Philadelphia 76ers",
    "career_number": "4, 9, 28",
    "career_position": "Small forward / shooting guard",
    "career_start": "2004",
    "career_end": "2023",
    "highlights": [
        "4\u00d7 NBA champion (2015, 2017, 2018, 2022)",
        "NBA Finals MVP (2015)",
        "NBA All-Star (2012)",
        "NBA All-Defensive First Team (2013)",
        "NBA All-Defensive Second Team (2010)",
        "NBA All-Rookie First Team (2004)",
        "First-team All-Pac-10 (2004)",
        "Pac-10 All-Freshman Team (2003)",
        "Second-team ''Parade'' All-American (2002)"
    ],
    "bbr": "iguodan01",
    "teams": {
        "Philadelphia 76ers": "2004\u20132011",
        "Denver Nuggets": "2012",
        "Golden State Warriors": "2021\u20132022",
        "Miami Heat": "2019\u20132020"
    },
    "birth_date": "1984-1-28",
    "medaltemplates": [
        "Sport: Men's basketball",
        "Country: {{United States}}",
        "Gold Medal: 2012 London Team ",
        "Competition: FIBA World Championship",
        "Gold Medal: 2010 Turkey Team "
    ]
}