{
    "name": "Andre Miller",
    "height_ft": "6",
    "height_in": "3",
    "weight_lb": "200",
    "nationality": "American",
    "birth_place": "Los Angeles, California, U.S.",
    "high_school": "Verbum Dei (Los Angeles, California)",
    "team": "Grand Rapids Gold",
    "college": "Utah (1995\u20131999)",
    "draft_year": "1999",
    "draft_round": "1",
    "draft_pick": "8",
    "draft_team": "Cleveland Cavaliers",
    "career_start": "1999",
    "career_end": "2016",
    "career_position": "Point guard",
    "career_number": "24, 7, 22",
    "position": "Head Coach",
    "highlights": [
        "NBA All-Rookie First Team (1999)",
        "NBA assists leader (2001)",
        "Consensus first-team All-American (1999)",
        "Third-team All-American \u2013 USBWA (1998)",
        "WAC Player of the Year (1999)",
        "2\u00d7 First-team All-WAC (1998, 1999)",
        "No. 24 retired by Utah Utes"
    ],
    "bbr": "millean02",
    "teams": {
        "Cleveland Cavaliers": "1999\u20132001",
        "Los Angeles Clippers": "2002",
        "Denver Nuggets": "2011\u20132013",
        "Philadelphia 76ers": "2006\u20132008",
        "Portland Trail Blazers": "2009\u20132010",
        "Washington Wizards": "2013\u20132014",
        "Sacramento Kings": "2014",
        "Minnesota Timberwolves": "2015",
        "San Antonio Spurs": "2015"
    },
    "stats": {
        "Points": "16,278 (12.5 ppg)",
        "Rebounds": "4,795 (3.7 rpg)",
        "Assists": "8,524 (6.5 apg)"
    },
    "birth_date": "1976-3-19",
    "medaltemplates": [
        "Sport: Men's basketball",
        "Country: {{United States}}",
        "Competition: Goodwill Games",
        "Gold Medal: 1998 New York Team competition ",
        "Gold Medal: 2001 Brisbane National team "
    ]
}