{
    "name": "Andrew Toney",
    "birth_place": "Birmingham, Alabama, U.S.",
    "height_ft": "6",
    "height_in": "3",
    "weight_lb": "178",
    "high_school": "Charles B. Glenn (Birmingham, Alabama)",
    "college": "Louisiana (1976\u20131980)",
    "draft_year": "1980",
    "draft_round": "1",
    "draft_pick": "8",
    "draft_team": "Philadelphia 76ers",
    "career_start": "1980",
    "career_end": "1988",
    "career_position": "Shooting guard",
    "career_number": "22",
    "highlights": [
        "NBA champion (1983)",
        "2\u00d7 NBA All-Star (1983, 1984)",
        "2\u00d7 Southland Player of the Year (1978, 1980)",
        "Philadelphia Sports Hall of Fame"
    ],
    "teams": {
        "Philadelphia 76ers": "1980\u20131987"
    },
    "stats": {
        "Points": "7,458 (15.9 ppg)",
        "Rebounds": "1,009 (2.2 rpg)",
        "Assists": "1,965 (4.2 apg) "
    },
    "birth_date": "1957-11-23"
}