{
    "name": "Andre Barrett",
    "height_ft": "5",
    "height_in": "10",
    "weight_lb": "172",
    "birth_place": "The Bronx, New York, U.S.",
    "high_school": "Rice (New York City, New York)",
    "college": "Seton Hall (2000\u20132004)",
    "draft_year": "2004",
    "career_start": "2004",
    "career_end": "2017",
    "career_number": "12, 11, 1",
    "career_position": "Point guard",
    "highlights": [
        "Spanish Supercup champion (2009)",
        "Catalan League champion (2009)",
        "Third-team All-American \u2013 SN (2004)",
        "Haggerty Award co-winner (2004)",
        "McDonald's All-American (2000)",
        "Second-team ''Parade'' All-American (2000)"
    ],
    "teams": {
        "Houston Rockets": "2004",
        "Orlando Magic": "2004",
        "Florida Flame": "2005\u20132006",
        "Phoenix Suns": "2005",
        "Toronto Raptors": "2005",
        "Chicago Bulls": "2006",
        "Bakersfield Jam": "2007\u20132008",
        "Austin Toros": "2008",
        "Los Angeles Clippers": "2007",
        "Barcelona": "2008\u20132009",
        "Idaho Stampede": "2010",
        "Chorale Roanne Basket": "2011\u20132012",
        "Maine Red Claws": "2013",
        "Sioux Falls Skyforce": "2013",
        "Westchester Knicks": "2014\u20132015",
        "Toros de Aragua": "2015\u20132016",
        "Indios de San Francisco de Macor\u00eds": "2016",
        "Obras Sanitarias": "2017"
    },
    "birth_date": "1982-2-21",
    "medaltemplates": [
        "Sport: Men's Basketball",
        "Country: {{United States}}",
        "Competition: Summer Universiade",
        "Bronze Medal: 2001 Beijing Team competition "
    ]
}