{
    "name": "Andre Emmett",
    "height_ft": "6",
    "height_in": "5",
    "weight_lb": "230",
    "birth_place": "Dallas, Texas, U.S.",
    "death_date": "2019",
    "death_place": "Dallas, Texas, U.S.",
    "high_school": "Carter (Dallas, Texas)",
    "college": "Texas Tech (2000\u20132004)",
    "draft_year": "2004",
    "draft_round": "2",
    "draft_pick": "35",
    "draft_team": "Seattle SuperSonics",
    "career_start": "2004",
    "career_end": "2019",
    "career_number": "14",
    "career_position": "Shooting guard / small forward",
    "years1": "team1 = Memphis Grizzli",
    "years2": "team2= Austin Toros",
    "years3": "team3= Lietuvos rytas",
    "years4": "team4=Los Angeles D-Fenders",
    "years5": "team5=Belgacom Li\u00e8ge",
    "years6": "team6=\u00c9lan B\u00e9arnais Pau-Orthez",
    "years7": "team7=Marinos de Anzo\u00e1tegui",
    "years8": "team8=Shandong Lions",
    "years9": "team9=Mets de Guaynabo",
    "years10": "team10=Fujian Sturgeons",
    "years11": "team11=Reno Bighorns",
    "years12": "team12=New Jersey Ne",
    "years13": "team13=Sporting Al Riyadi Beirut",
    "years14": "team14=Amchit Club",
    "years15": "team15=Cocodrilos de Caracas",
    "years16": "team16=Halcones Rojos Veracruz",
    "years17": "team17=Cocodrilos de Caracas",
    "years18": "team18=Piratas de Quebradillas",
    "years19": "team19=Fort Wayne Mad Ants",
    "years20": "team20=Meralco Bolts",
    "years21": "team21=Jeonju KCC Egis",
    "years22": "team22=Guaros de Lara",
    "years23": "team23=Jeonju KCC Egis",
    "years24": "team24 = Capitanes de Arecibo",
    "highlights": [
        "2\u00d7 NBA D-League All-Star (2012, 2015)",
        "NBA D-League All-Star Game MVP  (2015)",
        "CBA Scoring champion (2010)",
        "Consensus first-team All-American (2004)",
        "3\u00d7 First-team All-Big 12 (2002\u20132004)"
    ],
    "birth_date": "1982-8-27"
}