{
    "name": "Andr\u00e9 Buffi\u00e8re",
    "height_ft": "6",
    "height_in": "1",
    "weight_lb": "190",
    "birth_place": "Vion, Ard\u00e8che, France",
    "death_date": "2014",
    "career_position": "Shooting guard",
    "career_start": "1945",
    "career_end": "1957",
    "coach_start": "1948",
    "coach_end": "1987",
    "highlights": [
        "6\u00d7 French League champion (1946, 1948\u20131950, 1952, 1955)",
        "French Cup winner (1953)",
        "French National Sports Hall of Fame (1995)",
        "French Basketball Hall of Fame (2004) '''As head coach:'''",
        "2\u00d7 FIBA Kora\u0107 Cup champion (1982, 1983)",
        "6\u00d7 French League champion (1950, 1952, 1955, 1975, 1977, 1983)",
        "3\u00d7 French Cup winner (1953, 1982, 1983)",
        "Knight of the Legion of Honor (1998)"
    ],
    "teams": {
        "ESSMG Lyon": "1955\u20131957",
        "UA Marseille": "1947\u20131948",
        "ASVEL": "1948\u20131955"
    },
    "cteams": {
        "ASVEL": "1973\u20131980",
        "SA Lyon": "1964\u20131970",
        "France": "1957\u20131964",
        "SCM Le Mans": "1970\u20131973",
        "CSP Limoges": "1980\u20131983",
        "Racing Club France": "1986\u20131987"
    },
    "birth_date": "1922-11-12",
    "medaltemplates": [
        "Sport: Men's Basketball",
        "Country: {{FRA}}",
        "Competition: Summer Olympics",
        "Silver Medal: 1948 London Team ",
        "Competition: EuroBasket",
        "Silver Medal: 1949 Cairo  ",
        "Bronze Medal: 1951 Paris  ",
        "Bronze Medal: 1953 Moscow  "
    ]
}