{
    "name": "Andrew Levane",
    "height_ft": "6",
    "height_in": "2",
    "weight_lb": "190",
    "birth_place": "Brooklyn, New York, U.S.",
    "death_date": "2012",
    "nationality": "American",
    "high_school": "James Madison (Brooklyn, New York)",
    "college": "St. John's (1940\u20131943)",
    "career_start": "1945",
    "career_end": "1953",
    "career_number": "13, 14, 3",
    "career_position": "Small forward / shooting guard",
    "highlights": [
        "NBL champion (1946)",
        "Haggerty Award winner (1943)"
    ],
    "bbr": "levanan01 ",
    "teams": {
        "Rochester Royals": "1945\u20131948",
        "Syracuse Nationals": "1949",
        "Elmira Colonels": "1951\u20131952",
        "Milwaukee Hawks": "1952"
    },
    "cteams": {
        "Milwaukee Hawks": "1952\u20131953",
        "New York Knicks": "1958\u20131959",
        "St. Louis Hawks": "1961"
    },
    "birth_date": "1920-4-11"
}