{
    "name": "Andrew DeClercq",
    "height_ft": "6",
    "height_in": "10",
    "weight_lb": "255",
    "birth_place": "Detroit, Michigan",
    "nationality": "American",
    "high_school": "Countryside (Clearwater, Florida)",
    "college": "Florida (1991\u20131995)",
    "draft_year": "1995",
    "draft_round": "2",
    "draft_pick": "34",
    "draft_team": "Golden State Warriors",
    "career_start": "1995",
    "career_end": "2005",
    "career_number": "55, 45",
    "career_position": "Center / power forward",
    "coach_start": "2009",
    "bbr": "declean01",
    "teams": {
        "Golden State Warriors": "1995\u20131996",
        "Boston Celtics": "1997\u20131998",
        "Cleveland Cavaliers": "1998\u20131999",
        "Orlando Magic": "2000\u20132004"
    },
    "cteams": {
        "Montverde Academy": "2009\u20132010",
        "Foundation Academy": "2010\u20132012"
    },
    "NBA": {
        "Points": "2,815 (4.8 ppg)",
        "Rebounds": "2,488 (4.2 rpg)",
        "Assists": "339 (0.6 apg)"
    },
    "birth_date": "1973-2-1",
    "medaltemplates": [
        "Sport: Men's basketball",
        "Country: {{USA}}",
        "Competition: Goodwill Games",
        "Bronze Medal: 1994 St. Petersburg National team "
    ]
}