{
    "name": "Andrew Lasker",
    "number": "21",
    "team": "Newcastle Eagles",
    "league": "British Basketball League",
    "position": "Point Guard",
    "height_ft": "6",
    "height_in": "2",
    "nationality": "American",
    "birth_place": "Houston, Texas, USA",
    "college": "Point Loma Nazarene",
    "career_start": "2005",
    "career_end": "2021",
    "highlights": [
        "2x BBL Championship winner (2014, 2015)",
        "1x BBL Championship Play-offs winner (2013)",
        "3x BBL Trophy winner (2007, 2015, 2020)",
        "4x BBL Cup winner (2015, 2016, 2017, 2021)"
    ],
    "teams": {
        "Plymouth Raiders": "2012\u20132013",
        "Newcastle Eagles": "2013\u20132021",
        "Surrey Scorchers": "2011\u20132012"
    }
}