{
    "name": "Andrew Gaze",
    "height_cm": "201",
    "weight_kg": "95",
    "birth_place": "Melbourne, Victoria, Australia",
    "high_school": "Albert Park College, (Melbourne, Victoria)",
    "college": "Seton Hall (1988\u20131989)",
    "draft_year": "1987",
    "career_number": "10, 4",
    "career_position": "Shooting guard",
    "career_start": "1984",
    "career_end": "2005",
    "coach_start": "2016",
    "highlights": [
        "NBA champion (1999)",
        "2\u00d7 NBL champion (1993, 1997)",
        "7\u00d7 NBL MVP (1991, 1992, 1994\u20131998)",
        "11\u00d7 NBL All-Star (1988\u20131997, 2004)",
        "2\u00d7 NBL All-Star Game MVP (1989, 1992)",
        "15\u00d7 All-NBL First Team (1986\u20132000)",
        "All-NBL Second Team (2001)",
        "8\u00d7 NBL Most Efficient Player (1990\u20131997)",
        "NBL Rookie of the Year (1984)",
        "14\u00d7 NBL scoring champion (1986, 1988, 1989, 1991\u20132001)",
        "NBL assist champion (1989)",
        "NBL 20th Anniversary Team (1998)",
        "NBL 25th Anniversary Team (2003)",
        "NBL 40th Anniversary Team (2018)",
        "No. 10 retired by Melbourne Tigers",
        "6\u00d7 Gaze Medalist (1990, 1994\u20131996, 1998, 2000)",
        "FIBA's 50 Greatest Players (1991)",
        "Third-team All-Big East (1989)"
    ],
    "FIBA_HOF_player": "Andrew-Gaze ",
    "teams": {
        "Melbourne Tigers": "1984\u20132005",
        "Udine": "1991\u20131992",
        "Washington Bullets": "1993",
        "Apollon Patras": "1995",
        "San Antonio Spurs": "1998"
    },
    "cteams": {
        "Melbourne Tigers": "2022\u2013present",
        "Sydney Kings": "2016\u20132019"
    },
    "NBL": {
        "Points": "18,908 (30.8 ppg)",
        "Rebounds": "3,121 (5.1 rpg)",
        "Assists": "3,531 (5.8 apg)"
    },
    "birth_date": "1965-7-24"
}