{
    "name": "Andrew Parkinson",
    "position": "Shooting guard / small forward",
    "height": "195",
    "weight": "95 kg (210 lb)",
    "nationality": "Australian",
    "career_start": "1988",
    "career_end": "1998",
    "highlights": [
        "NBL Most Improved Player (1991)",
        "2x NBL champion (1992, 1996)"
    ],
    "teams": {
        "Geelong Supercats": "1988",
        "Southern Melbourne Saints": "1991",
        "South East Melbourne Magic": "1992\u20131998"
    },
    "birth_date": "1967-9-21"
}