{
    "name": "Andrea Bargnani",
    "position": "Power forward / center",
    "height_ft": "7",
    "height_in": "0",
    "weight_lb": "245",
    "birth_place": "Rome, Italy",
    "draft_year": "2006",
    "draft_round": "1",
    "draft_pick": "1",
    "draft_team": "Toronto Raptors",
    "career_start": "2002",
    "career_end": "2017",
    "highlights": [
        "NBA All-Rookie First Team (2006)",
        "EuroLeague Rising Star (2006)",
        "Italian League champion (2006)",
        "2\u00d7 Italian Cup winner (2004, 2005)",
        "Italian League Best Player Under 22 (2006)"
    ],
    "league": "NBA",
    "bbr": "bargnan01 ",
    "teams": {
        "Stella Azzurra Roma": "2002\u20132003",
        "Benetton Treviso": "2003\u20132006",
        "Toronto Raptors": "2006\u20132012",
        "New York Knicks": "2013\u20132014",
        "Brooklyn Nets": "2015",
        "Baskonia": "2016\u20132017"
    },
    "stats": {
        "Points": "7,873 (14.3 ppg)",
        "Rebounds": "2,541 (4.6 rpg)",
        "Assists": "653 (1.2 apg)"
    },
    "birth_date": "1985-10-26"
}