{
    "name": "Andrew Kennedy",
    "height_ft": "6",
    "height_in": "7",
    "weight_lb": "207",
    "birth_place": "Kingston, Jamaica",
    "nationality": "American / Jamaican",
    "high_school": "Calabar (Kingston, Jamaica)",
    "college": [
        "Amarillo College (1983\u20131985)",
        "Virginia (1985\u20131987)"
    ],
    "draft_year": "1987",
    "draft_round": "2",
    "draft_pick": "43",
    "draft_team": "Philadelphia 76ers",
    "career_start": "1987",
    "career_end": "2002",
    "career_position": "Small forward",
    "highlights": [
        "Israeli Basketball Premier League MVP (1996)",
        "Second-team All-ACC (1987)"
    ],
    "teams": {
        "Topeka Sizzlers": "1987\u20131988",
        "Rapid City Thrillers": "1988\u20131989",
        "CB Valladolid": "1989",
        "Hapoel Galil Elyon": "1995\u20131998",
        "Corona Cremona": "1990\u20131991",
        "Montpellier Basket": "1993\u20131994",
        "Maccabi Haifa BC": "1998\u20132000",
        "Bnei Herzliya": "2001\u20132002",
        "Ironi Ramat Gan": "2002"
    },
    "birth_date": "1965-12-22"
}