{
    "name": "Andre Wakefield",
    "height_ft": "6",
    "height_in": "3",
    "weight_lb": "175",
    "birth_place": "Chicago, Illinois",
    "nationality": "American",
    "high_school": "Crane (Chicago, Illinois)",
    "college": [
        "College of Southern Idaho (1974\u20131976)",
        "Loyola Chicago (1976\u20131978)"
    ],
    "draft_year": "1978",
    "draft_round": "5",
    "draft_pick": "107",
    "draft_team": "Phoenix Suns",
    "career_start": "1978",
    "career_end": "1981",
    "career_number": "44, 26, 15",
    "career_position": "Point guard",
    "teams": {
        "Chicago Bulls": "1978",
        "Detroit Pistons": "1978",
        "Utah Jazz": "1979",
        "Anchorage Northern Knights": "1980",
        "Billings Volcanos": "1980\u20131981"
    },
    "birth_date": "1955-01-11"
}