{
    "name": "Andre Moore",
    "height_ft": "6",
    "height_in": "9",
    "weight_lb": "215",
    "birth_place": "Chicago, Illinois, U.S.",
    "nationality": "American / Australian",
    "high_school": "Carver (Chicago, Illinois)",
    "college": "Loyola Chicago (1984\u20131987)",
    "draft_year": "1987",
    "draft_round": "2",
    "draft_pick": "31",
    "draft_team": "Denver Nuggets",
    "career_start": "1987",
    "career_end": "2001",
    "career_number": "31, 41, 53",
    "career_position": "Power forward",
    "highlights": [
        "All-NBL First Team (1990)",
        "All-NBL Third Team (1993)",
        "MCC Player of the Year (1987)"
    ],
    "teams": {
        "Denver Nuggets": "1987",
        "Milwaukee Bucks": "1987",
        "Philadelphia Aces": "1987\u20131988",
        "Tulsa Fast Breakers": "1988\u20131989",
        "Brisbane Bullets": "1990\u20131994",
        "Hobart Devils": "1995",
        "Cairns Taipans": "1999\u20132001"
    },
    "birth_date": "1964-07-02"
}