{
    "name": "Andrae Patterson",
    "height_ft": "6",
    "height_in": "9",
    "weight_lbs": "255",
    "league": "NBA",
    "team": "Portland Trail Blazers",
    "position": "Assistant General Manager",
    "nationality": "American",
    "birth_place": "Riverside, California",
    "high_school": "Cooper (Abilene, Texas)",
    "college": "Indiana (1994\u20131998)",
    "draft_year": "1998",
    "draft_round": "2",
    "draft_pick": "46",
    "draft_team": "Minnesota Timberwolves",
    "career_start": "1998",
    "career_end": "2009",
    "career_position": "Power forward / center",
    "career_number": "45",
    "coach_start": "2012",
    "highlights": [
        "First-team ''Parade'' All-American (1994)",
        "Second-team ''Parade'' All-American (1993)",
        "Texas Mr. Basketball (1994)"
    ],
    "bbr": "pattean01 ",
    "teams": {
        "Minnesota Timberwolves": "1998\u20132000",
        "Estudiantes": "2003\u20132005",
        "Ricoh Manresa": "2005\u20132006",
        "Zadar": "2006",
        "Ironi Ashkelon": "2006",
        "Panellinios": "2006\u20132007",
        "Aigaleo": "2007\u20132009"
    },
    "cteams": {
        "Texas\u2013Arlington (assistant)": "2012\u20132014",
        "Idaho Stampede (assistant)": "2014\u20132015"
    },
    "birth_date": "1975-11-12"
}