{
    "name": "Andrew Bynum",
    "height_ft": "7",
    "height_in": "0",
    "url": "https://www.lakersground.net/viewtopic.php?t=52858",
    "title": "LakersGround.net :: View topic - Andrew Bynum height  ",
    "weight_lb": "285",
    "nationality": "American",
    "birth_place": "Plainsboro Township, New Jersey, U.S.",
    "high_school": "St. Joseph (Metuchen, New Jersey)",
    "draft_round": "1",
    "draft_pick": "10",
    "draft_year": "2005",
    "draft_team": "Los Angeles Lakers",
    "career_start": "2005",
    "career_end": "2014",
    "career_position": "Center",
    "career_number": "17, 21",
    "highlights": [
        "2\u00d7 NBA champion (2009, 2010)",
        "NBA All-Star (2012)",
        "All-NBA Second Team (2011)",
        "McDonald's All-American (2005)",
        "Third-team ''Parade'' All-American (2005)"
    ],
    "bbr": "bynuman01 ",
    "teams": {
        "Los Angeles Lakers": "2005\u20132011",
        "Cleveland Cavaliers": "2013",
        "Indiana Pacers": "2013"
    },
    "NBA": {
        "Points": "4,822 (11.5 ppg)",
        "Rebounds": "3,221 (7.7 rpg)",
        "Blocks": "657 (1.6 bpg)"
    },
    "birth_date": "1987-10-27"
}