{
    "name": "Andre Brown",
    "height_ft": "6",
    "height_in": "9",
    "weight_lb": "245",
    "nationality": "American",
    "birth_place": "Chicago, Illinois",
    "high_school": [
        "Brother Rice (Chicago, Illinois)",
        "Leo Catholic (Chicago, Illinois)"
    ],
    "college": "DePaul (2000\u20132004)",
    "draft_year": "2004",
    "career_start": "2004",
    "career_end": "2015",
    "career_number": "44, 1",
    "career_position": "Center / power forward",
    "highlights": [
        "KBL All-Star (2006)",
        "Second-team All-Conference USA (2004)",
        "McDonald's All-American (2000)",
        "Second-team ''Parade'' All-American (2000)"
    ],
    "teams": {
        "Sedima Roseto": "2004\u20132005",
        "Budu\u0107nost Podgorica": "2005",
        "Barangay Ginebra Kings": "2005",
        "Daegu Orions": "2005\u20132006",
        "Incheon ET Land Black Slamer": "2006",
        "Sioux Falls Skyforce": "2006\u20132007",
        "Seattle SuperSonics": "2006",
        "Memphis Grizzlies": "2007",
        "Charlotte Bobcats": "2008",
        "Austin Toros": "2008\u20132009",
        "Banvit": "2009",
        "Zhejiang Golden Bulls": "2009\u20132010",
        "Leones de Ponce": "2010",
        "Al Jalaa Aleppo": "2010",
        "Panellinios": "2010",
        "Perth Wildcats": "2011",
        "Huracanes del Atl\u00e1ntico": "2011",
        "Shahrdari Gorgan": "2011\u20132012",
        "KCC Egis": "2012\u20132013",
        "Club Atl\u00e9tico Atenas": "2013",
        "Al-Ahli": "2014",
        "Dundgovi Hawks": "2014\u20132015"
    },
    "birth_date": "1981-5-12"
}