{
    "position": "Sporting director",
    "height_m": "2.07",
    "weight_kg": "120",
    "league": "ABA League, Croatian League",
    "team": "Cibona",
    "nationality": "Croatian",
    "birth_place": "Split, SR Croatia, SFR Yugoslavia",
    "draft_year": "2002",
    "career_position": "Power forward / center",
    "career_start": "1998",
    "career_end": "2016",
    "highlights": [
        "EuroLeague champion (2014)",
        "Greek League champion (2008)",
        "4\u00d7 Croatian League champion (2003, 2004, 2012, 2013)",
        "Israeli League champion (2014)",
        "Greek Cup winner (2008)",
        "Croatian Cup winner (2013)",
        "Greek League All-Star (2006)",
        "Adriatic League Top Scorer (2010)",
        "Adriatic League rebounding champion (2003) '''EuroLeague records since the 2000\u201301 season'''",
        "Most 2-point field goals made in a game without a miss"
    ],
    "teams": {
        "Split CO": "1998\u20132003",
        "Cibona": "2015\u20132016",
        "FC Barcelona": "2004\u20132005",
        "Olympiacos": "2005\u20132007",
        "Panathinaikos": "2007\u20132008",
        "Galatasaray Cafe Crown": "2008\u20132009",
        "CAI Zaragoza": "2009",
        "Cedevita": "2011",
        "ASVEL Basket": "2010\u20132011",
        "Astana": "2014",
        "Maccabi Tel Aviv": "2014",
        "Credito di Romagna Forli": "2014\u20132015",
        "Pallacanestro Piacentina": "2015"
    },
    "birth_date": "1980-1-14",
    "medaltemplates": [
        "Sport: Men\u2019s basketball",
        "Country: {{CRO}}",
        "Competition: World U-19 Cup",
        "Bronze Medal: 1999 Portugal U-19 Team Under-18",
        "Competition: European U-18 Championship",
        "Silver Medal: 1998 Bulgaria U-18 Team Under-18"
    ]
}