{
    "name": "Andre Patterson, Jr.",
    "position": "Small forward",
    "height_ft": "6",
    "height_in": "7",
    "nationality": "American",
    "birth_place": "Los Angeles, California",
    "highschool": "Concordia Lutheran High School, (Fort Wayne, Indiana)  Washington Prep, (Los Angeles, California)",
    "college": "UCLA (2001\u20132003), Tennessee (2004\u20132006)",
    "draft_year": "2006",
    "career_start": "2006",
    "career_end": "2009",
    "teams": {
        "Los Angeles D-Fenders": "2006\u20132007",
        "Dakota Wizards": "2008",
        "Gatos de Monagas": "2008",
        "Reno Bighorns": "2008\u20132009",
        "Anaheim Arsenal": "2009"
    },
    "birth_date": "1983-5-12"
}