{
    "name": "Andrei Kirilenko",
    "height_ft": "6",
    "height_in": "9",
    "weight_lb": "235",
    "birth_place": "Izhevsk, Russian SFSR, Soviet Union",
    "nationality": "Russian / American",
    "draft_year": "1999",
    "draft_round": "1",
    "draft_pick": "24",
    "draft_team": "Utah Jazz",
    "career_start": "1997",
    "career_end": "2015",
    "career_position": "Power forward / small forward",
    "career_number": "47, 15",
    "highlights": [
        "NBA All-Star (2004)",
        "NBA All-Defensive First Team (2006)",
        "2\u00d7 NBA All-Defensive Second Team (2004, 2005)",
        "NBA All-Rookie First Team (2002)",
        "NBA blocks leader (2004)",
        "EuroBasket MVP (2007)",
        "EuroLeague MVP (2012)",
        "All-EuroLeague First Team (2012)",
        "EuroLeague Best Defender (2012)",
        "EuroLeague rebounding leader (2012)",
        "2\u00d7 EuroLeague blocks leader (2001,2012)",
        "2\u00d7 FIBA Europe Men's Player of the Year (2007, 2012)",
        "Euroscar Player of the Year (2012)",
        "FIBA EuroStar (1999)",
        "4\u00d7 Russian Player of the Year (2004, 2005, 2007, 2008)",
        "Russian League MVP (2000)",
        "All-Russian League Symbolic First Team (2012)",
        "All-Russian League First Team (2012)",
        "2\u00d7 VTB United League champion (2012, 2015)",
        "VTB United League MVP (2012)",
        "VTB United League Final Four MVP (2012)",
        "VTB United League Hall of Fame (2019)",
        "FIBA Under-19 World Cup MVP (1999)"
    ],
    "nba_profile": "andrei_kirilenko",
    "teams": {
        "Spartak St. Petersburg": "1997\u20131998",
        "CSKA Moscow": "2015",
        "Partizan": "2001",
        "Utah Jazz": "2001\u20132010",
        "Minnesota Timberwolves": "2012",
        "Brooklyn Nets": "2013\u20132014"
    },
    "stats": {
        "Points": "9,431 (11.8 ppg)",
        "Rebounds": "4,352 (5.5 rpg)",
        "Assists": "2,169 (2.7 apg)"
    },
    "birth_date": "1981-2-18",
    "medaltemplates": [
        "Sport: Men's basketball",
        "Country: {{Russia}}",
        "Competition: Summer Olympic Games",
        "Bronze Medal: 2012 London ",
        "Competition: EuroBasket",
        "Gold Medal: 2007 Spain ",
        "Bronze Medal: 2011 Lithuania "
    ]
}