{
    "name": "Andreas Glyniadakis",
    "height_ft": "7",
    "height_in": "1",
    "weight_lbs": "280",
    "birth_place": "Chania, Greece",
    "draft_year": "2003",
    "draft_round": "2",
    "draft_pick": "58",
    "draft_team": "Detroit Pistons",
    "career_number": "9, 11, 12, 14, 35, 55",
    "career_position": "Center",
    "career_start": "1997",
    "career_end": "2020",
    "highlights": [
        "2\u00d7 EuroLeague champion (2000, 2012)",
        "5\u00d7 Greek Basket League champion (1998\u20132001, 2012)",
        "2\u00d7 Greek Cup winner (2010, 2011)",
        "2\u00d7 Greek League All-Star (2004, 2009)",
        "Cypriot League champion (2014)",
        "Kazakh League champion (2013)",
        "Kazakh Cup winner (2013)",
        "NBA G League champion (2006)"
    ],
    "teams": {
        "Panathinaikos": "1997\u20132001",
        "Panellinios": "2001\u20132002",
        "Peristeri Athens": "2002\u20132003",
        "AEK Athens": "2007",
        "Roanoke Dazzle": "2005\u20132006",
        "Albuquerque Thunderbirds": "2007",
        "Seattle SuperSonics": "2006",
        "Virtus Bologna": "2007",
        "Maroussi": "2007\u20132009",
        "Olympiacos": "2009\u20132012",
        "Astana": "2012\u20132013",
        "Lietuvos rytas": "2013\u20132014",
        "APOEL": "2014",
        "Royal Hal\u0131 Gaziantep": "2014\u20132015",
        "Energia Rovinari": "2015",
        "Les Lions de Geneve": "2015",
        "Nea Kifissia": "2015\u20132016",
        "PAOK": "2016\u20132017",
        "Kymis": "2017\u20132018",
        "Rethymno Cretan Kings": "2018\u20132019",
        "Ilysiakos": "2019\u20132020"
    },
    "birth_date": "1981-8-26",
    "medaltemplates": [
        "Competition: FIBA EuroBasket",
        "Gold Medal: 0",
        "Silver Medal: 0",
        "Bronze Medal: 1",
        "Competition: FIBA U-18 European Championship",
        "Gold Medal: 0",
        "Silver Medal: 0",
        "Bronze Medal: 1",
        "Sport: Men's basketball",
        "Competition: FIBA EuroBasket",
        "Bronze Medal: 2009 Poland  Team competition",
        "Competition: FIBA Europe Under-18 Championship",
        "Bronze Medal: 1998 Bulgaria Under-18 Team competition"
    ]
}