{
    "name": "Andrew Vlahov",
    "position": "Small forward / power forward",
    "height_ft": "6",
    "height_in": "7",
    "weight_lb": "238",
    "birth_place": "Perth, Western Australia, Australia",
    "highschool": "Kent Street (Perth, Western Australia) South Eugene (Eugene, Oregon)",
    "college": "Stanford (1987\u20131991)",
    "draft_year": "1991",
    "career_start": "1991",
    "career_end": "2002",
    "highlights": [
        "3\u00d7 NBL champion (1991, 1995, 2000)",
        "NBL Grand Final MVP (1995)",
        "2\u00d7 All-NBL First Team (1992, 1995)",
        "2\u00d7 All-NBL Second Team (1996, 2000)",
        "2\u00d7 All-NBL Third Team (1993, 1994)",
        "NBL Rookie of the Year (1991)",
        "NBL's 20th Anniversary Team",
        "No. 21 retired by Perth Wildcats",
        "2\u00d7 Gaze Medal winner (1991, 1993)",
        "Australian Basketball Hall of Fame (2007)",
        "NIT champion (1991)"
    ],
    "teams": {
        "Perth Wildcats": "1991\u20132002"
    },
    "birth_date": "1969-4-1"
}