{
    "name": "Andrey Vorontsevich",
    "position": "Power forward",
    "height_cm": "207",
    "weight_kg": "107",
    "league": "VTB United League",
    "team": "Nizhny Novgorod",
    "number": "33",
    "nationality": "Russian",
    "birth_place": "Omsk, Russian SFSR, Soviet Union",
    "draft_year": "2009",
    "career_start": "2004",
    "highlights": [
        "3\u00d7 EuroLeague champion (2008, 2016, 2019)",
        "1\u00d7 VTB United League Promo-Cup Champion (2008)",
        "10\u00d7 VTB United League champion (2010, 2012\u20132019, 2023)",
        "VTB United League Playoffs MVP (2015)",
        "VTB United League Defensive Player of the Year (2015)",
        "All-VTB United League Second Team (2015)",
        "VTB United League All-Star (2017)",
        "7\u00d7 Russian League champion (2007\u20132013)",
        "2\u00d7 Russian Cup winner (2007, 2010)",
        "Russian League All-Star (2011)",
        "Best Russian Young Player (2007)",
        "EuroBasket rebounding leader (2015)"
    ],
    "teams": {
        "Lokomotiv Novosibirsk": "2004\u20132006",
        "CSKA Moscow": "2006\u20132020",
        "Nizhny Novgorod": "2023\u2013present",
        "UNICS Kazan": "2021\u20132023"
    },
    "birth_date": "1987-7-17",
    "medaltemplates": [
        "Sport: Men's basketball",
        "Country: {{RUS}}",
        "Competition: EuroBasket",
        "Bronze Medal: 2011 Lithuania  "
    ]
}