{
    "name": "Andre Owens",
    "height_ft": "6",
    "height_in": "4",
    "weight_lbs": "200",
    "league": "TBL",
    "team": "Indy Express",
    "position": "Head coach",
    "nationality": "American",
    "birth_place": "Indianapolis, Indiana",
    "high_school": "Perry Meridian (Indianapolis, Indiana)",
    "college": [
        "Indiana (2000\u20132001)",
        "Houston (2002\u20132005)"
    ],
    "draft_year": "2005",
    "career_start": "2005",
    "career_end": "2015",
    "career_number": "30, 20",
    "career_position": "Shooting guard",
    "coach_start": "2020",
    "highlights": [
        "Bulgarian League All-Star (2012)"
    ],
    "teams": {
        "Utah Jazz": "2005",
        "Anaheim Arsenal": "2006\u20132007",
        "Indiana Pacers": "2007",
        "Crvena zvezda": "2008\u20132009",
        "T\u00fcrk Telekom": "2009\u20132010",
        "Lokomotiv Kuban": "2010",
        "B\u00e0squet Manresa": "2010",
        "Granada": "2010\u20132011",
        "Donetsk": "2011",
        "Lukoil Academic": "2011\u20132012",
        "Keravnos": "2012\u20132013",
        "C.R.D. Libolo": "2014",
        "Zepter Vienna": "2015"
    },
    "cteams": {
        "Indy Express": "2021\u2013present"
    },
    "birth_date": "1980-10-31",
    "medaltemplates": [
        "Competition: FIBA Africa Clubs Champions Cup",
        "Gold Medal: Tunis 2014 Rec do Libolo Team competition"
    ]
}