{
    "name": "Andrea Lloyd",
    "position": "Forward",
    "height_ft": "6",
    "height_in": "2",
    "weight_lbs": "175",
    "birth_place": "Moscow, Idaho, U.S.",
    "high_school": "Moscow (Moscow, Idaho)",
    "college": "Texas (1983\u20131987)",
    "draft_league": "WNBA",
    "draft_year": "1999",
    "draft_round": "3",
    "draft_pick": "31",
    "draft_team": "Minnesota Lynx",
    "womensHOF": "andrea-lloyd",
    "teams": {
        "Columbus Quest": "1996\u20131998",
        "Minnesota Lynx": "1999\u20132000"
    },
    "birth_date": "1965-9-2",
    "medaltemplates": [
        "Sport: Women\u2019s basketball",
        "Country: the {{USA}}",
        "Competition: World University Games",
        "Gold Medal: 1985 Kobe, Japan Team Competition Team competition",
        "Competition: Olympic Games",
        "Gold Medal: 1988 Seoul Team competition Team competition",
        "Competition: Pan American Games",
        "Gold Medal: 1987 Indianapolis Team competition Team competition",
        "Bronze Medal: 1991 Havana Team competition Team competition",
        "Competition: FIBA World Championship for Women",
        "Bronze Medal: 1994 Sydney Team Competition Team competition"
    ]
}