{
    "name": "Andr\u00e9s Guibert",
    "height_ft": "6",
    "height_in": "10",
    "weight_lb": "260",
    "birth_place": "Havana, Cuba",
    "nationality": "Cuban / Puerto Rican",
    "college": "Cantera Instituto Manuel Fajardo",
    "draft_year": "1990",
    "career_start": "1994",
    "career_end": "2004",
    "career_position": "Power forward / center",
    "highlights": [
        "3\u00d7 Greek League All-Star (1996 II, 1999, 2002)"
    ],
    "teams": {
        "Minnesota Timberwolves": "1994",
        "Capitalinos de San Juan": "1995",
        "Ourense": "1995\u20131996",
        "Criollos de Caguas": "1997",
        "Sporting": "1996\u20131997",
        "Pesaro": "1997\u20131998",
        "Apollon Patras": "1998\u20131999",
        "Near East": "1999\u20132000",
        "Irakleio": "2001",
        "Basket Treviso": "2001",
        "Indios de Mayag\u00fcez": "2002",
        "KAOD": "2001\u20132002",
        "Valladolid": "2003",
        "Toritos de Cayey": "2003",
        "Leones de Ponce": "2004"
    },
    "birth_date": "1968-10-28"
}