{
    "name": "Andre Hutson",
    "position": "Power forward / Center",
    "height_ft": "6",
    "height_in": "8",
    "weight_lb": "239.8",
    "birth_place": "Dayton, Ohio",
    "nationality": "American",
    "high_school": "Trotwood-Madison (Trotwood, Ohio)",
    "college": "Michigan State (1997\u20132001)",
    "draft_year": "2001",
    "draft_round": "2",
    "draft_pick": "51",
    "draft_team": "Milwaukee Bucks",
    "career_start": "2001",
    "career_end": "2010",
    "highlights": [
        "All-Greek League Second Team (2004)",
        "2\u00d7 Greek League All-Star (2005, 2007)",
        "Greek All Star Game MVP (2007)",
        "NCAA champion (2000)"
    ],
    "teams": {
        "Basket Napoli": "2001\u20132002",
        "Peristeri": "2002\u20132003",
        "Maroussi": "2003\u20132004",
        "Makedonikos": "2004\u20132005",
        "Ural Great Perm": "2005\u20132006",
        "Panionios": "2006\u20132007",
        "Efes Pilsen": "2007\u20132008",
        "Virtus Roma": "2008\u20132010"
    },
    "birth_date": "1979-01-12"
}