{
    "name": "Andrew Lang",
    "height_ft": "6",
    "height_in": "11",
    "weight_lb": "275",
    "birth_place": "Pine Bluff, Arkansas, U.S.",
    "high_school": "Dollarway (Pine Bluff, Arkansas)",
    "college": "Arkansas (1984\u20131988)",
    "draft_year": "1988",
    "draft_round": "2",
    "draft_pick": "28",
    "draft_team": "Phoenix Suns",
    "career_start": "1988",
    "career_end": "2000",
    "career_number": "28",
    "career_position": "Center",
    "teams": {
        "Phoenix Suns": "1988\u20131991",
        "Philadelphia 76ers": "1992",
        "Atlanta Hawks": "1993\u20131995",
        "Minnesota Timberwolves": "1995",
        "Milwaukee Bucks": "1996\u20131997",
        "Chicago Bulls": "1998",
        "New York Knicks": "1999"
    },
    "NBA": {
        "Points": "4,431 (6.0 ppg)",
        "Rebounds": "3,511 (4.8 rpg) "
    },
    "birth_date": "1966-06-28"
}