{
    "name": "Andre Turner",
    "position": "Head coach",
    "team": "Lane Dragons",
    "league": "Southern Intercollegiate Athletic Conference",
    "height_ft": "5",
    "height_in": "11",
    "weight_lb": "177",
    "birth_place": "Memphis, Tennessee, U.S.",
    "high_school": "Mitchell (Memphis, Tennessee)",
    "college": "Memphis (1982\u20131986)",
    "draft_year": "1986",
    "draft_round": "3",
    "draft_pick": "69",
    "draft_team": "Los Angeles Lakers",
    "career_start": "1986",
    "career_end": "2008",
    "career_number": "7, 13, 11, 12, 10, 4, 1",
    "career_position": "Point guard",
    "coach_start": "2010",
    "highlights": [
        "Spanish King's Cup winner (1997)",
        "Spanish King's Cup MVP (1997)",
        "6\u00d7 Spanish League All-Star (1992\u20131994, 1997\u20131999)",
        "CBA champion (1990)",
        "CBA Playoff MVP (1990)",
        "CBA All-Star (1988)",
        "USBL champion (1986)",
        "All-USBL First Team (1988)",
        "USBL All-Defensive Team (1988)",
        "All-WBL Team (1989)",
        "AP honorable mention All-American (1986)",
        "2\u00d7 First-team All-Metro Conference (1985, 1986)",
        "Metro Conference All-Freshman Team (1983)"
    ],
    "teams": {
        "Tampa Bay Flash": "1986",
        "Rockford Lightning": "1986\u20131987",
        "Boston Celtics": "1986",
        "La Crosse Catbirds": "1990",
        "Rhode Island Gulls": "1987",
        "Houston Rockets": "1987",
        "Miami Tropics": "1988",
        "Calgary 88s": "1988",
        "Milwaukee Bucks": "1988",
        "Los Angeles Clippers": "1989",
        "Charlotte Hornets": "1989",
        "Memphis Rockers": "1991",
        "Philadelphia 76ers": "1990",
        "Washington Bullets": "1991",
        "Ourense": "1992\u20131994",
        "Zaragoza": "1994\u20131996",
        "Joventut": "2005",
        "Sevilla": "1998\u20132001",
        "C\u00e1ceres": "2001\u20132002",
        "Universidad Complutense": "2003",
        "Valladolid": "2003\u20132004",
        "Murcia": "2004\u20132005",
        "Melilla": "2005\u20132006",
        "Minorca": "2006",
        "La Palma": "2007",
        "Zaragoza 2002": "2007\u20132008"
    },
    "cteams": {
        "Mitchell HS (assistant)": "2010\u20132015",
        "Mitchell HS": "2015\u20132021",
        "Lane": "2021\u2013present"
    },
    "birth_date": "1964-03-13"
}