{
    "name": "Andrew Anderson",
    "position": "Point guard / shooting guard",
    "height_ft": "6",
    "height_in": "2",
    "weight_lb": "184",
    "number": "13, 44, 23, 40",
    "birth_place": "Buffalo, New York",
    "death_date": "2019",
    "death_place": "Tallahassee, Florida",
    "nationality": "American",
    "high_school": "Maryvale (Cheektowaga, New York)",
    "college": "Canisius (1964\u20131967)",
    "draft_year": "1967",
    "draft_round": "8",
    "draft_pick": "88",
    "draft_team": "Boston Celtics",
    "career_start": "1967",
    "career_end": "1970",
    "highlights": [
        "ABA champion (1969)"
    ],
    "bbr": "anderan01 ",
    "teams": {
        "Oakland Oaks": "1967\u20131968",
        "Miami Floridians": "1968\u20131969",
        "Los Angeles Stars": "1969\u20131970"
    },
    "birth_date": "1945-06-06"
}