{
    "name": "Andrea Meneghin",
    "height_ft": "6",
    "height_in": "6.75",
    "weight_lb": "215",
    "birth_place": "Varese, Italy",
    "nationality": "Italian",
    "draft_year": "1996",
    "career_start": "1990",
    "career_end": "2007",
    "career_position": "Shooting guard / small forward",
    "coach_start": "2006",
    "highlights": [
        "Mr. Europa (1999)",
        "2\u00d7 FIBA EuroStar (1998, 1999)",
        "EuroLeague steals leader (2000)",
        "Italian League champion (1999)",
        "Italian Supercup winner (1999)",
        "Italian Supercup MVP (1999)",
        "Italian All-Star Game MVP (1999)"
    ],
    "teams": {
        "Pallacanestro Varese": "2002\u20132005",
        "Fortitudo Bologna": "2000\u20132002",
        "Pallacanestro Daverio": "2006\u20132007"
    },
    "cteams": {
        "Pallacanestro Varese (assistant)": "2006\u20132008",
        "Pallacanestro Varese (youth clubs)": "2007\u2013present"
    },
    "birth_date": "1974-02-20",
    "medaltemplates": [
        "Country: {{ITA}}",
        "Competition: FIBA EuroBasket",
        "Gold Medal: 1999 France  ",
        "Competition: European U-18 Championship",
        "Silver Medal: 1992 Hungary U-18 Team "
    ]
}