{
    "name": "Andy Betts",
    "height_ft": "7",
    "height_in": "1",
    "weight_lbs": "275",
    "birth_place": "Ashby-de-la-Zouch, Leicestershire, England",
    "college": [
        "LIU Post (1994\u20131997)",
        "Long Beach State (1997\u20131998)"
    ],
    "draft_year": "1998",
    "draft_round": "2",
    "draft_pick": "50",
    "draft_team": "Charlotte Hornets",
    "career_start": "1998",
    "career_end": "2012",
    "career_position": "Centre",
    "highlights": [
        "FIBA EuroCup champion (2006)",
        "Liga ACB champion (2000)",
        "Spanish Cup winner (2004)",
        "Italian Super Cup (1998)",
        "Greek League champion (2002)",
        "Greek Cup winner (2001)",
        "Greek League All-Star (2003)",
        "Ukrainian League champion (2011)",
        "First-team All-Big West (1998)"
    ],
    "teams": {
        "Teamsystem Bologna": "1998\u20131999",
        "Bipop Carire Reggio Emilia": "1999\u20132000",
        "Real Madrid": "2000",
        "AEK Athens": "2000\u20132003",
        "TAU Cer\u00e1mica": "2003\u20132005",
        "DKV Joventut": "2005\u20132007",
        "Cajasol Sevilla": "2007\u20132008",
        "Aris Thessaloniki": "2009\u20132010",
        "Budivelnyk Kyiv": "2010\u20132011",
        "Lagun Aro GBC": "2011\u20132012"
    },
    "birth_date": "1977-5-11"
}