{
    "name": "Andrew Bogut",
    "birth_place": "Melbourne, Victoria, Australia",
    "height_ft": "7",
    "height_in": "0",
    "weight_lb": "260",
    "high_school": [
        "St John's Regional College, (Melbourne, Victoria)",
        "Lake Ginninderra, (Canberra, Australian Capital Territory)"
    ],
    "college": "Utah (2003\u20132005)",
    "draft_year": "2005",
    "draft_round": "1",
    "draft_pick": "1",
    "draft_team": "Milwaukee Bucks",
    "career_start": "2005",
    "career_end": "2020",
    "career_position": "Center",
    "career_number": "6, 12, 66",
    "highlights": [
        "NBA champion (2015)",
        "All-NBA Third Team (2009)",
        "NBA All-Defensive Second Team (2014)",
        "NBA All-Rookie First Team (2005)",
        "NBA blocks leader (2010)",
        "NBL Most Valuable Player (2019)",
        "All-NBL First Team (2019)",
        "All-NBL Second Team (2020)",
        "NBL Best Defensive Player (2019)",
        "Gaze Medal winner (2016)",
        "National college player of the year (2005)",
        "Consensus first-team All-American (2005)",
        "Pete Newell Big Man Award (2005)",
        "MWC Player of the Year (2005)",
        "MWC Freshman of the Year (2004)",
        "No. 4 retired by Utah Utes",
        "FIBA Under-19 World Cup MVP (2003)"
    ],
    "teams": {
        "Milwaukee Bucks": "2005\u20132011",
        "Golden State Warriors": "2018",
        "Dallas Mavericks": "2016",
        "Cleveland Cavaliers": "2016",
        "Los Angeles Lakers": "2017",
        "Sydney Kings": "2018\u20132020"
    },
    "NBA": {
        "Points": "6,808 (9.6 ppg)",
        "Rebounds": "6,112 (8.7 rpg)",
        "Blocks": "1,091 (1.5 bpg)"
    },
    "birth_date": "1984-11-28",
    "medaltemplates": [
        "Sport: Men's basketball",
        "Country: {{AUS}}",
        "Competition: FIBA Oceania Championship",
        "Gold Medal: 2015 Australia/New Zealand  ",
        "Competition: FIBA U19 World Cup",
        "Gold Medal: 2003 Greece Team "
    ]
}