{
    "name": "Andris Biedri\u0146\u0161",
    "position": "Center",
    "height_ft": "7",
    "height_in": "0",
    "weight_lb": "245",
    "career_number": "15, 11",
    "nationality": "Latvian",
    "birth_place": "Riga, Latvia",
    "draft_year": "2004",
    "draft_round": "1",
    "draft_pick": "11",
    "draft_team": "Golden State Warriors",
    "career_start": "2002",
    "career_end": "2014",
    "bbr": "biedran01",
    "highlights": [
        "Latvian League Newcomer of the Year (2003)"
    ],
    "teams": {
        "BK Skonto": "2002\u20132004",
        "Golden State Warriors": "2004\u20132012",
        "Utah Jazz": "2013"
    },
    "birth_date": "1986-4-2"
}