{
    "name": "Andrew Ogilvy",
    "position": "Center",
    "height_cm": "211",
    "weight_kg": "115",
    "nationality": "Australian / Irish",
    "birth_place": "Sydney, New South Wales",
    "high_school": "Oakhill College, (Sydney, New South Wales)",
    "college": "Vanderbilt (2007\u20132010)",
    "draft_year": "2010",
    "career_start": "2005",
    "career_end": "2022",
    "highlights": [
        "3\u00d7 All-NBL First Team (2014, 2016, 2017)",
        "BBL champion (2013)",
        "TBL All-Star (2011)",
        "3\u00d7 Second-team All-SEC (2008\u20132010)",
        "SEC All-Freshman Team (2008)"
    ],
    "teams": {
        "Australian Institute of Sport": "2005\u20132007",
        "Be\u015fikta\u015f": "2010\u20132011",
        "Valencia": "2011\u20132012",
        "Brose Baskets": "2012\u20132013",
        "Sydney Kings": "2013\u20132014",
        "Manresa": "2014\u20132015",
        "Illawarra Hawks": "2015\u20132022",
        "Atenienses de Manat\u00ed": "2016",
        "Azad University Tehran": "2017",
        "Hills Hornets": "2022",
        "Rockhampton Rockets": "2019",
        "Iraklis": "2020"
    },
    "birth_date": "1988-6-17"
}