{
    "height_ft": "6",
    "height_in": "8",
    "weight_lb": "225",
    "nationality": "Argentine / Italian title=Player Profile",
    "birth_place": "Santa Fe, Argentina",
    "draft_year": "2001",
    "career_start": "1996",
    "career_end": "2017",
    "career_number": "5, 6, 13",
    "career_position": "Small forward / power forward",
    "highlights": [
        "FIBA Intercontinental Cup champion (2015)",
        "EuroLeague champion (2015)",
        "EuroLeague Final Four MVP (2015)",
        "2\u00d7 All-EuroLeague Second Team (2003, 2004)",
        "3\u00d7 Liga ACB champion (2002, 2015, 2016)",
        "4\u00d7 Spanish Cup winner (2002, 2004\u20132016)",
        "Spanish Supercup winner (2014)",
        "Liga ACB MVP (2004)",
        "2\u00d7 All-Liga ACB First Team (2004, 2013)",
        "No. 13 retired by the Argentine Basketball Confederation"
    ],
    "teams": {
        "Olimpia Venado Tuerto": "1996\u20131997",
        "Independiente de General Pico": "1997\u20131999",
        "Tau Cer\u00e1mica": "2001\u20132004",
        "Minorisa Manresa": "2000\u20132001",
        "Chicago Bulls": "2004\u20132008",
        "Sacramento Kings": "2009\u20132009",
        "Philadelphia 76ers": "2010\u20132011",
        "Pe\u00f1arol de Mar del Plata": "2011",
        "Laboral Kutxa Baskonia": "2012\u20132014",
        "Real Madrid": "2014\u20132017"
    },
    "birth_date": "1979-11-30",
    "medaltemplates": [
        "Sport: Men's basketball",
        "Country: {{ARG}}",
        "Competition: Olympic Games",
        "Gold Medal: 2004 Athens  ",
        "Bronze Medal: 2008 Beijing  ",
        "Competition: FIBA World Cup",
        "Silver Medal: 2002 Indianapolis  ",
        "Competition: FIBA Diamond Ball",
        "Bronze Medal: 2004 Belgrade  ",
        "Gold Medal: 2008 Nanjing  ",
        "Competition: FIBA AmeriCup",
        "Bronze Medal: 1999 San Juan  ",
        "Gold Medal: 2001 Neuqu\u00e9n  ",
        "Silver Medal: 2003 San Juan  ",
        "Gold Medal: 2011 Mar del Plata  ",
        "Silver Medal: 2015 Mexico City  ",
        "Competition: FIBA South American Championship",
        "Silver Medal: 1999 Bah\u00eda Blanca  ",
        "Gold Medal: 2001 Valdivia  "
    ]
}