{
    "name": "Andy Phillip",
    "height_ft": "6",
    "height_in": "2",
    "weight_lb": "195",
    "birth_place": "Granite City, Illinois, U.S.",
    "death_date": "2001",
    "death_place": "Rancho Mirage, California, U.S.",
    "nationality": "American",
    "high_school": "Granite City (Granite City, Illinois)",
    "college": "Illinois (1941\u20131943, 1946\u20131947)",
    "draft_year": "1947",
    "draft_round": "5",
    "draft_pick": "47",
    "draft_team": "Chicago Stags",
    "career_start": "1947",
    "career_end": "1958",
    "career_position": "Point guard / shooting guard",
    "career_number": "19, 7, 4, 14, 17",
    "highlights": [
        "NBA champion (1957)",
        "5\u00d7 NBA All-Star (1951\u20131955)",
        "2\u00d7 All-NBA Second Team (1952, 1953)",
        "2\u00d7 NBA assists leader (1950, 1951)",
        "''Sporting News'' Player of the Year (1943)",
        "2\u00d7 Consensus first-team All-American (1942, 1943)",
        "Consensus second-team All-American (1947)"
    ],
    "bbr": "phillan01",
    "HOF_player": "andy-phillip",
    "CBBASKHOF_year": "2006 ",
    "teams": {
        "Chicago Stags": "1947\u20131949",
        "Philadelphia Warriors": "1950\u20131952",
        "Fort Wayne Pistons": "1952\u20131955",
        "Boston Celtics": "1956\u20131957"
    },
    "cteams": {
        "St. Louis Hawks": "1958"
    },
    "stats": {
        "Points": "6,384 (9.1 ppg)",
        "Rebound": "2,395 (4.4 rpg)",
        "Assists": "3,759 (5.4 apg)"
    },
    "birth_date": "1922-03-07"
}