{
    "name": "Andy Tonkovich",
    "birth_place": "Wheeling, West Virginia",
    "death_date": "2006",
    "death_place": "Inverness, Florida",
    "nationality": "American",
    "height_ft": "6",
    "height_in": "1",
    "weight_lb": "185",
    "high_school": "Union (Benwood, West Virginia)",
    "college": "Marshall (1944\u20131948)",
    "draft_year": "1948",
    "draft_league": "BAA",
    "draft_round": "1",
    "draft_pick": "1",
    "draft_team": "Providence Steamrollers",
    "career_start": "1948",
    "career_end": "1952",
    "career_position": "Point guard",
    "career_number": "7",
    "highlights": [
        "Third-team All-American \u2013 Helms (1948)"
    ],
    "bbr": "tonkoan01 ",
    "teams": {
        "Providence Steamrollers": "1948",
        "Wheeling Blues": "1949\u20131952"
    },
    "cteams": {
        "Wheeling Blues": "1949\u20131952",
        "St. John Central HS": "1952\u20131954"
    },
    "BAA": {
        "Points": "44 (2.6 ppg)",
        "Assists": "10 (0.6 apg)",
        "Games played": "17"
    },
    "birth_date": "1922-11-1"
}