{
    "name": "Andy Panko",
    "height_ft": "6",
    "height_in": "9",
    "weight_lb": "245",
    "nationality": "American",
    "birth_place": "Harrisburg, Pennsylvania, U.S.",
    "high_school": "Bishop McDevitt, (Harrisburg, Pennsylvania)",
    "college": "Lebanon Valley (1995\u20131999)",
    "draft_year": "1999",
    "career_start": "1999",
    "career_end": "2018",
    "career_number": "24",
    "career_position": "Small forward / power forward",
    "highlights": [
        "Liga ACB MVP (2012)",
        "3\u00d7 Liga ACB Top Scorer (2012, 2014, 2015)",
        "All-Liga ACB Team (2012)",
        "Spanish Second Division MVP (2008)",
        "CBA Most Valuable Player (2003)",
        "CBA All-Star (2003)",
        "All-CBA First Team (2003)",
        "LNBP champion (2017)",
        "3\u00d7 First-team Division III All-American \u2013 NABC (1997\u20131999)",
        "3\u00d7 MAC Player of the Year (1997\u20131999)",
        "MAC Rookie of the Year (1996)"
    ],
    "teams": {
        "New Mexico Slam": "1999\u20132001",
        "Atlanta Hawks": "2000",
        "Basket Napoli": "2001\u20132002",
        "Dakota Wizards": "2002\u20132003",
        "Casademont Girona": "2003\u20132004",
        "Gigantes de Carolina": "2003",
        "Caja San Fernando": "2004\u20132005",
        "Bilbao Basket": "2007",
        "PAOK Thessaloniki": "2006",
        "San Sebasti\u00e1n Gipuzkoa": "2007\u20132012",
        "Panathinaikos": "2012",
        "Unicaja M\u00e1laga": "2012\u20132013",
        "Baloncesto Fuenlabrada": "2013\u20132015",
        "Vaqueros de Bayam\u00f3n": "2016",
        "SLUC Nancy": "2015\u20132016",
        "Fuerza Regia": "2017\u20132018",
        "Guaros de Lara": "2017"
    },
    "birth_date": "1977-11-29"
}