{
    "name": "Andy Seigle",
    "height_ft": "6",
    "height_in": "9",
    "weight_lb": "235",
    "nationality": "Filipino / American",
    "birth_place": "Scranton, Pennsylvania",
    "college": "New Orleans (1994\u20131996)",
    "draft_round_pba": "1",
    "draft_pick_pba": "1st overall",
    "draft_year_pba": "1997",
    "draft_team_pba": "Mobiline Phone Pals",
    "career_start": "1997",
    "career_end": "2007",
    "career_position": "Center / power forward",
    "career_number": "52",
    "highlights": [
        "3x PBA champion (2002 Governors, 2004 Fiesta, 2004\u201305 Philippine)",
        "PBA Rookie of the Year (1997)",
        "PBA All-Star (1999)"
    ],
    "teams": {
        "Mobiline Phone Pals": "1997\u20131999",
        "Purefoods Tender Juicy Hotdogs": "1999\u20132003",
        "Barangay Ginebra Kings": "2004\u20132007"
    },
    "birth_date": "1972-5-15",
    "medaltemplates": [
        "Sport: Men\u2019s basketball",
        "Country: {{PHI}}",
        "Competition: Asian Games",
        "Bronze Medal: 1998 Bangkok Team competition ",
        "Competition: William Jones Cup",
        "Gold Medal: 1998 Taipei Team "
    ]
}