{
    "name": "Andy Rautins",
    "team": "Free agent",
    "position": "Shooting guard",
    "birth_place": "Syracuse, New York, U.S.",
    "nationality": "Canadian",
    "height_ft": "6",
    "height_in": "4",
    "weight_lb": "190",
    "high_school": "Jamesville-DeWitt (DeWitt, New York)",
    "college": "Syracuse (2005\u20132010)",
    "draft_year": "2010",
    "draft_round": "2",
    "draft_pick": "38",
    "draft_team": "New York Knicks",
    "career_start": "2010",
    "highlights": [
        "NBA D-League Showcase Three-Point Shootout champion (2013)"
    ],
    "teams": {
        "New York Knicks": "2010",
        "Lucentum Alicante": "2011\u20132012",
        "Tulsa 66ers": "2012\u20132013",
        "Skyliners Frankfurt": "2013\u20132014",
        "Varese": "2014\u20132015",
        "Gaziantep": "2015\u20132017",
        "Banvit": "2017\u20132018",
        "Bah\u00e7e\u015fehir Koleji": "2018\u20132019",
        "Panathinaikos": "2020",
        "AEK Athens": "2022"
    },
    "birth_date": "1986-11-2",
    "medaltemplates": [
        "Sport: Men's Basketball",
        "Country: {{CAN}}",
        "Competition: FIBA U21 World Cup",
        "Bronze Medal: 2005 Mar del Plata Under-21 "
    ]
}