{
    "name": "Anete J\u0113kabsone-\u017dogota",
    "position": "Shooting guard",
    "height_ft": "5",
    "height_in": "9",
    "weight_lbs": "180",
    "birth_place": "Riga, Latvia",
    "nationality": "Latvian",
    "career_start": "1997",
    "highlights": [
        "FIBA Europe Young Women\u2019s Player of the Year (2005)",
        "FIBA Europe Women's Player of the Year (2007)",
        "WNBA champion (2014)"
    ],
    "wnba_profile": "anete_jekabsone-zogota ",
    "teams": {
        "Connecticut Sun": "2009\u20132010",
        "Phoenix Mercury": "2014"
    },
    "birth_date": "1983-08-12"
}