{
    "name": "Angelo Gigli",
    "position": "Power forward / center",
    "height_ft": "6",
    "height_in": "10.25",
    "weight_lb": "230",
    "league": "Serie A2 Basket",
    "team": "Basket Ferentino",
    "birth_place": "Pietermaritzburg, South Africa",
    "nationality": "Italian",
    "draft_year": "2005",
    "career_start": "2001",
    "career_end": "2019",
    "highlights": [
        "EuroChallenge champion (2014)",
        "Italian Cup champion (2007)",
        "Italian Supercup champion (2006)"
    ],
    "teams": {
        "Fortitudo Roma": "2001\u20132002",
        "Reggiana": "2003\u20132006",
        "Benetton Treviso": "2006\u20132008",
        "Virtus Roma": "2008\u20132011",
        "Virtus Bologna": "2011\u20132013",
        "Olimpia Milano": "2013\u20132015",
        "\u2192 Reggiana": "2014",
        "Ferentino": "2015\u20132017",
        "NPC Rieti": "2017\u20132019",
        "Libertas Ghepard": "2019"
    },
    "birth_date": "1983-6-4"
}