{
    "name": "Angelo Reyes",
    "position": "Power forward",
    "height_ft": "6",
    "height_in": "7",
    "weight_lb": "255",
    "league": "Baloncesto Superior Nacional",
    "team": "Leones de Ponce",
    "number": "97",
    "nationality": "Puerto Rican",
    "birth_place": "New York",
    "college": "Neosho County CC (2001\u20132002)",
    "career_start": "2002",
    "highlights": [
        "LNB champion (2014)",
        "3\u00d7 BSN champion (2006, 2010, 2013)",
        "BSN Most Valuable Player (2007)",
        "2\u00d7 All-BSN First Team (2006, 2007)",
        "All-BSN Second Team (2008)",
        "All-BSN Defensive First Team (2006)",
        "4\u00d7 BSN All-Star (2006\u20132008, 2010)",
        "BSN Rebounding champion (2006)",
        "BSN Offensive rebounding champion (2006)",
        "Rank #6 in BSN All-time offensive rebounds leaders",
        "Puerto Rico Athlete of the year (2007)"
    ],
    "birth_date": "1981-9-18",
    "medaltemplates": [
        "Sport: Men\u2019s basketball",
        "Country: {{PUR}}",
        "Competition: FIBA AmeriCup",
        "Silver Medal: 2009 Puerto Rico  ",
        "Bronze Medal: 2007 United States  ",
        "Competition: Pan American Games",
        "Silver Medal: 2007 Brazil  ",
        "Competition: Centrobasket",
        "Gold Medal: 2008 Mexico  ",
        "Competition: FIBA CBC Championship",
        "Gold Medal: 2007 Puerto Rico  ",
        "Competition: Central American and Caribbean Games",
        "Gold Medal: 2006 Colombia  "
    ]
}