{
    "name": "Angelos Tsamis \u0386\u03b3\u03b3\u03b5\u03bb\u03bf\u03c2 \u03a4\u03c3\u03ac\u03bc\u03b7\u03c2",
    "position": "Shooting guard",
    "height_ft": "6",
    "height_in": "3.75",
    "weight_lbs": "215",
    "league": "Greek 3rd division",
    "team": "Mykonos",
    "nationality": "Greek",
    "birth_place": "Kato Achaia, Greece",
    "career_start": "2005",
    "highlights": [
        "French Super Cup winner (2012)",
        "Greek 2nd Division champion (2006)",
        "Greek 4th Division champion (2022)"
    ],
    "teams": {
        "Olympiada Patras": "2005\u20132007",
        "AEK Athens": "2007\u20132008",
        "Kolossos Rodou": "2008\u20132012",
        "Limoges": "2012\u20132013",
        "Kolossos": "2013\u20132015",
        "Promitheas Patras": "2015\u20132017",
        "Holargos": "2017\u20132018",
        "Achayia '82": "2018\u20132019",
        "Apollon Patras": "2019\u20132020",
        "Mykonos": "2020\u2013present"
    },
    "birth_date": "1981-10-2"
}