{
    "name": "Anita Ortega",
    "career_position": "Guard",
    "height_ft": "5",
    "height_in": "8",
    "nationality": "American / Puerto Rican",
    "high_school": "Los Angeles High School, (Los Angeles, California)",
    "college": "UCLA (1975\u20131979)",
    "highlights": [
        "WBL All-Star (1980)",
        "WBL All-Pro (1980)",
        "AIAW national champion (1978)"
    ],
    "teams": {
        "San Francisco Pioneers": "1979\u20131981",
        "Minnesota Fillies": "1981"
    },
    "cteams": {
        "UCLA (assistant)": "1981\u20131983"
    }
}