{
    "name": "Ann Wauters",
    "team": "Chicago Sky",
    "position": "Assistant coach",
    "league": "WNBA",
    "birth_place": "Sint-Gillis-Waas, Belgium",
    "height_ft": "6",
    "height_in": "4",
    "weight_lb": "195",
    "draft_year": "2000",
    "draft_round": "1",
    "draft_pick": "1",
    "draft_team": "Cleveland Rockers",
    "draft_league": "WNBA",
    "career_start": "1999",
    "career_end": "2021",
    "career_position": "Center",
    "career_number": "12, 21",
    "coach_start": "2022",
    "highlights": [
        "WNBA champion (2016)",
        "WNBA All-Star (2005)",
        "4x EuroLeague champion (2002, 2004, 2005, 2012)",
        "2\u00d7 Russian National League champion (2010, 2014)",
        "3\u00d7 Russian Cup winner (2008, 2010, 2014)",
        "EuroCup winner (2015)",
        "Spanish National League champion (2012)",
        "Turkish Cup winner (2013)",
        "Belgian National League champion (2016)",
        "Korean National League champion (2006)",
        "4\u00d7 French National League champion (2001\u20132004)",
        "4\u00d7 French Cup winner (2001\u20132004)",
        "World League champion (2004)"
    ],
    "bbr_wnba": "wautean01w",
    "teams": {
        "US Valenciennes Olympic": "1999\u20132004",
        "Cleveland Rockers": "2000\u20132002",
        "Samsung Life Bichumi": "2006",
        "New York Liberty": "2004\u20132005",
        "VBM-SGAU Samara": "2004\u20132007",
        "WBC CSKA Moscow": "2007\u20132009",
        "San Antonio Silver Stars": "2008\u20132009",
        "UMMC Ekaterinburg": "2013\u20132014",
        "Ros Casares Valencia": "2011\u20132012",
        "Seattle Storm": "2012",
        "Galatasaray S.K.": "2016",
        "ESB Villeneuve-d'Ascq": "2014\u20132015",
        "Royal Castors Braine": "2015\u20132016",
        "Los Angeles Sparks": "2016",
        "AG\u00dc Spor": "2016\u20132017",
        "Yakin Dogu": "2017",
        "Kayseri Basketbol": "2019\u20132020"
    },
    "cteams": {
        "Chicago Sky (assistant)": "2022\u2013present"
    },
    "WNBA": {
        "Points": "2,174 (9.9 ppg)",
        "Rebounds": "1,111 (5.1 rpg)",
        "Assists": "293 (1.3 apg)"
    },
    "birth_date": "1980-10-12",
    "medaltemplates": [
        "Country: {{BEL}}",
        "Competition: EuroBasket",
        "Bronze Medal: 2017 Czech Republic  Team competition"
    ]
}