{
    "name": "Ann Meyers Drysdale",
    "height_ft": "5",
    "height_in": "9",
    "weight_lbs": "134",
    "birth_place": "San Diego, California, U.S.",
    "high_school": "Sonora (La Habra, California)",
    "college": "UCLA (1974\u20131978)",
    "draft_league": "WBL",
    "draft_year": "1978",
    "draft_round": "1",
    "draft_pick": "1",
    "draft_team": "Houston Angels",
    "career_start": "1978",
    "career_end": "1981",
    "career_number": "15",
    "career_position": "Shooting guard",
    "highlights": [
        "WBL Co-MVP (1980)",
        "Honda Sports Award for basketball (1978)"
    ],
    "HOF_player": "ann-e-meyers",
    "womensHOF": "ann-meyers-drysdale",
    "FIBA_HOF_player": "Ann-Meyers",
    "teams": {
        "New Jersey Gems": "1979\u20131981"
    },
    "birth_date": "1955-3-26",
    "medaltemplates": [
        "Sport: Women's Basketball",
        "Country: the {{USA}}",
        "Competition: Pan American Games",
        "Gold Medal: 1975 Mexico City National team ",
        "Silver Medal: 1979 San Juan National team ",
        "Competition: Olympic Games",
        "Silver Medal: 1976 Montreal Team competition ",
        "Competition: World University Games",
        "Silver Medal: 1977 Sofia National team ",
        "Competition: World Championship",
        "Gold Medal: 1979 Seoul National team ",
        "Competition: Jones Cup",
        "Gold Medal: 1979 Taipei Team competition "
    ]
}