{
    "name": "Anna DeForge",
    "number": "30",
    "position": "Guard",
    "height_ft": "5",
    "height_in": "10",
    "weight_lbs": "160",
    "nationality": "American / Montenegrin",
    "birth_place": "Iron Mountain, Michigan, U.S.",
    "high_school": "Niagara (Niagara, Wisconsin)",
    "college": "Nebraska (1994\u20131998)",
    "draft_league": "WNBA",
    "draft_year": "1998",
    "career_start": "1998",
    "career_end": "2015",
    "highlights": [
        "2\u00d7 WNBA All-Star (2004, 2007)"
    ],
    "wnba_profile": "anna_deforge ",
    "teams": {
        "San Jose Lasers": "1998",
        "Detroit Shock": "2009",
        "Kansas City Legacy": "2002",
        "Chicago Blaze": "2003",
        "Phoenix Mercury": "2003\u20132005",
        "TS Wis\u0142a Can-Pack Krak\u00f3w": "2005\u20132008",
        "Indiana Fever": "2006\u20132007",
        "Minnesota Lynx": "2008",
        "Be\u015fikta\u015f JK": "2009\u20132010",
        "Hondarribia-Ir\u00fan": "2010\u20132011",
        "TED Kayseri": "2011\u20132012",
        "USK Praha": "2012\u20132013",
        "Konak": "2014",
        "TTT Riga": "2015"
    },
    "birth_date": "1976-4-14"
}