{
    "name": "Ansu Sesay",
    "position": "Forward",
    "height_ft": "6",
    "height_in": "9",
    "weight_lb": "225",
    "number": "45, 5, 4, 9, 17",
    "birth_place": "Greensboro, North Carolina, U.S.",
    "highschool": "Willowridge (Houston, Texas)",
    "college": "Ole Miss (1994\u20131998)",
    "draft_year": "1998",
    "draft_round": "2",
    "draft_pick": "30",
    "draft_team": "Dallas Mavericks",
    "career_start": "1999",
    "career_end": "2010",
    "nba_profile": "ansu_sesay",
    "highlights": [
        "NBA D-League MVP (2002)",
        "German Cup champion (2009)",
        "Italian Cup champion (2006)",
        "Consensus second-team All-American (1998)",
        "SEC Player of the Year (1998)",
        "2\u00d7 First-team All-SEC (1997, 1998)"
    ],
    "teams": {
        "Rockford Lightning": "1999\u20132000",
        "Sta. Lucia Realtors": "2000",
        "Quad City Thunder": "2000\u20132001",
        "Greenville Groove": "2001\u20132002",
        "Seattle SuperSonics": "2002\u20132003",
        "Golden State Warriors": "2004",
        "Roseto Basket": "2005",
        "Basket Napoli": "2005\u20132007",
        "AJ Milano": "2007\u20132008",
        "Alba Berlin": "2008\u20132010",
        "STB Le Havre": "2010",
        "Jahesh Tarabar Qom": "2010"
    },
    "birth_date": "1976-7-29",
    "medaltemplates": [
        "Sport: Men's Basketball",
        "Country: {{USA}}",
        "Competition: Summer Universiade",
        "Gold Medal: 1997 Trapani Team competition Team competition"
    ]
}