{
    "name": "Antanas Kavaliauskas",
    "team": "Wake Forest Demon Deacons",
    "position": "Director of player development",
    "league": "ACC",
    "birth_place": "Vilnius, Lithuanian SSR, Soviet Union",
    "nationality": "Lithuanian",
    "height_ft": "6",
    "height_in": "10",
    "weight_lbs": "248",
    "college": [
        "Barton CC (2003\u20132005)",
        "Texas A&M (2005\u20132007)"
    ],
    "draft_year": "2007",
    "career_start": "2007",
    "career_end": "2019",
    "career_position": "Power forward / center",
    "career_number": "21, 44",
    "highlights": [
        "3\u00d7 Lithuanian LKL champion (2017, 2018, 2019)",
        "3\u00d7 Lithuanian King Mindaugas Cup winner (2016\u20132018)",
        "2\u00d7 Lithuanian LKL All-Tournament Team (2015, 2016)",
        "King Mindaugas Cup MVP (2016)",
        "Lithuanian LKL MVP (2015)",
        "Lithuanian LKL All-Star (2015)",
        "2\u00d7 Latvian LBL champion (2012, 2013)",
        "Latvian LBL All-Star (2013)",
        "Baltic BBL Cup winner (2012)",
        "All-Greek League Defensive Team (2009)"
    ],
    "teams": {
        "Panionios": "2007\u20132008",
        "Kavala": "2008\u20132009",
        "Juvecaserta": "2009\u20132010",
        "Societa Veroli": "2010\u20132011",
        "VEF R\u012bga": "2011\u20132013",
        "Bilbao Basket": "2013\u20132014",
        "Lietuvos rytas": "2014\u20132016",
        "\u017dalgiris": "2016\u20132019"
    },
    "birth_date": "1984-9-19",
    "medaltemplates": [
        "Sport: Men's basketball",
        "Country: {{LTU}}",
        "Competition: EuroBasket",
        "Silver Medal: 2015 France  ",
        "Competition: FIBA U21 World Cup",
        "Gold Medal: 2005 Argentina Team "
    ]
}