{
    "name": "Antanas Sireika",
    "position": "Head coach",
    "birth_place": "Bazilionai, Lithuanian SSR, Soviet Union",
    "nationality": "Lithuanian",
    "coach_start": "1995",
    "coach_end": "2023",
    "highlights": [
        "3\u00d7 LKL champion (2003\u20132005)",
        "SEB BBL champion (2005)"
    ],
    "cteams": {
        "\u0160iauliai": "2017\u20132023",
        "\u017dalgiris Kaunas": "2002\u20132006",
        "UNICS Kazan": "2006\u20132007",
        "Lietuvos rytas Vilnius": "2008",
        "Link Tochigi Brex": "2012\u20132014",
        "Juventus Utena": "2015\u20132017"
    },
    "birth_date": "1956-5-11",
    "medaltemplates": [
        "Sport: Men's basketball",
        "Sport: Head coach for {{LTU}}",
        "Competition: FIBA EuroBasket",
        "Gold Medal: Sweden 2003 National Team Team competition"
    ]
}