{
    "name": "Antawn Jamison",
    "height_ft": "6",
    "height_in": "9",
    "weight_lb": "235",
    "position": "Director of pro personnel",
    "team": "Washington Wizards",
    "league": "NBA",
    "birth_place": "Shreveport, Louisiana, U.S.",
    "high_school": "Providence, (Charlotte, North Carolina)",
    "college": "North Carolina (1995\u20131998)",
    "draft_year": "1998",
    "draft_round": "1",
    "draft_pick": "4",
    "draft_team": "Toronto Raptors",
    "career_start": "1998",
    "career_end": "2014",
    "career_number": "7, 33, 4",
    "career_position": "Power forward / Small forward",
    "highlights": [
        "2\u00d7 NBA All-Star (2005, 2008)",
        "NBA Sixth Man of the Year (2003)",
        "NBA All-Rookie Second Team (1998)",
        "National college player of the year (1998)",
        "Consensus first-team All-American (1998)",
        "Consensus second-team All-American (1997)",
        "ACC Player of the Year (1998)",
        "3\u00d7 First-team All-ACC (1996\u20131998)",
        "ACC tournament MVP (1998)",
        "ACC All-Freshman Team (1996)",
        "No. 33 retired by North Carolina Tar Heels",
        "McDonald's All-American (1995)",
        "North Carolina Mr. Basketball (1995)"
    ],
    "CBBASKHOF_year": "2021",
    "teams": {
        "Golden State Warriors": "1998\u20132002",
        "Dallas Mavericks": "2003",
        "Washington Wizards": "2004\u20132009",
        "Cleveland Cavaliers": "2009\u20132011",
        "Los Angeles Lakers": "2012",
        "Los Angeles Clippers": "2013"
    },
    "NBA": {
        "Points": "20,042 (18.5 ppg)",
        "Rebounds": "8,157 (7.5 rpg)",
        "Assists": "1,761 (1.6 apg)"
    },
    "birth_date": "1976-6-12",
    "medaltemplates": [
        "Sport: Men's basketball",
        "Country: {{United States}}",
        "Bronze Medal: 2006 Japan Team "
    ]
}