{
    "name": "Ante Tomi\u0107",
    "number": "44",
    "team": "Joventut Badalona",
    "position": "Center",
    "league": "Liga ACB",
    "height": "2.18 m",
    "weight": "118 kg",
    "birth_place": "Dubrovnik, SR Croatia, Yugoslavia",
    "draft_year": "2008",
    "draft_round": "2",
    "draft_pick": "44",
    "draft_team": "Utah Jazz",
    "career_start": "2004",
    "highlights": [
        "2\u00d7 All-EuroLeague First Team (2013, 2014)",
        "All-EuroLeague Second Team (2015)",
        "All-EuroCup First Team (2023)",
        "ABA League MVP (2009)",
        "Croatian Cup winner (2008)",
        "4\u00d7 Spanish Cup winner (2012, 2013, 2018, 2019)",
        "Liga ACB champion (2014)",
        "4\u00d7 All-Liga ACB First Team (2011, 2013, 2017, 2018)",
        "All-Liga ACB Second Team (2023)"
    ],
    "teams": {
        "Zagreb": "2004\u20132010",
        "Real Madrid": "2010\u20132012",
        "FC Barcelona": "2012\u20132020",
        "Joventut": "2020\u2013present"
    },
    "birth_date": "1987-2-17",
    "medaltemplates": [
        "Sport: Men's basketball",
        "Country: {{CRO}}",
        "Competition: Mediterranean Games",
        "Gold Medal: 2009 Italy  Under-18"
    ]
}