{
    "name": "Anthony Taylor",
    "number": "3",
    "position": "Point guard",
    "height_ft": "6",
    "height_in": "4",
    "weight_lb": "175",
    "birth_place": "Los Angeles, California",
    "nationality": "American",
    "high_school": "Beaverton (Beaverton, Oregon)",
    "college": "Oregon (1984\u20131988)",
    "draft_year": "1988",
    "draft_round": "2",
    "draft_pick": "44",
    "draft_team": "Atlanta Hawks",
    "career_start": "1988",
    "career_end": "1989",
    "highlights": [
        "2\u00d7 First-team All-Pac-10 (1987, 1988)"
    ],
    "bbr": "tayloan01",
    "teams": {
        "Miami Heat": "1988\u20131988",
        "Ipifim Torino": "1989"
    },
    "birth_date": "1965-11-30",
    "medaltemplates": [
        "Sport: Men's Basketball",
        "Country: {{USA}}",
        "Competition: Summer Universiade",
        "Silver Medal: 1987 Zagreb National team Team competition"
    ]
}