{
    "name": "Anthony Johnson",
    "height_ft": "6",
    "height_in": "3",
    "weight_lb": "200",
    "nationality": "American",
    "birth_place": "Charleston, South Carolina",
    "high_school": "R. B. Stall (Charleston, South Carolina)",
    "college": "College of Charleston (1992\u20131997)",
    "draft_year": "1997",
    "draft_round": "2",
    "draft_pick": "39",
    "draft_team": "Sacramento Kings",
    "career_start": "1997",
    "career_end": "2010",
    "career_number": "10, 24, 8, 2, 5",
    "career_position": "Point guard / shooting guard",
    "highlights": [
        "TAAC Player of the Year (1997)",
        "First-team All-TAAC (1997)"
    ],
    "bbr": "johnsan02 ",
    "teams": {
        "Sacramento Kings": "2007",
        "Atlanta Hawks": "2006\u20132007",
        "Orlando Magic": "2008\u20132009",
        "Cleveland Cavaliers": "2000\u20132001",
        "Mobile Revelers": "2001",
        "New Jersey Nets": "2001\u20132002",
        "Indiana Pacers": "2003\u20132005",
        "Dallas Mavericks": "2006"
    },
    "birth_date": "1974-10-2"
}