{
    "name": "Anthony Parker",
    "league": "NBA",
    "team": "Orlando Magic",
    "position": "General Manager",
    "height_ft": "6",
    "height_in": "6",
    "weight_lb": "210",
    "birth_place": "Naperville, Illinois, U.S.",
    "high_school": "Naperville Central, (Naperville, Illinois)",
    "college": "Bradley (1993\u20131997)",
    "draft_year": "1997",
    "draft_round": "1",
    "draft_pick": "21",
    "draft_team": "New Jersey Nets",
    "career_start": "1997",
    "career_end": "2012",
    "career_number": "12, 24, 8, 18",
    "career_position": "Shooting guard / small forward",
    "highlights": [
        "2\u00d7 EuroLeague champion (2004, 2005)",
        "FIBA SuproLeague champion (2001)",
        "2\u00d7 EuroLeague MVP (2005, 2006)",
        "EuroLeague Final Four MVP (2004)",
        "EuroLeague Finals Top Scorer (2004)",
        "2\u00d7 All-EuroLeague First Team (2005, 2006)",
        "EuroLeague 2000\u201310 All-Decade Team (2010)",
        "50 Greatest EuroLeague Contributors (2008)",
        "5\u00d7 Israeli Super League champion (2001, 2002, 2004\u20132006)",
        "5\u00d7 Israeli Cup winner (2001, 2002, 2004\u20132006)",
        "Israeli Super League MVP (2004)",
        "3\u00d7 Israeli Super League Quintet (2002, 2004, 2005)",
        "MVC Player of the Year (1996)"
    ],
    "teams": {
        "Philadelphia 76ers": "1997\u20131998",
        "Orlando Magic": "1999",
        "Quad City Thunder": "2000",
        "Maccabi Tel Aviv": "2003\u20132006",
        "Lottomatica Roma": "2002\u20132003",
        "Toronto Raptors": "2006\u20132008",
        "Cleveland Cavaliers": "2009\u20132011"
    },
    "birth_date": "1975-6-19"
}