{
    "name": "Anthony Mason",
    "height_ft": "6",
    "height_in": "8",
    "weight_lbs": "255",
    "birth_place": "Miami, Florida, U.S.",
    "death_date": "2015",
    "death_place": "New York City, New York, U.S.",
    "highschool": "Springfield Gardens (Queens, New York)",
    "college": "Tennessee State (1984\u20131988)",
    "draft_year": "1988",
    "draft_round": "3",
    "draft_pick": "53",
    "draft_team": "Portland Trail Blazers",
    "career_start": "1988",
    "career_end": "2003",
    "career_number": "42, 34, 14, 17",
    "career_position": "Power forward / small forward",
    "highlights": [
        "NBA All-Star (2001)",
        "All-NBA Third Team (1997)",
        "NBA All-Defensive Second Team (1997)",
        "NBA Sixth Man of the Year (1995)"
    ],
    "bbr": "masonan01 ",
    "teams": {
        "Efes Pilsen": "1988\u20131989",
        "New Jersey Nets": "1989",
        "Tulsa Fast Breakers": "1990\u20131991",
        "Denver Nuggets": "1990",
        "Marinos de Oriente": "1991",
        "Long Island Surf": "1991",
        "New York Knicks": "1991\u20131995",
        "Charlotte Hornets": "1996\u20131999",
        "Miami Heat": "2000",
        "Milwaukee Bucks": "2001\u20132002"
    },
    "NBA": {
        "Points": "9,656 (10.9 ppg)",
        "Rebounds": "7,279 (8.3 rpg)",
        "Assists": "2,963 (3.4 apg)"
    },
    "birth_date": "1966-12-14"
}