{
    "name": "Anthony Miller",
    "height_ft": "6",
    "height_in": "9",
    "weight_lb": "225",
    "birth_place": "Benton Harbor, Michigan",
    "nationality": "American",
    "high_school": "Benton Harbor (Benton Harbor, Michigan)",
    "college": "Michigan State (1991\u20131994)",
    "draft_year": "1994",
    "draft_round": "2",
    "draft_pick": "39",
    "draft_team": "Golden State Warriors",
    "career_start": "1994",
    "career_end": "2010",
    "career_number": "2, 34, 9, 41",
    "career_position": "Power forward",
    "highlights": [
        "CBA All-Star (2004)",
        "ABA All-Star (2005)"
    ],
    "teams": {
        "Los Angeles Lakers": "1994\u20131995",
        "Florida Beachdogs": "1996",
        "Atlanta Hawks": "2004",
        "Houston Rockets": "2000",
        "Philadelphia 76ers": "2000",
        "Yakima Sun Kings": "2002\u20132004"
    },
    "NBA": {
        "Points": "510(2.8 ppg)",
        "Rebounds": "488 (2.7 rpg)",
        "Assists": "66 (0.4 apg) "
    },
    "birth_date": "1971-10-22"
}