{
    "name": "Anthony Goldwire",
    "height_ft": "6",
    "height_in": "1",
    "weight_lb": "182",
    "nationality": "American",
    "birth_place": "West Palm Beach, Florida",
    "high_school": "Suncoast (Riviera Beach, Florida)",
    "college": [
        "Pensacola State (1990\u20131992)",
        "Houston (1992\u20131994)"
    ],
    "draft_year": "1994",
    "draft_round": "2",
    "draft_pick": "52",
    "draft_team": "Phoenix Suns",
    "career_start": "1994",
    "career_end": "2008",
    "career_number": "5, 15, 9, 7, 4",
    "career_position": "Point guard",
    "coach_start": "2010",
    "highlights": [
        "Greek Cup winner (2004)",
        "Greek League All-Star (1998)",
        "3\u00d7 CBA champion (1995, 2003, 2006)",
        "CBA Most Valuable Player (2006)",
        "CBA Finals MVP (2006)",
        "CBA All-Star (2004)",
        "3\u00d7 All-CBA First Team (1996, 2004, 2006)",
        "CBA All-Rookie Second Team (1995)",
        "Catalan Basketball League champion (2000)",
        "2\u00d7 Second-team All-SWC (1993, 1994)"
    ],
    "bbr": "goldwan01 ",
    "teams": {
        "Yakima Sun Kings": "2003\u20132004",
        "Charlotte Hornets": "1995\u20131996",
        "Denver Nuggets": "2000",
        "Olympiacos": "1998\u20131999",
        "FC Barcelona": "1999\u20132000",
        "Kansas City Knights": "2000\u20132001",
        "Skipper Bologna": "2001\u20132002",
        "San Antonio Spurs": "2002",
        "Washington Wizards": "2002",
        "Gigantes de Carolina": "2003",
        "Minnesota Timberwolves": "2003",
        "Aris": "2004",
        "New Jersey Nets": "2003",
        "Criollos de Caguas": "2004",
        "Milwaukee Bucks": "2004",
        "Detroit Pistons": "2004",
        "Los Angeles Clippers": "2005",
        "Yakama Sun Kings": "2005\u20132006",
        "Pamesa Valencia": "2006",
        "Panellinios": "2006\u20132007",
        "Lokomotiv-Kuban": "2007",
        "Aigaleo": "2007\u20132008"
    },
    "cteams": {
        "Milwaukee Bucks (assistant)": "2010\u20132013",
        "Erie BayHawks (assistant)": "2014\u20132016"
    },
    "birth_date": "1971-09-06"
}