{
    "name": "Anthony Stewart",
    "position": "Guard",
    "height_cm": "196",
    "weight_kg": "92",
    "nationality": "Australian",
    "birth_place": "Burnie, Tasmania",
    "career_start": "1992",
    "career_end": "2008",
    "highlights": [
        "2\u00d7 NBL champion (1995, 2000)",
        "ACC All-Star Five (2008)"
    ],
    "teams": {
        "Hobart Devils": "1992\u20131994",
        "Perth Wildcats": "1995\u20132000",
        "Cairns Taipans": "2000\u20132007",
        "Townsville Crocodiles": "2007\u20132008"
    },
    "birth_date": "1980-4-15"
}