{
    "name": "Anthony Tolliver",
    "birth_place": "Springfield, Missouri, U.S.",
    "height_ft": "6",
    "height_in": "8",
    "weight_lb": "240",
    "high_school": "Kickapoo (Springfield, Missouri)",
    "college": "Creighton (2003\u20132007)",
    "draft_year": "2007",
    "career_start": "2007",
    "career_end": "2021",
    "position": "Power forward",
    "number": "35, 44, 4, 43, 40",
    "highlights": [
        "NBA D-League All-Star (2010)",
        "First-team All-MVC (2007)",
        "Second-team All-MVC (2006)"
    ],
    "teams": {
        "Iowa Energy": "2009",
        "Eisb\u00e4ren Bremerhaven": "2008",
        "San Antonio Spurs": "2008",
        "\u2192Austin Toros": "2008",
        "Galatasaray Cafe Crown": "2009",
        "Idaho Stampede": "2010",
        "Portland Trail Blazers": "2019",
        "Golden State Warriors": "2009",
        "Minnesota Timberwolves": "2018",
        "Atlanta Hawks": "2012",
        "Charlotte Bobcats": "2013",
        "Phoenix Suns": "2014",
        "Detroit Pistons": "2017",
        "Sacramento Kings": "2019",
        "Memphis Grizzlies": "2019",
        "Philadelphia 76ers": "2020"
    },
    "birth_date": "1985-06-1"
}