{
    "name": "Anthony Bowie",
    "height_ft": "6",
    "height_in": "6",
    "weight_lb": "190",
    "birth_place": "Tulsa, Oklahoma, US",
    "high_school": "East Central (Tulsa, Oklahoma)",
    "college": [
        "Seminole State (1982\u20131984)",
        "Oklahoma (1984\u20131986)"
    ],
    "draft_year": "1986",
    "draft_round": "3",
    "draft_pick": "66",
    "draft_team": "Houston Rockets",
    "career_start": "1986",
    "career_end": "2002",
    "career_number": "25, 14, 13",
    "career_position": "Shooting guard / small forward",
    "highlights": [
        "EuroLeague champion (1999)",
        "FIBA EuroStar (1999)",
        "FIBA Saporta Cup champion (2000)",
        "FIBA Saporta Cup Finals MVP (2000)",
        "Greek Cup winner (2000)",
        "Greek League All-Star (1999)",
        "Russian League champion (2002)",
        "Lithuanian League champion (1999)",
        "CBA Most Valuable Player (1989)"
    ],
    "teams": {
        "Quad City Thunder": "1991",
        "San Antonio Spurs": "1988",
        "Houston Rockets": "1989",
        "Ranger Varese": "1990\u20131991",
        "Orlando Magic": "1991\u20131995",
        "Olimpia Milano": "1996\u20131997",
        "New York Knicks": "1997",
        "\u017dalgiris Kaunas": "1998\u20131999",
        "AEK Athens": "1999\u20132000",
        "Aris Thessaloniki": "2000\u20132001",
        "Fortitudo Bologna": "2001",
        "Near East": "2001",
        "Ural Great": "2001\u20132002"
    },
    "NBA": {
        "Points": "2,945 (6.4 ppg)",
        "Rebounds": "1,021 (2.2 apg) "
    },
    "birth_date": "1963-11-09"
}