{
    "name": "Anthony Roberson",
    "height_ft": "6",
    "height_in": "2",
    "weight_lbs": "180",
    "birth_place": "Saginaw, Michigan, U.S.",
    "position": "Point guard",
    "highschool": "Saginaw (Saginaw, Michigan)",
    "college": "Florida (2002\u20132005)",
    "draft_year": "2005",
    "career_start": "2005",
    "career_end": "2022",
    "highlights": [
        "SEC Rookie of the Year (2003)",
        "First-team ''Parade'' All-American (2002)",
        "Third-team ''Parade'' All-American (2001)"
    ],
    "teams": {
        "Memphis Grizzlies": "2005",
        "Golden State Warriors": "2006",
        "Hapoel Migdal Jerusalem": "2007\u20132008",
        "TTNet Beykoz": "2008",
        "New York Knicks": "2008",
        "Chicago Bulls": "2008",
        "Strasbourg IG": "2009\u20132010",
        "Enel Brindisi": "2010\u20132011",
        "Fujian Xunxing": "2011\u20132012",
        "La Union Formosa": "2012",
        "Boulazac BD": "2012\u20132013",
        "Al Jaysh": "2013\u20132014",
        "Ikaros Chalkidas": "2014",
        "APOEL": "2014\u20132015",
        "Paris-Levallois": "2016",
        "Boulazac Basket Dordogne": "2016\u20132017",
        "Libertadores de Quer\u00e9taro": "2018\u20132020"
    },
    "birth_date": "1983-2-14"
}