{
    "career_position": "Center",
    "height_ft": "7",
    "height_in": "0",
    "weight_lb": "260",
    "birth_place": "New York City, New York",
    "nationality": "American",
    "high_school": "Stevenson (The Bronx, New York)",
    "college": [
        "Villanova (1990\u20131993)",
        "Fresno State (1994\u20131995)"
    ],
    "draft_year": "1995",
    "draft_round": "2",
    "draft_pick": "44",
    "draft_team": "Denver Nuggets",
    "career_start": "1995",
    "career_end": "2010",
    "highlights": [
        "Greek League All-Star (1996 I)"
    ],
    "teams": {
        "AEK": "1995\u20131996",
        "CB Girona": "1996\u20131997",
        "Aurora Basket Jesi": "1997\u20131998",
        "Zara Imballaggi Fabriano": "1998",
        "Papagou": "1998\u20131999",
        "Fort Wayne Fury": "1999\u20132000",
        "Florida Sea Dragons": "1999\u20132000",
        "Apollon Limassol": "2000\u20132001",
        "Indiana Legends": "2001",
        "Kansas City Knights": "2001",
        "Dodge City Legend": "2001",
        "Roanoke Dazzle": "2002",
        "Pennsylvania ValleyDawgs": "2002",
        "Keravnos": "2003",
        "Madeira": "2003\u20132004",
        "AEL": "2004",
        "Portland Reign": "2004\u20132005",
        "ENAD": "2009",
        "Banvit B.K.": "2010",
        "Visalia Dawgs": "2010",
        "Tigers T\u00fcbingen": "2010",
        "Tampa Bay Strong Dogs": "2010",
        "Washington Raptors": "2010"
    },
    "birth_date": "1972-12-01"
}