{
    "name": "Anthony Jones",
    "height_ft": "6",
    "height_in": "6",
    "weight_lb": "195",
    "birth_place": "Washington, D.C.",
    "nationality": "American",
    "high_school": "Dunbar (Washington, D.C.)",
    "college": [
        "Georgetown (1981\u20131983)",
        "UNLV (1984\u20131986)"
    ],
    "draft_year": "1986",
    "draft_round": "1",
    "draft_pick": "21",
    "draft_team": "Washington Bullets",
    "career_start": "1986",
    "career_end": "1991",
    "career_number": "44, 11, 22, 21",
    "career_position": "Shooting guard / small forward",
    "highlights": [
        "PCAA Player of the Year (1986)",
        "First-team All-PCAA (1986)",
        "First-team ''Parade'' All-American (1981)"
    ],
    "teams": {
        "Washington Bullets": "1986",
        "San Antonio Spurs": "1986",
        "Allentown Jets": "1987\u20131988",
        "Las Vegas Silver Streaks": "1988",
        "Chicago Bulls": "1988",
        "Palm Beach Stingrays": "1988",
        "Dallas Mavericks": "1988\u20131989",
        "Libertas Livorno": "1990\u20131991"
    },
    "birth_date": "1962-09-13"
}