{
    "name": "Anthony Avent",
    "height_ft": "6",
    "height_in": "9",
    "weight_lb": "235",
    "birth_place": "Rocky Mount, North Carolina, U.S.",
    "high_school": "Malcolm X Shabazz, (Newark, New Jersey)",
    "college": "Seton Hall (1988\u20131991)",
    "draft_year": "1991",
    "draft_round": "1",
    "draft_pick": "15",
    "draft_team": "Atlanta Hawks",
    "career_start": "1991",
    "career_end": "2001",
    "career_number": "00, 34, 54, 30",
    "career_position": "Power forward",
    "highlights": [
        "Second-team All-Big East (1991)"
    ],
    "teams": {
        "Phonola Caserta": "1991\u20131992",
        "Milwaukee Bucks": "1992\u20131993",
        "Orlando Magic": "1993\u20131994",
        "Vancouver Grizzlies": "1995",
        "Panathinaikos BC": "1996\u20131997",
        "Sioux Falls Skyforce": "1997\u20131998",
        "Utah Jazz": "1998",
        "Los Angeles Clippers": "1999",
        "PAOK Thessaloniki": "2000\u20132001"
    },
    "NBA": {
        "Points": "1,958 (5.6 ppg)",
        "Rebounds": "1,584 (4.5 rpg)",
        "Blocks": "211 (0.6 bpg) "
    },
    "birth_date": "1969-10-18"
}