{
    "name": "Anthony McHenry",
    "position": "Small forward",
    "height_ft": "6",
    "height_in": "7",
    "weight_lb": "225",
    "league": "B.League",
    "team": "Shinshu Brave Warriors",
    "number": "55",
    "nationality": "American",
    "birth_place": "Birmingham, Alabama",
    "highschool": "Woodlawn (Birmingham, Alabama)",
    "college": "Georgia Tech (2001\u20132005)",
    "draft_year": "2005",
    "career_start": "2005",
    "highlights": [
        "4\u00d7 Japanese League champion (2009, 2012, 2014, 2016)",
        "B2 League champion (2019)",
        "Japanese League MVP (2013)",
        "2\u00d7 bj League Best Five"
    ],
    "teams": {
        "Leicester Riders": "2005\u20132006",
        "Fort Worth Flyers": "2006\u20132007",
        "Ryukyu Golden Kings": "2008\u20132017",
        "Shinshu Brave Warriors": "2017\u2013present"
    },
    "birth_date": "1983-4-16"
}