{
    "name": "Anthony Hickey",
    "position": "Point guard",
    "height_ft": "5",
    "height_in": "11",
    "weight_lbs": "182",
    "team": "Pallacanestro Cant\u00f9",
    "league": "Serie A2",
    "number": "22",
    "nationality": "American",
    "high_school": "Christian County, (Hopkinsville, Kentucky)",
    "college": "LSU (2011\u20132014), Oklahoma State (2014\u20132015)",
    "draft_year": "2015",
    "career_start": "2015",
    "highlights": [
        "VTB United League Performance of the Season (2022)",
        "VTB United League steals leader (2022)",
        "Cypriot League steals leader (2018)",
        "Cypriot Super Cup winner (2016)",
        "SEC All-Freshman team (2012)",
        "SEC All-Defensive team (2013)",
        "Kentucky Mr. Basketball (2011)"
    ],
    "teams": {
        "Asseco Gdynia": "2015\u20132016",
        "Petrolina AEK Larnaca": "2016",
        "Apollon Patras": "2016\u20132017",
        "Enosis Neon Paralimni": "2017\u20132018",
        "Rethymno Cretan Kings": "2019",
        "Sp\u00f3jnia Stargard": "2018\u20132019",
        "Skyliners Frankfurt": "2019",
        "Larisa": "2019\u20132020",
        "CSO Voluntari": "2020\u20132021",
        "BC Astana": "2021\u20132022",
        "Hapoel Haifa": "2022\u20132023",
        "Pallacanestro Cant\u00f9": "2023\u2013present"
    },
    "birth_date": "1992-11-22"
}