{
    "name": "Anthony Frederick",
    "height_ft": "6",
    "height_in": "7",
    "weight_lb": "205",
    "birth_place": "Los Angeles, California",
    "death_date": "2003",
    "death_place": "Woodland Hills, California",
    "nationality": "American",
    "high_school": "Gardena (Los Angeles, California)",
    "college": [
        "Santa Monica College (1982\u20131984)",
        "Pepperdine (1984\u20131986)"
    ],
    "draft_year": "1986",
    "draft_round": "6",
    "draft_pick": "133",
    "draft_team": "Denver Nuggets",
    "career_start": "1986",
    "career_end": "1999",
    "career_number": "22, 41, 24",
    "career_position": "Small forward",
    "highlights": [
        "First-team All-WCAC (1985)"
    ],
    "bbr": "fredean01 ",
    "teams": {
        "La Crosse Catbirds": "1986\u20131987",
        "Mississippi Jets": "1987\u20131988",
        "Indiana Pacers": "1988",
        "Real Madrid": "1989\u20131990",
        "Oklahoma City Cavalry": "1990\u20131991",
        "Sacramento Kings": "1990",
        "Charlotte Hornets": "1991",
        "Dinamo Sassari": "1992\u20131993",
        "Sato Aris": "1993\u20131994",
        "Rapid City Thrillers": "1994\u20131995",
        "Mitsubishi Diamond Dolphins": "1995\u20131996",
        "ALM \u00c9vreux": "1998\u20131999",
        "Olympique Antibes": "1999"
    },
    "birth_date": "1964-12-7"
}