{
    "name": "Anthony Carter",
    "height_ft": "6",
    "height_in": "1",
    "weight_lb": "190",
    "league": "NBA",
    "team": "Memphis Grizzlies",
    "position": "Assistant coach",
    "nationality": "American",
    "birth_place": "Milwaukee, Wisconsin",
    "high_school": "Alonzo A. Crim (Atlanta, Georgia)",
    "college": [
        "Saddleback (1994\u20131996)",
        "Hawaii (1996\u20131998)"
    ],
    "draft_year": "1998",
    "career_start": "1998",
    "career_end": "2012",
    "career_position": "Point guard",
    "career_number": "25, 7, 4",
    "coach_start": "2013",
    "years1": "1998\u20131999 |team1 = Yakima Sun Kings",
    "highlights": [
        "WAC Player of the Year (1997)",
        "First-team All-WAC (1997)"
    ],
    "teams": {
        "Miami Heat": "1999\u20132002",
        "San Antonio Spurs": "2003",
        "Minnesota Timberwolves": "2004\u20132005",
        "Scafati Basket": "2007",
        "Denver Nuggets": "2006\u20132010",
        "New York Knicks": "2010",
        "Toronto Raptors": "2011"
    },
    "cteams": {
        "Austin Toros / Spurs (assistant)": "2013\u20132015",
        "Sacramento Kings (assistant)": "2015",
        "Sioux Falls Skyforce (assistant)": "2016\u20132018",
        "Miami Heat (player development)": "2018\u20132023",
        "Memphis Grizzlies (assistant)": "2023\u2013present"
    },
    "birth_date": "1975-6-16"
}