{
    "name": "Anthony Randolph",
    "position": "Power forward / center",
    "height_ft": "6",
    "height_in": "11",
    "weight_lb": "230",
    "birth_place": "W\u00fcrzburg, West Germany",
    "nationality": "American / Slovenian",
    "high_school": "Woodrow Wilson (Dallas, Texas)",
    "college": "LSU (2007\u20132008)",
    "draft_year": "2008",
    "draft_round": "1",
    "draft_pick": "14",
    "draft_team": "Golden State Warriors",
    "career_start": "2008",
    "career_end": "2023",
    "career_number": "4, 15, 3, 0",
    "highlights": [
        "2x EuroLeague champion (2018, 2023)",
        "All-EuroLeague Second Team (2016)",
        "All-EuroCup Second Team (2015)",
        "3\u00d7 Liga ACB champion (2018, 2019, 2022)",
        "2x Spanish Cup winner (2017,  2020)",
        "5\u00d7 Spanish Supercup winner (2018\u20132022)",
        "All-Liga ACB Second Team (2017)",
        "All-VTB United League First Team (2016)",
        "VTB United League blocks leader (2015)",
        "SEC All-Freshman Team (2008)",
        "Fourth-team ''Parade'' All-American (2007)"
    ],
    "teams": {
        "Golden State Warriors": "2008\u20132009",
        "New York Knicks": "2010",
        "Minnesota Timberwolves": "2010\u20132011",
        "Denver Nuggets": "2012\u20132013",
        "Lokomotiv Kuban": "2014\u20132016",
        "Real Madrid": "2016\u20132023"
    },
    "birth_date": "1989-7-15",
    "medaltemplates": [
        "Sport: Men's basketball",
        "Country: {{SLO}}",
        "Competition: EuroBasket",
        "Gold Medal: 2017 Turkey  ",
        "Country: the {{USA}}",
        "Competition: Pan American Games",
        "Bronze Medal: 2015 Toronto  "
    ]
}