{
    "name": "Anthony Peeler",
    "height_ft": "6",
    "height_in": "4",
    "weight_lb": "208",
    "birth_place": "Kansas City, Missouri, U.S.",
    "high_school": "Paseo Academy, (Kansas City, Missouri)",
    "college": "Missouri (1988\u20131992)",
    "draft_year": "1992",
    "draft_round": "1",
    "draft_pick": "15",
    "draft_team": "Los Angeles Lakers",
    "career_start": "1992",
    "career_end": "2005",
    "career_number": "1, 7, 44, 8",
    "career_position": "Shooting guard",
    "highlights": [
        "Consensus second-team All-American (1992)",
        "Third-team All-American \u2013 UPI (1990)",
        "Big Eight Player of the Year (1992)",
        "2\u00d7 First-team All-Big Eight (1990, 1992)",
        "McDonald's All-American (1988)",
        "Second-team ''Parade'' All-American (1988)"
    ],
    "teams": {
        "Los Angeles Lakers": "1992\u20131995",
        "Vancouver Grizzlies": "1996\u20131997",
        "Minnesota Timberwolves": "1997\u20132002",
        "Sacramento Kings": "2003",
        "Washington Wizards": "2004"
    },
    "NBA": {
        "Points": "8,017 (9.7 ppg)",
        "Rebounds": "2,136 (2.6 rpg)",
        "Assists": "1,955 (2.4 apg) "
    },
    "birth_date": "1969-11-25"
}