{
    "name": "Anthony Grant",
    "birth_place": "Miami, Florida, U.S.",
    "nationality": "American",
    "league": "Atlantic 10 Conference",
    "team": "Dayton Flyers",
    "position": "Head coach",
    "high_school": "Miami (Miami, Florida)",
    "college": "Dayton (1983\u20131987)",
    "coach_start": "1987",
    "highlights": [
        "2\u00d7 CAA tournament champion (2007, 2009)",
        "3\u00d7 CAA regular season champion (2007\u20132009)",
        "SEC Western Division champion (2011)",
        "A-10 regular season champion (2020)",
        "Naismith College Coach of the Year (2020)",
        "AP National Coach of the Year (2020)",
        "Henry Iba Award (2020)",
        "NABC Coach of the Year (2020)",
        "''Sporting News'' National Coach of the Year (2020)",
        "Atlantic 10 Coach of the Year (2020)",
        "CAA Coach of the Year (2007)"
    ],
    "cteams": {
        "Miami HS (assistant)": "1987\u20131992",
        "Miami Central HS": "1992\u20131993",
        "Stetson (assistant)": "1993\u20131994",
        "Marshall (assistant)": "1994\u20131996",
        "Florida (assistant)": "1996\u20132006",
        "VCU": "2006\u20132009",
        "Alabama": "2009\u20132015",
        "Oklahoma City Thunder (assistant)": "2015\u20132017",
        "Dayton": "2017\u2013present"
    },
    "birth_date": "1966-4-15"
}