{
    "name": "Anthony Bonner",
    "height_ft": "6",
    "height_in": "8",
    "weight_lb": "215",
    "birth_place": "St. Louis, Missouri, U.S.",
    "high_school": "Vashon (St. Louis, Missouri)",
    "college": "Saint Louis (1986\u20131990)",
    "draft_year": "1990",
    "draft_round": "1",
    "draft_pick": "23",
    "draft_team": "Sacramento Kings",
    "career_start": "1990",
    "career_end": "2006",
    "career_number": "24, 4",
    "career_position": "Power forward / small forward",
    "highlights": [
        "Spanish Cup winner (1999)",
        "Greek League All-Star (1996 II)",
        "2\u00d7 BSN champion (2002, 2004)",
        "CBA All-Star Game (2004)",
        "NCAA rebounding leader (1990)",
        "2\u00d7 First-team All-MCC (1989, 1990)",
        "No. 34 jersey retired by Saint Louis Billikens |stats_league=NBA |stat1label = Points |stat1value = 2,199 (6.9 ppg) |stat2label = Rebounds |stat2value = 1,726 (5.4 rpg) |stat3label = Assists |stat3value = 442 (1.4 apg)"
    ],
    "teams": {
        "Sacramento Kings": "1990\u20131992",
        "New York Knicks": "1993\u20131994",
        "Virtus Bologna": "1995\u20131996",
        "Orlando Magic": "1995",
        "PAOK Thessaloniki": "1996\u20131997",
        "Galatasaray": "1997\u20131998",
        "Brujos de Guayama": "2006",
        "Tau Cer\u00e1mica": "1998\u20131999",
        "Breog\u00e1n": "2000\u20132001",
        "UNICS Kazan": "2001\u20132002",
        "Leones de Ponce": "2004\u20132005",
        "CB Valladolid": "2002\u20132003",
        "Great Lakes Storm": "2003\u20132004",
        "Pe\u00f1arol de Mar del Plata": "2005\u20132006",
        "Capitanes de Arecibo": "2006",
        "Maratonistas de Coamo": "2006"
    },
    "birth_date": "1968-06-08"
}