{
    "name": "Anthony Grundy",
    "height_ft": "6",
    "height_in": "3",
    "weight_lb": "185",
    "birth_place": "Louisville, Kentucky, U.S.",
    "death_date": "2019",
    "death_place": "Louisville, Kentucky, U.S.",
    "high_school": [
        "Warren Central (Bowling Green, Kentucky)",
        "Hargrave Military Academy (Chatham, Virginia)"
    ],
    "college": "NC State (1998\u20132002)",
    "draft_year": "2002",
    "career_start": "2002",
    "career_end": "2014",
    "career_number": "16",
    "career_position": "Point guard / shooting guard",
    "highlights": [
        "2\u00d7 Greek League Top Scorer (2008, 2009)",
        "All-Greek League First Team (2008)",
        "PBA Governor's Cup winner (2011)",
        "First-team All-ACC (2002)"
    ],
    "teams": {
        "EWE Baskets Oldenburg": "2002\u20132003",
        "TSG Ehingen": "2003\u20132004",
        "Apoel Nicosia": "2004",
        "Raleigh Knights": "2004",
        "Ockelbo BBK": "2004",
        "A.S. Ramat HaSharon": "2004\u20132005",
        "Panteras de Miranda": "2005",
        "Roanoke Dazzle": "2005\u20132006",
        "Atlanta Hawks": "2005",
        "Siviglia Wear Teramo": "2006\u20132007",
        "Panellinios": "2007\u20132009",
        "Ferrara": "2009\u20132010",
        "AEK Athens": "2010\u20132011",
        "Mersin Buyuksehir": "2011\u20132012",
        "Petron Blaze Boosters": "2011",
        "Mahram Tehran": "2012",
        "Kavala": "2012\u20132013",
        "Hacettepe \u00dcniversitesi": "2013\u20132014",
        "Dukok": "2013",
        "Azad University Tehran": "2014"
    },
    "birth_date": "1979-4-15"
}