{
    "name": "Anthony Cook",
    "height_ft": "6",
    "height_in": "9",
    "weight_lb": "205",
    "birth_place": "Los Angeles, California, U.S.",
    "high_school": "Van Nuys (Los Angeles, California)",
    "college": "Arizona (1985\u20131989)",
    "draft_year": "1989",
    "draft_round": "1",
    "draft_pick": "24",
    "draft_team": "Phoenix Suns",
    "career_start": "1989",
    "career_end": "1997",
    "career_number": "00, 38",
    "career_position": "Power forward / center",
    "highlights": [
        "2\u00d7 First-team All-Pac-10 (1988, 1989)"
    ],
    "teams": {
        "P.A.O.K.": "1989\u20131990",
        "Denver Nuggets": "1990\u20131992",
        "Orlando Magic": "1993",
        "Milwaukee Bucks": "1993",
        "Levallois": "1994\u20131995",
        "Portland Trail Blazers": "1995",
        "Florida Beach Dogs": "1996\u20131997"
    },
    "birth_date": "1967-03-19"
}