{
    "name": "Antonio Davis",
    "width": "200",
    "height_ft": "6",
    "height_in": "9",
    "weight_lb": "245",
    "birth_place": "Oakland, California, U.S.",
    "high_school": "McClymonds (Oakland, California)",
    "college": "UTEP (1986\u20131990)",
    "draft_year": "1990",
    "draft_round": "2",
    "draft_pick": "45",
    "draft_team": "Indiana Pacers",
    "career_start": "1990",
    "career_end": "2006",
    "career_number": "33, 34, 32, 11",
    "career_position": "Power forward / center",
    "highlights": [
        "NBA All-Star (2001)",
        "FIBA Kora\u0107 Cup champion (1993)",
        "Greek League All-Star (1991)"
    ],
    "teams": {
        "Panathinaikos": "1990\u20131992",
        "Philips Milano": "1992\u20131993",
        "Indiana Pacers": "1993\u20131998",
        "Toronto Raptors": "2005",
        "Chicago Bulls": "2003\u20132004",
        "New York Knicks": "2005"
    },
    "NBA": {
        "Points": "9,041 (10.0 ppg)",
        "Rebounds": "6,755 (7.5 rpg)",
        "Blocks": "889 (1.0 bpg)"
    },
    "birth_date": "1968-10-31",
    "medaltemplates": [
        "Sport: Men's Basketball",
        "Country: the {{USA}}",
        "Competition: FIBA Americas Championship",
        "Silver Medal: 1989 Mexico City Team competition "
    ]
}