{
    "name": "Antonio Daniels",
    "height_ft": "6",
    "height_in": "4",
    "weight_lb": "205",
    "birth_place": "Columbus, Ohio, U.S.",
    "nationality": "American",
    "high_school": "St. Francis DeSales (Columbus, Ohio)",
    "college": "Bowling Green (1993\u20131997)",
    "draft_year": "1997",
    "draft_round": "1",
    "draft_pick": "4",
    "draft_team": "Vancouver Grizzlies",
    "career_start": "1997",
    "career_end": "2011",
    "career_position": "Point guard / shooting guard",
    "career_number": "33, 10, 6, 50, 22",
    "highlights": [
        "NBA champion (1999)",
        "MAC Player of the Year (1997)",
        "First-team All-MAC (1997)"
    ],
    "teams": {
        "Vancouver Grizzlies": "1997",
        "San Antonio Spurs": "1998\u20132001",
        "Portland Trail Blazers": "2002",
        "Seattle SuperSonics": "2003\u20132004",
        "Washington Wizards": "2005\u20132008",
        "New Orleans Hornets": "2008",
        "Texas Legends": "2011",
        "Philadelphia 76ers": "2010"
    },
    "stats": {
        "Points": "6,623 (7.6 ppg)",
        "Assists": "2,934 (3.4 apg)",
        "Steals": "564 (0.6 spg)"
    },
    "birth_date": "1975-03-19"
}