{
    "name": "Antonio Mart\u00edn",
    "height_ft": "6",
    "height_in": "10",
    "weight_lb": "230",
    "birth_place": "Madrid, Spain",
    "college": "Pepperdine (1986\u20131987)",
    "draft_year": "1988",
    "career_start": "1982",
    "career_end": "1995",
    "career_position": "Center",
    "highlights": [
        "EuroLeague champion (1995)",
        "FIBA European Selection (1991)",
        "3\u00d7 FIBA Saporta Cup champion (1984, 1989, 1992)",
        "FIBA Kora\u0107 Cup champion (1988)",
        "5\u00d7 Spanish League  champion (1984\u20131986, 1993, 1994)",
        "4\u00d7 Spanish Cup winner (1985, 1986, 1989, 1993)"
    ],
    "teams": {
        "Estudiantes": "1982\u20131983",
        "Real Madrid": "1983\u20131986,, 1987\u20131995"
    },
    "birth_date": "1966-06-18",
    "medaltemplates": [
        "Country: {{Spain}}",
        "Sport: Men's Basketball",
        "Competition: EuroBasket",
        "Bronze Medal: 1991 Italy  ",
        "Competition: FIBA Europe U16 Championship",
        "Silver Medal: 1983 West Germany  "
    ]
}