{
    "name": "Antonello Riva",
    "height_ft": "6",
    "height_in": "5",
    "weight_lbs": "220",
    "nationality": "Italian",
    "birth_place": "Rovagnate, Italy",
    "career_start": "1977",
    "career_end": "2004, 2014",
    "career_position": "Shooting guard / small forward",
    "highlights": [
        "FIBA Intercontinental Cup champion (1982)",
        "2\u00d7 EuroLeague champion (1982, 1983)",
        "EuroLeague Finals Top Scorer (1983)",
        "3\u00d7 FIBA European Selection (1987, 1991 2\u00d7)",
        "3\u00d7 FIBA Saporta Cup champion (1978, 1979, 1981)",
        "FIBA Kora\u0107 Cup champion (1993)",
        "Italian League champion (1981)",
        "FIBA's 50 Greatest Players (1991)",
        "FIBA All-Time EuroStars Team (2007)",
        "50 Greatest EuroLeague Contributors (2008) '''Italian League career stats leaders'''",
        "Italian League all-time leading scorer"
    ],
    "teams": {
        "Cant\u00f9": "1998\u20132002",
        "Olimpia Milano": "1989\u20131994",
        "V.L. Pesaro": "1994\u20131996",
        "Nuova Pallacanestro Gorizia": "1996\u20131998",
        "NSB Rieti": "2002\u20132004",
        "Leopandrillo Cant\u00f9": "2014"
    },
    "birth_date": "1962-2-28",
    "medaltemplates": [
        "Country: {{ITA}}",
        "Sport: Men\u2019s Basketball",
        "Competition: EuroBasket",
        "Gold Medal: 1983 France  Team competition",
        "Silver Medal: 1991 Italy  Team competition",
        "Competition: European Championship for Cadets",
        "Silver Medal: 1979 Syria Under-16 Team Team competition"
    ]
}