{
    "name": "Antonio Harvey",
    "nationality": "American",
    "height_ft": "6",
    "height_in": "11",
    "weight_lb": "250",
    "birth_place": "Pascagoula, Mississippi",
    "highschool": "Pascagoula, (Pascagoula, Mississippi)",
    "college": [
        "Southern Illinois (1988\u20131989)",
        "Georgia (1990\u20131991)",
        "Pfeiffer (1991\u20131993)"
    ],
    "draft_year": "1993",
    "career_start": "1993",
    "career_end": "2004",
    "career_position": "Power forward",
    "career_number": "40, 24, 34, 4",
    "highlights": [
        "2\u00d7 Greek League All-Star (1997, 1998)",
        "2\u00d7 Greek All-Star Game Slam Dunk champion (1997, 1998)"
    ],
    "bbr": "harvean01 ",
    "teams": {
        "Los Angeles Lakers": "1993\u20131994",
        "Vancouver Grizzlies": "1995",
        "Los Angeles Clippers": "1995",
        "Seattle SuperSonics": "2001",
        "CHC Montecatini": "1997",
        "Panionios": "1997\u20131998",
        "Covir\u00e1n Cervezas Alhambra": "1998",
        "Irakleio": "1998\u20131999",
        "Portland Trail Blazers": "1999\u20132000",
        "Atlanta Hawks": "2002",
        "Idaho Stampede": "2002\u20132003",
        "Polonia Warsaw": "2003\u20132004"
    },
    "birth_date": "1970-7-6"
}