{
    "name": "Antonio McDyess",
    "height_ft": "6",
    "height_in": "9",
    "weight_lb": "240",
    "birth_place": "Quitman, Mississippi, U.S.",
    "high_school": "Quitman (Quitman, Mississippi)",
    "college": "Alabama (1993\u20131995)",
    "draft_year": "1995",
    "draft_round": "1",
    "draft_pick": "2",
    "draft_team": "Los Angeles Clippers",
    "career_start": "1995",
    "career_end": "2011",
    "career_position": "Power forward",
    "career_number": "24, 34, 14",
    "highlights": [
        "NBA All-Star (2001)",
        "All-NBA Third Team (1998)",
        "NBA All-Rookie First Team (1995)",
        "Second-team All-SEC (1995)",
        "Second-team ''Parade'' All-American (1993)"
    ],
    "bbr": "mcdyean01",
    "teams": {
        "Denver Nuggets": "1998\u20132001",
        "Phoenix Suns": "2003",
        "New York Knicks": "2002\u20132003",
        "Detroit Pistons": "2004\u20132008",
        "San Antonio Spurs": "2009\u20132010"
    },
    "NBA": {
        "Points": "12,227 (12.0 ppg)",
        "Rebounds": "7,638 (7.5 rpg)",
        "Blocks": "1,102 (1.1 bpg)"
    },
    "birth_date": "1974-9-7",
    "medaltemplates": [
        "Sport: Men's basketball",
        "Country: {{United States}}",
        "Gold Medal: 2000 Sydney Team competition "
    ]
}