{
    "name": "Antoine Wright",
    "position": "Shooting guard / small forward",
    "height_ft": "6",
    "height_in": "7",
    "weight_lb": "215",
    "nationality": "American",
    "birth_place": "West Covina, California",
    "high_school": "Lawrence Academy, (Groton, Massachusetts)",
    "college": "Texas A&M (2002\u20132005)",
    "draft_year": "2005",
    "draft_round": "1",
    "draft_pick": "15",
    "draft_team": "New Jersey Nets",
    "career_start": "2005",
    "career_end": "team2=Dallas Mavericks |years3=2009|team3=Toronto Raptors  |years4=2010|team4=Sacramento Kings |years5=2010\u20132011|team5=Jiangsu Dragons |years6=2011\u20132012|team6=Asefa Estudiantes |years7=2012|team7=Reno Bighorns |years8=2012|team8=Guaiquer\u00edes de Margarita |years9=2012\u20132013|team9=Reno Bighorns |years10=2013|team10=Guaiquer\u00edes de Margarita |years11=2013\u20132014|team11=Barak Netanya |years12=2014\u20132015|team12=Halcones de Xalapa |years13=2016 |team13=Rain or Shine Elasto Painters |years14=2016|team14=Tijuana Zonke",
    "highlights": [
        "Second-team All-Big 12 (2003)",
        "Big 12 Rookie of the Year (2003)",
        "Third-team ''Parade'' All-American (2002)"
    ],
    "birth_date": "1984-2-6",
    "medaltemplates": [
        "Sport: Men's basketball",
        "Country: the {{USA}}",
        "Competition: FIBA Americas U18 Championship",
        "Bronze Medal: 2002 Isla Margarita National team "
    ]
}