{
    "name": "Anton Ponkrashov",
    "position": "Guard / small forward",
    "height_cm": "200",
    "weight_kg": "96",
    "league": "VTB United League",
    "team": "BC Nizhny Novgorod",
    "number": "6",
    "nationality": "Russian",
    "birth_place": "Leningrad, Soviet Union",
    "draft_year": "2008",
    "career_start": "2001",
    "highlights": [
        "3\u00d7 Russian League champion (2007, 2012, 2013)",
        "2\u00d7 VTB United League champion (2012, 2013)",
        "3\u00d7 Russian Cup winner (2007, 2008, 2010)",
        "2\u00d7 Russian All-Star (2007, 2011)"
    ],
    "teams": {
        "Pulkovo": "2001\u20132002",
        "LenVo Saint Petersburg": "2002\u20132003",
        "Spartak Saint Petersburg": "2010\u20132011",
        "CSKA Moscow": "2011\u20132013",
        "\u2192Khimki": "2007\u20132009",
        "Krasnye Krylia": "2013\u20132014",
        "Lokomotiv Kuban": "2014",
        "Krasny Oktyabr": "2014",
        "UNICS Kazan": "2015\u20132019",
        "Zenit Saint Petersburg": "2019\u20132020",
        "Khimki": "2021",
        "Nazm Avaran Sirjan": "2021\u20132022",
        "Nizhny Novgorod": "2022\u2013present"
    },
    "birth_date": "1986-4-23",
    "medaltemplates": [
        "Sport: Men's basketball",
        "Country: {{Russia}}",
        "Competition: Summer Olympics",
        "Bronze Medal: 2012 London  ",
        "Competition: FIBA EuroBasket",
        "Gold Medal: 2007 Spain  ",
        "Bronze Medal: 2011 Lithuania  "
    ]
}