{
    "name": "Antonio Latimer",
    "height": "ft=6",
    "weight": "240",
    "position": "Power forward",
    "birth_place": "R\u00edo Piedras, Puerto Rico",
    "college": "Missouri Southern (2001\u20132002)",
    "nationality": "Puerto Rican",
    "draft": "undrafted",
    "career_start": "1994",
    "birth_date": "1978-11-26",
    "medaltemplates": [
        "Country: {{PUR}}",
        "Sport: Men's Basketball",
        "Competition: FIBA AmeriCup",
        "Bronze Medal: 2003 San Juan  Team competition",
        "Competition: Centrobasket",
        "Gold Medal: 2003 Culiacan  Team competition",
        "Bronze Medal: 2006 Panama City  Team competition",
        "Competition: Pan American Games",
        "Bronze Medal: 1999 Winnipeg  Team competition",
        "Bronze Medal: 2003 Santo Domingo  Team competition"
    ]
}