{
    "name": "Antoine Jordan",
    "height_ft": "6",
    "height_in": "5",
    "weight_lb": "200",
    "nationality": "American",
    "birth_place": "Baltimore, Maryland",
    "high_school": "Randallstown, (Baltimore County, Maryland)",
    "college": "Siena (2002\u20132006)",
    "draft_year": "2006",
    "career_start": "2006",
    "career_end": "2014",
    "career_position": "Point guard / shooting guard",
    "highlights": [
        "FIBA EuroChallenge champion (2010)",
        "All-Dutch League Team (2007)"
    ],
    "teams": {
        "Basket Livorno": "2006",
        "BC \u0160iauliai": "2007",
        "Fort Worth Flyers": "2007",
        "Albany Patroons": "2007",
        "Matrixx Magixx": "2009",
        "Tulsa 66ers": "2008",
        "BG G\u00f6ttingen": "2010\u20132012",
        "Kouvot Kouvola": "2012\u20132013",
        "Once Caldas de Manizales": "2013\u20132014"
    },
    "birth_date": "1983-3-10"
}