{
    "name": "Antonio Burks",
    "height_ft": "6",
    "height_in": "1",
    "weight_lb": "200",
    "birth_place": "Memphis, Tennessee, U.S.",
    "high_school": "Booker T. Washington (Memphis, Tennessee)",
    "college": [
        "Hiwassee (2000\u20132001)",
        "Memphis (2001\u20132004)"
    ],
    "draft_year": "2004",
    "draft_round": "2",
    "draft_pick": "36",
    "draft_team": "Orlando Magic",
    "career_start": "2004",
    "career_end": "2009",
    "career_number": "1",
    "career_position": "Point guard",
    "highlights": [
        "Conference USA Player of the Year (2004)",
        "First-team All-Conference USA (2004)"
    ],
    "teams": {
        "Memphis Grizzlies": "2004\u20132005",
        "Crvena zvezda": "2006\u20132007",
        "Lukoil Academic": "2007\u20132008",
        "Czarni S\u0142upsk": "2009"
    },
    "birth_date": "1980-2-25"
}