{
    "name": "Antoine Carr",
    "height_ft": "6",
    "height_in": "9",
    "weight_lb": "255",
    "birth_place": "Oklahoma City, Oklahoma, U.S.",
    "high_school": "Wichita Heights (Wichita, Kansas)",
    "college": "Wichita State (1979\u20131983)",
    "draft_year": "1983",
    "draft_round": "1",
    "draft_pick": "8",
    "draft_team": "Detroit Pistons",
    "career_start": "1983",
    "career_end": "2002",
    "career_number": "33, 35, 55",
    "career_position": "Power forward / center",
    "highlights": [
        "Third-team All-American \u2013 AP (1983)",
        "MVC Player of the Year (1983)",
        "2\u00d7 First-team All-MVC (1982, 1983)",
        "2\u00d7 Second-team All-MVC (1980, 1981)",
        "No. 35 retired by Wichita State Shockers",
        "Second-team ''Parade'' All-American (1979)",
        "Greek All-Star Game (2002)"
    ],
    "teams": {
        "Olimpia Milano": "1983\u20131984",
        "Atlanta Hawks": "1984\u20131989",
        "Sacramento Kings": "1989\u20131990",
        "San Antonio Spurs": "1991\u20131993",
        "Utah Jazz": "1994\u20131997",
        "Houston Rockets": "1998",
        "Vancouver Grizzlies": "1999",
        "Kansas City Knights": "2000",
        "Ionikos NF": "2001\u20132002"
    },
    "NBA": {
        "Points": "9,176 (9.3 ppg)",
        "Rebounds": "3,384 (3.4 rpg)",
        "Blocks": "925 (0.9 bpg)"
    },
    "birth_date": "1961-07-23",
    "medaltemplates": [
        "Country: {{USA}}",
        "Silver Medal: 1982 Colombia National team Team competition"
    ]
}