{
    "name": "Antonio D\u00edaz-Miguel",
    "height_ft": "6",
    "height_in": "1.25",
    "birth_place": "Alc\u00e1zar de San Juan, Ciudad Real, Spain",
    "death_date": "2000",
    "death_place": "Madrid, Spain",
    "nationality": "Spanish",
    "college": "University of Bilbao",
    "career_start": "1950",
    "career_end": "1963",
    "career_position": "Power forward / center",
    "coach_start": "1963",
    "coach_end": "1997",
    "highlights": [
        "2\u00d7 Spanish League champion (1960, 1961)",
        "2\u00d7 Spanish Cup winner (1960, 1961) '''As head coach:'''",
        "5\u00d7 FIBA European Selection (1977, 1978, 1981 (2\u00d7), 1982)",
        "Royal Order of Sports Merit Grand Cross (2000)",
        "Royal Order of Sports Merit Gold Medal (1994)",
        "2\u00d7 AEEB Spanish Coach of the Year (1981, 1983)",
        "Spanish Women's League champion (1997)",
        "Spanish Women's Cup winner (1997)"
    ],
    "teams": {
        "Estudiantes Madrid": "1953\u20131958",
        "Transportes Cave": "1952\u20131953",
        "Real Madrid": "1958\u20131961",
        "\u00c1guilas Bilbao": "1961\u20131966"
    },
    "cteams": {
        "Club \u00c1guilas Bilbao": "1963\u20131965",
        "Spain": "1965\u20131992",
        "Pallacanestro Cant\u00fa": "1993",
        "Pool Getafe": "1996\u20131997"
    },
    "birth_date": "1933-7-6",
    "medaltemplates": [
        "Country: {{ESP}}",
        "Sport: Men's Basketball Head Coach",
        "Competition: Olympic Games",
        "Silver Medal: 1984 Los Angeles  ",
        "Competition: EuroBasket",
        "Silver Medal: 1973 Spain  ",
        "Silver Medal: 1983 France  ",
        "Bronze Medal: 1991 Italy  "
    ]
}