{
    "name": "Antoine Rigaudeau",
    "height_ft": "6",
    "height_in": "7",
    "weight_lbs": "225",
    "birth_place": "Cholet, Maine-et-Loire, France",
    "draft_year": "1993",
    "career_start": "1987",
    "career_end": "2005",
    "career_position": "Point guard / shooting guard",
    "career_number": "17",
    "highlights": [
        "2\u00d7 EuroLeague champion (1998, 2001)",
        "FIBA European Selection (1991)",
        "4\u00d7 FIBA EuroStar (1996\u20131999)",
        "2\u00d7 Italian League champion (1998, 2001)",
        "3\u00d7 Italian Cup winner (1999, 2001, 2002)",
        "French League champion (1996)",
        "5\u00d7 French League French Player's MVP (1991\u20131994, 1996)",
        "3\u00d7 French League Best Young Player (1990\u20131992)",
        "No. 4 retired by Cholet",
        "French National Sports Hall of Fame (2017)",
        "French Basketball Hall of Fame (2010)"
    ],
    "FIBA_HOF_player": "Antoine-RIGAUDEAU",
    "teams": {
        "Cholet": "1987\u20131995",
        "Pau-Orthez": "1995\u20131997",
        "Virtus Bologna": "1997\u20132003",
        "Dallas Mavericks": "2002",
        "Valencia": "2003\u20132005"
    },
    "cteams": {
        "Paris-Levallois": "2015"
    },
    "birth_date": "1971-12-17",
    "medaltemplates": [
        "Country: {{FRA}}",
        "Sport: Men\u2019s Basketball",
        "Competition: Olympics",
        "Silver Medal: 2000 Sydney  ",
        "Competition: EuroBasket",
        "Bronze Medal: 2005 Serbia & Montenegro  ",
        "Competition: Mediterranean Games",
        "Bronze Medal: 1993 France  "
    ]
}