{
    "name": "Antoine Walker",
    "height_ft": "6",
    "height_in": "9",
    "weight_lbs": "245",
    "birth_place": "Chicago, Illinois, U.S.",
    "highschool": "Mount Carmel (Chicago, Illinois)",
    "college": "Kentucky (1994\u20131996)",
    "draft_year": "1996",
    "draft_round": "1",
    "draft_pick": "6",
    "draft_team": "Boston Celtics",
    "career_start": "1996",
    "career_end": "2012",
    "career_number": "8, 88, 24",
    "career_position": "Power forward",
    "highlights": [
        "NBA champion (2006)",
        "3\u00d7 NBA All-Star (1998, 2002, 2003)",
        "NBA All-Rookie First Team (1997)",
        "NCAA champion (1996)",
        "First-team All-SEC (1996)",
        "SEC tournament MVP (1995)",
        "McDonald's All-American (1994)",
        "First-team ''Parade'' All-American (1994)"
    ],
    "bbr": "walkean02 ",
    "teams": {
        "Boston Celtics": "2004",
        "Dallas Mavericks": "2003",
        "Atlanta Hawks": "2004",
        "Miami Heat": "2005\u20132006",
        "Minnesota Timberwolves": "2007",
        "Mets de Guaynabo": "2010",
        "Idaho Stampede": "2010\u20132012"
    },
    "NBA": {
        "Points": "15,647 (17.5 ppg)",
        "Rebounds": "6,891 (7.7 rpg)",
        "Assists": "3,170 (3.5 apg)"
    },
    "birth_date": "1976-8-12"
}