{
    "name": "Antonis Fotsis \u0391\u03bd\u03c4\u03ce\u03bd\u03b7\u03c2 \u03a6\u03ce\u03c4\u03c3\u03b7\u03c2",
    "number": "6",
    "position": "Power forward",
    "height_ft": "6",
    "height_in": "10.25",
    "weight_lbs": "250",
    "league": "Greek C League",
    "team": "Ilysiakos",
    "birth_place": "Maroussi, Greece",
    "draft_year": "2001",
    "draft_round": "2",
    "draft_pick": "48",
    "draft_team": "Vancouver Grizzlies",
    "career_start": "1996",
    "highlights": [
        "3\u00d7 EuroLeague champion (2000, 2009, 2011)",
        "FIBA EuroStar (2007)",
        "FIBA EuroStars Top Scorer (2007)",
        "EuroCup champion (2006)",
        "Liga ACB champion (2005)",
        "LBA All-Star (2012)",
        "10\u00d7 Greek League champion (1998\u20132001, 2003, 2009\u20132011, 2014, 2017)",
        "6\u00d7 Greek Cup winner (2003, 2009, 2014\u20132017)",
        "6\u00d7 Greek All-Star (2001, 2003, 2009\u20132011, 2014)",
        "Greek All-Star Game MVP (2011)",
        "Greek League Best Young Player (2001)",
        "2\u00d7 All-Greek League Second Team (2009, 2011)",
        "All-Greek League Defensive Team (2011)",
        "Greek League Hall of Fame (2022)",
        "3\u00d7 Acropolis Tournament MVP (2002, 2008, 2011)",
        "2\u00d7 Nike Hoop Summit All-World Team (1998, 1999) '''EuroLeague records since the 2000\u201301 season'''",
        "Most rebounds in a game"
    ],
    "bbr": "fotsian01",
    "teams": {
        "Ilysiakos": "2017\u2013present",
        "Panathinaikos": "2013\u20132017",
        "Memphis Grizzlies": "2001",
        "Real Madrid": "2003\u20132005",
        "Dynamo Moscow": "2005\u20132008",
        "Olimpia Milano": "2011\u20132013"
    },
    "birth_date": "1981-4-1",
    "medaltemplates": [
        "Competition: FIBA World Cup",
        "Gold Medal: 0",
        "Silver Medal: 1",
        "Bronze Medal: 0",
        "Competition: FIBA Stankovi\u0107 World Cup",
        "Gold Medal: 1",
        "Silver Medal: 0",
        "Bronze Medal: 0",
        "Competition: FIBA EuroBasket",
        "Gold Medal: 1",
        "Silver Medal: 0",
        "Bronze Medal: 1",
        "Sport: Men's basketball",
        "Country: {{GRE}}",
        "Competition: FIBA World Cup",
        "Silver Medal: 2006 Japan  Team competition",
        "Competition: FIBA Stankovi\u0107 World Cup",
        "Gold Medal: 2006 China  Team competition",
        "Competition: FIBA EuroBasket",
        "Gold Medal: 2005 Serbia & Montenegro  Team competition",
        "Bronze Medal: 2009 Poland  Team competition",
        "Competition: FIBA Europe Under-18 Championship",
        "Bronze Medal: 1998 Bulgaria U-18 Team Team competition"
    ]
}