{
    "name": "Antonio Lang",
    "league": "NBA",
    "team": "Atlanta Hawks",
    "position": "Assistant coach",
    "height_ft": "6",
    "height_in": "8",
    "weight_lb": "205",
    "birth_place": "Columbia, South Carolina, U.S.",
    "highschool": "LeFlore (Mobile, Alabama)",
    "college": "Duke (1990\u20131994)",
    "draft_year": "1994",
    "draft_round": "2",
    "draft_pick": "29",
    "draft_team": "Phoenix Suns",
    "career_start": "1994",
    "career_end": "2006",
    "career_position": "Forward",
    "career_number": "21",
    "coach_start": "2006",
    "highlights": [
        "2\u00d7 PBA champion (2001 Commissioner's, 2002 Commissioner's)",
        "PBA Best Import (2001 Commissioner's)",
        "All-CBA Second Team (1998)",
        "2\u00d7 NCAA champion (1991, 1992)",
        "Third-team All-ACC (1994)",
        "Third-team ''Parade'' All-American (1990) |medaltemplates= Men's basketball USA FIBA U19 World Championship  1991 Edmonton Summer Universiade  1993 Buffalo"
    ],
    "teams": {
        "Phoenix Suns": "1994",
        "Cleveland Cavaliers": "1998",
        "Grand Rapids Hoops": "1997\u20131998",
        "Miami Heat": "1997",
        "Fort Wayne Fury": "2000\u20132001",
        "Toronto Raptors": "1999",
        "Philadelphia 76ers": "1999",
        "Indiana Legends": "2001",
        "Connecticut Pride": "2001",
        "Red Bull Thunder": "2001\u20132002",
        "Mitsubishi Melco Dolphins": "2001\u20132005",
        "Bras\u00edlia": "2005\u20132006"
    },
    "cteams": {
        "Mitsubishi Diamond Dolphins (assistant)": "2006\u20132010",
        "Mitsubishi Diamond Dolphins": "2010\u20132014",
        "Utah Jazz (assistant)": "2014\u20132018",
        "Cleveland Cavaliers (assistant)": "2019\u20132022",
        "Atlanta Hawks (assistant)": "2023\u2013present"
    },
    "birth_date": "1972-5-15"
}