{
    "name": "Antti Nikkil\u00e4",
    "position": "Center",
    "height_ft": "6",
    "height_in": "11",
    "weight_lb": "264",
    "number": "8",
    "birth_place": "Tampere, Finland",
    "nationality": "Finnish",
    "college": "Valparaiso (1999\u20132003)",
    "draft_year": "2003",
    "career_start": "1997",
    "career_end": "2016",
    "teams": {
        "Tampereen Pyrint\u00f6": "2010\u20132014",
        "Aris Thessaloniki": "2003\u20132004",
        "Ionikos": "2004\u20132005",
        "BCM Gravelines": "2005",
        "Pepsi Caserta": "2005\u20132006",
        "\u010cEZ Nymburk": "2006\u20132007",
        "Dinamo Sassari": "2007\u20132008",
        "Girona": "2009\u20132010",
        "Mitteldeutscher BC": "2010",
        "Nokia": "2015\u20132016"
    },
    "birth_date": "1978-08-25"
}