{
    "name": "Antwain Smith",
    "position": "Small forward",
    "height_ft": "6",
    "height_in": "7",
    "nationality": "American",
    "birth_place": "Newport News, Virginia",
    "high_school": "Ferguson (Newport News, Virginia)",
    "college": "Saint Paul's (1995\u20131999)",
    "draft_year": "1999",
    "draft_round": "2",
    "draft_pick": "51",
    "draft_team": "Vancouver Grizzlies",
    "career_start": "1999",
    "career_end": "2002",
    "teams": {
        "St. Louis Swarm": "1999\u20132000",
        "Richmond Rhythm": "2000\u20132001",
        "Krka Novo Mesto": "2001",
        "Fayetteville Patriots": "2001\u20132002"
    },
    "birth_date": "1975-05-01"
}