{
    "name": "Aramis Nagli\u0107",
    "position": "Head coach",
    "league": "Austrian League",
    "team": "Vienna",
    "height_ft": "6",
    "height_in": "7.92",
    "birth_place": "Rijeka, SR Croatia, SFR Yugoslavia",
    "nationality": "Croatian",
    "draft_year": "1987",
    "career_position": "Power forward",
    "career_start": "1983",
    "career_end": "2005",
    "coach_start": "2007",
    "highlights": [
        "2\u00d7 Euroleague champion (1990, 1991)",
        "2\u00d7 Yugoslav League champion (1990, 1991)",
        "2\u00d7 Croatian League champion (1998, 2005)",
        "3\u00d7 Slovak League champion (2000\u20132002)",
        "2\u00d7 Yugoslav Cup winner (1990, 1991)",
        "3\u00d7 Croatian Cup winner (1992, 1993, 2005)",
        "2\u00d7 Slovak Cup winner (2000, 2002) '''As head coach'''",
        "Slovak League champion (2013)"
    ],
    "teams": {
        "Kvarner": "1983\u20131989",
        "Jugoplastika / Pop 84": "1989\u20131993",
        "Reyer Venezia": "1993\u20131994",
        "Kantrida": "1994\u20131997",
        "Cibona": "1997\u20131998",
        "Zadar": "2004\u20132005",
        "Slovakofarma": "1999\u20132002",
        "Traiskirchen Lions": "2002\u20132004",
        "\u2192 Slovakofarma": "2003"
    },
    "cteams": {
        "Crikvenica": "2007\u20132008",
        "Kvarner 2010": "2010\u20132011",
        "Inter Bratislava": "2019\u20132020",
        "\u0160krljevo": "2015\u20132016",
        "Croatia (assistant)": "2015",
        "Zadar": "2017\u20132018",
        "Vienna": "2021\u2013present"
    },
    "birth_date": "1965-8-28",
    "medaltemplates": [
        "Sport: Men's basketball",
        "Country: {{CRO}}",
        "Silver Medal: 1992 Barcelona Team Under-18"
    ]
}