{
    "name": "Archie Dees",
    "height_ft": "6",
    "height_in": "8",
    "weight_lb": "205",
    "birth_place": "Ethel, Mississippi, U.S.",
    "death_date": "2016",
    "death_place": "Bloomington, Indiana, U.S.",
    "high_school": "Mount Carmel, (Mount Carmel, Illinois)",
    "college": "Indiana (1955\u20131958)",
    "draft_year": "1958",
    "draft_round": "1",
    "draft_pick": "2",
    "draft_team": "Cincinnati Royals",
    "career_start": "1958",
    "career_end": "1962",
    "career_number": "22, 44, 29",
    "career_position": "Power forward / center",
    "highlights": [
        "Consensus second-team All-American (1958) |stats_league= NBA"
    ],
    "teams": {
        "Cincinnati Royals": "1958",
        "Detroit Pistons": "1959\u20131960",
        "Chicago Packers": "1961",
        "St. Louis Hawks": "1961",
        "Cleveland Pipers": "1961\u20131962"
    },
    "stats": {
        "Points": "1,548 (8.1 ppg)",
        "Rebounds": "907 (4.8 rpg)",
        "Assists": "132 (0.7 apg) "
    },
    "birth_date": "1936-02-22"
}