{
    "name": "Archie Clark",
    "height_ft": "6",
    "height_in": "2",
    "weight_lb": "175",
    "birth_place": "Conway, Arkansas, U.S.",
    "high_school": "Ecorse (Ecorse, Michigan)",
    "college": "Minnesota (1963\u20131966)",
    "draft_year": "1966",
    "draft_round": "4",
    "draft_pick": "37",
    "draft_team": "Los Angeles Lakers",
    "career_start": "1966",
    "career_end": "1976",
    "career_number": "21, 11",
    "career_position": "Point guard / shooting guard",
    "highlights": [
        "2\u00d7 NBA All-Star (1968, 1972)",
        "All-NBA Second Team (1971)",
        "First-team All-Big Ten (1966)",
        "Third-team All-Big Ten (1965)"
    ],
    "teams": {
        "Los Angeles Lakers": "1966\u20131967",
        "Philadelphia 76ers": "1968\u20131971",
        "Baltimore / Capital Bullets": "1971\u20131973",
        "Seattle SuperSonics": "1974",
        "Detroit Pistons": "1975"
    },
    "NBA": {
        "Points": "11,819 (16.3 ppg)",
        "Rebounds": "2,427 (3.3 rpg)",
        "Assists": "3,498 (4.8 apg) "
    },
    "birth_date": "1941-07-15"
}