{
    "name": "Arda Vekilo\u011flu",
    "position": "Head coach",
    "height_cm": "206",
    "birth_place": "Turkey",
    "nationality": "Turkish",
    "career_start": "1995",
    "career_end": "2008",
    "career_position": "Small forward / power forward",
    "coach_start": "2018",
    "teams": {
        "Kar\u015f\u0131yaka": "2005\u20132006",
        "Efes Pilsen": "2001\u20132002",
        "Galatasaray": "2004\u20132005",
        "\u00dclkerspor": "2003\u20132004",
        "Be\u015fikta\u015f": "2006\u20132007",
        "Kepez Belediye": "2007\u20132008"
    },
    "cteams": {
        "Bursaspor": "2018\u20132019",
        "Petkim Spor": "2019\u20132020"
    },
    "birth_date": "1979-1-21"
}