{
    "name": "Ardy Larong",
    "height_ft": "6",
    "height_in": "2",
    "weight_lb": "185",
    "nationality": "Filipino",
    "birth_place": "Butuan, Philippines",
    "draft_pick_pba": "16",
    "draft_round_pba": "2",
    "draft_year_pba": "2007",
    "draft_team_pba": "Alaska Aces",
    "college": "University of San Jose - Recoletos",
    "career_start": "2007",
    "career_end": "2012",
    "career_position": "Small forward / shooting guard",
    "teams": {
        "Purefoods Tender Juicy Giants": "2007\u20132008",
        "Sta. Lucia Realtors": "2009\u20132010",
        "Chang Thailand Slammers": "2010\u20132011",
        "AirAsia Philippine Patriots": "2011\u20132012 "
    },
    "birth_date": "1980-12-14"
}