{
    "name": "Argiris Kambouris",
    "height_ft": "6",
    "height_in": "9.5",
    "weight_lbs": "225",
    "birth_place": "Astypalaia, Greece",
    "nationality": "Greek",
    "career_start": "1978",
    "career_end": "1996",
    "career_position": "Power forward / center",
    "career_number": "7",
    "highlights": [
        "3\u00d7 Greek League champion (1993\u20131995)",
        "Greek Cup winner (1994)"
    ],
    "teams": {
        "Olympiacos": "1981&ndash;1995",
        "Glyfada": "1980&ndash;1981",
        "Peristeri": "1995&ndash;1996"
    },
    "birth_date": "1962-1-24",
    "medaltemplates": [
        "Sport: Men's basketball",
        "Country: {{GRE}}",
        "Competition: FIBA EuroBasket",
        "Gold Medal: 1987 Greece  Under-18",
        "Silver Medal: 1989 Yugoslavia  Under-18",
        "Competition: Mediterranean Games",
        "Bronze Medal: 1987 Syria Under-26 Under-18"
    ]
}