{
    "name": "Argiris Papapetrou \u0391\u03c1\u03b3\u03cd\u03c1\u03b7\u03c2 \u03a0\u03b1\u03c0\u03b1\u03c0\u03ad\u03c4\u03c1\u03bf\u03c5",
    "height_ft": "6",
    "height_in": "9",
    "weight_lbs": "245",
    "nationality": "Greek",
    "birth_place": "Aiginio, Greece",
    "career_start": "1983",
    "career_end": "1997",
    "career_position": "Power forward / center",
    "career_number": "10",
    "highlights": [
        "2\u00d7 Greek Cup winner (1986, 1993)",
        "2\u00d7 Greek League All-Star (1991, 1994 I)"
    ],
    "teams": {
        "Pierikos": "1983\u20131985",
        "Panathinaikos": "1985\u20131994",
        "Apollon Patras": "1994\u20131996",
        "Irakleio": "1996\u20131997"
    },
    "cteams": {
        "Panathinaikos Women": "2005\u20132006"
    },
    "birth_date": "1965-2-21",
    "medaltemplates": [
        "Sport: Men's basketball",
        "Competition: Balkan Championship",
        "Bronze Medal: 1985 Romania  "
    ]
}