{
    "name": "Argyris Pedoulakis, \u0391\u03c1\u03b3\u03cd\u03c1\u03b7\u03c2 \u03a0\u03b5\u03b4\u03bf\u03c5\u03bb\u03ac\u03ba\u03b7\u03c2",
    "position": "Youth academy director",
    "league": "Greek Basket League, EuroLeague",
    "team": "Panathinaikos",
    "height_ft": "6",
    "height_in": "2.75",
    "weight_lb": "190",
    "birth_place": "Athens, Greece",
    "nationality": "Greek",
    "career_position": "Shooting guard",
    "career_number": "10, 9",
    "career_start": "1983",
    "career_end": "1995",
    "coach_start": "1995",
    "highlights": [
        "Greek League champion (2013)",
        "2\u00d7 Greek Cup winner (2013, 2014)",
        "3\u00d7 Greek League Coach of the Year (2001, 2003, 2013)"
    ],
    "teams": {
        "Peristeri": "1993\u20131995",
        "Panathinaikos": "1986\u20131992"
    },
    "cteams": {
        "Peristeri (assistant)": "1995\u20131997",
        "Peristeri": "2020\u20132021",
        "Makedonikos": "2004\u20132005",
        "Panellinios": "2005\u20132006",
        "Rethymno Aegean": "2007\u20132008",
        "PAOK": "2008",
        "AEK": "2010",
        "Panathinaikos": "2019",
        "UNICS": "2014"
    },
    "birth_date": "1964-05-26"
}