{
    "name": "Aric del Rosario",
    "death_date": "2020",
    "death_place": "Manila, Philippines",
    "nationality": "Filipino",
    "college": "University of Santo Tomas",
    "coach_start": "1985\u20132003; 2012\u20132015; 2018",
    "coach_end": "2018",
    "highlights": [
        "MBA champion (1998)",
        "4x UAAP champion (1993, 1994, 1995, 1996) '''As assistant coach:'''",
        "8\u00d7 PBA champion (1991 Third Conference, 1994 Governors', 1995 Governors', 1996 All-Filipino, 1996 Commissioner's, 1996 Governors', 1997 Governors' 2003 All-Filipino)",
        "Grand Slam champion (1996) '''As player:'''",
        "UAAP champion (1964)"
    ],
    "cteams": {
        "UST Growling Tigers": "1990\u20132003",
        "Alaska Air Force/Milkmen (assistant)": "1989\u20131997",
        "Pampanga Dragons": "1998",
        "Mobiline/Talk 'N Text Phone Pals (assistant)": "2000\u20132003",
        "Philippines": "2003",
        "Perpetual Altas": "2012\u20132015",
        "Para\u00f1aque Patriots": "2018"
    },
    "birth_date": "1940-1-1",
    "medaltemplates": [
        "Sport: Men's Basketball",
        "Sport: Head coach for the {{PHL}}",
        "Competition: Southeast Asian Games",
        "Gold Medal: 2003 Hanoi National Team ",
        "Sport: Assistant coach for the {{PHL}}",
        "Competition: Asian Games",
        "Bronze Medal: 1988 Bangkok team ",
        "Competition: William Jones Cup",
        "Gold Medal: 1998 Taipei team "
    ]
}