{
    "name": "Ariel McDonald",
    "height_ft": "6",
    "height_in": "3",
    "weight_lb": "190",
    "nationality": "American / Slovenian",
    "birth_place": "Harvey, Illinois, U.S.",
    "high_school": [
        "Homewood-Flossmoor (Flossmoor, Illinois)",
        "Athens Drive, (Raleigh, North Carolina)"
    ],
    "college": "Minnesota (1990\u20131994)",
    "draft_year": "1994",
    "career_start": "1994",
    "career_end": "2009",
    "career_position": "Point guard",
    "highlights": [
        "FIBA SuproLeague champion (2001)",
        "FIBA SuproLeague Final Four MVP (2001)",
        "All-EuroLeague Second Team (2002)",
        "FIBA EuroChallenge champion (2007)",
        "FIBA EuroChallenge Final Four MVP (2007)",
        "FIBA EuroChallenge All-Star Day (2007)",
        "Italian League champion (2009)",
        "2\u00d7 Greek League champion (2003, 2004)",
        "Greek Cup winner (2003)",
        "3\u00d7 Israeli League champion (2000\u20132002)",
        "3\u00d7 Israeli Cup winner (2000\u20132002)",
        "Israeli Basketball Premier League MVP (2000)",
        "3\u00d7 Slovenian League champion (1997\u20131999)",
        "3\u00d7 Slovenian Cup winner (1997\u20131999)",
        "NIT champion (1993)"
    ],
    "teams": {
        "Castors Braine": "1994\u20131995",
        "Interier Kr\u0161ko": "1995\u20131996",
        "Olimpija Ljubljana": "1996\u20131999",
        "Maccabi Tel Aviv": "1999\u20132002",
        "Panathinaikos": "2002\u20132004",
        "Dynamo Moscow": "2008",
        "Akasvayu Girona": "2005\u20132008",
        "Montepaschi Siena": "2008\u20132009"
    },
    "birth_date": "1972-1-5"
}