{
    "name": "Ariel Maughan",
    "height": "6",
    "weight": "188",
    "nationality": "American",
    "birth_place": "Salt Lake City, Utah",
    "death_date": "1997",
    "death_place": "Asheville, North Carolina",
    "high_school": "South Cache (Hyrum, Utah)",
    "college": "Utah State (1942\u20131943)",
    "career_start": "1946",
    "career_end": "1951",
    "career_number": "99, 15, 11, 12",
    "career_position": "Forward",
    "bbr": "maughar01 ",
    "teams": {
        "Detroit Falcons": "1946\u20131947",
        "Providence Steamrollers": "1947",
        "St. Louis Bombers": "1947\u20131949",
        "Washington Capitols": "1950"
    },
    "birth_date": "1923-4-26"
}