{
    "height_ft": "6",
    "height_in": "7",
    "weight_lb": "200",
    "nationality": "Croatian",
    "birth_place": "Zadar, SR Croatia, SFR Yugoslavia",
    "draft_year": "1992",
    "career_position": "Shooting guard / small forward",
    "career_start": "1986",
    "career_end": "2004",
    "highlights": [
        "Italian Cup winner (1997)",
        "Italian Super Cup winner (1995)",
        "Italian League Top Scorer (1995)",
        "Greek Cup winner (1993)",
        "Greek League All-Star (1998)",
        "Greek All-Star Game MVP (1998)",
        "Croatian Cup winner (2000)"
    ],
    "teams": {
        "Zadar": "1999\u20132000",
        "Panathinaikos": "1992\u20131993",
        "Varese": "1997\u20131998",
        "Virtus Bologna": "1995\u20131997",
        "Olympiacos": "1998\u20131999",
        "AEK": "2001",
        "Air Avellino": "2003\u20132004"
    },
    "birth_date": "1970-1-23",
    "medaltemplates": [
        "Sport: Men\u2019s Basketball",
        "Country: {{YUG}}",
        "Competition: World Cup",
        "Gold Medal: 1990 Argentina  ",
        "Competition: EuroBasket",
        "Gold Medal: 1991 Italy  ",
        "Competition: European Championship for Junior men",
        "Gold Medal: 1988 Yugoslavia Under-18 ",
        "Competition: European Championship for Cadets",
        "Gold Medal: 1987 Hungary Under-16 ",
        "Country: {{CRO}}",
        "Competition: Olympic Games",
        "Silver Medal: 1992 Barcelona  ",
        "Competition: World Cup",
        "Bronze Medal: 1994 Canada  ",
        "Competition: EuroBasket",
        "Bronze Medal: 1993 Germany  ",
        "Bronze Medal: 1995 Greece  "
    ]
}