{
    "name": "Arinze Onuaku",
    "position": "Center",
    "height_ft": "6",
    "height_in": "9",
    "weight_lb": "275",
    "birth_place": "Lanham, Maryland, U.S.",
    "high_school": [
        "DuVal (Lanham, Maryland)",
        "Episcopal (Alexandria, Virginia)"
    ],
    "college": "Syracuse (2005\u20132010)",
    "draft_year": "2010",
    "career_start": "2011",
    "career_end": "2019",
    "highlights": [
        "PBA Best Import of the Conference (2016 Commissioner's)",
        "All-NBA D-League Second Team (2015)",
        "All-NBA D-League Third Team (2014)",
        "3\u00d7 NBA D-League All-Star (2013\u20132015)"
    ],
    "teams": {
        "Rio Grande Valley Vipers": "2011",
        "Nept\u016bnas Klaip\u0117da": "2011",
        "Canton Charge": "2014\u20132015",
        "New Orleans Pelicans": "2013",
        "Cleveland Cavaliers": "2013",
        "\u2192Canton Charge": "2014",
        "Chongqing Flying Dragons": "2014",
        "Minnesota Timberwolves": "2014",
        "Maccabi Tel Aviv": "2015\u20132016",
        "Meralco Bolts": "2018",
        "Orlando Magic": "2016",
        "Hunan": "2017",
        "Zhejiang Golden Bulls": "2017\u20132018",
        "Al-Riffa SC": "2019"
    },
    "birth_date": "1987-7-13"
}