{
    "name": "Aris Tatarounis, \u0386\u03c1\u03b7\u03c2 \u03a4\u03b1\u03c4\u03b1\u03c1\u03bf\u03cd\u03bd\u03b7\u03c2",
    "height_ft": "6",
    "height_in": "3.75",
    "weight_lb": "200",
    "nationality": "Greek",
    "birth_place": "Marousi, Attica",
    "career_start": "2007",
    "career_end": "2016",
    "career_position": "Point guard / shooting guard",
    "teams": {
        "Panathinaikos": "2007\u20132008",
        "Panelefsiniakos": "2008\u20132009",
        "Ionikos NF": "2009\u20132011",
        "KAP Agia Paraskevi": "2011\u20132012",
        "Near East": "2014\u20132016",
        "Sporting": "2013\u20132014"
    },
    "birth_date": "1989-5-4"
}