{
    "name": "Arizona Reid",
    "position": "Small forward / power forward",
    "height_ft": "6",
    "height_in": "5",
    "weight_lb": "205",
    "team": "Free agent",
    "birth_place": "Gaffney, South Carolina, U.S.",
    "high_school": "Gaffney (Gaffney, South Carolina)",
    "college": "High Point (2004\u20132008)",
    "draft_year": "2008",
    "career_start": "2008",
    "highlights": [
        "PBA champion (2015 Governors')",
        "2\u00d7 PBA Best Import of the Conference (2011 Governors', 2014 Governors')",
        "German ProA MVP (2012)",
        "Lebanese League champion (2010)",
        "Arab Club champion (2010)",
        "2\u00d7 Big South Player of the Year (2007, 2008)"
    ],
    "teams": {
        "Geneva Devils": "2008\u20132009",
        "Korihait": "2009\u20132010",
        "Cairns Taipans": "2010",
        "Al-Riyadi Beirut": "2010",
        "Monthey": "2018\u20132019",
        "Rain or Shine Elasto Painters": "2014",
        "Mitteldeutscher BC": "2011\u20132012",
        "Fribourg Olympic": "2012\u20132013",
        "Cherkaski Mavpy": "2013",
        "Al-Nahda Al-Kohbar": "2013\u20132014",
        "Verviers-Pepinster": "2014\u20132015",
        "San Miguel Beermen": "2018",
        "Pilipinas MX3 Kings": "2015\u20132016",
        "Urartu": "2016",
        "ESSM Le Portel": "2016\u20132017",
        "Leuven Bears": "2017\u20132018",
        "Elitzur Eito Ashkelon": "2019\u20132020",
        "Bangkok Tigers": "2023"
    },
    "birth_date": "1986-3-11"
}