{
    "name": "Arlen Bockhorn",
    "height_ft": "6",
    "height_in": "4",
    "weight_lb": "200",
    "birth_place": "Campbell Hill, Illinois",
    "nationality": "American",
    "high_school": "Trico (Campbell Hill, Illinois)",
    "college": "Dayton (1955\u20131958)",
    "draft_year": "1958",
    "draft_round": "3",
    "draft_pick": "17",
    "draft_team": "Cincinnati Royals",
    "career_start": "1958",
    "career_end": "1965",
    "career_position": "Shooting guard",
    "career_number": "15, 11",
    "bbr": "bockhbu01",
    "teams": {
        "Cincinnati Royals": "1958\u20131964"
    },
    "stats": {
        "Points": "5,430 (11.5 ppg)",
        "Rebounds": "2,234 (4.7 rpg)",
        "Assists": "1,645 (3.5 apg)"
    },
    "birth_date": "1933-07-08"
}