{
    "name": "Armands \u0160\u0137\u0113le",
    "position": "Shooting guard",
    "height_ft": "6",
    "height_in": "3 + 1/2",
    "weight_lbs": "200",
    "birth_place": "Riga, Latvia",
    "nationality": "Latvian",
    "career_position": "Shooting guard",
    "career_number": "22",
    "career_start": "1999",
    "career_end": "2017",
    "highlights": [
        "3\u00d7 LBL champion (2008, 2016, 2017)",
        "3\u00d7 KML champion (2011\u20132013)",
        "FIBA EuroCup champion (2007\u20132008)",
        "PLK champion (2002\u20132003)",
        "LBL Finals MVP (2008)",
        "KML Finals MVP (2011)",
        "5\u00d7 LBL All-Star (2007\u20132009, 2016\u20132017)",
        "FIBA Europe League All Star (2004)",
        "FIBA EuroCup All Star (2008)"
    ],
    "teams": {
        "BK Broc\u0113ni": "1999\u20132001",
        "Anwil W\u0142oc\u0142awek": "2001\u20132004",
        "Li\u00e8ge Basket": "2004\u20132005",
        "Spirou Charleroi": "2005\u20132006",
        "Barons LMT": "2006\u20132009",
        "Basket Napoli": "2009",
        "BK Ventspils": "2010",
        "Ferro-ZNTU": "2011",
        "BC Kalev/Cramo": "2014\u20132015",
        "Gamateks Pamukkale \u00dcniversitesi": "2013\u20132014",
        "Barons/LDz": "2015",
        "Valmiera/ORDO": "2015\u20132016",
        "VEF R\u012bga": "2016\u20132017"
    },
    "birth_date": "1983-09-04"
}