{
    "name": "Armando Costa",
    "position": "Point guard",
    "height": "192",
    "weight": "91",
    "nationality": "Angolan / Portuguese",
    "birth_place": "Luanda, Angola",
    "career_start": "2002",
    "career_end": "2019",
    "pb": "|medaltemplates=  ANG AfroBasket Luanda 2007  Benghazi 2009 Abidjan 2013 Antananarivo 2011 Rad\u00e8s 2015 FIBA Africa Clubs Champions Cup Luanda 2007 Sousse 2008 Malabo 2012 Sousse 2013 Lagos 2006 Sal\u00e9 2011 Abidjan 2005 ",
    "teams": {
        "Queluz": "2002\u20132005",
        "1\u00ba de Agosto": "2005\u20132019"
    },
    "birth_date": "1983-6-3"
}