{
    "name": "Armon Gilliam",
    "birth_place": "Bethel Park, Pennsylvania, U.S.",
    "death_date": "2011",
    "death_place": "Bridgeville, Pennsylvania, U.S.",
    "height_ft": "6",
    "height_in": "9",
    "weight_lb": "230",
    "highschool": "Bethel Park (Bethel Park, Pennsylvania)",
    "college": [
        "Independence CC (1982\u20131983)",
        "UNLV (1984\u20131987)"
    ],
    "draft_year": "1987",
    "draft_round": "1",
    "draft_pick": "2",
    "draft_team": "Phoenix Suns",
    "career_start": "1987\u20132000, 2005",
    "career_end": "2006",
    "career_position": "Power forward",
    "career_number": "35, 45, 43, 10, 5",
    "coach_start": "2000",
    "coach_end": "2005",
    "highlights": [
        "NBA All-Rookie First Team (1987)",
        "ABA All-Star (2006)",
        "ABA All-Star Game MVP (2006)",
        "All-ABA Second Team (2006)",
        "Consensus second-team All-American (1987)",
        "PCAA Player of the Year (1987)",
        "First-team All-PCAA (1987)",
        "Second-team All-PCAA (1986)",
        "No. 35 retired by UNLV Runnin' Rebels"
    ],
    "teams": {
        "Phoenix Suns": "1987\u20131989",
        "Charlotte Hornets": "1989\u20131990",
        "Philadelphia 76ers": "1990\u20131992",
        "New Jersey Nets": "1993\u20131995",
        "Milwaukee Bucks": "1996\u20131998",
        "Utah Jazz": "1999",
        "Pittsburgh Xplosion": "2005\u20132006"
    },
    "cteams": {
        "Mt. Lebanon HS (assistant)": "2000\u20132001",
        "Penn State McKeesport": "2001\u20132002",
        "Penn State Altoona": "2002\u20132005"
    },
    "NBA": {
        "Points": "12,700 (13.7 ppg)",
        "Rebounds": "6,401 (6.9 rpg)",
        "Assists": "1,088 (1.2 apg)"
    },
    "birth_date": "1964-5-28",
    "medaltemplates": [
        "Sport: Men's basketball",
        "Country: {{United States}}",
        "Competition: FIBA World Championship",
        "Gold Medal: 1986 Spain National team Team competition"
    ]
}