{
    "name": "Armintie Herrington",
    "nationality": "American",
    "height_ft": "5",
    "height_in": "9",
    "weight_lbs": "133",
    "birth_place": "Milwaukee, Wisconsin, U.S.",
    "high_school": "Myrtle (Myrtle, Mississippi)",
    "college": "Ole Miss (2003\u20132007)",
    "draft_league": "WNBA",
    "draft_round": "1",
    "draft_pick": "3",
    "draft_year": "2007",
    "draft_team": "Chicago Sky",
    "career_start": "2007",
    "career_end": "2015",
    "career_number": "22",
    "career_position": "Shooting guard",
    "coach_start": "2009",
    "highlights": [
        "WNBA Rookie of the Year (2007)",
        "WNBA All-Rookie Team (2007)",
        "WNBA All-Defensive Second Team (2011)",
        "2\u00d7 SEC Defensive Player of the Year (2006, 2007)",
        "First-team All-SEC (2007)",
        "Third-team All-American \u2013 AP (2007)"
    ],
    "wnba_profile": "armintie_herrington",
    "bbr_wnba": "pricear01w",
    "letter": "p ",
    "teams": {
        "Chicago Sky": "2007\u20132009",
        "Atlanta Dream": "2009\u20132013",
        "Los Angeles Sparks": "2014",
        "Washington Mystics": "2015"
    },
    "cteams": {
        "Ole Miss (assistant)": "2009\u20132012,, 2018\u20132022"
    },
    "birth_date": "1985-4-3"
}