{
    "name": "Armond Hill",
    "birth_place": "Brooklyn, New York, U.S.",
    "height_ft": "6",
    "height_in": "4",
    "weight_lb": "190",
    "high_school": "Bishop Ford (Brooklyn, New York)",
    "college": "Princeton (1973\u20131976)",
    "draft_year": "1976",
    "draft_round": "1",
    "draft_pick": "9",
    "draft_team": "Atlanta Hawks",
    "career_start": "1976",
    "career_end": "1984",
    "career_position": "Point guard",
    "career_number": "24, 22",
    "coach_start": "1985",
    "highlights": [
        "Ivy League Player of the Year (1976) '''As coach:'''",
        "NBA champion (2008)"
    ],
    "bbr": "hillar01 ",
    "teams": {
        "Atlanta Hawks": "1983",
        "Seattle SuperSonics": "1980\u20131981",
        "San Diego Clippers": "1981",
        "Milwaukee Bucks": "1982"
    },
    "cteams": {
        "Lawrenceville School (assistant)": "1985\u20131988",
        "Lawrenceville School": "1988\u20131991",
        "Princeton (assistant)": "1991\u20131995",
        "Columbia": "1995\u20132003",
        "Atlanta Hawks (assistant)": "2003",
        "Boston Celtics (assistant)": "2004\u20132012",
        "Los Angeles Clippers (assistant)": "2013\u20132019"
    },
    "NBA": {
        "Points": "3,214 (6.9 ppg)",
        "Rebounds": "917 (2.0 rpg)",
        "Assists": "2,194 (4.7 apg)"
    },
    "birth_date": "1953-03-31"
}