{
    "name": "Arnar Freyr J\u00f3nsson",
    "birth_place": "Reykjav\u00edk",
    "height_cm": "184",
    "weight_kg": "75",
    "nationality": "Icelandic",
    "career_start": "2000",
    "career_end": "2019",
    "career_number": "5, 9",
    "career_position": "Point guard",
    "teams": {
        "Keflav\u00edk": "2013\u20132015",
        "Grindav\u00edk": "2008\u20132010",
        "Aabyh\u00f8j IF Basketball": "2010\u20132011",
        "BC Aarhus": "2012\u20132013"
    },
    "birth_date": "1983-5-25",
    "medaltemplates": [
        "Competition: Games of the Small States of Europe",
        "Silver Medal: 2005 Andorra Team Team competition"
    ]
}