{
    "name": "Arnie Johnson",
    "birth_place": "Gonvick, Minnesota",
    "death_date": "2000",
    "death_place": "Rochester, New York",
    "nationality": "American",
    "height_ft": "6",
    "height_in": "5",
    "weight_lb": "236",
    "high_school": "Gonvick (Gonvick, Minnesota)",
    "college": "Bemidji State (1938\u20131942)",
    "career_start": "1946",
    "career_end": "1953",
    "career_position": "Small forward",
    "career_number": "17, 12",
    "highlights": [
        "NBA champion (1951)"
    ],
    "bbr": "johnsar01 ",
    "teams": {
        "Rochester Royals": "1946\u20131952"
    },
    "stats": {
        "Points": "2,888",
        "Rebounds": "1,272",
        "Assists": "731"
    },
    "birth_date": "1920-05-16"
}