{
    "name": "Arnie Ferrin",
    "birth_place": "Salt Lake City, Utah, U.S.",
    "death_date": "2022",
    "height_ft": "6",
    "height_in": "2",
    "weight_lb": "180",
    "high_school": "Ogden (Ogden, Utah)",
    "college": "Utah (1943\u20131948)",
    "draft_year": "1948",
    "draft_league": "BAA",
    "draft_round": "2",
    "draft_pick": "59",
    "draft_team": "Minneapolis Lakers",
    "career_start": "1948",
    "career_end": "1951",
    "career_position": "Small forward / shooting guard",
    "career_number": "18",
    "highlights": [
        "2\u00d7 NBA champion (1949, 1950)",
        "NCAA champion (1944)",
        "NCAA Final Four MOP (1944)",
        "Consensus first-team All-American (1945)",
        "3\u00d7 Consensus second-team All-American (1944, 1947, 1948)",
        "No. 22 retired by Utah Utes"
    ],
    "CBBASKHOF_year": "2008",
    "teams": {
        "Minneapolis Lakers": "1948\u20131950"
    },
    "BAA and NBA": {
        "Points": "1,037 (5.8 ppg)",
        "Rebounds": "271 (4.0 rpg)",
        "Assists": "202 (1.6 apg) "
    },
    "birth_date": "1925-07-29"
}