{
    "name": "Arnie Risen",
    "height_ft": "6",
    "height_in": "9",
    "weight_lb": "200",
    "birth_place": "Williamstown, Kentucky, U.S.",
    "death_date": "2012",
    "death_place": "Beachwood, Ohio, U.S.",
    "high_school": "Williamstown (Williamstown, Kentucky)",
    "college": [
        "Eastern Kentucky (1942\u20131943)",
        "Ohio State (1943\u20131945)"
    ],
    "career_start": "1945",
    "career_end": "1958",
    "career_position": "Center",
    "career_number": "14, 19",
    "highlights": [
        "2\u00d7 NBA champion (1951, 1957)",
        "4\u00d7 NBA All-Star (1952\u20131955)",
        "All-BAA Second Team (1949)",
        "All-NBL Second Team (1947)",
        "Second-team All-American \u2013 Helms, Converse (1945)"
    ],
    "bbr": "risenar01",
    "HOF_player": "arnie-risen",
    "CBBASKHOF_year": "2006 ",
    "teams": {
        "Indianapolis Kautskys": "1945\u20131948",
        "Rochester Royals": "1948\u20131955",
        "Boston Celtics": "1955\u20131958"
    },
    "NBA": {
        "Points": "7,633",
        "Rebounds": "5,011",
        "Assists": "1,058"
    },
    "birth_date": "1924-10-09"
}