{
    "name": "Arron Afflalo",
    "position": "Shooting guard / small forward",
    "height_ft": "6",
    "height_in": "5",
    "weight_lb": "210",
    "nationality": "American",
    "birth_place": "Los Angeles, California, U.S.",
    "high_school": "Centennial (Compton, California)",
    "college": "UCLA (2004\u20132007)",
    "draft_year": "2007",
    "draft_round": "1",
    "draft_pick": "27",
    "draft_team": "Detroit Pistons",
    "career_start": "2007",
    "career_end": "2018",
    "career_number": "28, 6, 4, 10, 40",
    "highlights": [
        "Consensus first-team All-American (2007)",
        "Pac-10 Player of the Year (2007)",
        "2\u00d7 First-team All-Pac-10 (2006, 2007)",
        "McDonald's All-American (2004)",
        "Third-team ''Parade'' All-American (2004)"
    ],
    "bbr": "afflaar01",
    "teams": {
        "Detroit Pistons": "2007\u20132008",
        "Denver Nuggets": "2014",
        "Orlando Magic": "2017",
        "Portland Trail Blazers": "2014",
        "New York Knicks": "2015",
        "Sacramento Kings": "2016"
    },
    "stats": {
        "Points": "8,198 (10.8 ppg)",
        "Rebounds": "2,176 (2.9 rpg)",
        "Assists": "1,386 (1.8 apg) "
    },
    "birth_date": "1985-10-15"
}