{
    "name": "Art\u016bras Jomantas",
    "position": "Power forward",
    "height_ft": "6",
    "height_in": "6.75",
    "weight_lbs": "234",
    "league": "Lithuanian Basketball League",
    "nationality": "Lithuanian",
    "birth_place": "Ma\u017eeikiai, Lithuanian SSR, Soviet Union",
    "career_start": "2001",
    "career_end": "2023",
    "awards": [
        "FIBA EuroCup All-Star (2006)",
        "2\u00d7 LKL champion (2009, 2010)",
        "EuroCup champion (2009)",
        "LKL Defensive Player of the Year (2016)"
    ],
    "teams": {
        "Ma\u017eeikiai Nafta": "2001\u20132004",
        "\u0160iauliai": "2015\u20132016",
        "Lietuvos rytas": "2016\u20132018",
        "Pieno \u017evaig\u017ed\u0117s": "2013\u20132014",
        "Dz\u016bkija": "2018\u20132022"
    },
    "birth_date": "1985-5-4",
    "medaltemplates": [
        "Sport: Men's Basketball",
        "Country: {{LTU}}",
        "Competition: FIBA Under-21 World Championship",
        "Gold Medal: 2005 Argentina National Team ",
        "Competition: FIBA Europe Under-20 Championship",
        "Silver Medal: 2005 Russia National Team ",
        "Competition: FIBA European U-20 Championship",
        "Bronze Medal: 2004 Czech Republic National Team ",
        "Competition: FIBA Under-19 World Championship",
        "Silver Medal: 2003 Greece National Team "
    ]
}