{
    "name": "Art\u016bras Karni\u0161ovas",
    "team": "Chicago Bulls",
    "position": "Executive vice president of basketball operations",
    "league": "NBA",
    "birth_place": "Klaip\u0117da, Lithuanian SSR, Soviet Union",
    "nationality": "Lithuanian",
    "height_m": "2.04",
    "weight_kg": "103",
    "college": "Seton Hall (1990\u20131994)",
    "draft_year": "1994",
    "career_start": "1987",
    "career_end": "2002",
    "career_position": "Small forward",
    "highlights": [
        "EuroLeague Finals Top Scorer (1996)",
        "FIBA European Selection (1995)",
        "3\u00d7 FIBA EuroStar (1997\u20131999)",
        "FIBA EuroStars MVP (1997)",
        "FIBA EuroStars Top Scorer (1999)",
        "3\u00d7 Spanish League champion (1996, 1997, 2001)",
        "Spanish King's Cup winner (2001)",
        "3\u00d7 Spanish League All-Star (1996, 2001 I, 2001 II)",
        "Italian League champion (2000)",
        "Italian Supercup winner (1998)",
        "Greek League All-Star (1997)",
        "Haggerty Award (1994)"
    ],
    "teams": {
        "Statyba Vilnius": "1987\u20131990",
        "Cholet": "1994\u20131995",
        "FC BarcelonaTeam was known as ''FC Barcelona Banca Catalana'' (1994\u20131997) for sponsorship reasons.": "1995\u20131997",
        "Olympiacos Piraeus": "1997\u20131998",
        "Fortitudo BolognaTeam was known as ''Teamsystem Bologna'' (1995\u20131999) and ''Paf Wennington Bologna'' (1999\u20132001) for sponsorship reasons.": "1998\u20132000",
        "FC Barcelona": "2000\u20132002"
    },
    "birth_date": "1971-4-27",
    "medaltemplates": [
        "Sport: Men's Basketball",
        "Country: {{LTU}}",
        "Competition: Olympic Games",
        "Bronze Medal: 1992 Barcelona National team Team competition",
        "Bronze Medal: 1996 Atlanta National team Team competition",
        "Competition: EuroBasket",
        "Silver Medal: 1995 Greece National team Team competition"
    ]
}