{
    "name": "Art Becker",
    "height_ft": "6",
    "height_in": "7",
    "weight_lb": "205",
    "birth_place": "Akron, Ohio, U.S.",
    "high_school": "Camelback (Phoenix, Arizona)",
    "college": "Arizona State (1961\u20131964)",
    "draft_year": "1964",
    "draft_round": "3",
    "draft_pick": "22",
    "draft_team": "St. Louis Hawks",
    "career_start": "1967",
    "career_end": "1973",
    "career_position": "Forward",
    "career_number": "34, 43, 14",
    "highlights": [
        "ABA champion (1970)",
        "2\u00d7 ABA All-Star (1968, 1972)",
        "First-team All-WAC (1963)",
        "Second-team All-WAC (1964)"
    ],
    "bbr": "beckear01",
    "teams": {
        "Houston Mavericks": "1967\u20131968",
        "Indiana Pacers": "1969\u20131970",
        "Denver Rockets": "1970\u20131971",
        "New York Nets": "1972",
        "Dallas Chaparrals": "1972"
    },
    "ABA": {
        "Points": "5,160 (12.5 ppg)",
        "Rebounds": "2,604 (6.3 rpg)",
        "Assists": "410 (1.0)"
    },
    "birth_date": "1942-01-12"
}