{
    "name": "Art Heyman",
    "height_ft": "6",
    "height_in": "5",
    "weight_lb": "205",
    "birth_place": "New York City, New York, U.S.",
    "death_date": "2012",
    "death_place": "Clermont, Florida, U.S.",
    "nationality": "American",
    "high_school": "Oceanside (Oceanside, New York)",
    "college": "Duke (1960\u20131963)",
    "draft_year": "1963",
    "draft_round": "1",
    "draft_pick": "1",
    "draft_team": "New York Knicks",
    "career_start": "1963",
    "career_end": "1970",
    "career_number": "4, 21, 35, 40, 12, 32",
    "career_position": "Small forward / shooting guard",
    "highlights": [
        "ABA champion (1968)",
        "NBA All-Rookie First Team (1963)",
        "NCAA Final Four MOP (1963)",
        "USBWA Player of the Year (1963)",
        "AP Player of the Year (1963)",
        "UPI Player of the Year (1963)",
        "''Sporting News'' Player of the Year (1963)",
        "Helms Foundation College Player of the Year (1963)",
        "Consensus first-team All-American (1963)",
        "Consensus second-team All-American (1962)",
        "Third-team All-American \u2013 AP, UPI (1961)",
        "ACC Player of the Year (1963)",
        "ACC Athlete of the Year (1963)",
        "3\u00d7 First-team All-ACC (1961\u20131963)",
        "No. 25 retired by Duke Blue Devils",
        "First-team ''Parade'' All-American (1959)"
    ],
    "bbr": "heymaar01",
    "teams": {
        "New York Knicks": "1963\u20131964",
        "Cincinnati Royals": "1965",
        "Philadelphia 76ers": "1965",
        "Wilmington Blue Bombers": "1966",
        "Hartford Capitols": "1966\u20131967",
        "New Jersey Americans": "1967",
        "Pittsburgh / Minnesota Pipers": "1967\u20131969",
        "Miami Floridians": "1969\u20131970"
    },
    "NBA and ABA": {
        "Points": "4,030 (13.0 ppg)",
        "Rebounds": "1,461 (4.7 rpg)",
        "Assists": "859 (2.8 apg)"
    },
    "birth_date": "1941-06-24",
    "medaltemplates": [
        "Sport: Men's basketball",
        "Country: the {{USA}}",
        "Competition: Maccabiah Games",
        "Gold Medal: 1961 Israel Men's basketball "
    ]
}