{
    "name": "Art Burris",
    "birth_place": "Nashville, Tennessee",
    "death_date": "1993",
    "nationality": "American",
    "height_ft": "6",
    "height_in": "5",
    "weight_lb": "220",
    "college": "Tennessee (1947\u20131950)",
    "draft_year": "1950",
    "draft_round": "3",
    "draft_pick": "31",
    "draft_team": "Fort Wayne Pistons",
    "career_start": "1950",
    "career_end": "1952",
    "career_position": "Small forward",
    "career_number": "12, 15",
    "teams": {
        "Fort Wayne Pistons": "1950\u20131951",
        "Milwaukee Hawks": "1952"
    },
    "NBA": {
        "Points": "187 (2.5 ppg)",
        "Rebounds": "205 (2.8 rpg)",
        "Assists": "54 (0.7 apg) "
    },
    "birth_date": "1924-04-07"
}