{
    "name": "Art Long",
    "height_ft": "6",
    "height_in": "9",
    "weight_lb": "250",
    "birth_place": "Rochester, New York",
    "nationality": "American",
    "high_school": "East (Rochester, New York)",
    "college": [
        "Dodge City CC (1992\u20131993)",
        "Southeastern CC (1993\u20131994)",
        "Cincinnati (1994\u20131996)"
    ],
    "draft_year": "1996",
    "career_start": "1996",
    "career_end": "2010",
    "career_number": "00, 35, 42",
    "career_position": "Power forward",
    "highlights": [
        "Ukrainian League champion (2006)",
        "Ukrainian Cup champion (2006)",
        "French Cup champion (2001)",
        "CBA blocks leader (2000)"
    ],
    "bbr": "longar01 ",
    "teams": {
        "\u00c9lan B\u00e9arnais Pau-Orthez": "1996\u20131997",
        "Jacksonville Barracudas": "1997\u20131998",
        "Quilmes de Mar del Plata": "1998\u20131998",
        "Idaho Stampede": "1998\u20131999",
        "Yakama Sun Kings": "1999\u20132000",
        "Trotamundos de Carabobo": "2000",
        "ASVEL Villeurbanne": "2000\u20132001",
        "Sacramento Kings": "2000",
        "Brujos de Guayama": "2001",
        "Seattle SuperSonics": "2001",
        "Philadelphia 76ers": "2002",
        "Toronto Raptors": "2002",
        "Hunstville Flight": "2003",
        "Ilisiakos Athens": "2003\u20132004",
        "San Miguel Beermen": "2004",
        "Mariupol Azovmash": "2005\u20132006",
        "Banvitspor": "2006\u20132007",
        "Mahram": "2007\u20132008",
        "Petrochimi": "2008",
        "Indios": "2009\u20132010",
        "Uni\u00f3n Al\u00e9tica": "2009\u20132010"
    },
    "birth_date": "1972-10-01"
}