{
    "name": "Art Collins",
    "position": "Shooting guard",
    "height_ft": "6",
    "height_in": "4",
    "weight_lb": "185",
    "number": "44",
    "birth_place": "Sandersville, Georgia",
    "nationality": "American",
    "high_school": "Miami Jackson (Miami, Florida)",
    "college": "St. Thomas (1972\u20131976)",
    "draft_year": "1976",
    "draft_round": "6",
    "draft_pick": "17",
    "draft_team": "Boston Celtics",
    "career_start": "1976",
    "career_end": "1981",
    "highlights": [
        "Eredivisie MVP (1978)",
        "2\u00d7 First-team All-Eredivisie (1978, 1979)"
    ],
    "bbr": "colliar01 ",
    "teams": {
        "Flamingo's Haarlem": "1976\u20131977",
        "Parker Leiden": "1977\u20131979",
        "Atlanta Hawks": "1980"
    },
    "birth_date": "1954-04-14"
}