{
    "name": "Art Harris",
    "number": "12, 23",
    "position": "Guard",
    "height_ft": "6",
    "height_in": "4",
    "weight_lb": "185",
    "death_date": "2007",
    "death_place": "San Francisco, California",
    "nationality": "American",
    "high_school": "Jordan (Los Angeles, California)",
    "college": "Stanford (1965\u20131968)",
    "draft_year": "1968",
    "draft_round": "2",
    "draft_pick": "16",
    "draft_team": "Seattle SuperSonics",
    "career_start": "1968",
    "career_end": "1975",
    "highlights": [
        "NBA All-Rookie First Team (1968)",
        "First-team All-AAWU (1966)",
        "Second-team All-AAWU (1968)"
    ],
    "bbr": "harriar01 ",
    "teams": {
        "Seattle SuperSonics": "1968\u20131969",
        "Phoenix Suns": "1969\u20131971",
        "Belgium Lions": "1975"
    },
    "NBA": {
        "Points": "2,171 (9.1 ppg)",
        "Rebounds": "575 (2.4 rpg)",
        "Assists": "639 (2.7 apg)"
    },
    "birth_date": "1947-01-13"
}