{
    "name": "Art Hillhouse",
    "position": "Center",
    "height_ft": "6",
    "height_in": "7",
    "weight_lb": "220",
    "number": "18",
    "birth_place": "Rutherford, New Jersey",
    "death_date": "mf=yes",
    "nationality": "American",
    "high_school": "Rutherford, (Rutherford, New Jersey)",
    "college": "LIU Brooklyn (1934\u20131939)",
    "career_start": "1943",
    "career_end": "1949",
    "highlights": [
        "BAA champion (1947)",
        "Second-team All-American \u2013 MSG (1939)"
    ],
    "teams": {
        "Philadelphia Sphas": "1943\u20131946",
        "Philadelphia Warriors": "1946\u20131948",
        "Wilkes-Barre Barons": "1948",
        "Lancaster Red Roses": "1948\u20131949"
    },
    "birth_date": "1916-06-12"
}