{
    "name": "Art\u00ebm Zabelin",
    "position": "Power forward / center",
    "height_ft": "7",
    "height_in": "0.75",
    "weight_lbs": "240",
    "league": "VTB United League",
    "team": "UNICS",
    "number": "35",
    "nationality": "Russian",
    "birth_place": "Khabarovsk, Soviet Union",
    "draft_year": "2010",
    "career_start": "2003",
    "awards": [
        "EuroLeague champion (2008)"
    ],
    "teams": {
        "Avtodor Saratov": "2015\u20132019",
        "Khimik Engles": "2004\u20132005",
        "CSKA Moscow": "2007\u20132011",
        "Lokomotiv Kuban": "2011\u20132012",
        "Spartak Primorye": "2012\u20132013",
        "Krasnye Krylia": "2013\u20132015",
        "Parma": "2021\u20132022",
        "Temp-SUMZ-UGMK Revda": "2020\u20132021",
        "UNICS": "2022\u2013present"
    },
    "birth_date": "1988-1-15"
}