{
    "name": "Arthur Trousdell",
    "position": "Power forward / center",
    "height_cm": "203",
    "weight_kg": "100",
    "nationality": "New Zealand / British",
    "birth_place": "Hawke's Bay, New Zealand",
    "high_school": "Hasting Boys', (Hastings, New Zealand)",
    "college": [
        "Southwest Baptist (2002\u20132004)",
        "Cameron (2004\u20132006)"
    ],
    "draft_year": "2006",
    "career_start": "1998",
    "highlights": [
        "Big V D1 champion (2019)",
        "NBL champion (2006)",
        "NBL Rookie of the Year (2000)",
        "Second-team All-LSC North Division (2006)"
    ],
    "teams": {
        "Hawke's Bay Hawks": "2021",
        "Canterbury Rams": "2000",
        "BC Boncourt": "2006",
        "CB Villa de Los Barrios": "2006",
        "Wellington Saints": "2017",
        "Southland Sharks": "2010",
        "Manawatu Jets": "2014",
        "Sunbury Jets": "2018\u20132019"
    },
    "birth_date": "1981-4-21"
}