{
    "name": "Arthur Agee",
    "birth_place": "Chicago, Illinois, U.S.",
    "height_ft": "6",
    "height_in": "2",
    "high_school": "Marshall (Chicago, Illinois)",
    "college": [
        "Mineral Area (1991\u20131993)",
        "Arkansas State (1993\u20131995)"
    ],
    "draft_year": "1995",
    "career_start": "1995",
    "career_end": "1996",
    "career_position": "Guard",
    "teams": {
        "Winnipeg Cyclone": "1995\u20131996"
    },
    "birth_date": "1972-10-22"
}