{
    "name": "Arthur Lee",
    "position": "Point guard",
    "height_ft": "6",
    "height_in": "1.25",
    "weight_lbs": "180",
    "birth_place": "Los Angeles, California, U.S.",
    "nationality": "American",
    "high_school": "North Hollywood, (Los Angeles, California)",
    "college": "Stanford (1995\u20131999)",
    "draft_year": "1999",
    "career_start": "1999",
    "career_end": "2012",
    "highlights": [
        "All-EuroCup Second Team (2010)",
        "First-team All-Pac-10 (1999)"
    ],
    "teams": {
        "Kombassan Konya": "1999\u20132000",
        "Cibona Zagreb": "2000\u20132001",
        "Basket Rimini Crabs": "2001\u20132002",
        "Ironi Nahariya": "2004",
        "Dinamo Sassari": "2003\u20132004",
        "\u00c9lan Chalon": "2005\u20132006",
        "AEL Larissa": "2006\u20132007",
        "\u010cEZ Nymburk": "2007\u20132010",
        "APOEL Nicosia": "2010\u20132011",
        "Bejjeh SC": "2011\u20132012",
        "Tur\u00f3w Zgorzelec": "2012"
    },
    "birth_date": "1977-5-27"
}