{
    "name": "Artis Gilmore",
    "birth_place": "Chipley, Florida, U.S.",
    "height_ft": "7",
    "height_in": "2",
    "weight_lb": "240",
    "high_school": [
        "T. J. Roulhac (Chipley, Florida)",
        "Carver (Dothan, Alabama)"
    ],
    "college": [
        "Gardner\u2013Webb (1967\u20131969)",
        "Jacksonville (1969\u20131971)"
    ],
    "draft_year": "1971",
    "draft_round": "7",
    "draft_pick": "117",
    "draft_team": "Chicago Bulls",
    "career_start": "1971",
    "career_end": "1989",
    "career_position": "Center",
    "career_number": "53",
    "highlights": [
        "ABA champion (1975)",
        "ABA Playoffs Most Valuable Player (1975)",
        "ABA Most Valuable Player (1971)",
        "6\u00d7 NBA All-Star (1978, 1979, 1981\u20131983, 1986)",
        "5\u00d7 ABA All-Star (1972\u20131976)",
        "ABA All-Star Game MVP (1974)",
        "5\u00d7 All-ABA First Team (1971\u20131975)",
        "4\u00d7 ABA All-Defensive First Team (1973\u20131976)",
        "NBA All-Defensive Second Team (1977)",
        "ABA Rookie of the Year (1972)",
        "ABA All-Rookie First Team (1972)",
        "4\u00d7 ABA rebounding champion (1971\u20131973, 1975)",
        "ABA All-Time Team",
        "Chicago Bulls Ring of Honor",
        "Consensus first-team All-American (1971)",
        "Second-team All-American \u2013 AP, NABC, UPI (1970)",
        "2\u00d7 NCAA rebounding leader (1970, 1971)",
        "No. 53 retired by Jacksonville Dolphins",
        "Third-team ''Parade'' All-American (1967)"
    ],
    "HOF_player": "artis-gilmore ",
    "teams": {
        "Kentucky Colonels": "1971\u20131976",
        "Chicago Bulls": "1987",
        "San Antonio Spurs": "1982\u20131986",
        "Boston Celtics": "1987",
        "Arimo Bologna": "1988\u20131989"
    },
    "ABA and NBA": {
        "Points": "24,941 (18.8 ppg)",
        "Rebounds": "16,330 (12.3 rpg)",
        "Blocks": "3,178 (2.4 bpg)"
    },
    "birth_date": "1949-09-21"
}