{
    "name": "Arvydas Sabonis",
    "height_ft": "7",
    "height_in": "3",
    "weight_lb": "292",
    "birth_place": "Kaunas, Lithuanian SSR, Soviet Union",
    "draft_year": "1986",
    "draft_round": "1",
    "draft_pick": "24",
    "draft_team": "Portland Trail Blazers",
    "career_start": "1981",
    "career_end": "2004",
    "career_position": "Center",
    "career_number": "11",
    "highlights": [
        "FIBA Club World Cup champion (1986)",
        "FIBA European League champion (1995)",
        "3\u00d7 USSR League champion (1985\u20131987)",
        "2\u00d7 ACB League champion (1993, 1994)",
        "LKL champion (2004)",
        "Spanish Cup winner (1993)",
        "FIBA's 50 Greatest Players (1991)",
        "50 Greatest EuroLeague Contributors (2008)",
        "6\u00d7 Euroscar Player of the Year (1984, 1985, 1988, 1995, 1997, 1999)",
        "2\u00d7 Mr. Europa Player of the Year (1985, 1997)",
        "4\u00d7 Lithuanian Sportsman of the Year (1984\u20131986, 1996)",
        "EuroBasket MVP (1985)",
        "FIBA European League Final Four MVP (1995)",
        "EuroLeague Regular Season MVP (2004)",
        "EuroLeague Top 16 MVP (2004)",
        "All-EuroLeague First Team (2004)",
        "2\u00d7 Spanish League Finals MVP (1993, 1994)",
        "2\u00d7 Spanish League MVP (1994, 1995)",
        "2\u00d7 Spanish All-Star Game MVP (1991, 1992)",
        "2\u00d7 EuroLeague Finals Top Scorer (1986, 1995)",
        "NBA All-Rookie First Team (1995)",
        "No. 11 retired by \u017dalgiris Kaunas",
        "FIBA European League Rebounding Leader (1993)",
        "EuroLeague Rebounding Leader (2004)",
        "EuroLeague Blocking Leader (2004)",
        "EuroLeague PIR Leader (2004)"
    ],
    "HOF_player": "arvydas-sabonis",
    "FIBA_HOF_player": "Arvydas-Sabonis",
    "teams": {
        "\u017dalgiris": "2003\u20132004",
        "F\u00f3rum Valladolid": "1989\u20131992",
        "Real Madrid": "1992\u20131995",
        "Portland Trail Blazers": "2002"
    },
    "NBA": {
        "Points": "5,629 (12.0 ppg)",
        "Rebounds": "3,436 (7.3 rpg)",
        "Assists": "964 (2.1 apg)"
    },
    "birth_date": "1964-12-19",
    "medaltemplates": [
        "Sport: Men's basketball",
        "Competition: Olympic Games",
        "Country: {{URS}}",
        "Gold Medal: 1988 Seoul Team",
        "Country: {{LTU}}",
        "Bronze Medal: 1992 Barcelona Team",
        "Bronze Medal: 1996 Atlanta Team",
        "Competition: World Cup",
        "Country: {{URS}}",
        "Gold Medal: Colombia 1982 ",
        "Silver Medal: Spain 1986 ",
        "Competition: EuroBasket",
        "Country: {{URS}}",
        "Bronze Medal: 1983 France ",
        "Gold Medal: 1985 West Germany ",
        "Bronze Medal: 1989 Yugoslavia ",
        "Country: {{LTU}}",
        "Silver Medal: 1995 Greece ",
        "Competition: European Championship for Cadets",
        "Country: {{URS}}",
        "Gold Medal: 1981 Greece Under-18"
    ]
}