{
    "name": "Arwind Santos",
    "position": "Power forward / small forward",
    "team": "Free agent",
    "nationality": "Filipino",
    "birth_place": "Angeles City, Philippines",
    "height_ft": "6",
    "height_in": "4",
    "weight_lbs": "175",
    "high school": "Lubao Institute",
    "college": "Far Eastern University",
    "draft_year_pba": "2006",
    "draft_round_pba": "1",
    "draft_pick_pba": "2",
    "draft_team_pba": "Air21 Express",
    "career_start": "2006",
    "coach_start": "2017",
    "highlights": [
        "9\u00d7 PBA champion (2011 Governors', 2014\u201315 Philippine, 2015 Governors', 2015\u201316 Philippine, 2016\u201317 Philippine, 2017 Commissioner's, 2017\u201318 Philippine, 2019 Philippine, 2019 Commissioner's)",
        "2\u00d7 PBA Finals MVP (2011 Governors', 2014\u201315 Philippine)",
        "PBA Most Valuable Player (2012)",
        "2\u00d7 PBA Best Player of the Conference (2011 Governors', 2013 Governors')",
        "12\u00d7 PBA All-Star (2008\u20132015, 2017\u20132019, 2023)",
        "2\u00d7 PBA All-Star Game MVP (2013, 2019)",
        "10\u00d7 PBA Mythical First Team (2007\u20132012, 2014\u20132016, 2021)",
        "2\u00d7 PBA Mythical Second Team (2006, 2017)",
        "3x PBA Defensive Player of the Year (2007, 2010, 2021)",
        "8\u00d7 PBA All-Defensive Team (2006\u20132012, 2021)",
        "PBA All-Rookie Team (2006)",
        "PBA Order of Merit (2008)",
        "PBA Blitz Game MVP (2007)",
        "PBA 40 Greatest Players",
        "PBA 10,000 Point Club",
        "MPBL champion (2023)",
        "2x PBL champion (2004 Unity, 2005-06 Heroes)",
        "PBL Most Valuable Player (2004 Unity)",
        "4x PBL Mythical First Team (2004 Unity, 2004-05 Open Championship, 2005 Unity, 2005-06 Heroes)",
        "PBL Mythical Second Team (2006 Unity)",
        "CLRAA champion",
        "3\u00d7 UAAP champion (2003\u20132005)",
        "2\u00d7 UAAP Most Valuable Player (2004, 2005)",
        "2\u00d7 UAAP Finals Most Valuable Player (2003, 2005)",
        "3\u00d7 UAAP Mythical First Team (2003\u20132005)",
        "2\u00d7 UAAP Defensive Player of the Year (2004, 2005)",
        "UAAP Rookie of the Year (2002)",
        "No. 19 retired by the FEU Tamaraws"
    ],
    "teams": {
        "Air21 Express / Burger King Titans/Whoopers": "2006\u20132009",
        "Petron Blaze Boosters / San Miguel Beermen": "2009\u20132021",
        "NorthPort Batang Pier": "2021\u20132023",
        "Pampanga Giant Lanterns": "2023"
    },
    "cteams": {
        "Far Eastern University (assistant)": "2017"
    },
    "birth_date": "1981-6-10"
}