{
    "Sloboda Dita]] |years2": "1993\u20131994 |team2        = Galatasaray |years3       = 1994\u20131996 |team3        = KK Zagreb |years4       = 1996 |team4        = Tuborg Pilsener S.K.",
    "Tuborg]] |years5": "1996\u20131998  |team5        = \u00dclkerspor  |years6       = 1998\u20132000 |team6        = Tofa\u015f  |years7       = 2000\u20132001 |team7        = Fenerbah\u00e7e  |years8       = 2001\u20132002 |team8        = \u00dclkerspor |years9       = 2002\u20132003 |team9        = Efes Pilsen  |years10      = 2003 |team10       = MBC Dynamo Moscow",
    "Dynamo Moscow]] |years11": "2003\u20132006 |team11       = Tuborg Pilsener S.K.",
    "Tuborg]]  |years12": "2006\u20132007 |team12       = PBC Lokomotiv Kuban",
    "Lokomotiv Rostov]]  |years13": "2007\u20132008 |team13       = P\u0131nar Kar\u015f\u0131yaka  |years14      = 2008\u20132009 |team14       = T\u00fcrk Telekom  |years15      = 2009\u20132012 |team15       = Mersin B\u00fcy\u00fck\u015fehir Belediyesi",
    "Mersin BB]] |years16": "2012\u20132013 |team16       = Erdemirspor |highlights   =",
    "medaltemplates": [
        "Country: {{TUR}}",
        "Competition: FIBA European Championship",
        "Silver Medal: 2001 Turkey National team "
    ]
}