{
    "name": "Ashley Battle",
    "team": "Free agent",
    "position": "Forward",
    "height_ft": "6",
    "height_in": "0",
    "weight_lbs": "170",
    "nationality": "American",
    "high_school": "Linsly School, (Wheeling, West Virginia)",
    "college": "UConn (2000\u20132005)",
    "draft_league": "WNBA",
    "draft_year": "2005",
    "draft_round": "2",
    "draft_pick": "25",
    "draft_team": "Seattle Storm",
    "teams": {
        "Seattle Storm": "2005",
        "New York Liberty": "2006\u20132009",
        "San Antonio Silver Stars": "2010"
    },
    "birth_date": "1982-5-31",
    "medaltemplates": [
        "Sport: Women\u2019s Basketball",
        "Competition: U18 and U19",
        "Gold Medal: 2000 U18 Argentina Team Competition Under-18"
    ]
}