{
    "name": "Ashley McElhiney",
    "birth_place": "Martin, Tennessee, U.S.",
    "height_ft": "5",
    "height_in": "6",
    "high_school": "Gleason (Gleason, Tennessee)",
    "college": "Vanderbilt (1999\u20132003)",
    "draft_year": "2003",
    "draft_league": "WNBA",
    "draft_round": "3",
    "draft_pick": "35",
    "draft_team": "Indiana Fever",
    "career_position": "Guard",
    "cteams": {
        "Nashville Rhythm": "2004\u20132005"
    },
    "birth_date": "1981-7-16",
    "medaltemplates": [
        "Sport: Women's basketball",
        "Country: the {{USA}}",
        "Competition: World University Games",
        "Gold Medal: 2001 Beijing Team Competition "
    ]
}