{
    "name": "Ashraf Amaya",
    "height_ft": "6",
    "height_in": "8",
    "weight_lb": "230",
    "birth_place": "Chicago, Illinois, U.S.",
    "high_school": "Walther Lutheran, (Melrose Park, Illinois)",
    "college": "Southern Illinois (1989\u20131993)",
    "draft_year": "1993",
    "career_start": "1993",
    "career_end": "2004",
    "career_number": "18, 50",
    "career_position": "Power forward",
    "highlights": [
        "FIBA Saporta Cup champion (2001)",
        "2\u00d7 Greek League All-Star (1999, 2001)",
        "CBA champion (2004)",
        "MVC Player of the Year (1992)"
    ],
    "teams": {
        "Kolejliler": "1993",
        "Quad City Thunder": "1993\u20131994",
        "Fort Wayne Fury": "1994",
        "Ampelokipoi": "1994\u20131995",
        "Vancouver Grizzlies": "1995",
        "Washington Bullets": "1996",
        "Idaho Stampede": "1997\u20131998",
        "Ducato Siena": "1998\u20131999",
        "Maroussi": "1999\u20132002",
        "\u00dclkerspor": "2003\u20132004",
        "Dakota Wizards": "2004",
        "Tenerife": "2004"
    },
    "birth_date": "1971-11-23",
    "medaltemplates": [
        "Country: {{United States}}",
        "Competition: FIBA World Cup",
        "Bronze Medal: 1998 Greece National team Under-18"
    ]
}