{
    "name": "Asi Taulava",
    "nationality": "Filipino / Tongan",
    "birth_place": "Nuku\u02bbalofa, Tonga",
    "height_ft": "6",
    "height_in": "9",
    "weight_lbs": "245",
    "college": "BYU\u2013Hawaii",
    "draft_year_pba": "1998",
    "draft_pba": "Direct Hire",
    "draft_team_pba": "Mobiline Phone Pals",
    "career_start": "1997",
    "career_end": "2023",
    "career_position": "Center",
    "highlights": [
        "PBA champion (2003 All-Filipino)",
        "PBA Finals MVP (2003 All-Filipino)",
        "PBA Most Valuable Player (2003)",
        "17\u00d7 PBA All-Star (1999, 2001, 2003\u20132012, 2015\u20132019)",
        "2\u00d7 PBA All-Star Game MVP (2004, 2006)",
        "4\u00d7 PBA Mythical First Team (2003, 2007, 2008, 2013)",
        "4\u00d7 PBA Mythical Second Team (2002, 2009, 2014, 2015)",
        "PBA Best Player of the Conference (2003 All-Filipino)",
        "3\u00d7 PBA All-Defensive Team (2003, 2007, 2008)",
        "PBA Comeback Player of the Year (2013)",
        "2\u00d7 PBA scoring champion (2002, 2003)",
        "PBA's 40 Greatest Players",
        "ABL Most Valuable Player (2013)",
        "No. 88 retired by the NLEX Road Warriors"
    ],
    "teams": {
        "Blu Detergent Kings": "1997\u20131999",
        "Mobiline Phone Pals / Talk 'N Text Phone Pals": "1999\u20132007",
        "Coca\u2013Cola Tigers": "2007\u20132010",
        "Meralco Bolts": "2010\u20132012",
        "San Miguel Beermen (ABL)": "2012\u20132013",
        "Air21 Express": "2013\u20132014",
        "NLEX Road Warriors": "2014\u20132023"
    },
    "birth_date": "1973-3-2",
    "medaltemplates": [
        "Sport: Men's basketball",
        "Country: {{PHL}}",
        "Competition: FIBA Asia Championship",
        "Silver Medal: 2015 Changsha Team Team competition",
        "Competition: William Jones Cup",
        "Silver Medal: 2015 Taipei Team Team competition",
        "Bronze Medal: 2007 Taipei Team Team competition",
        "Bronze Medal: 2011 Taipei Team Team competition"
    ]
}