{
    "name": "Asjha Jones",
    "league": "NBA",
    "team": "Portland Trail Blazers",
    "position": "Director of Basketball Strategy & Planning",
    "height_ft": "6",
    "height_in": "3",
    "weight_lbs": "196",
    "birth_place": "Piscataway, New Jersey, U.S.",
    "high_school": "Piscataway, (Piscataway, New Jersey)",
    "college": "UConn (1998\u20132002)",
    "draft_league": "WNBA",
    "draft_round": "1",
    "draft_pick": "4",
    "draft_year": "2002",
    "draft_team": "Washington Mystics",
    "career_start": "2002",
    "career_end": "2015",
    "coach_start": "2020",
    "highlights": [
        "WNBA champion (2015)",
        "2\u00d7 WNBA All-Star (2007, 2009)",
        "All-WNBA Second Team (2008)",
        "EuroLeague Women Final Eight MVP (2012)",
        "2\u00d7 NCAA champion (2000, 2002)"
    ],
    "teams": {
        "Washington Mystics": "2002\u20132003",
        "Delta Basket Alessandria": "2003\u20132004",
        "Connecticut Sun": "2004\u20132012",
        "Dynamo Novosibirsk": "2005\u20132007",
        "UMMC Ekaterinburg": "2007\u20132010",
        "Rivas Ec\u00f3polis": "2011\u20132012",
        "Kayseri Kaski S.K.": "2012\u20132013",
        "Spartak Moscow": "2013",
        "Good Angels Ko\u0161ice": "2014",
        "Elitzur Ramla": "2015",
        "Minnesota Lynx": "2015"
    },
    "cteams": {
        "Washington Mystics (player development)": "2018\u20132019",
        "Washington Mystics (assistant)": "2020\u20132021"
    },
    "birth_date": "1980-8-1",
    "medaltemplates": [
        "Sport: Women's basketball",
        "Country: {{USA}}",
        "Competition: FIBA World Championship for Women",
        "Gold Medal: 2010  Brazil Team Competition ",
        "Competition: Olympics",
        "Gold Medal: 2012 London Team Competition "
    ]
}