{
    "name": "Askia Rahman Jones",
    "height_ft": "6",
    "height_in": "5",
    "weight_lbs": "200",
    "nationality": "African American / Venezuelan",
    "birth_place": "Philadelphia, Pennsylvania |spouse = Emma Gonzalez",
    "high_school": "Marshall (San Antonio, Texas)",
    "college": "Kansas State (1990\u20131994)",
    "draft_year": "1994",
    "career_start": "1994",
    "career_end": "2010",
    "career_number": "2",
    "career_position": "Shooting guard",
    "bbr": "jonesas01",
    "Marriage": "Married ",
    "teams": {
        "Minnesota Timberwolves": "1994",
        "Rockford Lightning": "1994\u20131995",
        "Illiabum Clube": "1995",
        "Aspac Jakarta": "1995",
        "Rio Claro Basquete": "1995\u20131997",
        "Guaiquer\u00edes de Margarita": "1996\u20132001",
        "Polluelos de Aibonito": "1997",
        "Apollon Limassol": "1997\u20131998",
        "Flamengo": "1998\u20131999",
        "Joventut Badalona": "1999\u20132000",
        "Los Barrios": "2001",
        "Shell Turbo Chargers": "2001\u20132002",
        "Trotamundos de Carabobo": "2002\u20132004",
        "Gaiteros del Zulia": "2005\u20132009",
        "Guaros de Lara": "2010"
    },
    "birth_date": "1971-12-3"
}