{
    "name": "Astou Ndiaye-Diatta",
    "position": "Center",
    "height_ft": "6",
    "height_in": "3",
    "weight_lb": "182",
    "birth_place": "Kaolack, Senegal",
    "college": "SNU (1993\u20131997)",
    "draft_league": "WNBA",
    "draft_year": "1999",
    "draft_round": "4",
    "draft_pick": "41",
    "draft_team": "Detroit Shock",
    "career_start": "1997",
    "career_end": "2007",
    "teams": {
        "Seattle Reign": "1997\u20131998",
        "Detroit Shock": "1999\u20132003",
        "Indiana Fever": "2004",
        "Houston Comets": "2006",
        "Seattle Storm": "2007"
    },
    "birth_date": "1973-11-5"
}