{
    "name": "Astou Traor\u00e9",
    "birth_place": "M'Bour, Senegal",
    "position": "Forward",
    "nationality": "Senegalese",
    "height_m": "1.82",
    "weight_kg": "75",
    "league": "LFB",
    "team": "Uni Girona CB",
    "number": "10",
    "draft_league": "WNBA",
    "draft_year": "2003",
    "birth_date": "1981-4-30",
    "medaltemplates": [
        "Competition: AfroBasket",
        "Silver Medal: 2017 Mali  Under-18",
        "Silver Medal: 2019 Senegal  Under-18"
    ]
}