{
    "name": "Atoy Co",
    "office": "Member of the ,  Pasig City Council  from the 1st district",
    "term_start": "June 30, 1998",
    "term_end": "June 30, 2007",
    "nationality": "Filipino",
    "birth_place": "Pasig, Rizal, Philippines",
    "module": "Infobox basketball biography",
    "height_ft": "6",
    "height_in": "2",
    "weight_lbs": "168",
    "college": "Map\u00faa Institute of Technology",
    "draft_pba": "Elevated",
    "draft_team_pba": "Crispa Redmanizers",
    "career_start": "1975",
    "career_end": "1988",
    "career_position": "Shooting guard / point guard",
    "coach_start": "1989\u20131991, 2012",
    "highlights": [
        "15\u00d7 PBA champion",
        "PBA Most Valuable Player  (1979)",
        "PBA Hall of Fame Class of 2005",
        "PBA's 25 Greatest Players",
        "9\u00d7 PBA Mythical First Team (1975\u20131977, 1979\u20131984)",
        "PBA scoring champion (1979) '''As head coach:'''",
        "2\u00d7 PBL champion (1990 PBL Challenge Cup, 1991 PBL Maharlika Cup) '''As commissioner:'''",
        "1st commissioner of the UNTV Cup (2013\u2013present)"
    ],
    "teams": {
        "Crispa Redmanizers": "1972\u20131984",
        "Manila Beer Brewmasters": "1985\u20131986",
        "Great Taste/Presto Ice Cream": "1987\u20131988"
    },
    "cteams": {
        "Crispa 400": "1989\u20131991",
        "Map\u00faa Cardinals": "2012\u20132018"
    },
    "birth_date": "1951-10-15"
}