{
    "name": "Aud Brindley",
    "height_ft": "6",
    "height_in": "4",
    "weight_lb": "175",
    "birth_place": "Mineola, New York, US",
    "death_date": "1957",
    "high_school": "Rockville, (Rockville Centre, New York)",
    "college": "Dartmouth (1942\u20131944, 1946)",
    "career_start": "1947",
    "career_end": "1947",
    "career_number": "12, 15",
    "career_position": "Forward",
    "highlights": [
        "Consensus first-team All-American (1944)"
    ],
    "teams": {
        "New York Knicks": "1947"
    },
    "birth_date": "1923-12-31"
}