{
    "name": "Audie Norris",
    "birth_place": "Jackson, Mississippi",
    "nationality": "American",
    "height_ft": "6",
    "height_in": "9",
    "weight_lb": "230",
    "high_school": "Jim Hill (Jackson, Mississippi)",
    "college": "Jackson State (1978\u20131982)",
    "draft_year": "1982",
    "draft_round": "2",
    "draft_pick": "37",
    "draft_team": "Portland Trail Blazers",
    "career_start": "1982",
    "career_end": "1994",
    "career_position": "Power forward / center",
    "career_number": "24",
    "coach_start": "2014",
    "coach_end": "2016",
    "highlights": [
        "3\u00d7 Spanish League champion (1988, 1989, 1990)",
        "2\u00d7 Spanish King's Cup winner (1988, 1991)",
        "Spanish Super Cup winner (1987)",
        "2\u00d7 Spanish League All-Star (1988, 1990)",
        "Italian League All-Star (1986)",
        "Spanish Prince's Cup winner (1988)",
        "Catalan League champion (1989)"
    ],
    "teams": {
        "Portland Trail Blazers": "1982\u20131984",
        "Benetton Treviso": "1985\u20131987",
        "FC Barcelona": "1987\u20131993",
        "Nikas Peristeri": "1993\u20131994"
    },
    "cteams": {
        "CDB Sevilla (assistant)": "2014\u20132016"
    },
    "birth_date": "1960-12-18"
}