{
    "name": "Austin Freeman",
    "position": "Shooting guard",
    "height_ft": "6",
    "height_in": "3",
    "weight_lb": "226",
    "league": "Torneo de Baloncesto Superior",
    "team": "San Carlos",
    "number": "32",
    "nationality": "American",
    "birth_place": "Mitchellville, Maryland",
    "high_school": "DeMatha Catholic, (Hyattsville, Maryland)",
    "college": "Georgetown (2007\u20132011)",
    "draft_year": "2011",
    "career_start": "2011",
    "highlights": [
        "First-team All-Big East (2011)",
        "Second-team All-Big East (2010)",
        "Big East All-Freshman Team (2008)",
        "First-team ''Parade'' All-American (2007)",
        "McDonald's All-American (2007)"
    ],
    "teams": {
        "Fulgor Libertas Forl\u00ec": "2011\u20132012",
        "Hapoel Eilat": "2012\u20132013",
        "Maccabi Ashdod": "2013",
        "Iowa Energy": "2013\u20132014",
        "Upea Capo d'Orlando": "2014\u20132015",
        "Acea Roma": "2015",
        "Titanes del Distrito Nacional": "2015",
        "Berm\u00e8 Viola Reggio Calabria": "2015\u20132016",
        "Ca\u00f1eros del Este": "2017\u20132018",
        "San Carlos": "2018\u2013present"
    },
    "birth_date": "1989-5-6"
}