{
    "name": "Austin Croshere",
    "width": "150",
    "position": "Power forward",
    "height_ft": "6",
    "height_in": "10",
    "weight_lbs": "235",
    "number": "44, 22",
    "nationality": "American",
    "birth_place": "Los Angeles, California, U.S.",
    "highschool": "Crossroads School, (Santa Monica, California)",
    "college": "Providence (1993\u20131997)",
    "draft_year": "1997",
    "draft_round": "1",
    "draft_pick": "12",
    "draft_team": "Indiana Pacers",
    "career_start": "1997",
    "career_end": "2009",
    "highlights": [
        "First-team All-Big East (1997)"
    ],
    "bbr": "croshau01",
    "letter": "c",
    "profile": "austin_croshere",
    "teams": {
        "Indiana Pacers": "1997\u20132005",
        "Dallas Mavericks": "2006",
        "Golden State Warriors": "2007",
        "Milwaukee Bucks": "2008",
        "San Antonio Spurs": "2008"
    },
    "NBA": {
        "Points": "4,475 (6.8 ppg)",
        "Rebounds": "2,649 (4.0 rpg)",
        "Assists": "627 (1.0 apg)"
    },
    "birth_date": "1975-5-1",
    "medaltemplates": [
        "Sport: Men's Basketball",
        "Country: {{USA}}",
        "Competition: Summer Universiade",
        "Gold Medal: 1995 Fukuoka Team competition "
    ]
}