{
    "name": "Austin Carr",
    "width": "250",
    "height_ft": "6",
    "height_in": "4",
    "weight_lb": "200",
    "birth_place": "Washington, D.C., U.S.",
    "high_school": "Mackin (Washington, D.C.)",
    "college": "Notre Dame (1968\u20131971)",
    "draft_year": "1971",
    "draft_round": "1",
    "draft_pick": "1",
    "draft_team": "Cleveland Cavaliers",
    "career_start": "1971",
    "career_end": "1981",
    "career_position": "Shooting guard",
    "career_number": "22, 34",
    "highlights": [
        "NBA All-Star (1974)",
        "NBA All-Rookie First Team (1971)",
        "J. Walter Kennedy Citizenship Award (1979)",
        "No. 34 retired by Cleveland Cavaliers",
        "Naismith College Player of the Year (1971)",
        "AP Player of the Year (1971)",
        "Helms Foundation Player of the Year (1971)",
        "UPI Player of the Year (1971)",
        "Consensus first-team All-American (1971)",
        "Consensus second-team All-American (1970)"
    ],
    "CBBASKHOF_year": "2007",
    "teams": {
        "Cleveland Cavaliers": "1971\u20131979",
        "Dallas Mavericks": "1980",
        "Washington Bullets": "1980"
    },
    "stats": {
        "Points": "10,473 (15.4 ppg)",
        "Rebounds": "1,990 (2.9 rpg)",
        "Assists": "1,878 (2.8 apg) "
    },
    "birth_date": "1948-03-10"
}