{
    "name": "Avery Johnson",
    "height_ft": "5",
    "height_in": "11",
    "weight_lbs": "185",
    "birth_place": "New Orleans, Louisiana, U.S.",
    "highschool": "St. Augustine, (New Orleans, Louisiana)",
    "college": [
        "New Mexico JC (1983\u20131984)",
        "Cameron (1984\u20131985)",
        "Southern (1986\u20131988)"
    ],
    "draft_year": "1988",
    "career_start": "1988",
    "career_end": "2004",
    "career_position": "Point guard",
    "career_number": "15, 6, 5",
    "coach_start": "2004",
    "coach_end": "2019",
    "highlights": [
        "NBA champion (1999)",
        "NBA Sportsmanship Award (1997)",
        "No. 6 retired by San Antonio Spurs",
        "2\u00d7 NCAA season assists leader (1987, 1988)",
        "2\u00d7 SWAC Player of the Year (1987, 1988)",
        "No. 15 retired by Southern Jaguars '''As coach:'''",
        "NBA Coach of the Year (2005)",
        "NBA All-Star Game head coach (2006)"
    ],
    "teams": {
        "Palm Beach Stingrays": "1988",
        "Seattle SuperSonics": "1988\u20131989",
        "Denver Nuggets": "2001",
        "San Antonio Spurs": "1994\u20132000",
        "Houston Rockets": "1991",
        "Golden State Warriors": "2003",
        "Dallas Mavericks": "2001\u20132002"
    },
    "cteams": {
        "Dallas Mavericks (assistant)": "2004",
        "Dallas Mavericks": "2004\u20132007",
        "New Jersey / Brooklyn Nets": "2010\u20132012",
        "Alabama": "2015\u20132019"
    },
    "NBA": {
        "Points": "8,817 (8.4 ppg)",
        "Rebounds": "1,751 (1.7 rpg)",
        "Assists": "5,846 (5.5 apg) "
    },
    "birth_date": "1965-3-25"
}