{
    "name": "Avis Wyatt",
    "career_position": "Power forward / center",
    "career_number": "11, 13, 15",
    "height_m": "2.10",
    "weight_kg": "96",
    "nationality": "American",
    "birth_place": "Petersburg, Virginia",
    "high_school": "Petersburg (Petersburg, Virginia)",
    "college": "Virginia State (2002\u20132006)",
    "draft_year": "2006",
    "career_start": "2007",
    "career_end": "2013",
    "highlights": [
        "2x DBL champion (2008, 2009)",
        "DBL blocks leader (2012)",
        "All-Cypriot League First Team (2011)"
    ],
    "updated": "23 April 2020 ",
    "teams": {
        "Amsterdam": "2007\u20132009",
        "AEL Limassol": "2009\u20132011",
        "GasTerra Flames": "2011\u20132012",
        "Ikaros Kallitheas": "2012\u20132013",
        "ETHA Engomis": "2013"
    },
    "birth_date": "1984-08-20"
}