{
    "name": "Awvee Storey",
    "height_ft": "6",
    "height_in": "6",
    "weight_lbs": "225",
    "league": "WNBA",
    "team": "Connecticut Sun",
    "position": "Assistant coach",
    "birth_place": "Chicago, Illinois",
    "nationality": "American",
    "highschool": "Proviso West (Hillside, Illinois)",
    "college": [
        "Illinois (1997\u20131998)",
        "Arizona State (1999\u20132002)"
    ],
    "draft_year": "2002",
    "career_start": "2002",
    "career_end": "2010",
    "career_number": "26, 35, 20",
    "career_position": "Shooting guard / small forward",
    "coach_start": "2017",
    "bbr": "storeaw01 ",
    "teams": {
        "Seoul Samsung Thunders": "2002\u20132003",
        "Seoul SK Knights": "2003\u20132004",
        "Trotamundos de Carabobo": "2004",
        "New Jersey Nets": "2004",
        "Idaho Stampede": "2004\u20132005",
        "Wonju TG Xers": "2005",
        "Washington Wizards": "2005",
        "Dakota Wizards": "2006\u20132007",
        "Phantoms Braunschweig": "2007",
        "Milwaukee Bucks": "2007",
        "Liaoning Hunters": "2008\u20132009",
        "New Zealand Breakers": "2009",
        "Barangay Ginebra Kings": "2010"
    },
    "cteams": {
        "Chicago Sky (assistant)": "2018",
        "Capital City Go-Go (assistant)": "2018\u20132019",
        "Connecticut Sun (assistant)": "2019\u2013present",
        "Maine Celtics (assistant)": "2021\u20132022"
    },
    "birth_date": "1977-4-18"
}