{
    "name": "Aya Traor\u00e9",
    "position": "Forward",
    "height_ft": "6",
    "height_in": "0",
    "league": "LFB",
    "team": "CB Conquero",
    "nationality": "Senegalese",
    "birth_place": "Dakar, Senegal",
    "high_school": "Moore Traditional School (Louisville, Kentucky)",
    "college": [
        "Dixie State (2001\u20132003)",
        "Purdue (2004\u20132006)"
    ],
    "career_start": "2006",
    "career_end": "|medaltemplates=  AfroBasket 2017 Mali 2023 Rwanda ",
    "birth_date": "1983-7-27"
}