{
    "name": "Azmi Turgut",
    "league": "Turkish Basketball League",
    "height_ft": "6",
    "height_in": "0",
    "position": "Point guard",
    "birth_place": "Bodrum, Turkey",
    "team": "Olin Edirne",
    "nationality": "Turkish",
    "career_start": "2006",
    "teams": {
        "Be\u015fikta\u015f Cola Turka": "2008\u20132009",
        "Mutlu Ak\u00fc Sel\u00e7uk \u00dcniversitesi": "2007\u20132008",
        "Dar\u00fc\u015f\u015fafaka": "2010\u20132011",
        "U\u015fak \u00dcniversitesi Belediyespor": "2011\u20132012",
        "Erdemir": "2012",
        "Olin Edirne": "2013\u2013present"
    },
    "birth_date": "1988-2-25"
}