{
    "name": "B. J. Tyler",
    "number": "1",
    "position": "Point guard",
    "height_ft": "6",
    "height_in": "1",
    "weight_lb": "185",
    "birth_place": "Galveston, Texas",
    "nationality": "American",
    "high_school": "Lincoln (Port Arthur, Texas)",
    "college": "DePaul (1989\u20131990), Texas (1991\u20131994)",
    "draft_year": "1994",
    "draft_round": "1",
    "draft_pick": "20",
    "draft_team": "Philadelphia 76ers",
    "career_start": "1994",
    "career_end": "1995",
    "bbr": "tylerbj01",
    "highlights": [
        "Third-team All-American \u2013 AP, UPI (1994)",
        "SWC Player of the Year (1994)"
    ],
    "teams": {
        "Philadelphia 76ers": "1994"
    },
    "birth_date": "1971-04-30"
}