{
    "name": "B. J. Armstrong",
    "height_ft": "6",
    "height_in": "2",
    "weight_lb": "185",
    "birth_place": "Detroit, Michigan, U.S.",
    "high_school": "Brother Rice, (Bloomfield Hills, Michigan)",
    "college": "Iowa (1985\u20131989)",
    "draft_year": "1989",
    "draft_round": "1",
    "draft_pick": "18",
    "draft_team": "Chicago Bulls",
    "career_start": "1989",
    "career_end": "2000",
    "career_position": "Point guard",
    "career_number": "10, 11, 2",
    "highlights": [
        "3\u00d7 NBA champion (1991\u20131993)",
        "NBA All-Star (1994)",
        "No. 10 retired by Iowa Hawkeyes"
    ],
    "teams": {
        "Chicago Bulls": "1999",
        "Golden State Warriors": "1995\u20131997",
        "Charlotte Hornets": "1997\u20131998",
        "Orlando Magic": "1998"
    },
    "NBA": {
        "Points": "7,320 (9.8 ppg)",
        "Rebounds": "1,321 (1.8 rpg)",
        "Assists": "2,479 (3.3 apg)"
    },
    "birth_date": "1967-09-09",
    "medaltemplates": [
        "Sport: Men's Basketball",
        "Country: {{USA}}",
        "Competition: Summer Universiade",
        "Silver Medal: 1987 Zagreb National team"
    ]
}