{
    "name": "Babacar Ciss\u00e9",
    "position": "Guard",
    "height_m": "1.88",
    "weight_kg": "81",
    "nationality": "Senegalese",
    "birth_place": "Ndoulo, Senegal",
    "career_start": "1990",
    "career_end": "2011",
    "highlights": [
        "LNB Pro B champion (2002)"
    ],
    "teams": {
        "BOPP": "1990\u20131993",
        "Cabourg": "1995\u20132000",
        "Golfe Juan": "2000\u20132001",
        "JA Vichy": "2001\u20132005",
        "STB Le Havre": "2005\u20132007",
        "Fos Ouest Provence Basket": "2007\u20132011"
    },
    "birth_date": "1975-12-2"
}