{
    "name": "Babe Ziegenhorn",
    "position": "Guard / forward",
    "height_ft": "6",
    "height_in": "0",
    "weight_lb": "185",
    "birth_place": "Chicago, Illinois",
    "death_date": "1970",
    "death_place": "Sheboygan, Wisconsin",
    "nationality": "American",
    "high_school": "St. Phillip (Chicago, Illinois)",
    "college": "Notre Dame (1938\u20131939)",
    "teams": {
        "Sheboygan Red Skins": "1941\u20131942,, 1945"
    },
    "birth_date": "1918-11-21"
}