{
    "name": "Baby Dalupan",
    "birth_place": "Manila, Philippine Islands",
    "death_date": "2016",
    "death_place": "Quezon City, Philippines",
    "nationality": "Filipino",
    "high_school": "Ateneo de Manila High school",
    "college": "Ateneo de Manila University (1947\u20131949)",
    "career_start": "1950",
    "career_end": "1954",
    "coach_start": "1955",
    "coach_end": "1993",
    "highlights": [
        "12\u00d7 UAAP men\u2019s basketball (1957, 1958, 1960, 1962, 1963, 1965\u20131971)",
        "2\u00d7 NCAA men\u2019s basketball (1975, 1976)",
        "Philippine men\u2019s basketball team (1970 Pesta Sukan) '''BAP/MICAA/others (16):''',  Crispa (16):,  MICAA (4):,",
        "1970 MICAA Open",
        "1971 MICAA All-Filipino",
        "1972 MICAA All-Filipino",
        "1974 MICAA All-Filipino BAP/Others (12):,",
        "1962 Metropolitan Open",
        "1970 National Seniors",
        "1970 President's Cup",
        "1970 National Invitational",
        "1970 Tournament of Champions",
        "1971 National Seniors",
        "1971 National Invitational",
        "1971 Tournament of Champions",
        "1972 National Seniors",
        "1974 National Invitational",
        "1974 Palarong Pilipino",
        "1975 National Invitational '''Philippine Basketball Association (15):''',  Crispa (9):,",
        "1975 All-Philippine Championship",
        "1976 All-Filipino Conference",
        "1976 Open Conference",
        "1976 All-Philippine Championship",
        "1977 All-Filipino Conference",
        "1977 Open Conference",
        "1979 All-Filipino Conference",
        "1980 All-Filipino Conference",
        "1981 Reinforced Filipino Conference Great Taste / Presto (5):,",
        "1984 Second All-Filipino",
        "1984 Invitational",
        "1985 Open",
        "1985 All-Filipino",
        "1987 All-Filipino Purefoods (1):,",
        "1990 Third Conference"
    ],
    "teams": {
        "PRISCO": "1950\u20131954"
    },
    "cteams": {
        "University of the East": "1955\u20131972",
        "Philippines": "1970\u20131972",
        "Crispa Redmanizers": "1962\u20131982",
        "Ateneo de Manila": "1993",
        "Great Taste/Presto": "1983\u20131989",
        "Purefoods Hotdogs": "1989\u20131991"
    },
    "birth_date": "1923-10-19"
}