{
    "name": "Bailey Howell",
    "height_ft": "6",
    "height_in": "7",
    "weight_lb": "210",
    "birth_place": "Middleton, Tennessee, U.S.",
    "high_school": "Middleton (Middleton, Tennessee)",
    "college": "Mississippi State (1956\u20131959)",
    "draft_year": "1959",
    "draft_round": "1",
    "draft_pick": "2",
    "draft_team": "Detroit Pistons",
    "career_start": "1959",
    "career_end": "1971",
    "career_number": "52, 18, 15, 16",
    "career_position": "Small forward / power forward",
    "highlights": [
        "2\u00d7 NBA champion (1968, 1969)",
        "6\u00d7 NBA All-Star (1961\u20131964, 1966, 1967)",
        "All-NBA Second Team (1963)",
        "Consensus first-team All-American (1959)",
        "Consensus second-team All-American (1958)",
        "No. 52 retired by Mississippi State Bulldogs"
    ],
    "HOF_player": "bailey-howell",
    "CBBASKHOF_year": "2006 ",
    "teams": {
        "Detroit Pistons": "1959\u20131963",
        "Baltimore Bullets": "1964\u20131965",
        "Boston Celtics": "1966\u20131969",
        "Philadelphia 76ers": "1970"
    },
    "stats": {
        "Points": "17,770 (18.7 ppg)",
        "Rebounds": "9,383 (9.9 rpg)",
        "Assists": "1,853 (1.9 apg)"
    },
    "birth_date": "1937-01-20"
}