{
    "name": "Bamba Fall",
    "league": "LEB Oro",
    "team": "Palencia Baloncesto",
    "position": "Center",
    "height_ft": "7",
    "height_in": "1",
    "weight_lbs": "236",
    "birth_place": "Saint-Louis, Senegal",
    "high_school": "Oak Hill Academy, (Mouth of Wilson, Virginia)",
    "college": "SMU (2005\u20132009)",
    "nationality": "Senegalese",
    "draft_year": "2008",
    "career_start": "2009",
    "highlights": [
        "LBL champion (2015)",
        "3x Estonian champion (2012\u20132014)",
        "All-KML First Team (2013)",
        "All-KML Defensive Team (2012)",
        "KML Defensive Player of the Year (2012)",
        "VTB United League blocks leader (2013)"
    ],
    "teams": {
        "Hapoel Afula": "2009",
        "Hapoel Gilboa Galil": "2009",
        "Hapoel Lev Hasharon": "2009\u20132010",
        "Maine Red Claws": "2010\u20132011",
        "BC Kalev/Cramo": "2011\u20132014",
        "VEF R\u012bga": "2014\u20132015",
        "Sigal Prishtina": "2015",
        "Azad University": "2015\u20132017",
        "TL\u00dc/Kalev": "2017\u20132019",
        "Fundaci\u00f3n Lucentum": "2019\u20132020",
        "Fundaci\u00f3n CB Granada": "2020\u20132021",
        "Palencia Baloncesto": "2020\u20132021"
    },
    "birth_date": "1986-05-27"
}