{
    "name": "Barbara Farris",
    "position": "Assistant Coach",
    "team": "Southern Miss Lady Eagles",
    "birth_place": "Harvey, Louisiana, U.S.",
    "high_school": "St. Martin's (Metairie, Louisiana)",
    "college": "Tulane (1994\u20131998)",
    "career_start": "1998",
    "career_end": "2009",
    "highlights": [
        "WNBA champion (2003)"
    ],
    "wnba_profile": "barbara_farris",
    "height_ft": "6",
    "height_in": "3",
    "weight_lbs": "200",
    "teams": {
        "New England Blizzard": "1998",
        "Detroit Shock": "2009",
        "New York Liberty": "2006\u20132007",
        "Phoenix Mercury": "2008"
    },
    "cteams": {
        "New York Liberty (assistant)": "2018\u20132019",
        "Stetson Hatters (assistant)": "2020\u20132022",
        "Southern Miss (assistant) ": "2023\u2013present"
    },
    "birth_date": "1976-9-10"
}