{
    "name": "Barbara Turner",
    "team": "Atlanta Dream",
    "league": "WNBA",
    "position": "Assistant Coach",
    "height_ft": "6",
    "height_in": "0",
    "weight_lbs": "183",
    "nationality": "American / Turkish",
    "birth_place": "Cleveland, Ohio, U.S.",
    "high_school": "East Technical (Cleveland, Ohio)",
    "college": "UConn (2002\u20132006)",
    "draft_league": "WNBA",
    "draft_year": "2006",
    "draft_round": "1",
    "draft_pick": "11",
    "draft_team": "Seattle Storm",
    "career_start": "2006",
    "career_end": "2021",
    "career_position": "Shooting guard / small forward",
    "coach_start": "2021",
    "highlights": [
        "Big East All-Rookie team (2003)",
        "McDonald's All-American (2002)",
        "Gatorade Ohio Player of the Year (2002)",
        "Ms. Ohio Basketball (2002)"
    ],
    "teams": {
        "Seattle Storm": "2006",
        "A.S. Ramat-Hasharon": "2006",
        "Fenerbah\u00e7e": "2007",
        "Houston Comets": "2007",
        "\u017dKK \u0160ibenik": "2007\u20132008",
        "Connecticut Sun": "2008",
        "Tarsus Belediyespor": "2008\u20132009",
        "Mersin BB": "2012\u20132013",
        "Kayseri Kaski": "2010\u20132012",
        "Bota\u015f": "2013\u20132014",
        "Galatasaray": "2014",
        "Orduspor": "2014\u20132015",
        "Hatay BB": "2015\u20132018",
        "Bendigo Spirit": "2018",
        "\u00c7ankaya \u00dcniversitesi": "2019\u20132021"
    },
    "cteams": {
        "Houston Rockets (assistant)": "2021",
        "Atlanta Dream (assistant)": "2022\u2013Present"
    },
    "birth_date": "1984-6-8",
    "medaltemplates": [
        "Sport: Women's Basketball",
        "Country: {{USA}}",
        "Competition: Pan American",
        "Silver Medal: 2003 Santo Domingo Team Competition Team competition"
    ]
}