{
    "name": "Barney Cable",
    "height_ft": "6",
    "height_in": "7",
    "weight_lb": "175",
    "birth_place": "Rochester, Pennsylvania",
    "nationality": "American",
    "high_school": "Rochester (Rochester, Pennsylvania)",
    "college": "Bradley (1955\u20131958)",
    "draft_year": "1958",
    "draft_round": "2",
    "draft_pick": "10",
    "draft_team": "Detroit Pistons",
    "career_start": "1958",
    "career_end": "1967",
    "career_number": "10, 23, 35, 21",
    "career_position": "Small forward / power forward",
    "highlights": [
        "First-team All-MVC (1957)"
    ],
    "bbr": "cableba01 ",
    "teams": {
        "Detroit Pistons": "1958\u20131959",
        "Syracuse Nationals": "1959\u20131960",
        "Chicago Packers": "1961",
        "St. Louis Hawks": "1961\u20131962",
        "Chicago Zephyrs / Baltimore Bullets": "1962\u20131963",
        "Wilmingon Blue Bombers": "1964\u20131967"
    },
    "NBA": {
        "Points": "2,372 (6.6 ppg)",
        "Rebounds": "1,884 (5.2 rpg)",
        "Assists": "381 (1.1 apg)"
    },
    "birth_date": "1935-07-29"
}