{
    "name": "Baron Davis",
    "position": "Point guard",
    "height_ft": "6",
    "height_in": "3",
    "weight_lb": "215",
    "number": "1, 5, 85, 24",
    "birth_place": "Los Angeles, California, U.S.",
    "high_school": "Crossroads School (Santa Monica, California)",
    "college": "UCLA (1997\u20131999)",
    "draft_year": "1999",
    "draft_round": "1",
    "draft_pick": "3",
    "draft_team": "Charlotte Hornets",
    "career_start": "1999",
    "career_end": "2012; 2016",
    "highlights": [
        "2\u00d7 NBA All-Star (2002, 2004)",
        "All-NBA Third Team (2003)",
        "2\u00d7 NBA steals leader (2003, 2006)",
        "Third-team All-American \u2013 AP (1999)",
        "First-team All-Pac-10 (1999)",
        "Pac-10 Freshman of the Year (1998)",
        "Pac-10 All-Freshman Team (1998)",
        "Gatorade Player of the Year (1997)",
        "First-team ''Parade'' All-American (1997)",
        "McDonald's All-American (1997)",
        "California Mr. Basketball (1997)"
    ],
    "bbr": "davisba01",
    "teams": {
        "Charlotte Hornets": "1999\u20132001",
        "New Orleans Hornets": "2002\u20132004",
        "Golden State Warriors": "2004\u20132007",
        "Los Angeles Clippers": "2008\u20132010",
        "Cleveland Cavaliers": "2010",
        "New York Knicks": "2011",
        "Delaware 87ers": "2016"
    },
    "NBA": {
        "Points": "13,447 (16.1 ppg)",
        "Assists": "6,025 (7.2 apg)",
        "Steals": "1,530 (1.8 spg)"
    },
    "birth_date": "1979-4-13",
    "medaltemplates": [
        "Competition: Goodwill Games",
        "Gold Medal: 2001 Brisbane National team "
    ]
}