{
    "name": "Barry Kramer",
    "height_ft": "6",
    "height_in": "4",
    "weight_lb": "200",
    "birth_place": "Schenectady, New York",
    "nationality": "American",
    "high_school": "Linton (Schenectady, New York)",
    "college": "NYU (1961\u20131964)",
    "draft_year": "1964",
    "draft_round": "1",
    "draft_pick": "6",
    "draft_team": "San Francisco Warriors",
    "career_start": "1964",
    "career_end": "1970",
    "career_number": "34, 21, 15",
    "career_position": "Small forward",
    "highlights": [
        "Haggerty Award winner (1963)",
        "Consensus first-team All-American (1963)",
        "Third-team All-American \u2013 AP, NABC (1964)",
        "First-team ''Parade'' All-American (1960)"
    ],
    "teams": {
        "San Francisco Warriors": "1964",
        "New York Knicks": "1964",
        "New York Nets": "1969\u20131970"
    },
    "birth_date": "1942-11-10"
}