{
    "name": "Barry Stevens",
    "position": "Shooting guard / small forward",
    "number": "35, 34",
    "height_ft": "6",
    "height_in": "5",
    "weight_lb": "195",
    "birth_place": "Flint, Michigan",
    "nationality": "American",
    "death_date": "2007",
    "death_place": "Gary, Indiana",
    "high_school": "Flint Northwestern (Flint, Michigan)",
    "college": "Iowa State (1981\u20131985)",
    "draft_year": "1985",
    "draft_round": "2",
    "draft_pick": "43",
    "draft_team": "Denver Nuggets",
    "career_start": "1986",
    "career_end": "1994",
    "highlights": [
        "3x First-team All-Big Eight (1983\u20131985)",
        "No. 35 retired by Iowa State Cyclones"
    ],
    "bbr": "steveba01 ",
    "teams": {
        "Wisconsin Flyers": "1986\u20131987",
        "Wyoming Wildcatters": "1986\u20131987",
        "Cedar Rapids Silver Bullets": "1988\u20131990",
        "Columbus Horizon": "1990\u20131992",
        "Wichita Falls Texans": "1991\u20131992",
        "Fargo-Moorhead Fever": "1992\u20131993",
        "Rockford Lightning": "1992\u20131993",
        "Golden State Warriors": "1992",
        "Tri-City Chinook": "1993\u20131994"
    },
    "birth_date": "1963-11-07"
}