{
    "name": "Barry Parkhill",
    "height_ft": "6",
    "height_in": "4",
    "weight_lb": "185",
    "birth_place": "Philadelphia, Pennsylvania, U.S.",
    "high_school": "State College, (State College, Pennsylvania)",
    "college": "Virginia (1970\u20131973)",
    "draft_year": "1973",
    "draft_round": "1",
    "draft_pick": "15",
    "draft_team": "Portland Trail Blazers",
    "career_start": "1973",
    "career_end": "1976",
    "career_number": "40",
    "career_position": "Shooting guard",
    "coach_start": "1977",
    "coach_end": "1992",
    "highlights": [
        "Consensus second-team All-American (1972)",
        "Third-team All-American \u2013 NABC (1973)",
        "ACC Player of the Year (1972)",
        "ACC Athlete of the Year (1972)",
        "First-team All-ACC (1972)",
        "2\u00d7 Second-team All-ACC (1971, 1973)",
        "No. 40 retired by Virginia Cavaliers"
    ],
    "teams": {
        "Virginia Squires": "1973\u20131975",
        "Spirits of St. Louis": "1975\u20131976"
    },
    "cteams": {
        "Virginia (grad. assistant)": "1977\u20131978",
        "William & Mary (assistant)": "1978\u20131983",
        "William & Mary": "1983\u20131987",
        "Saint Michael's": "1989\u20131990",
        "Navy (assistant)": "1990\u20131992"
    },
    "birth_date": "1951-5-10"
}