{
    "name": "Barry Sumpter",
    "number": "51",
    "position": "Power forward",
    "height_ft": "6",
    "height_in": "11",
    "weight_lb": "215",
    "nationality": "American",
    "birth_place": "Brooklyn, Illinois",
    "highschool": "Lovejoy (Lovejoy, Illinois)",
    "college": [
        "Louisville (1983\u20131985)",
        "Austin Peay (1987\u20131988)"
    ],
    "draft_year": "1988",
    "draft_round": "3",
    "draft_pick": "56",
    "draft_team": "San Antonio Spurs",
    "career_start": "1988",
    "career_end": "1999",
    "highlights": [
        "CBA champion (1998)",
        "Second-team ''Parade'' All-American (1983)"
    ],
    "bbr": "sumptba01 ",
    "teams": {
        "Quad City Thunder": "1994\u20131999",
        "Los Angeles Clippers": "1988",
        "Fargo-Moorhead Fever": "1993",
        "Oklahoma City Cavalry": "1993\u20131994"
    },
    "birth_date": "1965-11-11"
}