{
    "name": "Barry Orms",
    "height_ft": "6",
    "height_in": "3",
    "weight_lb": "190",
    "birth_place": "St. Louis, Missouri",
    "nationality": "American",
    "high_school": "Beaumont (St. Louis, Missouri)",
    "college": "Saint Louis (1965\u20131968)",
    "draft_year": "1968",
    "draft_round": "8",
    "draft_pick": "96",
    "draft_team": "Baltimore Bullets",
    "career_start": "1968",
    "career_end": "1970",
    "career_number": "33, 22",
    "career_position": "Point guard",
    "bbr": "ormsba01 ",
    "teams": {
        "Baltimore Bullets": "1968",
        "Indiana Pacers": "1969",
        "Pittsburgh Pipers": "1969\u20131970"
    },
    "NBA and ABA": {
        "Points": "882 (6.3 ppg)",
        "Rebounds": "505 (3.6 rpg)",
        "Assists": "181 (1.3 apg)"
    },
    "birth_date": "1946-05-01"
}