{
    "name": "Barry Clemens",
    "height_ft": "6",
    "height_in": "6",
    "weight_lb": "210",
    "birth_place": "Dayton, Ohio",
    "nationality": "American",
    "high_school": "Xenia (Xenia, Ohio)",
    "college": "Ohio Wesleyan (1961\u20131965)",
    "draft_year": "1965",
    "draft_round": "3",
    "draft_pick": "19",
    "draft_team": "New York Knicks",
    "career_start": "1965",
    "career_end": "1976",
    "career_number": "10, 16, 43, 40",
    "career_position": "Power forward",
    "highlights": [
        "OAC Player of the Year (1965)"
    ],
    "teams": {
        "New York Knicks": "1965",
        "Chicago Bulls": "1966\u20131968",
        "Seattle SuperSonics": "1969\u20131971",
        "Cleveland Cavaliers": "1972\u20131973",
        "Portland Trail Blazers": "1974\u20131975"
    },
    "NBA": {
        "Points": "5,312 (6.7 ppg)",
        "Rebounds": "2,532 (3.2 rpg)",
        "Assists": "905 (1.1 apg) "
    },
    "birth_date": "1943-5-1"
}