{
    "name": "Bart Kofoed",
    "height_ft": "6",
    "height_in": "4",
    "weight_lb": "210",
    "birth_place": "Omaha, Nebraska, U.S.",
    "high_school": "Westside (Omaha, Nebraska)",
    "college": [
        "Hastings College (1982\u20131984)",
        "Nebraska\u2013Kearney (1985\u20131987)"
    ],
    "draft_year": "1987",
    "draft_round": "5",
    "draft_pick": "107",
    "draft_team": "Utah Jazz",
    "career_start": "1987",
    "career_end": "1995",
    "career_number": "11, 23, 12",
    "career_position": "Point guard",
    "teams": {
        "Utah Jazz": "1987\u20131988",
        "Rochester Flyers": "1989",
        "Golden State Warriors": "1990",
        "La Crosse Catbirds": "1990\u20131991",
        "Yakima Sun Kings": "1991",
        "Seattle SuperSonics": "1991",
        "Boston Celtics": "1992",
        "Omaha Racers": "1993\u20131995"
    },
    "birth_date": "1964-03-24"
}