{
    "name": "Bato Govedarica",
    "height_ft": "5",
    "height_in": "11",
    "weight_lb": "185",
    "birth_place": "Chicago, Illinois",
    "death_date": "2006",
    "death_place": "Hinsdale, Illinois",
    "nationality": "Serbian-American",
    "high_school": "Lane Tech (Chicago, Illinois)",
    "college": "DePaul (1947\u20131951)",
    "draft_year": "1951",
    "draft_round": "3",
    "draft_pick": "24",
    "draft_team": "Syracuse Nationals",
    "career_start": "1953",
    "career_end": "1954",
    "career_number": "14",
    "career_position": "Point guard",
    "bbr": "govedba01 ",
    "teams": {
        "Syracuse Nationals": "1953"
    },
    "birth_date": "1928-4-17"
}