{
    "name": "Becky Hammon",
    "league": "WNBA",
    "team": "Las Vegas Aces",
    "position": "Head coach",
    "height_ft": "5",
    "height_in": "6",
    "weight_lbs": "136",
    "birth_place": "Rapid City, South Dakota, U.S.",
    "nationality": "American, Russian",
    "high_school": "Stevens, (Rapid City, South Dakota)",
    "college": "Colorado State (1995\u20131999)",
    "draft_league": "WNBA",
    "draft_year": "1999",
    "career_start": "1999",
    "career_end": "2014",
    "career_position": "Point guard",
    "career_number": "25",
    "coach_start": "2014",
    "highlights": [
        "6\u00d7 WNBA All-Star (2003, 2005\u20132007, 2009, 2011)",
        "2\u00d7 All-WNBA First Team (2007, 2009)",
        "2\u00d7 All-WNBA Second Team (2005, 2008)",
        "WNBA assists leader (2007)",
        "WNBA 15th Anniversary Team (2011)",
        "WNBA 20th Anniversary Team (2016)",
        "WNBA 25th Anniversary Team (2021)",
        "No. 25 retired by San Antonio Stars/Las Vegas Aces",
        "Spanish League champion (2010)",
        "Queen's Cup winner (2010) '''As head coach:'''",
        "2\u00d7 WNBA champion (2022, 2023)",
        "Commissioner's Cup champion (2022)",
        "WNBA Coach of the Year (2022)"
    ],
    "HOF_player": "becky-hammon",
    "CBBASKHOF_year": "2023",
    "teams": {
        "New York Liberty": "1999\u20132006",
        "Trentino Rovereto Basket": "2001\u20132002",
        "Rivas Ec\u00f3polis": "2006\u20132007",
        "San Antonio Stars": "2007\u20132014",
        "CSKA Moscow": "2007\u20132009",
        "Ros Casares Valencia": "2009\u20132010",
        "Nadezhda Orenburg": "2010\u20132011",
        "Spartak Moscow Region": "2011\u20132012"
    },
    "cteams": {
        "San Antonio Spurs (assistant)": "2014\u20132021",
        "Las Vegas Aces": "2022\u2013present"
    },
    "birth_date": "1977-03-11",
    "medaltemplates": [
        "Country: {{USA}}",
        "Competition: Jones Cup",
        "Gold Medal: 1998 Taipei Team competition ",
        "Country: {{RUS}}",
        "Competition: Olympic Games",
        "Bronze Medal: 2008 Beijing National Team ",
        "Competition: EuroBasket",
        "Silver Medal: 2009 Latvia Team competition "
    ]
}