{
    "position": "Point guard",
    "height_ft": "6",
    "height_in": "0",
    "weight_lb": "200",
    "team": "Free Agent",
    "number": "20",
    "nationality": "Iranian - American",
    "birth_place": "Iran",
    "highschool": "Southridge High School",
    "college": "Linn-Benton Community College",
    "career_start": "2007",
    "career_end": "Present",
    "awards": [
        "First Pro Iranian Player in USA History",
        "First Pro Iranian Player in Portugal History",
        "(3x) Best Defensive Player",
        "ABA Dunk Contest Nominee (2007)",
        "ABA All Star Game Nominee (2007)",
        "Most Inspirational Player"
    ],
    "teams": {
        "Georgia Gwizzlies": "2007",
        "Kaveh Tehran": "2008",
        "Al Wakrah": "2009",
        "San Diego Surf": "2010",
        "Guifoes Sports Club": "2011"
    },
    "birth_date": "1986-6-20"
}