{
    "name": "Belinda Snell",
    "position": "Shooting guard / small forward",
    "height_cm": "180",
    "league": "WNBL",
    "team": "Sydney Uni Flames",
    "number": "12",
    "birth_place": "Mirboo North, Victoria, Australia",
    "career_start": "1998",
    "highlights": [
        "WNBA champion (2007)",
        "WNBL champion (1999, 2001, 2017)",
        "EuroLeague champion (2011)",
        "2\u00d7 Spanish LFB champion (2010, 2011)",
        "French LFB champion (2008)",
        "PLKK champion (2013)",
        "4x WNBL All-Star Five (2001, 2004, 2005, 2012)",
        "WNBL Top Shooter Award (2005)"
    ],
    "teams": {
        "AIS": "1998\u20132000",
        "Sydney Panthers / Uni Flames": "2000\u20132006",
        "Phoenix Mercury": "2005\u20132007",
        "Cestistica Spezzina": "2006\u20132007",
        "CJM Bourges Basket": "2007\u20132008",
        "Dynamo Moscow": "2008\u20132009",
        "San Antonio Silver Stars": "2009\u20132010",
        "Ros Casares Valencia": "2009\u20132010",
        "Avenida": "2010\u20132011",
        "Seattle Storm": "2011",
        "Sydney Uni Flames": "2016\u2013present",
        "CCC Polkowice": "2012\u20132014",
        "Bendigo Spirit": "2014\u20132016"
    },
    "birth_date": "1981-1-10",
    "medaltemplates": [
        "Competition: Olympic Games",
        "Silver Medal: 2004 Athens Team Team competition",
        "Silver Medal: 2008 Beijing Team Team competition",
        "Bronze Medal: 2012 London Team Team competition",
        "Competition: FIBA World Cup",
        "Gold Medal: 2006 Brazil  Team competition",
        "Bronze Medal: 2014 Turkey  Team competition",
        "Competition: Commonwealth Games",
        "Gold Medal: 2006 Melbourne Team Team competition",
        "Gold Medal: 2018 Gold Coast  Team competition",
        "Competition: FIBA Asia Cup",
        "Silver Medal: 2017 India  Team competition"
    ]
}