{
    "name": "Belus Smawley",
    "height_ft": "6",
    "height_in": "1",
    "weight_lb": "195",
    "birth_place": "Ellenboro, North Carolina",
    "death_date": "2003",
    "death_place": "Mooresville, North Carolina",
    "high_school": "Ellenboro, (Ellenboro, North Carolina)",
    "college": "Appalachian State (1939\u20131943)",
    "career_start": "1946",
    "career_end": "1952",
    "career_number": "14, 2, 10, 8, 5",
    "career_position": "Shooting guard",
    "coach_start": "1951",
    "coach_end": "1956",
    "highlights": [
        "NAIA tournament MVP (1943) '''As coach:'''",
        "North State Conference champion (1943)",
        "North State Conference Coach of the Year (1943)"
    ],
    "cstats_league1": "College",
    "teams": {
        "St. Louis Bombers": "1946\u20131949",
        "Syracuse Nationals": "1950",
        "Baltimore Bullets": "1950\u20131951"
    },
    "cteams": {
        "Appalachian State": "1942\u20131943",
        "Pembroke State": "1951\u20131956"
    },
    "cCollege": {
        "win": "57",
        "loss": "58 "
    },
    "birth_date": "1918-3-18"
}