{
    "name": "Ben Coleman",
    "height_ft": "6",
    "height_in": "9",
    "weight_lb": "235",
    "birth_place": "Minneapolis, Minnesota, U.S.",
    "death_date": "2019",
    "death_place": "Minneapolis, Minnesota, U.S.",
    "high_school": "North (Minneapolis, Minnesota)",
    "college": [
        "Minnesota (1979\u20131981)",
        "Maryland (1982\u20131984)"
    ],
    "draft_year": "1984",
    "draft_round": "2",
    "draft_pick": "37",
    "draft_team": "Chicago Bulls",
    "career_start": "1984",
    "career_end": "1997",
    "career_number": "40, 54, 44, 51",
    "career_position": "Power forward",
    "highlights": [
        "2\u00d7 Second-team All-ACC (1983, 1984)"
    ],
    "teams": {
        "Stefanel Trieste": "1984\u20131986",
        "New Jersey Nets": "1986\u20131987",
        "Philadelphia 76ers": "1987\u20131988",
        "Milwaukee Bucks": "1989",
        "Elos\u00faa Le\u00f3n": "1990\u20131991",
        "FC Barcelona B\u00e0squet": "1991\u20131992",
        "Argal Huesca": "1992\u20131993",
        "Rapid City Thrillers": "1993\u20131994",
        "Detroit Pistons": "1993",
        "Burghy Roma": "1994",
        "Panapesca Montecatini": "1994\u20131995",
        "Sioux Falls Skyforce": "1996\u20131997",
        "Omaha Racers": "1997"
    },
    "birth_date": "1961-11-14"
}