{
    "name": "Ben Stephens",
    "position": "Guard / forward",
    "height_ft": "6",
    "height_in": "0",
    "weight_lb": "175",
    "nationality": "American",
    "death_date": "1966",
    "death_place": "St. Thomas, Virgin Islands",
    "college": "Iowa (1936\u20131939)",
    "career_start": "1936",
    "career_end": "1939",
    "highlights": [
        "3\u00d7 All-NBL First Team (1940\u20131942)",
        "NBL Most Valuable Player (1941)",
        "NBL Rookie of the Year (1940)",
        "NBL scoring champion (1941)",
        "NBL All-Time Team"
    ],
    "teams": {
        "Akron Wingfoots": "1939\u20131942"
    },
    "birth_date": "1916-11-27"
}