{
    "name": "Ben Handlogten",
    "height_ft": "6",
    "height_in": "11",
    "weight_lbs": "247",
    "birth_place": "Grand Rapids, Michigan, U.S.",
    "high_school": "South Christian, (Grand Rapids, Michigan)",
    "college": "Western Michigan (1992\u20131996)",
    "draft_year": "1996",
    "career_start": "1996",
    "career_end": "2006",
    "career_position": "Center",
    "career_number": "44",
    "coach_start": "2008",
    "coach_end": "2011",
    "highlights": [
        "Greek League All-Star (2003)",
        "Turkish Super League champion (2001)",
        "First-team All-MAC (1996)"
    ],
    "teams": {
        "Grand Rapids Hoops": "1996\u20131997",
        "Oyak Renault": "1997\u20131998",
        "Daiwa": "1998\u20131999",
        "Galatasaray": "1999\u20132000",
        "\u00dclkerspor": "2000\u20132001",
        "Virtus Roma": "2001\u20132002",
        "Makedonikos": "2002\u20132003",
        "Utah Jazz": "2003\u20132004",
        "Ulsan Mobis Phoebus": "2005\u20132006"
    },
    "cteams": {
        "SouthLake Christian Academy (assistant)": "2008\u20132010",
        "SouthLake Christian Academy": "2010\u20132011"
    },
    "birth_date": "1973-11-16"
}