{
    "name": "Ben Warley",
    "height_ft": "6",
    "height_in": "5",
    "weight_lb": "200",
    "birth_place": "Washington, D.C., U.S.",
    "death_date": "2002",
    "death_place": "Philadelphia, Pennsylvania, U.S.",
    "high_school": "Phelps Vocational (Washington, D.C.)",
    "college": "Tennessee State (1957\u20131960)",
    "draft_year": "1961",
    "draft_round": "1",
    "draft_pick": "6",
    "draft_team": "Syracuse Nationals",
    "career_start": "1960",
    "career_end": "1974",
    "position": "Small forward / shooting guard",
    "number": "14, 33, 40, 44",
    "highlights": [
        "ABA All-Star (1968)"
    ],
    "teams": {
        "Cleveland Pipers": "1960\u20131962",
        "Long Beach Chiefs": "1962\u20131963",
        "Syracuse Nationals / Philadelphia 76ers": "1962\u20131965",
        "Baltimore Bullets": "1965\u20131966",
        "Anaheim Amigos / Los Angeles Stars": "1967\u20131969",
        "Denver Rockets": "1969\u20131970",
        "Camden Bullets": "1970\u20131971",
        "Wilkes-Barre Barons": "1971\u20131972",
        "Hazleton Bullets": "1972\u20131973",
        "Cherry Hill Rookies": "1973\u20131974"
    },
    "NBA and ABA": {
        "Points": "3,686 (8.4 ppg)",
        "Rebounds": "2,436 (5.6 rpg)",
        "Assists": "356 (0.8 apg) "
    },
    "birth_date": "1936-09-04"
}