{
    "name": "Ben Clyde",
    "number": "33",
    "position": "Small forward",
    "height_ft": "6",
    "height_in": "7",
    "weight_lb": "198",
    "birth_place": "Albany, Georgia",
    "nationality": "American",
    "high_school": "Gibbs (St. Petersburg, Florida)",
    "college": "Ellsworth CC (1970\u20131972), Florida State (1972\u20131973)",
    "draft_year": "1974",
    "draft_round": "5",
    "draft_pick": "89",
    "draft_team": "Boston Celtics",
    "career_start": "1974",
    "career_end": "1975",
    "bbr": "clydebe01",
    "letter": "c ",
    "teams": {
        "Boston Celtics": "1974"
    },
    "birth_date": "1951-06-10"
}