{
    "name": "Ben Gordon",
    "position": "Shooting guard",
    "height_ft": "6",
    "height_in": "1",
    "weight_lb": "200",
    "nationality": "British / American",
    "birth_place": "London, England",
    "highschool": "Mount Vernon, (Mount Vernon, New York)",
    "college": "UConn (2001\u20132004)",
    "draft_year": "2004",
    "draft_round": "1",
    "draft_pick": "3",
    "draft_team": "Chicago Bulls",
    "career_start": "2004",
    "career_end": "2017",
    "career_position": "Shooting guard",
    "career_number": "7, 8",
    "highlights": [
        "NBA Sixth Man of the Year (2004)",
        "NBA All-Rookie First Team (2004)",
        "NCAA champion (2004)",
        "First-team All-Big East (2004)",
        "Second-team All-Big East (2003)",
        "Big East tournament MVP (2004)"
    ],
    "teams": {
        "Chicago Bulls": "2004\u20132008",
        "Detroit Pistons": "2009\u20132011",
        "Charlotte Bobcats": "2012\u20132013",
        "Orlando Magic": "2014",
        "Texas Legends": "2017"
    },
    "stats": {
        "Points": "11,084 (14.9 ppg)",
        "Rebounds": "1,851 (2.5 rpg)",
        "Assists": "1,868 (2.5 apg) "
    },
    "birth_date": "1983-4-4"
}