{
    "name": "Ben Pepper",
    "position": "Centre",
    "height": "213",
    "weight": "112",
    "birth_place": "Geraldton, Western Australia",
    "draft_year": "1997",
    "draft_round": "2",
    "draft_pick": "55",
    "draft_team": "Boston Celtics",
    "career_start": "1996",
    "career_end": "2008",
    "highlights": [
        "NBL Most Improved Player (1997)",
        "NBL Sixth Man of the Year (1997)"
    ],
    "teams": {
        "Newcastle Falcons": "1996\u20131997",
        "North Melbourne Giants": "1998",
        "Victoria Titans": "1999\u20132001",
        "Wollongong Hawks": "2002\u20132003",
        "Victoria Giants": "2004",
        "New Zealand Breakers": "2005\u20132007",
        "Townsville Crocodiles": "2007\u20132008"
    },
    "birth_date": "1975-7-15"
}