{
    "name": "Ben Davis",
    "number": "43, 4",
    "position": "Power forward",
    "height_ft": "6",
    "height_in": "9",
    "weight_lb": "242",
    "birth_place": "Vero Beach, Florida",
    "nationality": "American",
    "high_school": "Oak Hill Academy, (Mouth of Wilson, Virginia)",
    "college": [
        "Kansas (1991\u20131992)",
        "Hutchinson CC (1993\u20131994)",
        "Arizona (1994\u20131996)"
    ],
    "draft_year": "1996",
    "draft_round": "2",
    "draft_pick": "43",
    "draft_team": "Phoenix Suns",
    "career_start": "1996",
    "career_end": "2009",
    "highlights": [
        "First-team All-Pac-10 (1996)",
        "Second-team ''Parade'' All-American (1991)"
    ],
    "bbr": "davisbe01 ",
    "teams": {
        "Phoenix Suns": "1999",
        "Grand Rapids Hoops": "1998\u20131999",
        "New York Knicks": "1998",
        "Capitanes de Arecibo": "1998",
        "Tau Cer\u00e1mica": "1998",
        "Idaho Stampede": "1999",
        "Brujos de Guayama": "2000",
        "Kansas City Knights": "2000",
        "Makedonikos": "2000\u20132001",
        "Trotamundos de Carabobo": "2001",
        "Cantabria Lobos": "2001\u20132002",
        "Roseto Sharks": "2002\u20132003",
        "Westchester Wildfire": "2004",
        "Benfica": "2005\u20132006",
        "Paysandu BB": "2006\u20132007",
        "Lechugueros de Le\u00f3n": "2008\u20132009"
    },
    "birth_date": "1972-12-26"
}