{
    "name": "Ben Kelso",
    "height_ft": "6",
    "height_in": "3",
    "weight_lb": "195",
    "birth_place": "Flint, Michigan",
    "nationality": "American",
    "high_school": "Southwestern (Flint, Michigan)",
    "college": "Central Michigan (1970\u20131973)",
    "draft_year": "1973",
    "draft_round": "8",
    "draft_pick": "129",
    "draft_team": "Detroit Pistons",
    "career_start": "1973",
    "career_end": "1974",
    "career_number": "5, 30",
    "career_position": "Shooting guard",
    "highlights": [
        "First-team All-MAC (1973)",
        "No. 30 retired by Central Michigan Chippewas"
    ],
    "teams": {
        "Detroit Pistons": "1973"
    },
    "cteams": {
        "Eastern Michigan (assistant)": "1976\u20131980",
        "Cooley HS": "1984\u20131998",
        "Southfield HS": "1998\u20132002",
        "Central HS": "2007\u20132010",
        "Kansas State (assistant)": "2005\u20132006",
        "Mumford HS": "2018\u2013present",
        "Waterford Kettering HS": "2013\u20132014",
        "Pontiac HS": "2014\u20132018"
    },
    "birth_date": "1949-4-11"
}