{
    "name": "Ben Hunt",
    "position": "Point guard",
    "height_cm": "188",
    "weight_kg": "82",
    "nationality": "Australian",
    "birth_place": "Bendigo, Victoria",
    "high_school": "Bendigo Senior Secondary College, (Bendigo, Victoria)",
    "college": [
        "Stephen F. Austin (2001\u20132003)",
        "Texas Wesleyan (2004\u20132006)"
    ],
    "draft_year": "2006",
    "career_start": "1994",
    "career_end": "2008",
    "highlights": [
        "SBL All Star Second Team (2007)",
        "SBL All Star Third Team (2008)",
        "2\u00d7 All-SEABL South Team (2000, 2001)",
        "SEABL South Youth Player of the Year (2000)",
        "NAIA D1 National Tournament winner (2006)",
        "NAIA D1 All-Tournament Team (2006)",
        "Second-team NAIA D1 All-American (2006)",
        "RRAC Co-Player of the Year (2006)",
        "2\u00d7 First-team All-RRAC (2005, 2006)"
    ],
    "teams": {
        "Bendigo Braves": "2003",
        "Ballarat Miners": "2004",
        "Perth Wildcats": "2006\u20132008",
        "Willetton Tigers": "2007\u20132008"
    },
    "birth_date": "1978-6-6"
}