{
    "name": "Ben Poquette",
    "height_ft": "6",
    "height_in": "9",
    "weight_lb": "235",
    "birth_place": "Ann Arbor, Michigan, U.S.",
    "high_school": "East Lansing, (East Lansing, Michigan)",
    "college": "Central Michigan (1973\u20131977)",
    "draft_year": "1977",
    "draft_round": "2",
    "draft_pick": "36",
    "draft_team": "Detroit Pistons",
    "career_start": "1977",
    "career_end": "1990",
    "career_number": "50",
    "career_position": "Power forward",
    "highlights": [
        "First-team All-MAC (1977)",
        "No. 50 retired by Central Michigan Chippewas"
    ],
    "bbr": "poquebe01 ",
    "teams": {
        "Detroit Pistons": "1977\u20131978",
        "Utah Jazz": "1979\u20131982",
        "Cleveland Cavaliers": "1983\u20131986",
        "Chicago Bulls": "1986",
        "Irge Desio": "1987\u20131989",
        "S. Bennedetto Gorizia": "1989\u20131990"
    },
    "NBA": {
        "Points": "4,899 (6.8 ppg)",
        "Rebounds": "3,371 (5.2 rpg)",
        "Blocks": "794 (1.1 bpg)"
    },
    "birth_date": "1955-05-07"
}