{
    "name": "Benjie Paras",
    "height_ft": "6",
    "height_in": "4",
    "weight_lbs": "220",
    "nationality": "Filipino",
    "birth_place": "Caloocan, Philippines",
    "high_school": "San Beda College",
    "college": "University of the Philippines Diliman",
    "draft_round_pba": "1",
    "draft_pick_pba": "1st overall",
    "draft_year_pba": "1989",
    "draft_team_pba": "Formula Shell",
    "career_start": "1989",
    "career_end": "2003",
    "career_position": "Center",
    "highlights": [
        "4x PBA champion (1990 First, 1992 First, 1998 Governors', 1999 All-Filipino)",
        "2\u00d7 PBA Most Valuable Player (1989, 1999)",
        "PBA Rookie of the Year (1989)",
        "PBA Comeback Player of the Year (1999)",
        "PBA Best Player of the Conference (1999 Commissioner's)",
        "PBA Finals Most Valuable Player (1998 Governors')",
        "5\u00d7 PBA Mythical First Team (1989\u20131991, 1995, 1999)",
        "3\u00d7 PBA Mythical Second Team (1992, 1994, 1996)",
        "9\u00d7 PBA All-Star (1989, 1990, 1991, 1992, 1994, 1995, 1996, 1999, 2000)",
        "2\u00d7 PBA All-Star Game Most Valuable Player (1994, 1999)",
        "PBA Slam Dunk Team Co-champion (1995)",
        "PBA Hall of Famer (Class of 2013)",
        "PBA 25 Greatest Players of All Time",
        "40 PBA Greatest Players",
        "PABL champion (1988 Maharlika)",
        "2x PABL Most Valuable Player (1988 International, 1988 Maharlika) '''As assistant coach:'''",
        "6x NCAA champions (2012, 2013, 2014, 2016, 2017, 2018)"
    ],
    "teams": {
        "Shell Turbo Chargers": "1989\u20132002",
        "San Miguel Beermen": "2002\u20132003"
    },
    "cteams": {
        "San Beda (assistant)": "2012\u20132019",
        "University of the Philippines (assistant)": "2019\u20132020"
    },
    "birth_date": "1968-10-2",
    "medaltemplates": [
        "Sport: Men\u2019s basketball",
        "Country: {{Philippines}}",
        "Competition: Asian Games",
        "Silver Medal: 1990 Beijing team "
    ]
}