{
    "name": "Benjamin Eze",
    "nationality": "Nigerian / Italian",
    "position": "Center",
    "height_ft": "6",
    "height_in": "10",
    "weight_lb": "255",
    "birth_place": "Lagos, Nigeria",
    "college": "College of Southern Idaho (1999\u20132001)",
    "draft": "Undrafted",
    "draft_year": "2001",
    "career_start": "1998",
    "career_end": "2014",
    "highlights": [
        "5\u00d7 Italian League champion (2007\u20132010, 2013)",
        "2\u00d7 Italian Cup winner (2009\u20132010, 2013)",
        "3\u00d7 Italian Supercup winner (2007\u20132009)"
    ],
    "teams": {
        "Avtodor Saratov": "1998",
        "Geoplin Slovan": "2001",
        "Viola Reggio Calabria": "2001\u20132004",
        "Montepaschi Siena": "2012\u20132013",
        "Khimki": "2010\u20132011",
        "Olimpia Milano": "2011\u20132012",
        "Dinamo Sassari": "2014"
    },
    "birth_date": "1981-2-8"
}