{
    "name": "Bennie Swain",
    "height_ft": "6",
    "height_in": "8",
    "weight_lb": "220",
    "birth_place": "Talladega, Alabama",
    "death_date": "2008",
    "death_place": "Houston, Texas",
    "nationality": "American",
    "high_school": "Westside (Talladega, Alabama)",
    "college": "Texas Southern (1954\u20131958)",
    "draft_year": "1958",
    "draft_round": "1",
    "draft_pick": "7",
    "draft_team": "Boston Celtics",
    "career_start": "1958",
    "career_end": "1959",
    "career_number": "16",
    "career_position": "Power forward",
    "highlights": [
        "NBA champion (1959)",
        "Second-team All-American \u2013 NEA (1957)"
    ],
    "teams": {
        "Boston Celtics": "1958"
    },
    "stats": {
        "Points": "265 (4.6 ppg)",
        "Rebounds": "262 (4.5 rpg)",
        "Assists": "29 (0.5 apg) "
    },
    "birth_date": "1933-12-16"
}