{
    "name": "Bennie Borgmann",
    "height_ft": "5",
    "height_in": "8",
    "weight_lb": "165",
    "birth_place": "Haledon, New Jersey, U.S.",
    "death_date": "1978",
    "death_place": "Hawthorne, New Jersey, U.S.",
    "nationality": "American",
    "high_school": "Clifton (Clifton, New Jersey)",
    "career_start": "1919",
    "career_end": "1936",
    "career_position": "Guard",
    "coach_start": "1926",
    "coach_end": "1954",
    "HOF_player": "bennie-borgmann",
    "highlights": [
        "Metropolitan League champion (1923)",
        "NYSPBL champion (1923)",
        "3\u00d7 ABL scoring leader (1929\u20131931)"
    ],
    "teams": {
        "Paterson Silk Sox": "1919\u20131920",
        "Paterson Kleen Maids": "1919\u20131920",
        "Paterson": "1920\u20131921",
        "Paterson Powers Brothers": "1921\u20131922",
        "Kingston": "1921\u20131923",
        "Springfield Gunners": "1921\u20131923",
        "Paterson Legionnaires": "1922\u20131927",
        "Cohoes Trojans": "1923\u20131924",
        "Tri-Council": "1924\u20131925",
        "Original Celtics": "1925\u20131926",
        "Kingston Raiders": "1926\u20131927",
        "Fort Wayne Hoosiers": "1926\u20131930",
        "Paterson Whirlwinds": "1929\u20131930",
        "Paterson Crescents": "1930\u20131931",
        "Chicago Bruins": "1930\u20131931",
        "Honsdale": "1930\u20131931",
        "Bridgeton Moose": "1931\u20131932",
        "Long Island Pro-Imps": "1931\u20131932",
        "Paterson Continentals": "1932\u20131933",
        "Brooklyn Americans": "1932\u20131933",
        "Bridgeton Gems": "1932\u20131933",
        "Newark Joe Fays": "1933\u20131934",
        "Newark/New Britain Mules": "1934\u20131935",
        "Paterson Panthers / Trenton Moose / Passiac Reds": "1935\u20131936"
    },
    "cteams": {
        "Fort Wayne Hoosiers": "1926\u20131927",
        "Paterson Crescents": "1945\u20131946",
        "Paterson Panthers / Trenton Moose / Passiac Reds": "1935\u20131936",
        "Syracuse Nationals": "1946\u20131948",
        "Saint Michael's": "1948\u20131949",
        "Muhlenberg": "1949\u20131954"
    },
    "birth_date": "1900-11-22"
}