{
    "name": "Bennie Purcell",
    "birth_place": "Mount Vernon, Illinois, U.S.",
    "death_date": "2016",
    "death_place": "Murray, Kentucky, U.S.",
    "height_ft": "5",
    "height_in": "9",
    "weight_lbs": "180",
    "number": "21",
    "high_school": "Mt. Vernon (Mount Vernon, Illinois)",
    "college": "Murray State (1949\u20131952)",
    "draft_year": "1952",
    "draft_round": "\u2014",
    "draft_pick": "\u2014",
    "draft_team": "Baltimore Bullets",
    "career_position": "Guard",
    "birth_date": "1929-12-10"
}