{
    "name": "Benoit Benjamin",
    "height_ft": "7",
    "height_in": "0",
    "weight_lb": "250",
    "birth_place": "Monroe, Louisiana, U.S.",
    "high_school": "Carroll (Monroe, Louisiana)",
    "college": "Creighton (1982\u20131985)",
    "draft_year": "1985",
    "draft_round": "1",
    "draft_pick": "3",
    "draft_team": "Los Angeles Clippers",
    "career_start": "1985",
    "career_end": "2001",
    "career_position": "Center",
    "career_number": "00, 7",
    "highlights": [
        "Third-team All-American \u2013 NABC (1985)",
        "First-team ''Parade'' All-American (1982)",
        "McDonald's All-American (1982)"
    ],
    "teams": {
        "Los Angeles Clippers": "1985\u20131990",
        "Seattle SuperSonics": "1990\u20131992",
        "Los Angeles Lakers": "1992",
        "New Jersey Nets": "1993\u20131994",
        "Vancouver Grizzlies": "1995",
        "Milwaukee Bucks": "1995",
        "Toronto Raptors": "1996",
        "Yakima Sun Kings": "1997",
        "Peristeri Athens": "1997\u20131998",
        "Philadelphia 76ers": "1998",
        "Grand Rapids Hoops": "1998",
        "Criollos de Caguas": "1999",
        "Cleveland Cavaliers": "1999",
        "Atenas de C\u00f3rdoba": "1999",
        "Detroit Dogs": "2000",
        "Al Riyadi Beirut": "2000\u20132001"
    },
    "NBA": {
        "Points": "9,223 (11.4 ppg)",
        "Rebounds": "6,063 (7.5 rpg)",
        "Assists": "1,070 (1.3 apg) "
    },
    "birth_date": "1964-11-22"
}