{
    "name": "Beno Udrih",
    "height_ft": "6",
    "height_in": "3",
    "weight_lb": "205",
    "league": "NBA G League",
    "team": "Wisconsin Herd",
    "position": "Head coach",
    "nationality": "Slovenian",
    "birth_place": "Celje, SR Slovenia, Yugoslavia",
    "draft_year": "2004",
    "draft_round": "1",
    "draft_pick": "28",
    "draft_team": "San Antonio Spurs",
    "career_start": "1997",
    "career_end": "2018",
    "career_number": "14, 19, 18",
    "career_position": "Point guard / shooting guard",
    "coach_start": "2020",
    "highlights": [
        "2\u00d7 NBA champion (2005, 2007)",
        "Lithuanian League champion (2018)",
        "King Mindaugas Cup winner (2018)",
        "Gloria Cup champion (2018)",
        "Israeli League champion (2003)",
        "Israeli Cup champion (2003)",
        "2\u00d7 Slovenian League champion (2001, 2002)",
        "3\u00d7 Slovenian Cup champion (2000\u20132002)",
        "Adriatic League champion (2002)",
        "Slovenian League Rookie of the Year (2000)"
    ],
    "teams": {
        "Hopsi Polzela": "1997\u20132000",
        "Union Olimpija": "2000\u20132002",
        "Maccabi Tel Aviv": "2002\u20132003",
        "Avtodor Saratov": "2003\u20132004",
        "Olimpia Milano": "2004",
        "San Antonio Spurs": "2004\u20132006",
        "Sacramento Kings": "2007\u20132010",
        "Milwaukee Bucks": "2011\u20132012",
        "Orlando Magic": "2012",
        "New York Knicks": "2013",
        "Memphis Grizzlies": "2013\u20132015",
        "Miami Heat": "2015",
        "Detroit Pistons": "2016",
        "\u017dalgiris Kaunas": "2017\u20132018"
    },
    "cteams": {
        "Westchester Knicks (assistant)": "2020",
        "New Orleans Pelicans (player development)": "2020\u20132021",
        "Wisconsin Herd": "2023\u2013present"
    },
    "NBA": {
        "Points": "6,952 (8.4 ppg)",
        "Assists": "2,858 (3.4 rpg)",
        "Rebounds": "1.712 (2.1 apg) "
    },
    "birth_date": "1982-7-5"
}