{
    "name": "Bernard Fabiosa",
    "number": "15",
    "position": "Point guard",
    "height_ft": "5",
    "height_in": "9",
    "weight_lbs": "160",
    "college": "University of San Jose\u2013Recoletos",
    "nationality": "Filipino",
    "birth_place": "Tagbilaran, Bohol, Philippines",
    "draft_year_pba": "1975",
    "draft_pba": "Elevated",
    "draft_team_pba": "Crispa Redmanizers",
    "career_start": "1975",
    "career_end": "1991",
    "highlights": [
        "Mythical Ten (1984)",
        "25 Greatest Players of the PBA",
        "5,000 Points",
        "2,000 Assists",
        "1,000 Steals",
        "Top 25: Assists Average",
        "Top 25: Free Throw Percentage",
        "Season Champion: Total Assists",
        "7x Season Champion: Total Steals"
    ],
    "teams": {
        "Crispa Redmanizers": "1974\u20131984",
        "Shell Azodrin/Shell Helix/Formula Shell": "1985\u20131986",
        "Great Taste/Presto Tivolis": "1987\u20131989",
        "Purefoods Hotdogs": "1990",
        "Diet Sarsi/Swift Mighty Meaties": "1991"
    },
    "birth_date": "1954-07-23"
}