{
    "name": "Berni Rodr\u00edguez",
    "height_ft": "6",
    "height_in": "5.75",
    "weight_lbs": "205",
    "nationality": "Spanish",
    "birth_place": "M\u00e1laga, Andalusia, Spain",
    "draft_year": "2002",
    "career_start": "1998",
    "career_end": "2016",
    "career_position": "Shooting guard / small forward",
    "career_number": "5",
    "highlights": [
        "FIBA Kora\u0107 Cup champion (2001)",
        "Spanish League champion (2006)",
        "Spanish Cup winner (2005)",
        "No. 5 retired by Unicaja M\u00e1laga"
    ],
    "teams": {
        "Unicaja": "1998\u20132012",
        "\u2192Unicaja Mac\u00edas": "1998\u20131999",
        "Murcia": "2012\u20132014",
        "Baloncesto Sevilla": "2014\u20132016"
    },
    "birth_date": "1980-6-7",
    "medaltemplates": [
        "Sport: Men's Basketball",
        "Competition: Summer Olympics",
        "Silver Medal: 2008 Beijing  ",
        "Competition: FIBA World Cup",
        "Gold Medal: 2006 Japan  ",
        "Competition: EuroBasket",
        "Silver Medal: 2007 Spain Spain ",
        "Competition: FIBA Under-19 World Cup",
        "Gold Medal: 1999 Portugal U-19 Team ",
        "Competition: FIBA Europe Under-20 Championship",
        "Bronze Medal: 2000 Macedonia U-20 Team ",
        "Competition: FIBA Europe Under-18 Championship",
        "Gold Medal: 1998 Bulgaria U-18 Team "
    ]
}