{
    "name": "Bernie Fryer",
    "height_ft": "6",
    "height_in": "3",
    "weight_lb": "185",
    "birth_place": "Bellingham, Washington",
    "nationality": "American",
    "high_school": "Port Angeles, (Port Angeles, Washington)",
    "college": [
        "Peninsula College (1969\u20131970)",
        "BYU (1970\u20131972)"
    ],
    "draft_year": "1972",
    "draft_round": "7",
    "draft_pick": "109",
    "draft_team": "Phoenix Suns",
    "career_start": "1973",
    "career_end": "1975",
    "number": "13, 12, 25",
    "position": "Shooting guard",
    "referee_start": "1978",
    "referee_end": "2007",
    "highlights": [
        "First-team All-WAC (1972)"
    ],
    "teams": {
        "Portland Trail Blazers": "1973",
        "Spirits of St. Louis": "1974",
        "New Orleans Jazz": "1974"
    },
    "ABA and NBA": {
        "Points": "756 (6.3 ppg)",
        "Rebounds": "227 (3.0 rpg)",
        "Assists": "356 (1.0 apg) "
    },
    "birth_date": "1949-12-25"
}