{
    "name": "Bernard Robinson",
    "height_ft": "6",
    "height_in": "6",
    "weight_lbs": "210",
    "birth_place": "Washington, D.C.",
    "nationality": "American",
    "highschool": "Dunbar (Washington, D.C.)",
    "college": "Michigan (2000\u20132004)",
    "draft_year": "2004",
    "draft_round": "2",
    "draft_pick": "45",
    "draft_team": "Charlotte Bobcats",
    "career_start": "2004",
    "career_end": "2013",
    "career_number": "21, 22",
    "career_position": "Shooting guard / small forward",
    "highlights": [
        "NBB All Star Game MVP (2011)"
    ],
    "bbr": "robinbe01 ",
    "teams": {
        "Charlotte Bobcats": "2004\u20132006",
        "New Jersey Nets": "2006",
        "Metros de Santiago": "2010",
        "Minas T\u00eanis Clube": "2010\u20132011",
        "Quimsa": "2011\u20132012",
        "Basquete Cearense": "2012\u20132013"
    },
    "birth_date": "1980-12-26"
}