{
    "name": "Bernard Thompson",
    "height_ft": "6",
    "height_in": "6",
    "weight_lb": "210",
    "birth_place": "Phoenix, Arizona, U.S.",
    "high_school": "South Mountain, (Phoenix, Arizona)",
    "college": "Fresno State (1980\u20131984)",
    "draft_year": "1984",
    "draft_round": "1",
    "draft_pick": "19",
    "draft_team": "Portland Trail Blazers",
    "career_start": "1984",
    "career_end": "2001",
    "career_number": "5, 7, 25",
    "career_position": "Small forward / shooting guard",
    "coach_start": "2001",
    "coach_end": "2008",
    "highlights": [
        "German League Top Scorer (1995)",
        "2\u00d7 First-team All-PCAA (1983, 1984)",
        "Second-team All-PCAA (1982)"
    ],
    "teams": {
        "Portland Trail Blazers": "1984",
        "Phoenix Suns": "1985\u20131987",
        "Houston Rockets": "1988",
        "Columbus Horizon": "1989",
        "Grand Rapids Hoops": "1989\u20131990",
        "Rockford Lightning": "1990",
        "Maccabi Haifa": "1990\u20131991",
        "Oklahoma City Cavalry": "1993\u20131994",
        "Tokyo Kumajei Gumi": "1992\u20131993",
        "Fargo\u2013Moorhead Fever": "1993",
        "Swift Mighty Meaty Hotdogs": "1994",
        "TBB Trier": "1996\u20132001",
        "Universidad de Concepci\u00f3n": "1995\u20131996"
    },
    "cteams": {
        "UC Santa Cruz": "2001\u20132003",
        "TBB Trier": "2002\u20132004",
        "Arizona Rhinos": "2005\u20132008"
    },
    "birth_date": "1962-08-30"
}