{
    "name": "Bernard King",
    "position": "Guard",
    "height_ft": "6",
    "height_in": "5",
    "number": "32",
    "birth_place": "Gibsland, Louisiana, US",
    "high_school": "Gibsland-Coleman Complex, (Gibsland, Louisiana)",
    "college": "Texas A&M (1999\u20132003)",
    "draft_year": "2003",
    "career_start": "2003",
    "career_end": "2019",
    "highlights": [
        "LBL champion (2009)"
    ],
    "teams": {
        "Fenerbah\u00e7e": "2003",
        "Huntsville Flight": "2004\u20132005",
        "ASVEL Villeurbanne": "2005",
        "Tulsa 66ers": "2005\u20132006",
        "Bnei HaSharon": "2006",
        "Keravnos": "2006\u20132007",
        "Strasbourg IG": "2007",
        "Mersin BB": "2008",
        "Antalya BB": "2008",
        "Ventspils": "2009",
        "APOEL": "2009\u20132010",
        "STB Le Havre": "2016\u20132017",
        "Ch\u00e2lons Reims": "2011\u20132012",
        "SLUC Nancy": "2012",
        "Sel\u00e7uk \u00dcniversitesi": "2013",
        "Donetsk": "2013\u20132014",
        "Krasny Oktyabr": "2014",
        "Chorale Roanne Basket": "2015",
        "Olympique Antibes": "2015\u20132016",
        "UJAP Quimper 29": "2017\u20132019"
    },
    "birth_date": "1981-07-24"
}