{
    "name": "Bernie Bickerstaff",
    "team": "Cleveland Cavaliers",
    "league": "NBA",
    "position": "Sr. Basketball Advisor",
    "birth_place": "Benham, Kentucky, U.S.",
    "height_ft": "6",
    "height_in": "3",
    "weight_lb": "185",
    "high_school": "East Benham (Benham, Kentucky)",
    "college": [
        "Rio Grande CC (1961\u20131962)",
        "San Diego (1964\u20131966)"
    ],
    "coach_start": "1968",
    "coach_end": "2014",
    "cyears10": "cteam10 = Portland Trail Blazers (assistan",
    "cyears13": "cteam13 = Cleveland Cavaliers (assistan",
    "highlights": [
        "NBA champion (1978) ;As executive",
        "NBA champion (2016)"
    ],
    "cstats_league1": "NBA",
    "cteams": {
        "San Diego (assistant)": "1968\u20131969",
        "San Diego": "1969\u20131973",
        "Capital/Washington Bullets (assistant)": "1973\u20131984",
        "Seattle SuperSonics": "1985\u20131989",
        "Denver Nuggets": "1994\u20131996",
        "Washington Bullets/Wizards": "1996\u20131998",
        "St. Louis Swarm": "1999\u20132001",
        "Charlotte Bobcats": "2004\u20132006",
        "Chicago Bulls (assistant)": "2008\u20132009",
        "Los Angeles Lakers (assistant)": "2012",
        "Los Angeles Lakers (interim)": "2012"
    },
    "cNBA": {
        "win": "419",
        "loss": "518 "
    },
    "birth_date": "1943-11-02"
}