{
    "name": "Bernard King",
    "birth_place": "Brooklyn, New York, U.S.",
    "height_ft": "6",
    "height_in": "7",
    "weight_lbs": "205",
    "high_school": "Fort Hamilton (Brooklyn, New York)",
    "college": "Tennessee (1974\u20131977)",
    "draft_year": "1977",
    "draft_round": "1",
    "draft_pick": "7",
    "draft_team": "New York Nets",
    "career_start": "1977",
    "career_end": "1993",
    "career_position": "Small forward",
    "career_number": "22, 30",
    "highlights": [
        "4\u00d7 NBA All-Star (1982, 1984, 1985, 1991)",
        "2\u00d7 All-NBA First Team (1984, 1985)",
        "All-NBA Second Team (1982)",
        "All-NBA Third Team (1991)",
        "NBA Comeback Player of the Year (1981)",
        "NBA All-Rookie Team (1978)",
        "NBA scoring champion (1985)",
        "Consensus first-team All-American (1977)",
        "Consensus second-team All-American (1976)",
        "Third-team All-American \u2013 NABC (1975)",
        "3\u00d7 SEC Player of the Year (1975\u20131977)",
        "No. 53 retired by Tennessee Volunteers"
    ],
    "bbr": "kingbe01",
    "HOF_player": "bernard-king ",
    "teams": {
        "New Jersey Nets": "1992",
        "Utah Jazz": "1979",
        "Golden State Warriors": "1980\u20131981",
        "New York Knicks": "1982\u20131986",
        "Washington Bullets": "1987\u20131990"
    },
    "NBA": {
        "Points": "19,655 (22.5 ppg)",
        "Rebounds": "5,060 (5.8 rpg)",
        "Assists": "2,863 (3.3 apg)"
    },
    "birth_date": "1956-12-4"
}