{
    "name": "Bernie Williams",
    "height_ft": "6",
    "height_in": "3",
    "weight_lb": "175",
    "birth_place": "Washington, D.C., U.S.",
    "death_date": "2003",
    "high_school": "DeMatha Catholic (Hyattsville, Maryland)",
    "college": "La Salle (1966\u20131969)",
    "draft_year": "1969",
    "draft_round": "2",
    "draft_pick": "21",
    "draft_team": "San Diego Rockets",
    "career_start": "1969",
    "career_end": "1974",
    "career_number": "18, 35, 11",
    "career_position": "Point guard",
    "highlights": [
        "Third-team ''Parade'' All-American (1965)"
    ],
    "teams": {
        "San Diego Rockets": "1969\u20131970",
        "Virginia Squires": "1971\u20131974"
    },
    "NBA and ABA": {
        "Points": "2,622 (9.3 ppg)",
        "Rebounds": "523 (1.8 rpg)",
        "Assists": "556 (2.0 apg) "
    },
    "birth_date": "1945-12-30"
}