{
    "name": "Beth Cunningham",
    "league": "Missouri Valley Conference",
    "team": "Missouri State Lady Bears",
    "position": "Head Coach",
    "height_ft": "6",
    "height_in": "0",
    "weight_lb": "150",
    "nationality": "American",
    "birth_place": "Greenville, Ohio, U.S.",
    "high_school": "Bloomington South, (Bloomington, Indiana)",
    "college": "Notre Dame (1993\u20131997)",
    "career_position": "Shooting guard",
    "career_number": "21",
    "coach_start": "2001",
    "teams": {
        "Philadelphia Rage": "1997\u20131998",
        "Washington Mystics": "2000"
    },
    "cteams": {
        "VCU (assistant/assoc. HC)": "2001\u20132003",
        "VCU": "2003\u20132012",
        "Notre Dame (associate)": "2012\u20132020",
        "Duke (assistant)": "2020\u20132022",
        "Missouri State": "2022\u2013present"
    },
    "birth_date": "1975-6-5",
    "medaltemplates": [
        "Sport: Women's Basketball",
        "Country: the {{USA}}",
        "Competition: World University Games",
        "Gold Medal: 1997 Marsala Team Competition Team competition",
        "Competition: Pan American Games",
        "Bronze Medal: 1999 Winnipeg Team Competition Team competition"
    ]
}