{
    "name": "Betinho",
    "height_ft": "6",
    "height_in": "7",
    "weight_lb": "190",
    "position": "Small forward",
    "birth_place": "Fogo, Cape Verde",
    "nationality": "Cape Verdean / Portuguese",
    "league": "Liga Portuguesa de Basquetebol",
    "team": "S.L. Benfica",
    "number": "15",
    "draft_year": "2005",
    "career_start": "2003",
    "highlights": [
        "5\u00d7 Portuguese League champion (2012\u20132014, 2022, 2023)",
        "2\u00d7 Portuguese Cup winner (2014, 2023)",
        "2\u00d7 Portuguese Super Cup winner (2012, 2013)",
        "2\u00d7 Ant\u00f3nio Pratas Trophy winner (2012, 2013)"
    ],
    "teams": {
        "Barreirense": "2003\u20132007",
        "Cantabria": "2007\u20132008",
        "Breog\u00e1n": "2008\u20132011",
        "Benfica": "2019\u2013present",
        "Andorra": "2014\u20132016",
        "Aquila Basket Trento": "2016\u20132019"
    },
    "birth_date": "1985-2-5"
}