{
    "name": "Betty Lennox",
    "number": "22, 7",
    "position": "Shooting guard",
    "height_ft": "5| height_in = 8",
    "weight_lbs": "143",
    "birth_place": "Oklahoma City, Oklahoma, U.S.",
    "high_school": "Fort Osage, (Independence, Missouri)",
    "college": [
        "Butler CC (1995\u20131996)",
        "Trinity Valley CC (1996\u20131997)",
        "Louisiana Tech (1998\u20132000)"
    ],
    "draft_league": "WNBA",
    "draft_year": "2000",
    "draft_round": "1",
    "draft_pick": "6",
    "draft_team": "Minnesota Lynx",
    "career_start": "2000",
    "career_end": "2011",
    "highlights": [
        "WNBA champion (2004)",
        "WNBA Finals MVP (2004)",
        "WNBA Rookie of the Year (2000)",
        "WNBA All-Star (2000)",
        "All-WNBA Second Team (2000)",
        "Polish Cup winner (2007)"
    ],
    "wnba_profile": "betty_lennox ",
    "teams": {
        "Minnesota Lynx": "2000\u20132002",
        "Israel": "2000\u20132001",
        "Miami Sol": "2002",
        "Cleveland Rockers": "2003",
        "Seattle Storm": "2004\u20132007",
        "Coconuda Maddaloni": "2004\u20132005",
        "Beijing Great Wall": "2005\u20132006",
        "Lotos Gdynia": "2006\u20132007",
        "K.V. Imperial EKA AEL Limassol": "2007\u20132008",
        "Atlanta Dream": "2008",
        "Nadezhda Orenburg": "2008\u20132009",
        "Los Angeles Sparks": "2009\u20132010",
        "Tarsus Belediyes": "2010",
        "Tulsa Shock": "2011"
    },
    "birth_date": "1976-12-4"
}