{
    "name": "Bevo Francis",
    "position": "Forward",
    "height_ft": "6",
    "height_in": "9",
    "number": "32",
    "birth_place": "Hammondsville, Ohio, U.S.",
    "death_date": "2015",
    "death_place": "Highlandtown, Ohio, U.S.",
    "high_school": "Irondale (1948) Wellsville (1951)",
    "college": "Rio Grande (1952\u20131954)",
    "draft_year": "1956",
    "draft_round": "3",
    "draft_pick": "23",
    "draft_team": "Philadelphia Warriors",
    "highlights": [
        "Second-team All-American \u2013 AP, UPI (1954)",
        "Third-team All-American \u2013 AP (1953)"
    ],
    "birth_date": "1932-9-4"
}