{
    "name": "Billy Knight",
    "height_ft": "6",
    "height_in": "6",
    "weight_lbs": "195",
    "birth_place": "Braddock, Pennsylvania, U.S.",
    "highschool": "Braddock, (Braddock, Pennsylvania)",
    "college": "Pittsburgh (1971\u20131974)",
    "draft_year": "1974",
    "draft_round": "2",
    "draft_pick": "21",
    "draft_team": "Los Angeles Lakers",
    "career_start": "1974",
    "career_end": "1985",
    "career_number": "25, 35",
    "career_position": "Shooting guard / small forward",
    "highlights": [
        "2x NBA All-Star (1977, 1978)",
        "ABA All-Star (1976)",
        "All-ABA First Team (1976)",
        "ABA All-Rookie First Team (1975)",
        "Consensus second-team All-American (1974)",
        "No. 34 retired by Pittsburgh Panthers"
    ],
    "bbr": "knighbi01 ",
    "teams": {
        "Indiana Pacers": "1978\u20131982",
        "Buffalo Braves": "1977",
        "Boston Celtics": "1978",
        "Kansas City Kings": "1983\u20131984",
        "San Antonio Spurs": "1984",
        "CSP Limoges": "1985\u20131986"
    },
    "ABA and NBA": {
        "Points": "13,901 (16.9 ppg)",
        "Rebounds": "4,377 (5.3 rpg)",
        "Assists": "1,862 (2.3 apg)"
    },
    "birth_date": "1952-6-9"
}