{
    "name": "Bill Hanzlik",
    "height_ft": "6",
    "height_in": "7",
    "weight_lb": "185",
    "birth_place": "Middletown, Ohio, U.S.",
    "high_school": [
        "Lake Oswego (Lake Oswego, Oregon)",
        "Beloit Memorial (Beloit, Wisconsin)"
    ],
    "college": "Notre Dame (1976\u20131980)",
    "draft_year": "1980",
    "draft_round": "1",
    "draft_pick": "20",
    "draft_team": "Seattle SuperSonics",
    "career_start": "1980",
    "career_end": "1990",
    "career_number": "22, 24",
    "career_position": "Shooting guard / small forward",
    "highlights": [
        "NBA All-Defensive Second Team (1985)"
    ],
    "teams": {
        "Seattle SuperSonics": "1980\u20131981",
        "Denver Nuggets": "1982\u20131989"
    },
    "cteams": {
        "Charlotte Hornets (assistant)": "1991\u20131995",
        "Atlanta Hawks (assistant)": "1996",
        "Denver Nuggets": "1997"
    },
    "NBA": {
        "Points": "5,414 (7.2 ppg)",
        "Rebounds": "2,058 (2.8 rpg)",
        "Assists": "2,058 (2.8 apg) "
    },
    "birth_date": "1957-12-6"
}