{
    "name": "Bill Chambers",
    "number": "32",
    "position": "Center",
    "height_ft": "6",
    "height_in": "4",
    "birth_place": "Lynchburg, Virginia, U.S.",
    "death_date": "2017",
    "death_place": "Alexander City, Alabama, U.S.",
    "high_school": "E. C. Glass (Lynchburg, Virginia)",
    "college": "William & Mary (1950\u20131953)",
    "draft_year": "1953",
    "draft_round": "\u2013",
    "draft_pick": "\u2013",
    "draft_team": "Minneapolis Lakers",
    "highlights": [
        "NCAA record for rebounds in a game (51)",
        "2\u00d7 Second-team All-SoCon (1952, 1953)",
        "No. 32 retired by William & Mary Tribe"
    ],
    "cteams": {
        "Warwick HS": "1953\u20131954",
        "Newport News HS": "1954\u20131957",
        "William & Mary": "1957\u20131966"
    },
    "birth_date": "1930-12-13"
}