{
    "name": "Billy Ray Bates",
    "height_ft": "6",
    "height_in": "4",
    "weight_lbs": "211",
    "birth_place": "Kosciusko, Mississippi, U.S.",
    "high_school": "McAdams (McAdams, Mississippi)",
    "college": "Kentucky State (1974\u20131978)",
    "draftyear": "1978",
    "draftround": "3",
    "draftpick": "47",
    "draft_team": "Houston Rockets",
    "career_number": "12, 34, 35, 2",
    "career_position": "Shooting guard",
    "highlights": [
        "3\u00d7 PBA champion (1983 Reinforced Filipino, 1983 Open, 1986 Open)",
        "2\u00d7 PBA Best Import of the Conference (1983 Reinforced Filipino, 1983 Open)",
        "CBA Rookie of the Year (1979)"
    ],
    "teams": {
        "Maine Lumberjacks": "1978\u20131980",
        "Portland Trail Blazers": "1979\u20131981",
        "Washington Bullets": "1982",
        "Los Angeles Lakers": "1982",
        "Ohio Mixers": "1983\u20131984",
        "Crispa Redmanizers": "1986",
        "Fribourg Olympic": "1984\u20131986",
        "Charleston Gunners": "1986\u20131987",
        "Ginebra San Miguel": "1986\u20131988"
    },
    "NBA": {
        "Points": "2,197",
        "Rebound": "313",
        "Assists/Steals": "352/151"
    },
    "birth_date": "1956-5-31"
}