{
    "name": "Bill Martin",
    "height_ft": "6",
    "height_in": "7",
    "weight_lb": "205",
    "birth_place": "Washington, D.C.",
    "nationality": "American",
    "high_school": "McKinley (Washington, D.C.)",
    "college": "Georgetown (1981\u20131985)",
    "draft_year": "1985",
    "draft_round": "2",
    "draft_pick": "26",
    "draft_team": "Indiana Pacers",
    "career_start": "1985",
    "career_end": "1995",
    "career_number": "22, 26",
    "career_position": "Small forward",
    "highlights": [
        "NCAA champion (1984)",
        "Second-team All-Big East (1985)",
        "Second-team ''Parade'' All-American (1981)"
    ],
    "bbr": "martibi01 ",
    "teams": {
        "Indiana Pacers": "1985",
        "Cincinnati Slammers": "1986\u20131987",
        "New York Knicks": "1986",
        "Staten Island Stallions": "1987",
        "Phoenix Suns": "1987",
        "Philips Milano": "1988\u20131989",
        "Columbus Horizon": "1989",
        "La Crosse Catbirds": "1989\u20131991",
        "Rockford Lightning": "1994\u20131995"
    },
    "birth_date": "1962-08-16"
}