{
    "name": "Billy Paultz",
    "height_ft": "6",
    "height_in": "11",
    "weight_lb": "200",
    "birth_place": "River Edge, New Jersey, U.S.",
    "high_school": "River Dell (Oradell, New Jersey)",
    "college": [
        "Cameron (1966\u20131967)",
        "St. John's (1968\u20131970)"
    ],
    "draft_year": "1970",
    "draft_round": "7",
    "draft_pick": "103",
    "draft_team": "San Diego Rockets",
    "career_start": "1970",
    "career_end": "1985",
    "career_position": "Center / power forward",
    "career_number": "5",
    "highlights": [
        "ABA champion (1974)",
        "4\u00d7 ABA All-Star (1973\u20131976)",
        "ABA blocks leader (1975)",
        "ABA All-Time Team"
    ],
    "bbr": "paultbi01 ",
    "teams": {
        "New York Nets": "1970\u20131974",
        "San Antonio Spurs": "1982",
        "Houston Rockets": "1979\u20131982",
        "Atlanta Hawks": "1983",
        "Utah Jazz": "1984"
    },
    "NBA": {
        "Points": "13,099 (11.7 ppg)",
        "Rebounds": "8,959 (8.0 rpg)",
        "Blocks": "1,457 (1.5 bpg)"
    },
    "birth_date": "1948-07-30"
}