{
    "name": "Bill Hosket",
    "height_ft": "6",
    "height_in": "8",
    "weight_lb": "225",
    "birth_place": "Dayton, Ohio, U.S.",
    "high_school": "Belmont (Dayton, Ohio)",
    "college": "Ohio State (1965\u20131968)",
    "draft_year": "1968",
    "draft_round": "1",
    "draft_pick": "10",
    "draft_team": "New York Knicks",
    "career_start": "1968",
    "career_end": "1972",
    "career_position": "Power forward / center",
    "career_number": "20, 25",
    "highlights": [
        "NBA champion (1970)",
        "2\u00d7 First-team All-Big Ten (1967, 1968)",
        "Fourth-team ''Parade'' All-American (1964)"
    ],
    "teams": {
        "New York Knicks": "1968\u20131969",
        "Buffalo Braves": "1970\u20131971"
    },
    "NBA": {
        "Points": "573 (4.0 ppg)",
        "Rebounds": "355 (2.5 rpg)",
        "Assists": "94 (0.7 apg)"
    },
    "birth_date": "1946-12-20",
    "medaltemplates": [
        "Sport: Men's basketball",
        "Country: {{United States}}",
        "Gold Medal: 1968 Mexico City Team competition "
    ]
}