{
    "name": "Bill Roberts",
    "birth_place": "Fort Wayne, Indiana",
    "death_date": "2016",
    "death_place": "DeKalb, Illinois",
    "nationality": "American",
    "height_ft": "6",
    "height_in": "8",
    "weight_lb": "210",
    "college": "Wyoming (1945\u20131946)",
    "career_start": "1947",
    "career_end": "1951",
    "career_position": "Center",
    "career_number": "11, 5, 3",
    "teams": {
        "Atlanta Crackers": "1947\u20131948",
        "Chicago Stags": "1948",
        "Boston Celtics": "1948\u20131949",
        "St. Louis Bombers": "1949\u20131949",
        "Scranton Miners": "1950\u20131951",
        "Louisville Alumnites": "1950\u20131951"
    },
    "birth_date": "1925-3-13"
}