{
    "name": "Billy Lange |image=Billy Lange official Navy photo.jpg",
    "team": "Saint Joseph's Hawks",
    "league": "Atlantic 10 Conference",
    "position": "Head coach",
    "birth_place": "Haddon Heights, New Jersey, U.S.",
    "high_school": "Bishop Eustace, (Pennsauken Township, New Jersey)",
    "college": "Rowan (1990\u20131994)",
    "coach_start": "1996",
    "highlights": [
        "Skyline tournament champion (2001)",
        "2x Skyline regular season champion (2000, 2001)",
        "Patriot League Coach of the Year (2008)"
    ],
    "cteams": {
        "Philadelphia (assistant)": "1996\u20131998",
        "La Salle (assistant)": "1998\u20131999",
        "U. S. Merchant Marine Academy": "1999\u20132001",
        "Villanova (assistant)": "2001\u20132004",
        "Navy": "2004\u20132011",
        "Villanova (associate HC)": "2011\u20132013",
        "Philadelphia 76ers (assistant)": "2013\u20132018",
        "Saint Joseph's": "2019\u2013present"
    },
    "birth_date": "1972-2-11"
}