{
    "name": "Bill Willoughby",
    "height_ft": "6",
    "height_in": "8",
    "weight_lb": "205",
    "birth_place": "Englewood, New Jersey, U.S.",
    "nationality": "American",
    "high_school": "Dwight Morrow, (Englewood, New Jersey)",
    "draft_year": "1975",
    "draft_round": "2",
    "draft_pick": "19",
    "draft_team": "Atlanta Hawks",
    "career_start": "1975",
    "career_end": "1984",
    "career_number": "32, 33, 34",
    "career_position": "Small forward",
    "highlights": [
        "First-team ''Parade'' All-American (1975)"
    ],
    "teams": {
        "Atlanta Hawks": "1975\u20131976",
        "Buffalo Braves": "1977",
        "Cleveland Cavaliers": "1979",
        "Houston Rockets": "1980\u20131981",
        "San Antonio Spurs": "1982",
        "New Jersey Nets": "1982\u20131983"
    },
    "stats": {
        "Points": "2,930 (6.0 ppg)",
        "Rebounds": "1,891 (3.9 rpg)",
        "Assists": "413 (0.8 apg) "
    },
    "birth_date": "1957-5-20"
}