{
    "name": "Bill Bayno",
    "team": "APR",
    "position": "Assistant coach",
    "league": "BAL, RBL",
    "birth_place": "Goshen, New York, U.S.",
    "nationality": "American",
    "height_ft": "6",
    "height_in": "2",
    "high_school": "John S. Burke Catholic, (Goshen, New York)",
    "college": [
        "UMass (1980\u20131982)",
        "Sacred Heart (1982\u20131985)"
    ],
    "career_position": "Guard",
    "coach_start": "1985",
    "highlights": [
        "CBA champion (2003)",
        "WAC tournament champion (1998)",
        "MWC regular season champion (2000)",
        "MWC tournament champion (2000)",
        "MWC Coach of the Year (2000)"
    ],
    "cteams": {
        "Seton Hall (assistant)": "1985\u20131986",
        "Kansas (assistant)": "1986\u20131987",
        "Baptist College (assistant)": "1987\u20131988",
        "UMass (assistant)": "1988\u20131995",
        "UNLV": "1995\u20132000",
        "Phoenix Eclipse": "2000\u20132001",
        "Talk 'N Text Phone Pals": "2001\u20132002",
        "Yakima Sun Kings": "2002\u20132003",
        "Portland Trail Blazers (assistant)": "2009\u20132011",
        "Loyola Marymount": "2008\u20132009",
        "Minnesota Timberwolves (assistant)": "2011\u20132013",
        "Toronto Raptors (assistant)": "2013\u20132014",
        "Indiana Pacers (assistant)": "2016\u20132020",
        "Detroit Pistons (assistant)": "2021\u20132022",
        "APR (assistant)": "2024\u2013present"
    },
    "birth_date": "1962-5-18"
}