{
    "name": "Bill Hosket",
    "height_ft": "6",
    "height_in": "5",
    "birth_place": "Dayton, Ohio",
    "death_date": "1956",
    "death_place": "Dayton, Ohio",
    "nationality": "American",
    "high_school": "Stivers (Dayton, Ohio)",
    "college": "Ohio State (1930\u20131934)",
    "career_start": "1935",
    "career_end": "1942",
    "career_position": "Center",
    "highlights": [
        "First-team All-Big Ten (1933)"
    ],
    "teams": {
        "Dayton Metropolitans": "1937\u20131938",
        "Columbus Athletic Supply": "1936\u20131937",
        "Waterloo Wonders": "1939\u20131940",
        "Dayton Sucher Meat Packing": "1940\u20131941",
        "Columbus": "1941\u20131942"
    },
    "cteams": {
        "Dayton Metropolitans": "1935\u20131936"
    },
    "birth_date": "1911-2-19"
}