{
    "name": "Bill Cartwright",
    "height_ft": "7",
    "height_in": "1",
    "weight_lb": "245",
    "birth_place": "Lodi, California, U.S.",
    "high_school": "Elk Grove (Elk Grove, California)",
    "college": "San Francisco (1975\u20131979)",
    "draft_year": "1979",
    "draft_round": "1",
    "draft_pick": "3",
    "draft_team": "New York Knicks",
    "career_start": "1979",
    "career_end": "1995",
    "career_position": "Center",
    "career_number": "25, 24",
    "coach_start": "1996",
    "coach_end": "2013",
    "highlights": [
        "3\u00d7 NBA champion (1991\u20131993)",
        "NBA All-Star (1980)",
        "NBA All-Rookie First Team (1979)",
        "2\u00d7 Consensus second-team All-American (1977, 1979)",
        "3\u00d7 WCAC Player of the Year (1977\u20131979)",
        "3\u00d7 First-team All-WCAC (1977\u20131979)",
        "Second-team All-WCAC (1976)",
        "No. 24 retired by San Francisco Dons",
        "Mr. Basketball USA (1975)",
        "First-team ''Parade'' All-American (1975)",
        "Third-team ''Parade'' All-American (1974)",
        "2\u00d7 California Mr. Basketball (1974, 1975) '''As assistant coach:'''",
        "2\u00d7 NBA champion (1997, 1998)"
    ],
    "teams": {
        "New York Knicks": "1979\u20131987",
        "Chicago Bulls": "1988\u20131993",
        "Seattle SuperSonics": "1994"
    },
    "cteams": {
        "Chicago Bulls (assistant)": "1996\u20132001",
        "Chicago Bulls": "2001\u20132003",
        "New Jersey Nets (assistant)": "2004\u20132007",
        "Phoenix Suns (assistant)": "2008\u20132011",
        "Osaka Evessa": "2013"
    },
    "stats": {
        "Points": "12,713 (13.2 ppg)",
        "Rebounds": "6,106 (6.3 rpg)",
        "Assists": "1,390 (1.4 apg) "
    },
    "birth_date": "1957-07-30"
}