{
    "name": "Billy King",
    "height_ft": "6",
    "height_in": "6",
    "birth_place": "Sterling, Virginia, U.S.",
    "high_school": "Park View, (Sterling, Virginia)",
    "college": "Duke (1984\u20131988)",
    "career_position": "Small forward",
    "career_number": "55",
    "highlights": [
        "NABC Defensive Player of the Year (1988)"
    ],
    "birth_date": "1966-01-23",
    "medaltemplates": [
        "Sport: Men's Basketball",
        "Country: {{USA}}",
        "Competition: Summer Universiade",
        "Silver Medal: 1987 Zagreb National team "
    ]
}