{
    "name": "Billy Thomas",
    "height_ft": "6",
    "height_in": "5",
    "weight_lb": "220",
    "birth_place": "Shreveport, Louisiana",
    "nationality": "American",
    "highschool": "Loyola College Prep, (Shreveport, Louisiana)",
    "college": "Kansas (1994\u20131998)",
    "draft_year": "1998",
    "career_start": "1998",
    "career_end": "2010",
    "career_number": "20, 12, 22",
    "career_position": "Shooting guard",
    "highlights": [
        "2\u00d7 NBA D-League Sportsmanship Award (2003, 2008)",
        "CBA All-Star (2005)",
        "All-CBA First Team (2005)",
        "CBA Newcomer of the Year (2005)"
    ],
    "teams": {
        "Kansas Cagerz": "2007",
        "Regatas": "1999\u20132000",
        "Cincinnati Stuff": "2000\u20132001",
        "Greenville Groove": "2001\u20132003",
        "Coop Nordest Trieste": "2003\u20132004",
        "Dakota Wizards": "2005\u20132006",
        "New Jersey Nets": "2007",
        "Sioux Falls Skyforce": "2006",
        "Washington Wizards": "2005",
        "Red Star Belgrade": "2006\u20132007",
        "Colorado 14ers": "2009",
        "Cleveland Cavaliers": "2007",
        "Kavala": "2008\u20132009",
        "Maine Red Claws": "2009\u20132010"
    },
    "birth_date": "1975-12-23"
}