{
    "name": "Bill Closs",
    "position": "Small forward",
    "height_ft": "6",
    "height_in": "5",
    "weight_lb": "195",
    "birth_place": "Edge, Texas",
    "death_date": "2011",
    "death_place": "Palo Alto, California",
    "nationality": "American",
    "high_school": "Hearne (Hearne, Texas)",
    "college": "Rice (1940\u20131943)",
    "career_start": "1949",
    "career_end": "1952",
    "career_position": "Small forward",
    "career_number": "11, 16, 14",
    "highlights": [
        "NBL champion (1949)",
        "All-NBL Second Team (1949)",
        "Consensus first-team All-American (1943)",
        "First-team All-SWC (1943)",
        "No 22 retired by Rice Owls"
    ],
    "bbr": "clossbi01 ",
    "teams": {
        "Indianapolis Kautskys": "1946\u20131948",
        "Anderson Packers": "1948\u20131949",
        "Philadelphia Warriors": "1950",
        "Fort Wayne Pistons": "1951"
    },
    "birth_date": "1922-1-8"
}