{
    "name": "Bill Hewitt",
    "height_ft": "6",
    "height_in": "7",
    "weight_lb": "210",
    "birth_place": "Cambridge, Massachusetts",
    "nationality": "American",
    "high_school": "Cambridge Rindge and Latin (Cambridge, Massachusetts)",
    "college": [
        "Mt. SAC (1964\u20131966)",
        "USC (1966\u20131968)"
    ],
    "draft_year": "1968",
    "draft_round": "1",
    "draft_pick": "11",
    "draft_team": "Los Angeles Lakers",
    "career_start": "1968",
    "career_end": "1974",
    "career_number": "30, 31, 27",
    "career_position": "Small forward",
    "highlights": [
        "NBA All-Rookie First Team (1968)",
        "2\u00d7 First-team All-AAWU (1967, 1968)"
    ],
    "bbr": "hewitbi01 ",
    "teams": {
        "Los Angeles Lakers": "1968\u20131969",
        "Detroit Pistons": "1969\u20131971",
        "Buffalo Braves": "1972",
        "Chicago Bulls": "1974"
    },
    "NBA": {
        "Points": "2,062 (5.7 ppg)",
        "Rebounds": "1,994 (5.5 rpg)",
        "Assists": "469 (1.3 apg)"
    },
    "birth_date": "1944-08-18"
}