{
    "name": "Bill Kennedy",
    "height_ft": "5",
    "height_in": "11",
    "weight_lb": "180",
    "birth_place": "Philadelphia, Pennsylvania",
    "death_date": "2006",
    "death_place": "West Palm Beach, Florida",
    "nationality": "American",
    "high_school": "Abraham Lincoln, (Philadelphia, Pennsylvania)",
    "college": "Temple (1957\u20131960)",
    "draft_year": "1960",
    "draft_round": "2",
    "draft_pick": "15",
    "draft_team": "Philadelphia Warriors",
    "career_number": "34",
    "career_position": "Guard",
    "highlights": [
        "Second-team All-American \u2013 NEA, SN (1960)",
        "Third-team All-American \u2013 AP (1960)",
        "Robert V. Geasey Trophy winner (1960)"
    ],
    "bbr": "kennepi01 ",
    "teams": {
        "Philadelphia Warriors": "1960"
    },
    "birth_date": "1938-5-17"
}