{
    "name": "Billy Donovan",
    "team": "Chicago Bulls",
    "position": "Head coach",
    "league": "NBA",
    "birth_place": "Rockville Centre, New York, U.S.",
    "height_ft": "5",
    "height_in": "11",
    "weight_lb": "171",
    "high_school": "Saint Agnes, (Rockville Centre, New York)",
    "college": "Providence (1983\u20131987)",
    "draft_year": "1987",
    "draft_round": "3",
    "draft_pick": "68",
    "draft_team": "Utah Jazz",
    "career_start": "1987",
    "career_end": "1989",
    "career_position": "Point guard",
    "career_number": "1",
    "coach_start": "1989",
    "highlights": [
        "First-team All-Big East (1987)",
        "Third-team All-Big East (1986) '''As head coach:'''",
        "2\u00d7 NCAA national champion (2006, 2007)",
        "4\u00d7 NCAA regional champion \u2013 Final Four (2000, 2006, 2007, 2014)",
        "4\u00d7 SEC tournament champion (2005, 2006, 2007, 2014)",
        "6\u00d7 SEC regular season champion (2000, 2001, 2007, 2011, 2013, 2014)",
        "NBCA co-Coach of the Year (2019)",
        "3\u00d7 SEC Coach of the Year (2011, 2013, 2014)",
        "John R. Wooden Legends of Coaching Award (2010)",
        "Amos Alonzo Stagg Coaching Award (2006)",
        "SoCon Coach of the Year (1995)"
    ],
    "teams": {
        "Wyoming Wildcatters": "1987",
        "New York Knicks": "1987",
        "Rapid City Thrillers": "1988\u20131989"
    },
    "cteams": {
        "Kentucky (assistant)": "1989\u20131994",
        "Marshall": "1994\u20131996",
        "Florida": "1996\u20132015",
        "Oklahoma City Thunder": "2015\u20132019",
        "Chicago Bulls": "2020\u2013present"
    },
    "stats": {
        "Points": "105 (2.4 ppg)",
        "Assists": "87 (2.0 apg)",
        "Steals": "16 (0.4 spg)"
    },
    "birth_date": "1965-5-30",
    "medaltemplates": [
        "Sport: Men's basketball",
        "Sport: Head coach for {{USA}}",
        "Competition: FIBA Americas U18 Championship",
        "Gold Medal: 2012 Brazil National team ",
        "Gold Medal: 2014 United States National team ",
        "Competition: FIBA World U19 Cup",
        "Gold Medal: 2013 Czech Republic National team "
    ]
}