{
    "name": "Billy Thompson",
    "position": "Small forward",
    "height_ft": "6",
    "height_in": "7",
    "weight_lb": "195",
    "number": "55",
    "birth_place": "Camden, New Jersey, U.S.",
    "high_school": "Camden (Camden, New Jersey)",
    "college": "Louisville (1982\u20131986)",
    "draft_year": "1986",
    "draft_round": "1",
    "draft_pick": "19",
    "draft_team": "Atlanta Hawks",
    "career_start": "1986",
    "career_end": "1998",
    "highlights": [
        "2\u00d7 NBA champion (1987, 1988)",
        "NCAA champion (1986)",
        "2\u00d7 First-team All-Metro Conference (1985, 1986)",
        "First-team ''Parade'' All-American (1982)",
        "Third-team ''Parade'' All-American (1981)"
    ],
    "bbr": "thompbi01",
    "teams": {
        "Los Angeles Lakers": "1986\u20131987",
        "Miami Heat": "1988\u20131990",
        "Golden State Warriors": "1991",
        "Rapid City Thrillers": "1993\u20131994",
        "San Miguel Beermen": "1994",
        "Fenerbah\u00e7e": "1994",
        "Hapoel Jerusalem": "1994\u20131997",
        "Pe\u00f1arol de Mar del Plata": "1997\u20131998"
    },
    "NBA": {
        "Points": "2,566 (8.6 ppg)",
        "Rebounds": "1,615 (5.4 rpg)"
    },
    "birth_date": "1963-12-01",
    "medaltemplates": [
        "Sport: Men's Basketball",
        "Country: {{USA}}",
        "Competition: Summer Universiade",
        "Silver Medal: 1985 Kobe National team Team competition"
    ]
}