{
    "name": "Bill Laimbeer",
    "birth_place": "Boston, Massachusetts, U.S.",
    "height_ft": "6",
    "height_in": "11",
    "weight_lb": "245",
    "high_school": "Palos Verdes (Palos Verdes, California)",
    "college": "Notre Dame (1975\u20131979)",
    "draft_year": "1979",
    "draft_round": "3",
    "draft_pick": "65",
    "draft_team": "Cleveland Cavaliers",
    "career_start": "1979",
    "career_end": "1994",
    "career_position": "Center",
    "career_number": "41, 40",
    "coach_start": "2002",
    "coach_end": "2021",
    "highlights": [
        "2\u00d7 NBA champion (1989, 1990)",
        "4\u00d7 NBA All-Star (1983\u20131985, 1987)",
        "NBA rebounding leader (1985)",
        "No. 40 retired by Detroit Pistons",
        "Second-team ''Parade'' All-American (1975) '''As coach:'''",
        "3\u00d7 WNBA champion (2003, 2006, 2008)",
        "2\u00d7 WNBA Coach of the Year (2003, 2015)",
        "WNBA All Star Game Head Coach (2019)"
    ],
    "bbr": "laimbbi01 ",
    "teams": {
        "Basket Brescia": "1979\u20131980",
        "Cleveland Cavaliers": "1980\u20131981",
        "Detroit Pistons": "1981\u20131994"
    },
    "cteams": {
        "Detroit Shock": "2002\u20132009",
        "Minnesota Timberwolves (assistant)": "2009\u20132010",
        "New York Liberty": "2013\u20132017",
        "Las Vegas Aces": "2018\u20132021"
    },
    "stats": {
        "Points": "13,790 (12.9 ppg)",
        "Rebounds": "10,400 (9.7 rpg)",
        "Assists": "2,184 (2.0 apg)"
    },
    "birth_date": "1957-05-19"
}