{
    "name": "Bill Turner",
    "height_ft": "6",
    "height_in": "7",
    "weight_lb": "220",
    "birth_place": "Cleveland, Ohio, U.S.",
    "death_date": "2023",
    "high_school": "Central (Akron, Ohio)",
    "college": "Akron (1963\u20131967)",
    "draft_year": "1967",
    "draft_round": "3",
    "draft_pick": "27",
    "draft_team": "San Francisco Warriors",
    "career_start": "1967",
    "career_end": "1973",
    "career_number": "12, 22, 13, 34, 20, 30",
    "career_position": "Small forward / power forward",
    "teams": {
        "San Francisco Warriors": "1967\u20131969",
        "Cincinnati Royals": "1969",
        "San Francisco/Golden State Warriors": "1971\u20131971",
        "Portland Trail Blazers": "1972",
        "Los Angeles Lakers": "1972"
    },
    "NBA": {
        "Points": "1,597 (5.4 ppg)",
        "Rebounds": "1,039 (3.5 rpg)",
        "Assists": "167 (0.6 apg) "
    },
    "birth_date": "1944-02-18"
}