{
    "name": "Bill Fitch",
    "birth_place": "Davenport, Iowa, U.S.",
    "death_date": "2022",
    "death_place": "Lake Conroe, Texas, U.S.",
    "height_ft": "6",
    "height_in": "2",
    "weight_lb": "205",
    "high_school": "Wilson (Cedar Rapids, Iowa)",
    "college": "Coe (1950\u20131954)",
    "coach_start": "1956",
    "coach_end": "1998",
    "cstats_league1": "NBA",
    "highlights": [
        "NBA champion (1981)",
        "2\u00d7 NBA Coach of the Year Award (1975, 1979)",
        "NBA All-Star Game head coach (1982)",
        "Top 10 Coaches in NBA History"
    ],
    "HOF_coach": "bill-fitch ",
    "cteams": {
        "Creighton (assistant)": "1956\u20131958",
        "Coe": "1958\u20131962",
        "North Dakota": "1962\u20131967",
        "Bowling Green": "1967\u20131968",
        "Minnesota": "1968\u20131970",
        "Cleveland Cavaliers": "1970\u20131978",
        "Boston Celtics": "1979\u20131982",
        "Houston Rockets": "1983\u20131987",
        "New Jersey Nets": "1989\u20131991",
        "Los Angeles Clippers": "1994\u20131997"
    },
    "cNBA": {
        "win": "944",
        "loss": "1106"
    },
    "birth_date": "1932-5-19"
}