{
    "name": "Bill Curley",
    "team": "Emerson Lions",
    "position": "Head coach",
    "league": "NEWMAC",
    "height_ft": "6",
    "height_in": "9",
    "weight_lb": "220",
    "birth_place": "Boston, Massachusetts, U.S.",
    "high_school": "Duxbury, (Duxbury, Massachusetts)",
    "college": "Boston College (1990\u20131994)",
    "draft_year": "1994",
    "draft_round": "1",
    "draft_pick": "22",
    "draft_team": "San Antonio Spurs",
    "career_start": "1994",
    "career_end": "2001",
    "career_number": "17, 15, 31, 30",
    "career_position": "Power forward",
    "coach_start": "2011",
    "highlights": [
        "Third-team All-American \u2013 NABC (1994)",
        "2\u00d7 First-team All-Big East (1993, 1994)",
        "Second-team ''Parade'' All-American (1990)"
    ],
    "bbr": "curlebi01 ",
    "teams": {
        "Detroit Pistons": "1994",
        "Minnesota Timberwolves": "1997\u20131998",
        "Golden State Warriors": "2000",
        "Houston Rockets": "1999",
        "Dallas Mavericks": "2000"
    },
    "cteams": {
        "Emerson (assistant)": "2011\u20132014",
        "Emerson": "2014\u2013present"
    },
    "NBA": {
        "Points": "394 (2.7 ppg)",
        "Rebounds": "290 (2.0 rpg)"
    },
    "birth_date": "1972-05-29"
}