{
    "name": "Billy Gabor",
    "number": "35, 7",
    "position": "Point guard",
    "height_ft": "5",
    "height_in": "11",
    "weight_lb": "170",
    "birth_place": "Binghamton, New York, U.S.",
    "death_date": "2019",
    "death_place": "Jupiter, Florida, U.S.",
    "high_school": "Binghamton Central, (Binghamton, New York)",
    "college": "Syracuse (1942\u20131943, 1945\u20131948)",
    "draft_year": "1948",
    "draft_round": "\u2014",
    "draft_pick": "\u2014",
    "draft_team": "Rochester Royals",
    "career_start": "1948",
    "career_end": "1955",
    "highlights": [
        "NBA champion (1955)",
        "NBA All-Star (1953)",
        "2\u00d7 Second-team All-American \u2013 Helms (1946, 1947)",
        "Third-team All-American \u2013 TSN (1946)",
        "No. 17 retired by Syracuse Orange"
    ],
    "bbr": "gaborbi01 ",
    "teams": {
        "Syracuse Nationals": "1948\u20131954"
    },
    "NBA": {
        "Points": "2,997 (9.8 ppg)",
        "Rebounds": "448 (1.8 rpg)",
        "Assists": "626 (2.0 apg)"
    },
    "birth_date": "1922-05-13"
}