{
    "name": "Bill Edwards",
    "birth_place": "Middletown, Ohio",
    "nationality": "American",
    "height": "ft=6",
    "weight": "215",
    "high_school": "Carlisle (Carlisle, Ohio)",
    "college": "Wright State (1989\u20131993)",
    "draft_year": "1993",
    "career_start": "1993",
    "career_end": "2006",
    "career_number": "40",
    "career_position": "Small forward / power forward",
    "highlights": [
        "Italian Cup winner (1999)",
        "2\u00d7 Greek League All-Star (1996 II, 1999)",
        "French Cup winner (2001)",
        "French League Foreign MVP (2001)",
        "German Cup winner (2005)",
        "MCC Player of the Year (1993)",
        "2\u00d7 First-team All-MCC (1992, 1993)",
        "MCC tournament MVP (1993)"
    ],
    "bbr": "edwarbi01",
    "teams": {
        "Sioux Falls Skyforce": "1993\u20131994",
        "Philadelphia 76ers": "1993",
        "Scaligera Basket Verona": "1994\u20131995",
        "Cagiva Varese": "1995\u20131996",
        "AEK Athens": "1996\u20131997",
        "Calze Pompea Roma": "1997\u20131998",
        "Kinder Bologna": "1998\u20131999",
        "PAOK Thessaloniki": "2002",
        "ASVEL Villeurbanne": "2000\u20132001",
        "Casademont Girona": "2002",
        "Hapoel Jerusalem": "2003",
        "Koln Rein Energy": "2004\u20132005",
        "EWE Baskets Oldenburg": "2005\u20132006"
    },
    "birth_date": "1971-8-28",
    "medaltemplates": [
        "Country: {{USA}}",
        "Competition: FIBA World Cup",
        "Bronze Medal: 1998 Greece National team "
    ]
}