{
    "name": "Bill Calhoun",
    "position": "Shooting guard / small forward",
    "height_ft": "6",
    "height_in": "5| weight_lb    = 180",
    "number": "19, 5, 10, 3",
    "birth_place": "San Francisco, California",
    "nationality": "American",
    "high_school": "Lowell   (San Francisco, California)",
    "college": "CC of San Francisco (1945\u20131946)",
    "career_start": "1947",
    "career_end": "1955",
    "highlights": [
        "NBA champion (1951)"
    ],
    "bbr": "calhobi01",
    "letter": "c ",
    "teams": {
        "Rochester Royals": "1947\u20131951",
        "Baltimore Bullets": "1951\u20131952",
        "Milwaukee Hawks": "1952\u20131955"
    },
    "NBA": {
        "Points": "3,440",
        "Rebounds": "1,292",
        "Assists": "1,036"
    },
    "birth_date": "1927-11-04"
}