{
    "name": "Bill Chamberlain",
    "height_ft": "6",
    "height_in": "6",
    "weight_lb": "188",
    "nationality": "American",
    "high_school": "Long Island Lutheran (Brookville, New York)",
    "college": "North Carolina (1969\u20131972)",
    "draft_year": "1972",
    "draft_round": "3",
    "draft_pick": "43",
    "draft_team": "Golden State Warriors",
    "career_start": "1972",
    "career_end": "1974",
    "career_number": "42, 24",
    "career_position": "Small forward",
    "highlights": [
        "Second-team All-ACC (1972)"
    ],
    "bbr": "chambbi01 ",
    "teams": {
        "Memphis Tams": "1972\u20131973",
        "Kentucky Colonels": "1973",
        "Phoenix Suns": "1973"
    },
    "birth_date": "1949-12-16"
}