{
    "name": "Billy Cunningham",
    "birth_place": "New York City, New York, U.S.",
    "height_ft": "6",
    "height_in": "6",
    "weight_lb": "210",
    "high_school": "Erasmus Hall (Brooklyn, New York)",
    "college": "North Carolina (1962\u20131965)",
    "draft_year": "1965",
    "draft_round": "1",
    "draft_pick": "5",
    "draft_team": "Philadelphia 76ers",
    "career_start": "1965",
    "career_end": "1976",
    "career_position": "Small forward / power forward",
    "career_number": "32",
    "coach_start": "1977",
    "coach_end": "1985",
    "highlights": [
        "NBA champion (1967)",
        "4\u00d7 NBA All-Star (1969\u20131972)",
        "3\u00d7 All-NBA First Team (1969\u20131971)",
        "All-NBA Second Team (1972)",
        "NBA All-Rookie First Team (1966)",
        "ABA MVP (1973)",
        "All-ABA First Team (1973)",
        "ABA All-Star (1973)",
        "NBA anniversary team (50th, 75th)",
        "ABA All-Time Team",
        "No. 32 retired by Philadelphia 76ers",
        "New York City Basketball Hall of Fame inaugural class (1990)",
        "First-team All-American \u2013 USBWA (1964)",
        "Second-team All-American \u2013 NABC, UPI (1965)",
        "ACC Player of the Year (1965)",
        "3\u00d7 First-team All-ACC (1963\u20131965) '''As coach:'''",
        "NBA champion (1983)",
        "4\u00d7 NBA All-Star Game head coach (1978, 1980, 1981, 1983)"
    ],
    "bbr": "cunnibi01",
    "cstats_league1": "NBA",
    "HOF_player": "billy-Cunningham",
    "CBBASKHOF_year": "2006 ",
    "teams": {
        "Philadelphia 76ers": "1974\u20131975",
        "Carolina Cougars": "1972\u20131974"
    },
    "cteams": {
        "Philadelphia 76ers": "1977\u20131984"
    },
    "ABA and NBA": {
        "Points": "16,310 (21.2 ppg)",
        "Rebounds": "7,981 (10.4 rpg)",
        "Assists": "3,305 (4.3 apg)"
    },
    "cNBA": {
        "win": "454",
        "loss": "196"
    },
    "birth_date": "1943-06-03"
}