{
    "name": "Bill Mlkvy",
    "number": "16",
    "position": "Small forward",
    "height_ft": "6",
    "height_in": "4",
    "weight_lb": "190",
    "birth_place": "Palmerton, Pennsylvania",
    "nationality": "American",
    "high_school": "Stephen S. Palmer (Palmerton, Pennsylvania)",
    "college": "Temple (1949\u20131952)",
    "draft_year": "1952",
    "draft_pick": "territorial pick",
    "draft_team": "Philadelphia Warriors",
    "career_start": "1952",
    "career_end": "1953",
    "highlights": [
        "Consensus first-team All-American (1951)",
        "NCAA season scoring leader (1951)",
        "No. 20 retired by Temple Owls"
    ],
    "bbr": "mlkvybi01 ",
    "teams": {
        "Philadelphia Warriors": "1952"
    },
    "NBA": {
        "Points": "181",
        "Rebounds": "101",
        "Assists": "62"
    },
    "birth_date": "1931-01-19"
}