{
    "name": "Bill Melchionni",
    "height_ft": "6",
    "height_in": "1",
    "weight_lb": "165",
    "birth_place": "Philadelphia, Pennsylvania, U.S.",
    "high_school": "Bishop Eustace Prep (Pennsauken Township, New Jersey)",
    "college": "Villanova (1963\u20131966)",
    "draft_year": "1966",
    "draft_round": "2",
    "draft_pick": "19",
    "draft_team": "Philadelphia 76ers",
    "career_start": "1966",
    "career_end": "1976",
    "career_position": "Point guard",
    "career_number": "28, 3, 25",
    "highlights": [
        "NBA champion (1967)",
        "2\u00d7 ABA champion (1974, 1976)",
        "3\u00d7 ABA All-Star (1971\u20131973)",
        "3\u00d7 ABA assists leader (1971\u20131973)",
        "All-ABA First Team (1972)",
        "No. 25 retired by Brooklyn Nets",
        "Robert V. Geasey Trophy winner (1966)",
        "NIT MVP (1966)"
    ],
    "teams": {
        "Philadelphia 76ers": "1966\u20131967",
        "Trenton Colonials": "1968\u20131969",
        "New York Nets": "1969\u20131976"
    },
    "NBA and ABA": {
        "Points": "6,870 (10.6 ppg)",
        "Rebounds": "1,284 (2.0 rpg)",
        "Assists": "3,247 (5.0 apg) "
    },
    "birth_date": "1944-10-19"
}