{
    "height_ft": "6",
    "height_in": "10",
    "weight_lb": "215",
    "birth_place": "Monroe, Louisiana, U.S.",
    "death_date": "2022",
    "death_place": "Mercer Island, Washington, U.S.",
    "high_school": "McClymonds (Oakland, California)",
    "college": "San Francisco (1953\u20131956)",
    "draft_year": "1956",
    "draft_round": "1",
    "draft_pick": "2",
    "draft_team": "St. Louis Hawks",
    "career_start": "1956",
    "career_end": "1969",
    "career_position": "Center",
    "career_number": "6",
    "coach_start": "1966",
    "coach_end": "1988",
    "highlights": [
        "11\u00d7 NBA champion (1957, 1959\u20131966, 1968, 1969)Russell won 11 NBA championships as a player for the Boston Celtics. Those 11 championships include two that he won as the team's player-coach.",
        "5\u00d7 NBA Most Valuable Player (1957, 1960\u20131962, 1964)",
        "12\u00d7 NBA All-Star (1958\u20131969)",
        "NBA All-Star Game MVP (1963)",
        "3\u00d7 All-NBA First Team (1958, 1962, 1964)",
        "8\u00d7 All-NBA Second Team (1957, 1959\u20131961, 1963, 1965\u20131967)",
        "NBA All-Defensive First Team (1968)",
        "4\u00d7 NBA rebounding champion (1957, 1958, 1963, 1964)",
        "NBA Lifetime Achievement Award (2017)",
        "NBA anniversary team (25th, 35th, 50th, 75th)",
        "No. 6 retired by Boston Celtics",
        "No. 6 retired by all NBA teams",
        "2\u00d7 NCAA champion (1955, 1956)",
        "NCAA Tournament Most Outstanding Player (1955)",
        "UPI College Player of the Year (1956)",
        "2\u00d7 Helms Player of the Year (1955, 1956)",
        "2\u00d7 Consensus first-team All-American (1955, 1956)",
        "WCC Player of the Year (1956)",
        "3\u00d7 First-team All-WCC (1954\u20131956)",
        "No. 6 retired by San Francisco Dons",
        "Presidential Medal of Freedom (2011) '''As coach:'''",
        "Russell won 11 NBA championships as a player for the Boston Celtics. Those 11 championships include two that he won as the team's player-coach."
    ],
    "url": "https://bleacherreport.com/articles/10017227-bill-russell-dies-at-age-88-hall-of-famer-won-11-nba-titles-with-celtics",
    "title": "Bill Russell Dies at Age 88; Hall of Famer Won 11 NBA Titles with Celtics",
    "website": "Bleacher Report  ",
    "cstats_league1": "NBA",
    "HOF_coach": "bill-russell",
    "HOF_player": "bill-russell",
    "FIBA_HOF_player": "Bill-Russell",
    "CBBASKHOF_year": "2006",
    "teams": {
        "Boston Celtics": "1956\u20131968"
    },
    "cteams": {
        "Boston Celtics": "1966\u20131968",
        "Seattle SuperSonics": "1973\u20131976",
        "Sacramento Kings": "1987"
    },
    "NBA": {
        "Points": "14,522 (15.1 ppg)",
        "Rebounds": "21,620 (22.5 rpg)",
        "Assists": "4,100 (4.3 apg)"
    },
    "cNBA": {
        "win": "341",
        "loss": "290"
    },
    "birth_date": "1934-2-12",
    "medaltemplates": [
        "Sport: Men's basketball",
        "Country: the {{USA}}",
        "Competition: Olympic Games",
        "Gold Medal: 1956 Melbourne Team competition"
    ]
}