{
    "name": "Bill Lienhard",
    "height_ft": "6",
    "height_in": "5",
    "weight_lb": "180",
    "birth_place": "Slaton, Texas, U.S.",
    "death_date": "2022",
    "death_place": "Lawrence, Kansas, U.S.",
    "high_school": "Newton (Newton, Kansas)",
    "college": "Kansas (1949\u20131952)",
    "draft_year": "1952",
    "career_position": "Forward",
    "highlights": [
        "NCAA champion (1952)"
    ],
    "birth_date": "1930-01-14",
    "medaltemplates": [
        "Sport: Men's basketball",
        "Country: the {{USA}}",
        "Competition: Olympic Games",
        "Gold Medal: 1952 Helsinki Team competition "
    ]
}