{
    "name": "Bill Bradley",
    "height_ft": "5",
    "height_in": "11",
    "weight_lb": "165",
    "death_date": "2002",
    "nationality": "American",
    "high_school": "Central (Louisville, Kentucky)",
    "college": "Tennessee State (1960\u20131964)",
    "draft_year": "1964",
    "career_position": "Shooting guard",
    "career_number": "34",
    "highlights": [
        "AAU All-American (1964)"
    ],
    "teams": {
        "Kentucky Colonels": "1967\u20131968"
    },
    "birth_date": "1941-6-16"
}