{
    "name": "Billy Singleton",
    "position": "Center",
    "height_ft": "6",
    "height_in": "7",
    "nationality": "American",
    "birth_place": "New York City, New York",
    "high_school": "Adlai E. Stevenson (Bronx, New York)",
    "college": "St. John's (1987\u20131991)",
    "draft_year": "1991",
    "career_start": "1991",
    "career_end": "2007",
    "teams": {
        "Chester Jets": "2003\u20132007",
        "Leicester Riders": "2000\u20132002",
        "Thames Valley Tigers": "1999\u20132000",
        "Scottish Rocks": "2002\u20132003",
        "JA Vichy": "2003"
    },
    "birth_date": "1968-6-1"
}