{
    "name": "Billy Hassett",
    "height_ft": "5",
    "height_in": "11",
    "weight_lb": "185",
    "death_date": "1992",
    "nationality": "American",
    "high_school": "La Salle Academy (New York City, New York)",
    "college": [
        "Georgetown (1942\u20131943)",
        "Notre Dame (1944\u20131946)"
    ],
    "career_start": "1946",
    "career_end": "1951",
    "career_position": "Point guard",
    "career_number": "8, 11",
    "highlights": [
        "NBA champion (1950)",
        "Consensus first-team All-American (1945)",
        "Consensus second-team All-American (1946)"
    ],
    "teams": {
        "Tri-Cities Blackhawks": "1947\u20131949",
        "Chicago Gears": "1947",
        "Minneapolis Lakers": "1949",
        "Baltimore Bullets": "1950"
    },
    "birth_date": "1921-10-21"
}