{
    "nationality": "Filipino / American",
    "height_ft": "6",
    "height_in": "6",
    "weight_lbs": "225",
    "birth_place": "Bocaue, Bulacan, Philippines",
    "college": "Bakersfield College",
    "draft_year_pba": "2003",
    "draft_round_pba": "1",
    "draft_pick_pba": "6",
    "draft_team_pba": "Purefoods TJ Hotdogs",
    "career_start": "2003",
    "career_end": "2020",
    "career_position": "Center / power forward",
    "highlights": [
        "5\u00d7 PBA champion (2006\u201307 Philippine, 2008 Fiesta, 2017\u201318 Philippine, 2019 Philippine, 2019 Commissioner's)",
        "PBA All-Star (2005)",
        "PBA All-Defensive Team  (2008)"
    ],
    "teams": {
        "Purefoods TJ Hotdogs": "2003\u20132004",
        "Shell Turbo Chargers": "2004\u20132005",
        "Coca-Cola Tigers": "2005\u20132006",
        "Barangay Ginebra Kings": "2006\u20132010",
        "Air21 Express": "2010",
        "Barangay Ginebra San Miguel": "2010\u20132015",
        "GlobalPort Batang Pier": "2015\u20132017",
        "San Miguel Beermen": "2017\u20132020"
    },
    "birth_date": "1980-6-25"
}