{
    "name": "Bill Wheatley",
    "height_ft": "6",
    "height_in": "4",
    "birth_place": "Gypsum, Kansas, U.S.",
    "death_date": "1992",
    "death_place": "El Cerrito, California, U.S.",
    "high_school": "Kipp (Kipp, Kansas)",
    "college": "Kansas Wesleyan (1927\u20131931)",
    "career_position": "Guard",
    "highlights": [
        "AAU All-American (1936)"
    ],
    "teams": {
        "McPherson Globe Refiners": "1935\u20131936",
        "Kansas City Life": "1936\u2013193?"
    },
    "cteams": {
        "Oakland Bittners": "1946\u20131948"
    },
    "birth_date": "1909-7-5",
    "medaltemplates": [
        "Sport: Men's basketball",
        "Country: {{USA}}",
        "Competition: Olympic Games",
        "Gold Medal: 1936 Berlin Team competition "
    ]
}