{
    "name": "Bill Garnett",
    "height_ft": "6",
    "height_in": "9",
    "weight_lb": "225",
    "birth_place": "Kansas City, Missouri, U.S.",
    "high_school": "Regis Jesuit (Denver, Colorado)",
    "college": "Wyoming (1978\u20131982)",
    "draft_year": "1982",
    "draft_round": "1",
    "draft_pick": "4",
    "draft_team": "Dallas Mavericks",
    "career_start": "1982",
    "career_end": "1989",
    "career_number": "20",
    "career_position": "Power forward",
    "highlights": [
        "Second-team All-American \u2013 USBWA (1982)",
        "WAC Player of the Year (1982)",
        "First-team All-WAC (1982)",
        "Second-team All-WAC (1981)"
    ],
    "teams": {
        "Dallas Mavericks": "1982\u20131983",
        "Indiana Pacers": "1984\u20131985",
        "Berloni Torino": "1986\u20131987",
        "Yoga Bologna": "1987\u20131988",
        "Glaxo Verona": "1988\u20131989"
    },
    "cteams": {
        "Metro State (assistant)": "1994\u20131995"
    },
    "birth_date": "1960-04-22"
}