{
    "name": "Bill Robinzine",
    "height_ft": "6",
    "height_in": "7",
    "weight_lb": "230",
    "birth_place": "Chicago, Illinois",
    "death_date": "1982",
    "death_place": "Kansas City, Missouri",
    "nationality": "American",
    "high_school": "Wendell Phillips Academy, (Chicago, Illinois)",
    "college": "DePaul (1972\u20131975)",
    "draft_year": "1975",
    "draft_round": "1",
    "draft_pick": "10",
    "draft_team": "Kansas City Kings",
    "career_start": "1975",
    "career_end": "1982",
    "number": "52, 50, 54",
    "position": "Power forward",
    "teams": {
        "Kansas City Kings": "1975\u20131979",
        "Cleveland Cavaliers": "1980",
        "Dallas Mavericks": "1980",
        "Utah Jazz": "1981"
    },
    "NBA": {
        "Points": "5,541 (10.5 ppg)",
        "Rebounds": "3,209 (6.1 rpg)",
        "Assists": "560 (1.1 apg) "
    },
    "birth_date": "1953-01-20"
}