{
    "name": "Bill Zopf",
    "nationality": "American",
    "height_ft": "6",
    "height_in": "1",
    "weight_lb": "170",
    "high_school": "Monaca (Monaca, Pennsylvania)",
    "college": "Duquesne (1967\u20131970)",
    "draft_year": "1970",
    "draft_round": "2",
    "draft_pick": "33",
    "draft_team": "Milwaukee Bucks",
    "career_start": "1970",
    "career_end": "1971",
    "career_position": "Point guard",
    "career_number": "6",
    "highlights": [
        "NBA champion (1971)"
    ],
    "bbr": "zopfbi01 ",
    "teams": {
        "Milwaukee Bucks": "1970"
    },
    "birth_date": "1948-06-07"
}