{
    "name": "Bill Wendt",
    "height_ft": "6",
    "height_in": "3",
    "weight_lb": "180",
    "birth_place": "Chicago, Illinois, U.S.",
    "death_date": "1966",
    "death_place": "Arlington Heights, Illinois, U.S.",
    "high_school": "DePaul Academy (Chicago, Illinois)",
    "college": "DePaul (1935\u20131936)",
    "career_position": "Forward",
    "teams": {
        "Chicago Demons": "1937\u20131938",
        "Hammond Ciesar All-Americans": "1938"
    },
    "cteams": {
        "DePaul": "1940\u20131942"
    },
    "birth_date": "1915-3-20"
}