{
    "name": "Bill Bradley",
    "jr/sr": "United States senator",
    "state": "New Jersey",
    "term_start": "January 3, 1979",
    "term_end": "January 3, 1997",
    "predecessor": "Clifford P. Case",
    "successor": "Robert Torricelli",
    "birth_name": "William Warren Bradley",
    "birth_place": "Crystal City, Missouri, U.S.",
    "party": "Democratic",
    "spouse": "Ernestine Misslbeck Schlant",
    "partner": "Betty Sue Flowers (2009)",
    "children": "1",
    "education": "Princeton University (BA) Worcester College, Oxford (BA)",
    "allegiance": "United States",
    "branch": "United States Air Force",
    "unit": "Reserves",
    "module": "Infobox basketball biography",
    "height_ft": "6",
    "height_in": "5",
    "weight_lbs": "205",
    "high_school": "Crystal City High School",
    "college": "Princeton (1962\u20131965)",
    "draft_year": "1965",
    "draft_pick": "territorial pick",
    "draft_team": "New York Knicks",
    "career_start": "1965",
    "career_end": "1977",
    "career_position": "Small forward",
    "career_number": "24",
    "highlights": [
        "2\u00d7 NBA champion (1970, 1973)",
        "NBA All-Star (1973)",
        "No. 24 retired by New York Knicks",
        "EuroLeague champion (1966)",
        "101 Greats of European Basketball (2018)",
        "NCAA Final Four MOP (1965)",
        "USBWA College Player of the Year (1965)",
        "AP College Player of the Year (1965)",
        "Helms Foundation College Player of the Year (1965)",
        "2\u00d7 ''Sporting News'' Player of the Year (1964, 1965)",
        "UPI College Player of the Year (1965)",
        "2\u00d7 Consensus first-team All-American (1964, 1965)",
        "James E. Sullivan Award (1965)",
        "BUSF British University champion (1966)",
        "ABBA English National champion (1966)",
        "Mr. Basketball USA (1961)",
        "First-team ''Parade'' All-American (1961)",
        "Second-team ''Parade'' All-American (1960)"
    ],
    "HOF_player": "bill-bradley",
    "CBBASKHOF_year": "2006 |medal_templates =  Men's basketball the flagicon United States Olympic Games 1964 Tokyo Universiade 1965 Budapest  ",
    "teams": {
        "Olimpia Milano": "1965\u20131966",
        "New York Knicks": "1967\u20131976"
    },
    "stats": {
        "Points": "9,217 (12.4 ppg)",
        "Rebounds": "2,354 (3.2 rpg)",
        "Assists": "2,533 (3.4 apg)"
    },
    "birth_date": "1943-7-28"
}