{
    "name": "Bill McGill",
    "height_ft": "6",
    "height_in": "9",
    "weight_lb": "225",
    "birth_place": "San Angelo, Texas, U.S.",
    "death_date": "2014",
    "death_place": "Salt Lake City, Utah, U.S.",
    "nationality": "American",
    "high_school": "Jefferson (Los Angeles, California)",
    "college": "Utah (1959\u20131962)",
    "draft_year": "1962",
    "draft_round": "1",
    "draft_pick": "1",
    "draft_team": "Chicago Zephyrs",
    "career_start": "1962",
    "career_end": "1970",
    "career_number": "12, 40, 24, 14, 25",
    "career_position": "Power forward / center",
    "highlights": [
        "Consensus first-team All-American (1962)",
        "Consensus second-team All-American (1961)",
        "Third-team All-American \u2013 AP, NABC (1960)",
        "NCAA season scoring leader (1962)",
        "No. 12 retired by Utah Utes",
        "First-team ''Parade'' All-American (1958)",
        "Second-team ''Parade'' All-American (1957)"
    ],
    "teams": {
        "Chicago Zephyrs / Baltimore Bullets": "1962\u20131963",
        "New York Knicks": "1963",
        "St. Louis Hawks": "1964",
        "Los Angeles Lakers": "1964",
        "Grand Rapids Tackers": "1964\u20131967",
        "Holland Carvers": "1967\u20131968",
        "Denver Rockets": "1968\u20131969",
        "Los Angeles Stars": "1969",
        "Pittsburgh Pipers": "1969\u20131970",
        "Dallas Chaparrals": "1970"
    },
    "NBA and ABA": {
        "Points": "3,094 (10.5 ppg)",
        "Rebounds": "1,286 (4.4 rpg)",
        "Assists": "330 (1.1 apg) "
    },
    "birth_date": "1939-09-16"
}