{
    "name": "Bill Berry",
    "high_school": "Humboldt County (Winnemucca, Nevada)",
    "college": "Michigan State (1961\u20131964)",
    "birth_place": "Winnemucca, Nevada, U.S.",
    "nationality": "American",
    "coach_start": "1966",
    "coach_end": "2007",
    "highlights": [
        "2\u00d7 NBA champion (1994, 1995)",
        "PCAA tournament champion (1980)",
        "NCAA champion (1979)"
    ],
    "cteams": {
        "Highlands HS": "1966\u20131969",
        "Cosumnes River JC": "1970\u20131972",
        "California (assistant)": "1972\u20131977",
        "Michigan State (assistant)": "1977\u20131979",
        "San Jose State": "1979\u20131989",
        "Sacramento Kings (scout/assistant)": "1989\u20131990",
        "Houston Rockets (scout/assistant)": "1991\u20131998",
        "Chicago Bulls (assistant)": "1999\u20132002",
        "Chicago Bulls (interim)": "2001",
        "Washington Wizards (assistant)": "2006"
    },
    "birth_date": "1942"
}