{
    "name": "Bill Bolger",
    "birth_place": "New York City, New York",
    "death_date": "2009",
    "nationality": "American",
    "height_ft": "6",
    "height_in": "5",
    "weight_lb": "205",
    "high_school": "Xavier, (New York City, New York)",
    "college": "Georgetown (1950\u20131953)",
    "draft_year": "1953",
    "draft_round": "11",
    "draft_pick": "89",
    "draft_team": "Milwaukee Hawks",
    "career_start": "1953",
    "career_end": "1954",
    "career_position": "Small forward",
    "career_number": "16, 14",
    "teams": {
        "Baltimore Bullets": "1953"
    },
    "stats": {
        "Points": "56",
        "Rebounds": "36",
        "Assists": "11 "
    },
    "birth_date": "1931-08-31"
}