{
    "name": "Billy McCaffrey",
    "height_ft": "6",
    "height_in": "3",
    "weight_lb": "175",
    "birth_place": "Allentown, Pennsylvania, U.S.",
    "high_school": "Allentown Central Catholic, (Allentown, Pennsylvania)",
    "college": [
        "Duke (1989\u20131991)",
        "Vanderbilt (1992\u20131994)"
    ],
    "draft_year": "1994",
    "career_position": "Point guard / shooting guard",
    "highlights": [
        "NBL champion (1996)",
        "NCAA champion (1991)",
        "Consensus second-team All-American (1993)",
        "SEC Co-Player of the Year (1993)",
        "Fourth-team ''Parade'' All-American (1989)",
        "McDonald's All-American (1989)"
    ],
    "birth_date": "1971-5-30"
}