{
    "name": "Billy McKinney",
    "height_ft": "6",
    "height_in": "0",
    "weight_lb": "160",
    "birth_place": "Waukegan, Illinois, U.S.",
    "high_school": "Zion-Benton (Zion, Illinois)",
    "college": "Northwestern (1973\u20131977)",
    "draft_year": "1977",
    "draft_round": "6",
    "draft_pick": "115",
    "draft_team": "Phoenix Suns",
    "career_start": "1978",
    "career_end": "1985",
    "career_number": "25, 7, 1",
    "career_position": "Point guard",
    "highlights": [
        "First-team All-Big Ten (1977)"
    ],
    "teams": {
        "Kansas City Kings": "1978\u20131979",
        "Utah Jazz": "1980",
        "Denver Nuggets": "1980\u20131982",
        "San Diego Clippers": "1983",
        "Chicago Bulls": "1985"
    },
    "NBA": {
        "Points": "3,823 (8.0 ppg)",
        "Rebounds": "677 (1.4 rpg)",
        "Assists": "1,661 (3.5 apg) "
    },
    "birth_date": "1955-6-5"
}