{
    "name": "Bill Walton",
    "birth_place": "La Mesa, California, U.S.",
    "height_ft": "6",
    "height_in": "11",
    "weight_lb": "210",
    "high_school": "Helix (La Mesa, California)",
    "college": "UCLA (1971\u20131974)",
    "draft_year": "1974",
    "draft_round": "1",
    "draft_pick": "1",
    "draft_team": "Portland Trail Blazers",
    "career_start": "1974",
    "career_end": "1988",
    "career_position": "Center",
    "career_number": "32, 5",
    "highlights": [
        "2\u00d7 NBA champion (1977, 1986)",
        "NBA Finals MVP (1977)",
        "NBA Most Valuable Player (1977)",
        "2\u00d7 NBA All-Star (1977, 1978)",
        "All-NBA First Team (1977)",
        "All-NBA Second Team (1977)",
        "2\u00d7 NBA All-Defensive First Team (1977, 1978)",
        "NBA Sixth Man of the Year (1985)",
        "NBA rebounding leader (1976)",
        "NBA blocks leader (1976)",
        "No. 32 retired by Portland Trail Blazers",
        "NBA anniversary team (50th, 75th)",
        "2\u00d7 NCAA champion (1972, 1973)",
        "2\u00d7 NCAA Final Four Most Outstanding Player (1972, 1973)",
        "3\u00d7 National college player of the year (1972\u20131974)",
        "3\u00d7 Consensus first-team All-American (1972\u20131974)",
        "James E. Sullivan Award (1973)",
        "No. 32 retired by UCLA Bruins"
    ],
    "HOF_player": "bill-walton",
    "CBBASKHOF_year": "2006 ",
    "teams": {
        "Portland Trail Blazers": "1974\u20131978",
        "San Diego / Los Angeles Clippers": "1979\u20131984",
        "Boston Celtics": "1985\u20131987"
    },
    "NBA": {
        "Points": "6,215 (13.3 ppg)",
        "Rebounds": "4,923 (10.5 rpg)",
        "Assists": "1,590 (3.4 apg)"
    },
    "birth_date": "1952-11-5"
}