{
    "name": "Bill Kenville",
    "height_ft": "6",
    "height_in": "2",
    "weight_lb": "187",
    "birth_place": "Elmhurst, New York",
    "death_date": "2018",
    "death_place": "Binghamton, New York",
    "nationality": "American",
    "college": "St. Bonaventure (1950\u20131953)",
    "draft_round": "3",
    "draft_pick": "22",
    "draft_year": "1953",
    "draft_team": "Syracuse Nationals",
    "career_start": "1953",
    "career_end": "1960",
    "career_number": "15, 14, 6, 10",
    "career_position": "Point guard / shooting guard",
    "highlights": [
        "NBA champion (1955)"
    ],
    "bbr": "kenvibi01 ",
    "teams": {
        "Syracuse Nationals": "1954\u20131955",
        "Fort Wayne / Detroit Pistons": "1956\u20131959"
    },
    "stats": {
        "Points": "2,434 (7.1 ppg)",
        "Rebounds": "1,206 (3.5 rpg)",
        "Assists": "715 (2.1 apg)"
    },
    "birth_date": "1930-12-01"
}