{
    "name": "Bill Bunting",
    "height_ft": "6",
    "height_in": "8",
    "weight_lb": "200",
    "birth_place": "New Bern, North Carolina",
    "nationality": "American",
    "high_school": "New Bern, (New Bern, North Carolina)",
    "college": "North Carolina (1966\u20131969)",
    "draft_year": "1969",
    "draft_round": "2",
    "draft_pick": "26",
    "draft_team": "New York Knicks",
    "career_number": "42, 15, 3, 16",
    "career_position": "Small forward",
    "highlights": [
        "First-team All-ACC (1969)"
    ],
    "teams": {
        "Carolina Cougars": "1969\u20131970",
        "New York Nets": "1970\u20131971",
        "Virginia Squires": "1971"
    },
    "birth_date": "1947-8-26"
}