{
    "name": "Bill Hougland",
    "position": "Point guard",
    "height_ft": "6",
    "height_in": "4",
    "weight_lb": "190",
    "birth_place": "Caldwell, Kansas, U.S.",
    "nationality": "American",
    "death_date": "2017",
    "death_place": "Lawrence, Kansas, U.S.",
    "high_school": "Beloit (Beloit, Kansas)",
    "college": "Kansas (1949\u20131952)",
    "draft_year": "1952",
    "highlights": [
        "NCAA champion (1952)",
        "AAU champion (1955)"
    ],
    "teams": {
        "Phillips 66ers": "1952\u20131958"
    },
    "birth_date": "1930-6-20",
    "medaltemplates": [
        "Sport: Men's basketball",
        "Country: the {{USA}}",
        "Gold Medal: 1952 Helsinki Team competition ",
        "Gold Medal: 1956 Melbourne Team competition "
    ]
}