{
    "name": "Bill Bridges",
    "height_ft": "6",
    "height_in": "6",
    "weight_lb": "228",
    "birth_place": "Hobbs, New Mexico, U.S.",
    "death_date": "2015",
    "death_place": "Santa Monica, California, U.S.",
    "high_school": "Hobbs (Hobbs, New Mexico)",
    "college": "Kansas (1958\u20131961)",
    "draft_year": "1961",
    "draft_round": "3",
    "draft_pick": "32",
    "draft_team": "Chicago Packers",
    "career_start": "1961",
    "career_end": "1975",
    "career_position": "Power forward / center",
    "career_number": "10, 32, 23, 35",
    "highlights": [
        "NBA champion (1975)",
        "3\u00d7 NBA All-Star (1967, 1968, 1970)",
        "2\u00d7 NBA All-Defensive Second Team (1968, 1969)",
        "All-ABL First Team (1962)",
        "No. 32 jersey retired by Kansas Jayhawks"
    ],
    "bbr": "bridgbi01 ",
    "teams": {
        "Kansas City Steers": "1961\u20131963",
        "St. Louis / Atlanta Hawks": "1962\u20131971",
        "Philadelphia 76ers": "1971\u20131972",
        "Los Angeles Lakers": "1972\u20131974",
        "Golden State Warriors": "1974"
    },
    "NBA": {
        "Points": "11,012 (11.9 ppg)",
        "Rebounds": "11,054 (11.9 rpg)",
        "Assists": "2,553 (2.8 apg)"
    },
    "birth_date": "1939-4-4"
}