{
    "name": "Billy Keller",
    "birth_place": "Indianapolis, Indiana, U.S.",
    "height_ft": "5",
    "height_in": "10",
    "weight_lb": "180",
    "high_school": "George Washington (Indianapolis, Indiana)",
    "college": "Purdue (1966\u20131969)",
    "draft_year": "1969",
    "draft_round": "7",
    "draft_pick": "87",
    "draft_team": "Milwaukee Bucks",
    "career_start": "1969",
    "career_end": "1976",
    "career_number": "11",
    "career_position": "Point guard / shooting guard",
    "teams": {
        "Indiana Pacers": "1969\u20131976"
    },
    "cteams": {
        "University of Indianapolis": "1980\u20131987"
    },
    "ABA": {
        "Points": "6,588 (11.8 ppg)",
        "Rebounds": "1,349 (2.4 rpg)",
        "Assists": "1,980 (3.6 apg) "
    },
    "birth_date": "1947-8-30"
}