{
    "name": "Bill Sharman",
    "height_ft": "6",
    "height_in": "2",
    "weight_lb": "175",
    "birth_place": "Abilene, Texas, U.S.",
    "death_date": "2013",
    "death_place": "Redondo Beach, California, U.S.",
    "high_school": "Porterville (Porterville, California)",
    "college": "USC (1946\u20131950)",
    "draft_year": "1950",
    "draft_round": "2",
    "draft_pick": "17",
    "draft_team": "Washington Capitols",
    "career_position": "Shooting guard",
    "career_number": "10, 21",
    "career_start": "1950",
    "career_end": "1961",
    "coach_start": "1961",
    "coach_end": "1976",
    "highlights": [
        "4\u00d7 NBA champion (1957, 1959\u20131961)",
        "8\u00d7 NBA All-Star (1953\u20131960)",
        "NBA All-Star Game MVP (1955)",
        "4\u00d7 All-NBA First Team (1956\u20131959)",
        "3\u00d7 All-NBA Second Team (1953, 1955, 1960)",
        "NBA anniversary team (25th, 50th, 75th)",
        "No. 21 retired by Boston Celtics",
        "Consensus first-team All-America (1950)",
        "2\u00d7 First-team All-PCC (1949, 1950)",
        "No. 11 retired by USC Trojans '''As coach:'''",
        "NBA champion (1972)",
        "ABA champion (1971)",
        "ABL champion (1962)",
        "NBA Coach of the Year (1972)",
        "ABA Coach of the Year (1970)",
        "3\u00d7 NBA All-Star Game head coach (1968, 1972, 1973) '''As executive:'''",
        "5\u00d7  NBA champion (1980, 1982, 1985, 1987, 1988)"
    ],
    "bbr": "sharmbi01",
    "cstats_league1": "NBA & ABA",
    "HOF_player": "bill-sharman",
    "HOF_coach": "bill-sharman1",
    "CBBASKHOF_year": "2006 ",
    "teams": {
        "Washington Capitols": "1950",
        "Boston Celtics": "1951\u20131960"
    },
    "cteams": {
        "Cleveland Pipers": "1961\u20131962",
        "San Francisco Warriors": "1966\u20131967",
        "Los Angeles / Utah Stars": "1968\u20131971",
        "Los Angeles Lakers": "1971\u20131975"
    },
    "stats": {
        "Points": "12,665 (17.8 ppg)",
        "Rebounds": "2,779 (3.9 rpg)",
        "Assists": "2,101 (3.0 apg)"
    },
    "cNBA & ABA": {
        "win": "466",
        "loss": "353"
    },
    "birth_date": "1926-05-25"
}