{
    "name": "Bill Raftery",
    "birth_place": "Orange, New Jersey, U.S.",
    "high_school": "Saint Cecilia (Kearny, New Jersey)",
    "college": "La Salle (1960\u20131963)",
    "draft_year": "1963",
    "draft_round": "14",
    "draft_pick": "82",
    "draft_team": "New York Knicks",
    "career_position": "Guard",
    "coach_start": "1963",
    "coach_end": "1981",
    "highlights": [
        "Mr. Basketball USA (1959)",
        "First-team ''Parade'' All-American (1959)"
    ],
    "cteams": {
        "Fairleigh Dickinson\u2013Madison": "1963\u20131968",
        "Seton Hall": "1970\u20131981"
    },
    "birth_date": "1943-4-19"
}