{
    "name": "Bill Garrett",
    "height_ft": "6",
    "height_in": "3",
    "birth_place": "Shelbyville, Indiana",
    "death_date": "mf=yes",
    "death_place": "Indianapolis, Indiana",
    "nationality": "American",
    "high_school": "Shelbyville (Shelbyville, Indiana)",
    "college": "Indiana (1948\u20131951)",
    "draft_year": "1951",
    "draft_round": "2",
    "draft_pick": "16",
    "draft_team": "Boston Celtics",
    "career_position": "Center",
    "highlights": [
        "Consensus second-team All-American (1951)",
        "IHSAA champion (1947)",
        "Indiana Mr. Basketball (1947) '''As coach:'''",
        "IHSAA champion (1957)"
    ],
    "teams": {
        "Harlem Globetrotters": "1953\u20131956"
    },
    "cteams": {
        "Wood HS": "1956\u20131957",
        "Crispus Attucks HS": "1957\u20131968"
    },
    "birth_date": "1929-04-04"
}