{
    "name": "Bill Buntin",
    "number": "17",
    "position": "Power forward / center",
    "height_ft": "6",
    "height_in": "7",
    "weight_lb": "250",
    "birth_place": "Detroit, Michigan, US",
    "death_date": "1968",
    "death_place": "Detroit, Michigan, US",
    "high_school": "Northern (Detroit, Michigan)",
    "college": "Michigan (1962\u20131965)",
    "draft_year": "1965",
    "draft_pick": "territorial pick",
    "draft_team": "Detroit Pistons",
    "career_start": "1965",
    "career_end": "1966",
    "highlights": [
        "Consensus second-team All-American (1965)",
        "Third-team All-American \u2013 AP, NABC, UPI (1964)",
        "No. 22 retired by Michigan Wolverines"
    ],
    "bbr": "buntibi01 ",
    "teams": {
        "Detroit Pistons": "1965",
        "Battle Creek Braves /, Twin Cities Sailors": "1966\u20131967",
        "Indiana Pacers": "1967\u20131968"
    },
    "NBA": {
        "Points": "324 (7.7 ppg)",
        "Rebounds": "252 (6.0 rpg)",
        "Assists": "36 (0.9 apg)"
    },
    "birth_date": "1942-05-05"
}