{
    "name": "Billy Owens",
    "width": "150",
    "height_ft": "6",
    "height_in": "8",
    "weight_lb": "220",
    "birth_place": "Carlisle, Pennsylvania, U.S.",
    "high_school": "Carlisle (Carlisle, Pennsylvania)",
    "college": "Syracuse (1988\u20131991)",
    "draft_year": "1991",
    "draft_round": "1",
    "draft_pick": "3",
    "draft_team": "Sacramento Kings",
    "career_start": "1991",
    "career_end": "2001",
    "career_number": "30, 32, 5",
    "career_position": "Small forward / shooting guard",
    "highlights": [
        "NBA All-Rookie First Team (1991)",
        "Consensus first-team All-American (1991)",
        "Third-team All-American \u2013 NABC, UPI (1990)",
        "Big East Player of the Year (1991)",
        "2\u00d7 First-team All-Big East (1990, 1991)",
        "No. 30 retired by Syracuse Orange",
        "McDonald's All-American Game MVP (1988)",
        "First-team ''Parade'' All-American (1988)",
        "Third-team ''Parade'' All-American (1987)"
    ],
    "teams": {
        "Golden State Warriors": "1999",
        "Miami Heat": "1994\u20131995",
        "Sacramento Kings": "1995\u20131997",
        "Seattle SuperSonics": "1998",
        "Philadelphia 76ers": "1999",
        "Detroit Pistons": "2000"
    },
    "NBA": {
        "Points": "7,026 (11.7 ppg)",
        "Rebounds": "4,016 (6.7 rpg)",
        "Assists": "1,704 (2.8 apg)"
    },
    "birth_date": "1969-05-01",
    "medaltemplates": [
        "Sport: Men's Basketball",
        "Country: {{United States}}",
        "Competition: FIBA Americas Championship",
        "Silver Medal: 1989 Mexico City Team competition ",
        "Competition: World Championship",
        "Bronze Medal: 1990 Buenos Aires Team competition ",
        "Competition: Goodwill Games",
        "Silver Medal: 1990 Seattle Team competition "
    ]
}