{
    "name": "Bill Blair",
    "height_ft": "6",
    "height_in": "3",
    "weight_lb": "175",
    "birth_place": "Hazard, Kentucky, U.S.",
    "nationality": "American",
    "high_school": "Randolph-Macon Academy, (Front Royal, Virginia)",
    "college": "VMI (1961\u20131964)",
    "draft_year": "1964",
    "draft_round": "4",
    "draft_pick": "97",
    "draft_team": "St. Louis Hawks",
    "coach_start": "1967",
    "coach_end": "2001",
    "cteams": {
        "E.C. Glass HS (assistant)": "1967\u20131969",
        "George Wythe HS": "1969\u20131970",
        "VMI (assistant)": "1970\u20131972",
        "VMI": "1972\u20131976",
        "Colorado": "1976\u20131981",
        "New Jersey Nets (assistant)": "1981\u20131983",
        "New Jersey Nets": "1983",
        "Chicago Bulls (assistant)": "1983\u20131985",
        "Washington Bullets (assistant)": "1986\u20131991",
        "Indiana Pacers (assistant)": "1996\u20131998",
        "Minnesota Timberwolves": "1993\u20131995",
        "Cleveland Cavaliers (assistant)": "1999\u20132001"
    },
    "birth_date": "1942-5-17"
}