{
    "name": "Bimbo Coles",
    "height_ft": "6",
    "height_in": "1",
    "weight_lb": "180",
    "birth_place": "Covington, Virginia, U.S.",
    "high_school": "Greenbrier East (Lewisburg, West Virginia)",
    "college": "Virginia Tech (1986\u20131990)",
    "draft_year": "1990",
    "draft_round": "2",
    "draft_pick": "40",
    "draft_team": "Sacramento Kings",
    "career_start": "1990",
    "career_end": "2004",
    "career_number": "12, 50",
    "career_position": "Point guard",
    "highlights": [
        "Metro Conference co-Player of the Year (1988)",
        "3\u00d7 First-team All-Metro Conference (1988\u20131990)",
        "No. 12 retired by Virginia Tech Hokies"
    ],
    "teams": {
        "Miami Heat": "2003",
        "Golden State Warriors": "1995\u20131998",
        "Atlanta Hawks": "1999",
        "Cleveland Cavaliers": "2000\u20132002",
        "Boston Celtics": "2002"
    },
    "NBA": {
        "Points": "6,628 (7.8 ppg)",
        "Assists": "3,313 (3.9 apg)",
        "Steals": "735 (0.9 spg)"
    },
    "birth_date": "1968-04-22",
    "medaltemplates": [
        "Sport: Men's basketball",
        "Country: {{USA}}",
        "Competition: Olympic Games",
        "Bronze Medal: 1988 Seoul United States Team competition"
    ]
}