{
    "name": "Bingo Smith",
    "height_ft": "6",
    "height_in": "5",
    "weight_lb": "195",
    "birth_place": "Memphis, Tennessee, U.S.",
    "death_date": "2023",
    "death_place": "Akron, Ohio, U.S.",
    "high_school": "Melrose (Memphis, Tennessee)",
    "college": "Tulsa (1966\u20131969)",
    "draft_year": "1969",
    "draft_round": "1",
    "draft_pick": "6",
    "draft_team": "San Diego Rockets",
    "career_start": "1969",
    "career_end": "1980",
    "career_number": "32, 7",
    "career_position": "Small forward, shooting guard",
    "highlights": [
        "No. 7 retired by Cleveland Cavaliers",
        "Third-team All-American \u2013 AP (1969)",
        "MVC Player of the Year (1969)",
        "First-team All-MVC (1969)",
        "No. 32 retired by Tulsa Golden Hurricane"
    ],
    "teams": {
        "San Diego Rockets": "1969",
        "Cleveland Cavaliers": "1970\u20131979",
        "San Diego Clippers": "1979"
    },
    "NBA": {
        "Points": "10,882 (12.6 ppg)",
        "Rebounds": "3,630 (4.2 rpg)",
        "Assists": "1,734 (2.0 apg) "
    },
    "birth_date": "1946-02-26"
}