{
    "honorific-prefix": "The Honorable",
    "name": "Binky Favis",
    "office": "Member of the Para\u00f1aque City Council from the 2nd district",
    "term_start": "June 30, 2013",
    "term_end": "June 30, 2022",
    "birth_name": "Vincent Kenneth Marasigan Favis",
    "residence": "Para\u00f1aque",
    "party": "PDP\u2013Laban",
    "otherparty": "Liberal (2016), United Nationalist Alliance (2013)",
    "module": "embed=y",
    "height_ft": "5",
    "height_in": "11",
    "high_school": "La Salle Greenhills",
    "college": "University of Santo Tomas",
    "coach_start": "1993",
    "coach_end": "2008",
    "awards": [
        "NCAA Philippines  champion (1999) '''As assistant coach:'''",
        "4x UAAP Champion (1993, 1994, 1995, 1996)",
        "4x PBA Champion (2002 All-Filipino, 2003 Reinforced, 2004 Fiesta, 2004\u201305 Philippine)"
    ],
    "cteams": {
        "University of Sto. Tomas (asssistant)": "1993\u20131997",
        "Batangas Blades": "1998",
        "San Juan de Letran": "1999\u20132001",
        "Pop Cola Panthers (assistant)": "2000\u20132001",
        "Coca\u2013Cola Tigers (assistant)": "2002\u20132003",
        "Barangay Ginebra Kings (assistant)": "2003\u20132005",
        "Coca-Cola Tigers": "2005\u20132008"
    }
}