{
    "name": "Bird Averitt",
    "height_ft": "6",
    "height_in": "1",
    "weight_lb": "170",
    "birth_place": "Hopkinsville, Kentucky",
    "death_date": "2020",
    "death_place": "Hopkinsville, Kentucky",
    "nationality": "American",
    "high_school": "Hopkinsville, (Hopkinsville, Kentucky)",
    "college": "Pepperdine (1971\u20131973)",
    "draft_year": "1973",
    "draft_round": "4",
    "draft_pick": "55",
    "draft_team": "Portland Trail Blazers",
    "career_start": "1973",
    "career_end": "1978",
    "career_number": "10, 14, 15",
    "career_position": "Shooting guard",
    "highlights": [
        "ABA champion (1975)",
        "WCAC Player of the Year (1973)",
        "First-team All-WCAC (1973)",
        "Second-team All-WCAC (1972)",
        "NCAA season scoring leader (1973)"
    ],
    "teams": {
        "San Antonio Spurs": "1973\u20131974",
        "Kentucky Colonels": "1974\u20131976",
        "Buffalo Braves": "1977",
        "New Jersey Nets": "1977",
        "Rochester Zeniths": "1978"
    },
    "ABA/NBA": {
        "Points": "4,434 (12.1 ppg)",
        "Rebounds": "680 (1.9 rpg)",
        "Assists": "1,078 (2.9 apg) "
    },
    "birth_date": "1952-07-22"
}