{
    "name": "Birkan Batuk",
    "position": "Shooting guard / small forward",
    "height_ft": "6",
    "height_in": "5",
    "weight_lbs": "191",
    "league": "Basketbol S\u00fcper Ligi",
    "team": "Gaziantep Basketbol",
    "number": "8",
    "nationality": "Turkish",
    "birth_place": "Istanbul, Turkey",
    "draft_year": "2012",
    "career_start": "2006",
    "highlights": [
        "2\u00d7 Turkish Cup (2015, 2018)",
        "Turkish Presidential Cup (2015)",
        "BSL All-Star Game MVP (2011)"
    ],
    "teams": {
        "Alpella": "2006\u20132008",
        "Trabzonspor": "2008\u20132009",
        "P\u0131nar Kar\u015f\u0131yaka": "2009\u20132012",
        "Anadolu Efes": "2017\u20132019",
        "Dar\u00fc\u015f\u015fafaka Do\u011fu\u015f": "2016-2017",
        "\u2192 P\u0131nar Kar\u015f\u0131yaka (loan)": "2019",
        "Be\u015fikta\u015f Sompo Japan": "2019\u20132020",
        "Bursaspor": "2020\u20132022",
        "Gaziantep Basketbol": "2022\u2013present"
    },
    "birth_date": "1990-1-30",
    "medaltemplates": [
        "Sport: Men's Basketball",
        "Country: {{TUR}}",
        "Competition: Mediterranean Games",
        "Gold Medal: 2013 Mersin Team Under-18"
    ]
}