{
    "name": "Bison Dele",
    "height_ft": "6",
    "height_in": "11",
    "weight_lb": "260",
    "birth_place": "Fresno, California, U.S. Infobox person",
    "child": "yes",
    "disappeared_date": "2002",
    "disappeared_place": "Tahiti, French Polynesia",
    "disappeared_status": "2002 ",
    "high_school": [
        "Saint Monica Catholic (Santa Monica, California)",
        "Bishop Gorman (Las Vegas, Nevada)"
    ],
    "college": [
        "Maryland (1987\u20131988)",
        "Arizona (1988\u20131991)"
    ],
    "draft_year": "1991",
    "draft_round": "1",
    "draft_pick": "10",
    "draft_team": "Orlando Magic",
    "career_start": "1991",
    "career_end": "1999",
    "career_number": "8, 18",
    "career_position": "Center",
    "highlights": [
        "NBA champion (1997)",
        "First-team All-Pac-10 (1991)",
        "Third-team ''Parade'' All-American (1987)"
    ],
    "teams": {
        "Orlando Magic": "1991\u20131992",
        "Denver Nuggets": "1993\u20131994",
        "Los Angeles Clippers": "1995",
        "Chicago Bulls": "1996",
        "Detroit Pistons": "1997\u20131998"
    },
    "stats": {
        "Points": "4,536 (11.0 ppg)",
        "Rebounds": "2,564 (6.2 rpg)",
        "Blocks": "355 (0.9 bpg)"
    },
    "birth_date": "1969-04-06",
    "medaltemplates": [
        "Sport: Men's basketball",
        "Country: {{USA}}",
        "Competition: FIBA U19 World Championship",
        "Silver Medal: 1987 Bormio Team competition "
    ]
}