{
    "name": "Blagota Sekuli\u0107",
    "position": "Assistant coach",
    "team": "Montenegro",
    "height_ft": "6",
    "height_in": "10.75",
    "weight_lb": "256",
    "nationality": "Montenegrin",
    "birth_place": "Titograd, SFR Yugoslavia",
    "draft_year": "2004",
    "career_start": "1998",
    "career_end": "2019",
    "career_position": "Power forward / center",
    "coach_start": "2019",
    "highlights": [
        "All-EuroCup Second Team (2010)",
        "EuroCup champion (2007)",
        "Liga ACB champion (2007)",
        "4\u00d7 YUBA League champion (1999\u20132001, 2003)",
        "Yugoslav Cup winner (2001)"
    ],
    "teams": {
        "Budu\u0107nost Podgorica": "1998\u20132002",
        "Partizan": "2002\u20132003",
        "AEK Athens": "2003\u20132004",
        "Maroussi": "2004\u20132006",
        "PAOK": "2006\u20132007",
        "Real Madrid": "2007\u20132008",
        "Aris": "2008\u20132009",
        "Alba Berlin": "2009\u20132010",
        "Vanoli Cremona": "2010\u20132011",
        "Murcia": "2011\u20132012",
        "Canarias": "2014\u20132016",
        "Fenerbah\u00e7e": "2014",
        "Fuenlabrada": "2016\u20132018",
        "Gipuzkoa Basket": "2018\u20132019"
    },
    "cteams": {
        "Montenegro (assistant)": "2019\u2013present"
    },
    "birth_date": "1982-3-14",
    "medaltemplates": [
        "Sport: Men's basketball",
        "Country: {{MNE}}",
        "Competition: Games of the Small States of Europe",
        "Gold Medal: 2015 Reykjav\u00edk  "
    ]
}