{
    "name": "Blair Rasmussen",
    "height_ft": "7",
    "height_in": "0",
    "weight_lb": "250",
    "birth_place": "Auburn, Washington, U.S.",
    "high_school": "Auburn (Auburn, Washington)",
    "college": "Oregon (1981\u20131985)",
    "draft_year": "1985",
    "draft_round": "1",
    "draft_pick": "15",
    "draft_team": "Denver Nuggets",
    "career_start": "1985",
    "career_end": "1993",
    "career_number": "41",
    "career_position": "Center",
    "highlights": [
        "3\u00d7 First-team All-Pac-10 (1983\u20131985)",
        "Fourth-team ''Parade'' All-American (1981)"
    ],
    "teams": {
        "Denver Nuggets": "1985\u20131990",
        "Atlanta Hawks": "1991\u20131992"
    },
    "NBA": {
        "Points": "5,119 (9.6 ppg)",
        "Rebounds": "3,006 (5.7 rpg) "
    },
    "birth_date": "1962-11-13"
}