{
    "name": "Blake Griffin",
    "height_ft": "6",
    "height_in": "9",
    "weight_lb": "250",
    "birth_place": "Oklahoma City, Oklahoma, U.S.",
    "high_school": "Oklahoma Christian, (Edmond, Oklahoma)",
    "college": "Oklahoma (2007\u20132009)",
    "draft_year": "2009",
    "draft_round": "1",
    "draft_pick": "1",
    "draft_team": "Los Angeles Clippers",
    "career_position": "Power forward",
    "career_number": "2, 23, 32, 91",
    "career_start": "2009",
    "career_end": "2023",
    "highlights": [
        "6\u00d7 NBA All-Star (2011\u20132015, 2019)",
        "3\u00d7 All-NBA Second Team (2011\u20132013)",
        "2\u00d7 All-NBA Third Team (2014, 2018)",
        "NBA Rookie of the Year (2010)",
        "NBA All-Rookie First Team (2010)",
        "NBA Slam Dunk Contest champion (2011)",
        "National college player of the year (2009)",
        "Consensus first-team All-American (2009)",
        "NCAA rebounding leader (2009)",
        "Big 12 Player of the Year (2009)",
        "No. 23 honored by Oklahoma Sooners",
        "Third-team ''Parade'' All-American (2007)",
        "McDonald's All-American (2007)"
    ],
    "teams": {
        "Los Angeles Clippers": "2009\u20132017",
        "Detroit Pistons": "2017\u20132020",
        "Brooklyn Nets": "2020\u20132021",
        "Boston Celtics": "2022"
    },
    "NBA": {
        "Points": "14,513 (19.0 ppg)",
        "Rebounds": "6,109 (8.0 rpg)",
        "Assists": "3,055 (4.0 bpg) "
    },
    "birth_date": "1989-3-16"
}