{
    "name": "Blake Ahearn",
    "height_ft": "6",
    "height_in": "2",
    "weight_lb": "190",
    "league": "NBA",
    "team": "Memphis Grizzlies",
    "position": "Assistant coach",
    "birth_place": "St. Louis, Missouri, U.S.",
    "highschool": "De Smet Jesuit (Creve Coeur, Missouri)",
    "college": "Missouri State (2003\u20132007)",
    "draft_year": "2007",
    "career_start": "2007",
    "career_end": "2015",
    "career_position": "Point guard",
    "career_number": "6, 18, 2",
    "coach_start": "2015",
    "highlights": [
        "NBA D-League champion (2015)",
        "Ukrainian SuperLeague champion (2014)",
        "Ukrainian Cup champion (2014)",
        "NBA Development League Rookie of the Year (2008)",
        "NBA Development League All-Star MVP (2009)",
        "2\u00d7 First-team All-MVC (2006, 2007)",
        "MVC Freshman of the Year (2004) '''As coach:'''",
        "NBA G League champion (2018)"
    ],
    "teams": {
        "Dakota Wizards": "2008\u20132009",
        "Miami Heat": "2007",
        "San Antonio Spurs": "2008",
        "\u2192Austin Toros": "2008",
        "Estudiantes Madrid": "2009",
        "Bakersfield Jam": "2010",
        "Erie BayHawks": "2010\u20132011",
        "Teramo Basket": "2010",
        "Reno Bighorns": "2011\u20132012",
        "Utah Jazz": "2011",
        "Dongguan Leopards": "2012\u20132013",
        "Budivelnyk Kyiv": "2013\u20132014",
        "Capitanes de Arecibo": "2015",
        "Santa Cruz Warriors": "2015"
    },
    "cteams": {
        "Clayton HS": "2015\u20132016",
        "De Smet Jesuit HS": "2016\u20132017",
        "Austin Spurs": "2017\u20132020",
        "Memphis Grizzlies (assistant)": "2019\u2013present"
    },
    "birth_date": "1984-5-27",
    "medaltemplates": [
        "Sport: Men's Basketball",
        "Country: {{United States}}",
        "Competition: Pan American Games",
        "Bronze Medal: 2011 Guadalajara National team "
    ]
}