{
    "name": "Blake Hoffarber",
    "position": "Shooting guard",
    "birth_place": "Minnetonka, Minnesota",
    "height_ft": "6",
    "height_in": "4",
    "weight_lb": "200",
    "nationality": "American",
    "highschool": "Hopkins (Minnetonka, Minnesota)",
    "college": "Minnesota (2007\u20132011)",
    "draft_year": "2011",
    "highlights": [
        "Second-team Academic All-American (2011)",
        "Minnesota Mr. Basketball (2007)"
    ],
    "teams": {
        "Fos-sur-Mer": "2011"
    },
    "birth_date": "1988-4-27"
}