{
    "name": "Blake Schilb",
    "position": "Small forward",
    "height_ft": "6",
    "height_in": "6",
    "weight_lb": "210",
    "nationality": "American / Czech",
    "birth_place": "Monmouth, Illinois",
    "highschool": [
        "Rantoul Township, (Rantoul, Illinois)",
        "Brewster Academy, (Wolfeboro, New Hampshire)"
    ],
    "college": "Loyola Chicago (2003\u20132007)",
    "draft_year": "2007",
    "career_start": "2007",
    "career_end": "2022",
    "highlights": [
        "EuroCup champion (2016)",
        "Liga ACB Free Throw Percentage leader (2018)",
        "2\u00d7 Czech League champion (2008, 2009)",
        "2\u00d7 Czech Cup winner (2008, 2009)",
        "LNB Pro A champion (2012)",
        "2\u00d7 French Cup winner (2011, 2012)",
        "French Leaders Cup winner (2012)",
        "French League Foreign Player's MVP (2012)",
        "2\u00d7 LNB Pro A All-Star (2011, 2012)",
        "French League Finals MVP (2012)"
    ],
    "teams": {
        "\u010cEZ Nymburk": "2007\u20132009",
        "\u00c9lan Chalon": "2009\u20132013",
        "Crvena zvezda": "2013\u20132014",
        "Paris-Levallois": "2014\u20132015",
        "Galatasaray": "2015\u20132017",
        "Real Betis": "2017\u20132018",
        "Champagne Ch\u00e2lons-Reims": "2018\u20132020",
        "USK Praha": "2021"
    },
    "birth_date": "1983-12-23"
}